日期,段,负载电量kWh,光伏电量kWh,净负荷kWh,负载均值kW,光伏均值kW
2025-01-01,0:00-4:00,15509.0994,0.0000,15509.0994,3877.2748,0.0000
2025-01-01,4:00-8:00,20000.8400,847.0651,19153.7749,5000.2100,211.7663
2025-01-01,8:00-12:00,28475.7695,17565.9952,10909.7742,7118.9424,4391.4988
2025-01-01,12:00-16:00,26216.5048,16245.4652,9971.0396,6554.1262,4061.3663
2025-01-01,16:00-20:00,21140.2919,592.4569,20547.8351,5285.0730,148.1142
2025-01-01,20:00-24:00,15943.6467,0.0000,15943.6467,3985.9117,0.0000
2025-01-02,0:00-4:00,15711.9203,0.0000,15711.9203,3927.9801,0.0000
2025-01-02,4:00-8:00,20040.2973,853.8930,19186.4043,5010.0743,213.4732
2025-01-02,8:00-12:00,28486.6979,16883.7418,11602.9560,7121.6745,4220.9355
2025-01-02,12:00-16:00,26442.1244,16397.9245,10044.1999,6610.5311,4099.4811
2025-01-02,16:00-20:00,21086.3457,636.2799,20450.0658,5271.5864,159.0700
2025-01-02,20:00-24:00,15889.6929,0.0000,15889.6929,3972.4232,0.0000
2025-01-03,0:00-4:00,12098.4503,0.0000,12098.4503,3024.6126,0.0000
2025-01-03,4:00-8:00,14064.7737,848.9888,13215.7849,3516.1934,212.2472
2025-01-03,8:00-12:00,17298.9843,17478.0333,-179.0490,4324.7461,4369.5083
2025-01-03,12:00-16:00,15764.0957,17448.0971,-1684.0014,3941.0239,4362.0243
2025-01-03,16:00-20:00,11895.7324,603.4961,11292.2362,2973.9331,150.8740
2025-01-03,20:00-24:00,10761.5204,0.0000,10761.5204,2690.3801,0.0000
2025-01-04,0:00-4:00,11874.6599,0.0000,11874.6599,2968.6650,0.0000
2025-01-04,4:00-8:00,13784.9421,927.5832,12857.3589,3446.2355,231.8958
2025-01-04,8:00-12:00,17133.4039,18114.6568,-981.2529,4283.3510,4528.6642
2025-01-04,12:00-16:00,15900.1614,17489.9839,-1589.8225,3975.0403,4372.4960
2025-01-04,16:00-20:00,12011.1247,593.9037,11417.2210,3002.7812,148.4759
2025-01-04,20:00-24:00,11187.4379,0.0000,11187.4379,2796.8595,0.0000
2025-01-05,0:00-4:00,15821.2893,0.0000,15821.2893,3955.3223,0.0000
2025-01-05,4:00-8:00,20021.0250,840.9094,19180.1157,5005.2563,210.2273
2025-01-05,8:00-12:00,28486.5424,17566.2925,10920.2500,7121.6356,4391.5731
2025-01-05,12:00-16:00,26465.3294,17621.9345,8843.3949,6616.3323,4405.4836
2025-01-05,16:00-20:00,21161.9728,609.2722,20552.7006,5290.4932,152.3180
2025-01-05,20:00-24:00,15717.9598,0.0000,15717.9598,3929.4899,0.0000
2025-01-06,0:00-4:00,15760.3815,0.0000,15760.3815,3940.0954,0.0000
2025-01-06,4:00-8:00,19795.6149,867.1201,18928.4948,4948.9037,216.7800
2025-01-06,8:00-12:00,28432.2359,16861.8531,11570.3828,7108.0590,4215.4633
2025-01-06,12:00-16:00,26059.8805,17821.2656,8238.6149,6514.9701,4455.3164
2025-01-06,16:00-20:00,21071.5735,643.9702,20427.6033,5267.8934,160.9926
2025-01-06,20:00-24:00,15707.0038,0.0000,15707.0038,3926.7510,0.0000
2025-01-07,0:00-4:00,15482.4996,0.0000,15482.4996,3870.6249,0.0000
2025-01-07,4:00-8:00,19984.0086,905.1862,19078.8224,4996.0022,226.2966
2025-01-07,8:00-12:00,28307.8413,17047.5963,11260.2450,7076.9603,4261.8991
2025-01-07,12:00-16:00,26455.6782,15746.3038,10709.3744,6613.9195,3936.5759
2025-01-07,16:00-20:00,21084.9119,661.4749,20423.4370,5271.2280,165.3687
2025-01-07,20:00-24:00,15612.5226,0.0000,15612.5226,3903.1306,0.0000
2025-01-08,0:00-4:00,15711.6142,0.0000,15711.6142,3927.9035,0.0000
2025-01-08,4:00-8:00,20175.1355,859.7809,19315.3546,5043.7839,214.9452
2025-01-08,8:00-12:00,28287.6187,17774.1139,10513.5048,7071.9047,4443.5285
2025-01-08,12:00-16:00,26188.2342,17878.9451,8309.2891,6547.0586,4469.7363
2025-01-08,16:00-20:00,20776.5926,657.1027,20119.4899,5194.1482,164.2757
2025-01-08,20:00-24:00,15556.7488,0.0000,15556.7488,3889.1872,0.0000
2025-01-09,0:00-4:00,15826.9426,0.0000,15826.9426,3956.7356,0.0000
2025-01-09,4:00-8:00,20026.3181,911.8499,19114.4682,5006.5795,227.9625
2025-01-09,8:00-12:00,28549.3278,18249.7436,10299.5841,7137.3319,4562.4359
2025-01-09,12:00-16:00,26167.8754,16147.7722,10020.1033,6541.9689,4036.9430
2025-01-09,16:00-20:00,20949.6137,665.6964,20283.9173,5237.4034,166.4241
2025-01-09,20:00-24:00,15546.5406,0.0000,15546.5406,3886.6352,0.0000
2025-01-10,0:00-4:00,11669.5288,0.0000,11669.5288,2917.3822,0.0000
2025-01-10,4:00-8:00,14114.2034,1073.0944,13041.1090,3528.5509,268.2736
2025-01-10,8:00-12:00,17350.8581,17775.8065,-424.9484,4337.7145,4443.9516
2025-01-10,12:00-16:00,15800.3328,16460.2140,-659.8812,3950.0832,4115.0535
2025-01-10,16:00-20:00,11929.0680,686.8568,11242.2112,2982.2670,171.7142
2025-01-10,20:00-24:00,10622.6473,0.0000,10622.6473,2655.6618,0.0000
2025-01-11,0:00-4:00,11969.0851,0.0000,11969.0851,2992.2713,0.0000
2025-01-11,4:00-8:00,13910.8892,896.9492,13013.9400,3477.7223,224.2373
2025-01-11,8:00-12:00,17029.7130,18015.7413,-986.0283,4257.4283,4503.9353
2025-01-11,12:00-16:00,15792.3396,17080.5680,-1288.2284,3948.0849,4270.1420
2025-01-11,16:00-20:00,11884.8576,751.0499,11133.8078,2971.2144,187.7625
2025-01-11,20:00-24:00,11023.3104,0.0000,11023.3104,2755.8276,0.0000
2025-01-12,0:00-4:00,15638.0704,0.0000,15638.0704,3909.5176,0.0000
2025-01-12,4:00-8:00,19932.7608,951.6181,18981.1427,4983.1902,237.9045
2025-01-12,8:00-12:00,28090.2300,16944.2879,11145.9421,7022.5575,4236.0720
2025-01-12,12:00-16:00,26160.2029,17032.0873,9128.1156,6540.0507,4258.0218
2025-01-12,16:00-20:00,21031.9912,725.4452,20306.5460,5257.9978,181.3613
2025-01-12,20:00-24:00,15666.0716,0.0000,15666.0716,3916.5179,0.0000
2025-01-13,0:00-4:00,15619.3513,0.0000,15619.3513,3904.8378,0.0000
2025-01-13,4:00-8:00,19952.1354,1081.4989,18870.6365,4988.0338,270.3747
2025-01-13,8:00-12:00,28504.4335,18585.0223,9919.4111,7126.1084,4646.2556
2025-01-13,12:00-16:00,26119.6352,18289.7307,7829.9045,6529.9088,4572.4327
2025-01-13,16:00-20:00,20872.9091,750.1509,20122.7582,5218.2273,187.5377
2025-01-13,20:00-24:00,15911.8952,0.0000,15911.8952,3977.9738,0.0000
2025-01-14,0:00-4:00,15910.3425,0.0000,15910.3425,3977.5856,0.0000
2025-01-14,4:00-8:00,20067.0096,1017.4539,19049.5557,5016.7524,254.3635
2025-01-14,8:00-12:00,28357.3334,18301.3205,10056.0129,7089.3333,4575.3301
2025-01-14,12:00-16:00,25956.5024,17744.1603,8212.3422,6489.1256,4436.0401
2025-01-14,16:00-20:00,20959.1932,766.2430,20192.9502,5239.7983,191.5608
2025-01-14,20:00-24:00,15859.1094,0.0000,15859.1094,3964.7774,0.0000
2025-01-15,0:00-4:00,15622.8061,0.0000,15622.8061,3905.7015,0.0000
2025-01-15,4:00-8:00,19834.0603,992.9151,18841.1452,4958.5151,248.2288
2025-01-15,8:00-12:00,28484.9690,17932.7024,10552.2666,7121.2423,4483.1756
2025-01-15,12:00-16:00,26197.0317,17178.1717,9018.8600,6549.2579,4294.5429
2025-01-15,16:00-20:00,21054.9587,789.7668,20265.1920,5263.7397,197.4417
2025-01-15,20:00-24:00,15770.0731,0.0000,15770.0731,3942.5183,0.0000
2025-01-16,0:00-4:00,15605.5483,0.0000,15605.5483,3901.3871,0.0000
2025-01-16,4:00-8:00,20099.0986,936.8831,19162.2155,5024.7747,234.2208
2025-01-16,8:00-12:00,28405.4057,17538.4795,10866.9262,7101.3514,4384.6199
2025-01-16,12:00-16:00,26085.4547,18506.8982,7578.5565,6521.3637,4626.7245
2025-01-16,16:00-20:00,20987.9625,751.3519,20236.6106,5246.9906,187.8380
2025-01-16,20:00-24:00,15624.2943,0.0000,15624.2943,3906.0736,0.0000
2025-01-17,0:00-4:00,11567.0367,0.0000,11567.0367,2891.7592,0.0000
2025-01-17,4:00-8:00,14132.0081,1087.0607,13044.9474,3533.0020,271.7652
2025-01-17,8:00-12:00,17195.5249,18592.5829,-1397.0580,4298.8812,4648.1457
2025-01-17,12:00-16:00,15519.0799,17703.4881,-2184.4082,3879.7700,4425.8720
2025-01-17,16:00-20:00,11713.5794,803.8310,10909.7485,2928.3949,200.9577
2025-01-17,20:00-24:00,10748.8471,0.0000,10748.8471,2687.2118,0.0000
2025-01-18,0:00-4:00,11699.8981,0.0000,11699.8981,2924.9745,0.0000
2025-01-18,4:00-8:00,13874.0317,1160.0131,12714.0187,3468.5079,290.0033
2025-01-18,8:00-12:00,16929.3973,17924.2702,-994.8729,4232.3493,4481.0676
2025-01-18,12:00-16:00,15774.5973,18148.1214,-2373.5240,3943.6493,4537.0303
2025-01-18,16:00-20:00,11771.9517,733.1438,11038.8079,2942.9879,183.2860
2025-01-18,20:00-24:00,11158.1812,0.0000,11158.1812,2789.5453,0.0000
2025-01-19,0:00-4:00,15554.9015,0.0000,15554.9015,3888.7254,0.0000
2025-01-19,4:00-8:00,19636.1369,1083.1849,18552.9520,4909.0342,270.7962
2025-01-19,8:00-12:00,28338.7146,18639.1485,9699.5661,7084.6787,4659.7871
2025-01-19,12:00-16:00,26126.9804,17023.2202,9103.7602,6531.7451,4255.8050
2025-01-19,16:00-20:00,20891.0028,782.1531,20108.8497,5222.7507,195.5383
2025-01-19,20:00-24:00,15663.1100,0.0000,15663.1100,3915.7775,0.0000
2025-01-20,0:00-4:00,15553.2867,0.0000,15553.2867,3888.3217,0.0000
2025-01-20,4:00-8:00,20063.0017,976.1212,19086.8805,5015.7504,244.0303
2025-01-20,8:00-12:00,28488.9240,18401.9507,10086.9733,7122.2310,4600.4877
2025-01-20,12:00-16:00,25986.4305,18284.8912,7701.5393,6496.6076,4571.2228
2025-01-20,16:00-20:00,20929.1373,835.6266,20093.5107,5232.2843,208.9066
2025-01-20,20:00-24:00,15544.8859,0.0000,15544.8859,3886.2215,0.0000
2025-01-21,0:00-4:00,15506.9754,0.0000,15506.9754,3876.7438,0.0000
2025-01-21,4:00-8:00,20094.1027,1147.7213,18946.3813,5023.5257,286.9303
2025-01-21,8:00-12:00,28104.1794,20712.3916,7391.7878,7026.0448,5178.0979
2025-01-21,12:00-16:00,25871.7614,19617.0240,6254.7375,6467.9404,4904.2560
2025-01-21,16:00-20:00,20686.4566,797.1043,19889.3523,5171.6141,199.2761
2025-01-21,20:00-24:00,15486.6704,0.0000,15486.6704,3871.6676,0.0000
2025-01-22,0:00-4:00,15410.5523,0.0000,15410.5523,3852.6381,0.0000
2025-01-22,4:00-8:00,20002.7776,1199.2390,18803.5386,5000.6944,299.8098
2025-01-22,8:00-12:00,28293.8995,18256.4793,10037.4202,7073.4749,4564.1198
2025-01-22,12:00-16:00,26091.2848,17400.0488,8691.2360,6522.8212,4350.0122
2025-01-22,16:00-20:00,20976.8913,925.0570,20051.8342,5244.2228,231.2642
2025-01-22,20:00-24:00,15904.1830,0.0000,15904.1830,3976.0457,0.0000
2025-01-23,0:00-4:00,15558.1625,0.0000,15558.1625,3889.5406,0.0000
2025-01-23,4:00-8:00,19954.7248,1118.9568,18835.7680,4988.6812,279.7392
2025-01-23,8:00-12:00,28228.4446,17675.7278,10552.7168,7057.1112,4418.9320
2025-01-23,12:00-16:00,26149.0499,17147.7942,9001.2557,6537.2625,4286.9486
2025-01-23,16:00-20:00,20868.0006,847.0267,20020.9739,5217.0002,211.7567
2025-01-23,20:00-24:00,15597.0487,0.0000,15597.0487,3899.2622,0.0000
2025-01-24,0:00-4:00,11834.3325,0.0000,11834.3325,2958.5831,0.0000
2025-01-24,4:00-8:00,13889.4852,1154.1169,12735.3683,3472.3713,288.5292
2025-01-24,8:00-12:00,16912.4548,19855.0932,-2942.6384,4228.1137,4963.7733
2025-01-24,12:00-16:00,15547.6511,18589.0966,-3041.4455,3886.9128,4647.2742
2025-01-24,16:00-20:00,11479.7424,911.8158,10567.9266,2869.9356,227.9539
2025-01-24,20:00-24:00,10675.8696,0.0000,10675.8696,2668.9674,0.0000
2025-01-25,0:00-4:00,11838.8637,0.0000,11838.8637,2959.7159,0.0000
2025-01-25,4:00-8:00,13876.3654,1154.4758,12721.8897,3469.0914,288.6189
2025-01-25,8:00-12:00,16953.0827,19914.3687,-2961.2860,4238.2707,4978.5922
2025-01-25,12:00-16:00,15438.4329,20212.5101,-4774.0772,3859.6082,5053.1275
2025-01-25,16:00-20:00,11607.4835,911.1342,10696.3493,2901.8709,227.7836
2025-01-25,20:00-24:00,10917.8360,0.0000,10917.8360,2729.4590,0.0000
2025-01-26,0:00-4:00,15395.2470,0.0000,15395.2470,3848.8117,0.0000
2025-01-26,4:00-8:00,20135.3698,1182.7890,18952.5807,5033.8424,295.6973
2025-01-26,8:00-12:00,28358.2040,19325.3787,9032.8253,7089.5510,4831.3447
2025-01-26,12:00-16:00,26002.2121,17243.0506,8759.1615,6500.5530,4310.7626
2025-01-26,16:00-20:00,20944.0116,934.8403,20009.1713,5236.0029,233.7101
2025-01-26,20:00-24:00,15550.0042,0.0000,15550.0042,3887.5010,0.0000
2025-01-27,0:00-4:00,15360.4061,0.0000,15360.4061,3840.1015,0.0000
2025-01-27,4:00-8:00,20055.1148,1259.7178,18795.3970,5013.7787,314.9295
2025-01-27,8:00-12:00,27915.3016,20399.5647,7515.7368,6978.8254,5099.8912
2025-01-27,12:00-16:00,25920.3858,18797.3393,7123.0465,6480.0965,4699.3348
2025-01-27,16:00-20:00,20688.5714,991.4116,19697.1598,5172.1429,247.8529
2025-01-27,20:00-24:00,15703.1705,0.0000,15703.1705,3925.7926,0.0000
2025-01-28,0:00-4:00,15705.2961,0.0000,15705.2961,3926.3240,0.0000
2025-01-28,4:00-8:00,20014.3709,1293.0561,18721.3148,5003.5927,323.2640
2025-01-28,8:00-12:00,28354.6653,19288.5836,9066.0817,7088.6663,4822.1459
2025-01-28,12:00-16:00,26054.2990,17928.7045,8125.5945,6513.5747,4482.1761
2025-01-28,16:00-20:00,20828.3418,1005.8674,19822.4744,5207.0855,251.4669
2025-01-28,20:00-24:00,15539.6377,0.0000,15539.6377,3884.9094,0.0000
2025-01-29,0:00-4:00,15341.1551,0.0000,15341.1551,3835.2888,0.0000
2025-01-29,4:00-8:00,19869.2244,1439.1294,18430.0950,4967.3061,359.7824
2025-01-29,8:00-12:00,28446.0587,21156.7013,7289.3575,7111.5147,5289.1753
2025-01-29,12:00-16:00,25834.3120,20406.9820,5427.3300,6458.5780,5101.7455
2025-01-29,16:00-20:00,20429.5432,1037.4311,19392.1121,5107.3858,259.3578
2025-01-29,20:00-24:00,15505.1514,0.0000,15505.1514,3876.2878,0.0000
2025-01-30,0:00-4:00,15489.5203,0.0000,15489.5203,3872.3801,0.0000
2025-01-30,4:00-8:00,19769.8188,1290.7425,18479.0763,4942.4547,322.6856
2025-01-30,8:00-12:00,28402.0910,19572.3836,8829.7074,7100.5228,4893.0959
2025-01-30,12:00-16:00,26001.0594,20340.4356,5660.6238,6500.2648,5085.1089
2025-01-30,16:00-20:00,21017.5031,1064.9055,19952.5977,5254.3758,266.2264
2025-01-30,20:00-24:00,15331.0572,0.0000,15331.0572,3832.7643,0.0000
2025-01-31,0:00-4:00,11700.3067,0.0000,11700.3067,2925.0767,0.0000
2025-01-31,4:00-8:00,13916.1490,1364.8111,12551.3379,3479.0372,341.2028
2025-01-31,8:00-12:00,16847.6049,19194.4183,-2346.8134,4211.9012,4798.6046
2025-01-31,12:00-16:00,15515.6504,19545.0402,-4029.3898,3878.9126,4886.2600
2025-01-31,16:00-20:00,11504.6120,1141.3273,10363.2847,2876.1530,285.3318
2025-01-31,20:00-24:00,10525.5970,0.0000,10525.5970,2631.3993,0.0000
2025-02-01,0:00-4:00,10980.9150,0.0000,10980.9150,2745.2288,0.0000
2025-02-01,4:00-8:00,13057.0695,1357.0758,11699.9937,3264.2674,339.2690
2025-02-01,8:00-12:00,16028.3122,20286.8487,-4258.5366,4007.0780,5071.7122
2025-02-01,12:00-16:00,14566.3106,19220.5508,-4654.2402,3641.5777,4805.1377
2025-02-01,16:00-20:00,11199.3621,1062.5550,10136.8071,2799.8405,265.6388
2025-02-01,20:00-24:00,10473.2369,0.0000,10473.2369,2618.3092,0.0000
2025-02-02,0:00-4:00,14841.6324,0.0000,14841.6324,3710.4081,0.0000
2025-02-02,4:00-8:00,18858.7008,1435.8471,17422.8537,4714.6752,358.9618
2025-02-02,8:00-12:00,27333.4959,20438.4260,6895.0698,6833.3740,5109.6065
2025-02-02,12:00-16:00,25296.0338,20390.5903,4905.4435,6324.0085,5097.6476
2025-02-02,16:00-20:00,20460.4962,1084.8312,19375.6650,5115.1241,271.2078
2025-02-02,20:00-24:00,14915.6136,0.0000,14915.6136,3728.9034,0.0000
2025-02-03,0:00-4:00,14848.6930,0.0000,14848.6930,3712.1733,0.0000
2025-02-03,4:00-8:00,19399.7280,1668.4554,17731.2725,4849.9320,417.1139
2025-02-03,8:00-12:00,27481.0228,20335.9418,7145.0810,6870.2557,5083.9854
2025-02-03,12:00-16:00,25174.7544,19302.8510,5871.9034,6293.6886,4825.7127
2025-02-03,16:00-20:00,20578.8874,1079.6043,19499.2832,5144.7219,269.9011
2025-02-03,20:00-24:00,15120.6834,0.0000,15120.6834,3780.1708,0.0000
2025-02-04,0:00-4:00,14728.5383,0.0000,14728.5383,3682.1346,0.0000
2025-02-04,4:00-8:00,18946.7933,1369.1903,17577.6030,4736.6983,342.2976
2025-02-04,8:00-12:00,27236.6855,19382.9792,7853.7063,6809.1714,4845.7448
2025-02-04,12:00-16:00,25181.3438,18549.2904,6632.0534,6295.3359,4637.3226
2025-02-04,16:00-20:00,20439.6060,1081.7750,19357.8311,5109.9015,270.4437
2025-02-04,20:00-24:00,15045.1319,0.0000,15045.1319,3761.2830,0.0000
2025-02-05,0:00-4:00,14903.8181,0.0000,14903.8181,3725.9545,0.0000
2025-02-05,4:00-8:00,19269.4998,1413.7243,17855.7755,4817.3749,353.4311
2025-02-05,8:00-12:00,27277.0932,18832.2212,8444.8720,6819.2733,4708.0553
2025-02-05,12:00-16:00,25014.0702,19780.3553,5233.7150,6253.5176,4945.0888
2025-02-05,16:00-20:00,20484.6668,1216.3567,19268.3101,5121.1667,304.0892
2025-02-05,20:00-24:00,15041.9364,0.0000,15041.9364,3760.4841,0.0000
2025-02-06,0:00-4:00,14881.7397,0.0000,14881.7397,3720.4349,0.0000
2025-02-06,4:00-8:00,18872.3236,1444.1301,17428.1935,4718.0809,361.0325
2025-02-06,8:00-12:00,27532.3820,19963.6899,7568.6921,6883.0955,4990.9225
2025-02-06,12:00-16:00,25418.7531,19379.1658,6039.5873,6354.6883,4844.7914
2025-02-06,16:00-20:00,20452.6166,1194.1197,19258.4970,5113.1542,298.5299
2025-02-06,20:00-24:00,15094.3477,0.0000,15094.3477,3773.5869,0.0000
2025-02-07,0:00-4:00,10885.3120,0.0000,10885.3120,2721.3280,0.0000
2025-02-07,4:00-8:00,12858.0146,1473.4111,11384.6035,3214.5037,368.3528
2025-02-07,8:00-12:00,16095.7223,19746.3081,-3650.5858,4023.9306,4936.5770
2025-02-07,12:00-16:00,14750.4986,21880.2450,-7129.7464,3687.6247,5470.0613
2025-02-07,16:00-20:00,11293.4198,1262.9529,10030.4669,2823.3550,315.7382
2025-02-07,20:00-24:00,10285.6295,0.0000,10285.6295,2571.4074,0.0000
2025-02-08,0:00-4:00,10707.6516,0.0000,10707.6516,2676.9129,0.0000
2025-02-08,4:00-8:00,12927.3917,1565.7572,11361.6345,3231.8479,391.4393
2025-02-08,8:00-12:00,15880.5680,21509.9714,-5629.4035,3970.1420,5377.4929
2025-02-08,12:00-16:00,14604.5535,19809.4731,-5204.9196,3651.1384,4952.3683
2025-02-08,16:00-20:00,11373.3165,1284.4231,10088.8935,2843.3291,321.1058
2025-02-08,20:00-24:00,10253.3062,0.0000,10253.3062,2563.3265,0.0000
2025-02-09,0:00-4:00,14704.0178,0.0000,14704.0178,3676.0045,0.0000
2025-02-09,4:00-8:00,18960.7548,1747.5221,17213.2327,4740.1887,436.8805
2025-02-09,8:00-12:00,27435.8308,19357.1024,8078.7284,6858.9577,4839.2756
2025-02-09,12:00-16:00,25124.8155,19536.7041,5588.1114,6281.2039,4884.1760
2025-02-09,16:00-20:00,20376.1556,1351.1590,19024.9966,5094.0389,337.7897
2025-02-09,20:00-24:00,14946.3290,0.0000,14946.3290,3736.5822,0.0000
2025-02-10,0:00-4:00,14551.8171,0.0000,14551.8171,3637.9543,0.0000
2025-02-10,4:00-8:00,19063.7068,1785.1883,17278.5184,4765.9267,446.2971
2025-02-10,8:00-12:00,27278.1703,22827.8956,4450.2746,6819.5426,5706.9739
2025-02-10,12:00-16:00,25080.9270,21234.2830,3846.6440,6270.2318,5308.5708
2025-02-10,16:00-20:00,20261.3571,1303.5600,18957.7971,5065.3393,325.8900
2025-02-10,20:00-24:00,15241.5863,0.0000,15241.5863,3810.3966,0.0000
2025-02-11,0:00-4:00,14586.2232,0.0000,14586.2232,3646.5558,0.0000
2025-02-11,4:00-8:00,18917.6162,1692.9610,17224.6552,4729.4040,423.2403
2025-02-11,8:00-12:00,27294.4031,21646.2641,5648.1389,6823.6008,5411.5660
2025-02-11,12:00-16:00,25233.1712,21553.8653,3679.3059,6308.2928,5388.4663
2025-02-11,16:00-20:00,20296.5397,1327.5940,18968.9457,5074.1349,331.8985
2025-02-11,20:00-24:00,15113.3283,0.0000,15113.3283,3778.3321,0.0000
2025-02-12,0:00-4:00,14416.2604,0.0000,14416.2604,3604.0651,0.0000
2025-02-12,4:00-8:00,19095.6456,1731.9543,17363.6914,4773.9114,432.9886
2025-02-12,8:00-12:00,27188.1070,22268.5768,4919.5302,6797.0267,5567.1442
2025-02-12,12:00-16:00,25073.7169,20731.2216,4342.4953,6268.4292,5182.8054
2025-02-12,16:00-20:00,20449.7080,1365.3641,19084.3439,5112.4270,341.3410
2025-02-12,20:00-24:00,15140.4150,0.0000,15140.4150,3785.1037,0.0000
2025-02-13,0:00-4:00,14877.0307,0.0000,14877.0307,3719.2577,0.0000
2025-02-13,4:00-8:00,18989.5137,1797.3999,17192.1138,4747.3784,449.3500
2025-02-13,8:00-12:00,27182.9305,24171.2265,3011.7041,6795.7326,6042.8066
2025-02-13,12:00-16:00,24975.4271,22383.7036,2591.7236,6243.8568,5595.9259
2025-02-13,16:00-20:00,20359.9773,1628.4747,18731.5026,5089.9943,407.1187
2025-02-13,20:00-24:00,14925.4043,0.0000,14925.4043,3731.3511,0.0000
2025-02-14,0:00-4:00,10876.9979,0.0000,10876.9979,2719.2495,0.0000
2025-02-14,4:00-8:00,12983.7864,1888.3805,11095.4058,3245.9466,472.0951
2025-02-14,8:00-12:00,15967.2305,20928.0093,-4960.7788,3991.8076,5232.0023
2025-02-14,12:00-16:00,14443.5263,21812.0766,-7368.5503,3610.8816,5453.0192
2025-02-14,16:00-20:00,11434.0725,1442.3696,9991.7029,2858.5181,360.5924
2025-02-14,20:00-24:00,10167.0243,0.0000,10167.0243,2541.7561,0.0000
2025-02-15,0:00-4:00,10781.5593,0.0000,10781.5593,2695.3898,0.0000
2025-02-15,4:00-8:00,12776.4506,1922.9475,10853.5030,3194.1126,480.7369
2025-02-15,8:00-12:00,15856.3195,21607.0503,-5750.7308,3964.0799,5401.7626
2025-02-15,12:00-16:00,14736.2359,21770.8055,-7034.5695,3684.0590,5442.7014
2025-02-15,16:00-20:00,11421.0823,1473.6579,9947.4245,2855.2706,368.4145
2025-02-15,20:00-24:00,10482.9046,0.0000,10482.9046,2620.7261,0.0000
2025-02-16,0:00-4:00,14592.0693,0.0000,14592.0693,3648.0173,0.0000
2025-02-16,4:00-8:00,18962.1111,1950.1255,17011.9856,4740.5278,487.5314
2025-02-16,8:00-12:00,27026.7266,20499.4920,6527.2346,6756.6816,5124.8730
2025-02-16,12:00-16:00,25139.7132,21926.6947,3213.0185,6284.9283,5481.6737
2025-02-16,16:00-20:00,20561.1644,1523.2860,19037.8784,5140.2911,380.8215
2025-02-16,20:00-24:00,14995.1927,0.0000,14995.1927,3748.7982,0.0000
2025-02-17,0:00-4:00,14665.3667,0.0000,14665.3667,3666.3417,0.0000
2025-02-17,4:00-8:00,18816.0193,2178.5441,16637.4752,4704.0048,544.6360
2025-02-17,8:00-12:00,26897.4344,23582.5052,3314.9292,6724.3586,5895.6263
2025-02-17,12:00-16:00,24955.7115,22406.6580,2549.0534,6238.9279,5601.6645
2025-02-17,16:00-20:00,20407.6671,1608.8024,18798.8647,5101.9168,402.2006
2025-02-17,20:00-24:00,15218.1739,0.0000,15218.1739,3804.5435,0.0000
2025-02-18,0:00-4:00,14532.3284,0.0000,14532.3284,3633.0821,0.0000
2025-02-18,4:00-8:00,18725.6449,2179.8403,16545.8046,4681.4112,544.9601
2025-02-18,8:00-12:00,27229.3653,23315.9880,3913.3773,6807.3413,5828.9970
2025-02-18,12:00-16:00,25339.5632,21995.5815,3343.9817,6334.8908,5498.8954
2025-02-18,16:00-20:00,20534.0514,1748.4736,18785.5778,5133.5129,437.1184
2025-02-18,20:00-24:00,14970.3180,0.0000,14970.3180,3742.5795,0.0000
2025-02-19,0:00-4:00,14710.5786,0.0000,14710.5786,3677.6447,0.0000
2025-02-19,4:00-8:00,18918.0760,2088.4700,16829.6061,4729.5190,522.1175
2025-02-19,8:00-12:00,27303.4889,23141.1096,4162.3794,6825.8722,5785.2774
2025-02-19,12:00-16:00,25019.8473,21972.9504,3046.8969,6254.9618,5493.2376
2025-02-19,16:00-20:00,20457.1940,1784.9368,18672.2572,5114.2985,446.2342
2025-02-19,20:00-24:00,15457.6092,0.0000,15457.6092,3864.4023,0.0000
2025-02-20,0:00-4:00,14531.1724,0.0000,14531.1724,3632.7931,0.0000
2025-02-20,4:00-8:00,18998.3642,2176.0833,16822.2810,4749.5911,544.0208
2025-02-20,8:00-12:00,27281.8910,22714.7046,4567.1864,6820.4728,5678.6762
2025-02-20,12:00-16:00,24898.7674,23421.7887,1476.9787,6224.6919,5855.4472
2025-02-20,16:00-20:00,20347.7291,1799.5468,18548.1824,5086.9323,449.8867
2025-02-20,20:00-24:00,15047.3328,0.0000,15047.3328,3761.8332,0.0000
2025-02-21,0:00-4:00,10815.6962,0.0000,10815.6962,2703.9240,0.0000
2025-02-21,4:00-8:00,12932.1864,2203.4815,10728.7049,3233.0466,550.8704
2025-02-21,8:00-12:00,15951.8330,23044.3806,-7092.5475,3987.9583,5761.0951
2025-02-21,12:00-16:00,14557.9116,23146.8700,-8588.9584,3639.4779,5786.7175
2025-02-21,16:00-20:00,11282.6990,1847.0079,9435.6911,2820.6748,461.7520
2025-02-21,20:00-24:00,10261.6758,0.0000,10261.6758,2565.4190,0.0000
2025-02-22,0:00-4:00,10896.5336,0.0000,10896.5336,2724.1334,0.0000
2025-02-22,4:00-8:00,12667.1894,2296.6530,10370.5363,3166.7973,574.1633
2025-02-22,8:00-12:00,15907.4594,22267.0734,-6359.6140,3976.8648,5566.7683
2025-02-22,12:00-16:00,14443.4185,21516.7754,-7073.3569,3610.8546,5379.1939
2025-02-22,16:00-20:00,11381.3063,1756.9776,9624.3287,2845.3266,439.2444
2025-02-22,20:00-24:00,10386.3351,0.0000,10386.3351,2596.5838,0.0000
2025-02-23,0:00-4:00,14493.0820,0.0000,14493.0820,3623.2705,0.0000
2025-02-23,4:00-8:00,18820.8771,2152.0214,16668.8557,4705.2193,538.0053
2025-02-23,8:00-12:00,27289.9409,23021.7587,4268.1822,6822.4852,5755.4397
2025-02-23,12:00-16:00,24971.0896,22340.0840,2631.0056,6242.7724,5585.0210
2025-02-23,16:00-20:00,20423.4764,2096.4232,18327.0532,5105.8691,524.1058
2025-02-23,20:00-24:00,15143.6749,0.0000,15143.6749,3785.9187,0.0000
2025-02-24,0:00-4:00,14369.0699,0.0000,14369.0699,3592.2675,0.0000
2025-02-24,4:00-8:00,18564.7851,2458.5862,16106.1988,4641.1963,614.6466
2025-02-24,8:00-12:00,27146.7560,24699.5869,2447.1692,6786.6890,6174.8967
2025-02-24,12:00-16:00,24897.7852,23452.9346,1444.8506,6224.4463,5863.2337
2025-02-24,16:00-20:00,20348.7003,1814.8472,18533.8531,5087.1751,453.7118
2025-02-24,20:00-24:00,15301.8920,0.0000,15301.8920,3825.4730,0.0000
2025-02-25,0:00-4:00,14533.6567,0.0000,14533.6567,3633.4142,0.0000
2025-02-25,4:00-8:00,18893.5194,2515.2337,16378.2857,4723.3799,628.8084
2025-02-25,8:00-12:00,27146.6337,26377.0007,769.6329,6786.6584,6594.2502
2025-02-25,12:00-16:00,24927.5015,24354.1380,573.3636,6231.8754,6088.5345
2025-02-25,16:00-20:00,20431.8169,2025.6373,18406.1796,5107.9542,506.4093
2025-02-25,20:00-24:00,15160.2046,0.0000,15160.2046,3790.0512,0.0000
2025-02-26,0:00-4:00,14554.1283,0.0000,14554.1283,3638.5321,0.0000
2025-02-26,4:00-8:00,18950.2619,2660.1544,16290.1075,4737.5655,665.0386
2025-02-26,8:00-12:00,27215.8243,25129.0971,2086.7272,6803.9561,6282.2743
2025-02-26,12:00-16:00,24846.8951,22601.3337,2245.5614,6211.7238,5650.3334
2025-02-26,16:00-20:00,20378.5945,1855.3008,18523.2937,5094.6486,463.8252
2025-02-26,20:00-24:00,15115.0299,0.0000,15115.0299,3778.7575,0.0000
2025-02-27,0:00-4:00,14325.6403,0.0000,14325.6403,3581.4101,0.0000
2025-02-27,4:00-8:00,18717.6868,2471.0449,16246.6420,4679.4217,617.7612
2025-02-27,8:00-12:00,27096.5297,24795.5763,2300.9534,6774.1324,6198.8941
2025-02-27,12:00-16:00,25154.1162,24291.7523,862.3639,6288.5291,6072.9381
2025-02-27,16:00-20:00,20428.4916,2084.5311,18343.9605,5107.1229,521.1328
2025-02-27,20:00-24:00,14877.0242,0.0000,14877.0242,3719.2561,0.0000
2025-02-28,0:00-4:00,10613.8272,0.0000,10613.8272,2653.4568,0.0000
2025-02-28,4:00-8:00,12798.9085,2498.0319,10300.8766,3199.7271,624.5080
2025-02-28,8:00-12:00,16052.7854,24619.9749,-8567.1895,4013.1964,6154.9937
2025-02-28,12:00-16:00,14371.7540,22889.3538,-8517.5997,3592.9385,5722.3384
2025-02-28,16:00-20:00,11266.8348,2085.1538,9181.6811,2816.7087,521.2884
2025-02-28,20:00-24:00,10280.9979,0.0000,10280.9979,2570.2495,0.0000
2025-03-01,0:00-4:00,10278.6280,0.0000,10278.6280,2569.6570,0.0000
2025-03-01,4:00-8:00,11381.0841,2279.8546,9101.2295,2845.2710,569.9636
2025-03-01,8:00-12:00,14928.4703,21350.2262,-6421.7558,3732.1176,5337.5566
2025-03-01,12:00-16:00,13885.3904,22953.1163,-9067.7259,3471.3476,5738.2791
2025-03-01,16:00-20:00,11446.3887,2002.1971,9444.1915,2861.5972,500.5493
2025-03-01,20:00-24:00,10324.1986,0.0000,10324.1986,2581.0497,0.0000
2025-03-02,0:00-4:00,14047.0147,0.0000,14047.0147,3511.7537,0.0000
2025-03-02,4:00-8:00,17568.2771,2575.6513,14992.6258,4392.0693,643.9128
2025-03-02,8:00-12:00,25938.8309,21913.3578,4025.4731,6484.7077,5478.3394
2025-03-02,12:00-16:00,24611.9241,19005.1561,5606.7680,6152.9810,4751.2890
2025-03-02,16:00-20:00,20571.9179,2007.9448,18563.9730,5142.9795,501.9862
2025-03-02,20:00-24:00,15122.4525,0.0000,15122.4525,3780.6131,0.0000
2025-03-03,0:00-4:00,14229.0521,0.0000,14229.0521,3557.2630,0.0000
2025-03-03,4:00-8:00,17446.4882,2316.3717,15130.1165,4361.6220,579.0929
2025-03-03,8:00-12:00,25877.4402,20833.0623,5044.3780,6469.3601,5208.2656
2025-03-03,12:00-16:00,24647.5823,20902.8265,3744.7557,6161.8956,5225.7066
2025-03-03,16:00-20:00,20385.5633,1889.3384,18496.2248,5096.3908,472.3346
2025-03-03,20:00-24:00,15372.6195,0.0000,15372.6195,3843.1549,0.0000
2025-03-04,0:00-4:00,14256.9761,0.0000,14256.9761,3564.2440,0.0000
2025-03-04,4:00-8:00,17722.3462,2508.0831,15214.2631,4430.5866,627.0208
2025-03-04,8:00-12:00,25936.2289,21995.0870,3941.1420,6484.0572,5498.7717
2025-03-04,12:00-16:00,24732.6029,22416.7464,2315.8565,6183.1507,5604.1866
2025-03-04,16:00-20:00,20196.5601,2019.6505,18176.9096,5049.1400,504.9126
2025-03-04,20:00-24:00,15294.3106,0.0000,15294.3106,3823.5777,0.0000
2025-03-05,0:00-4:00,14032.1443,0.0000,14032.1443,3508.0361,0.0000
2025-03-05,4:00-8:00,17841.8660,2654.1180,15187.7480,4460.4665,663.5295
2025-03-05,8:00-12:00,25993.4997,24534.2671,1459.2326,6498.3749,6133.5668
2025-03-05,12:00-16:00,24686.1600,22372.4885,2313.6715,6171.5400,5593.1221
2025-03-05,16:00-20:00,20304.9046,2382.0982,17922.8065,5076.2262,595.5245
2025-03-05,20:00-24:00,15214.8692,0.0000,15214.8692,3803.7173,0.0000
2025-03-06,0:00-4:00,14043.9565,0.0000,14043.9565,3510.9891,0.0000
2025-03-06,4:00-8:00,17664.0065,3015.8268,14648.1797,4416.0016,753.9567
2025-03-06,8:00-12:00,25705.2671,24064.2720,1640.9950,6426.3168,6016.0680
2025-03-06,12:00-16:00,24723.0962,22466.9894,2256.1068,6180.7741,5616.7474
2025-03-06,16:00-20:00,20428.6886,2185.8562,18242.8324,5107.1722,546.4640
2025-03-06,20:00-24:00,15108.5836,0.0000,15108.5836,3777.1459,0.0000
2025-03-07,0:00-4:00,10154.8626,0.0000,10154.8626,2538.7157,0.0000
2025-03-07,4:00-8:00,11371.2455,2770.3570,8600.8885,2842.8114,692.5893
2025-03-07,8:00-12:00,14506.0461,24141.6014,-9635.5552,3626.5115,6035.4003
2025-03-07,12:00-16:00,14186.9480,21587.3962,-7400.4481,3546.7370,5396.8490
2025-03-07,16:00-20:00,11209.4630,2258.7213,8950.7416,2802.3657,564.6803
2025-03-07,20:00-24:00,10251.7961,0.0000,10251.7961,2562.9490,0.0000
2025-03-08,0:00-4:00,10371.5956,0.0000,10371.5956,2592.8989,0.0000
2025-03-08,4:00-8:00,11511.0998,2741.1632,8769.9366,2877.7750,685.2908
2025-03-08,8:00-12:00,14712.5578,24442.8362,-9730.2784,3678.1395,6110.7091
2025-03-08,12:00-16:00,14069.1430,23725.2387,-9656.0957,3517.2858,5931.3097
2025-03-08,16:00-20:00,11348.0892,2372.3339,8975.7553,2837.0223,593.0835
2025-03-08,20:00-24:00,10332.2261,0.0000,10332.2261,2583.0565,0.0000
2025-03-09,0:00-4:00,14153.4760,0.0000,14153.4760,3538.3690,0.0000
2025-03-09,4:00-8:00,17483.7607,2927.3149,14556.4458,4370.9402,731.8287
2025-03-09,8:00-12:00,25870.4578,24072.6017,1797.8560,6467.6144,6018.1504
2025-03-09,12:00-16:00,24577.4342,24672.5649,-95.1308,6144.3585,6168.1412
2025-03-09,16:00-20:00,20467.6842,2686.9798,17780.7043,5116.9210,671.7450
2025-03-09,20:00-24:00,15140.1737,0.0000,15140.1737,3785.0434,0.0000
2025-03-10,0:00-4:00,14189.8375,0.0000,14189.8375,3547.4594,0.0000
2025-03-10,4:00-8:00,17564.9506,2898.7115,14666.2391,4391.2376,724.6779
2025-03-10,8:00-12:00,25902.2270,22366.3618,3535.8651,6475.5567,5591.5905
2025-03-10,12:00-16:00,24504.9648,22109.1266,2395.8382,6126.2412,5527.2817
2025-03-10,16:00-20:00,20563.2393,2526.7930,18036.4463,5140.8098,631.6982
2025-03-10,20:00-24:00,15217.8452,0.0000,15217.8452,3804.4613,0.0000
2025-03-11,0:00-4:00,14000.8479,0.0000,14000.8479,3500.2120,0.0000
2025-03-11,4:00-8:00,17629.9655,3090.6581,14539.3074,4407.4914,772.6645
2025-03-11,8:00-12:00,26055.4205,25106.4900,948.9304,6513.8551,6276.6225
2025-03-11,12:00-16:00,24465.5092,23038.8560,1426.6531,6116.3773,5759.7140
2025-03-11,16:00-20:00,20388.1281,2324.6300,18063.4981,5097.0320,581.1575
2025-03-11,20:00-24:00,14959.6818,0.0000,14959.6818,3739.9205,0.0000
2025-03-12,0:00-4:00,14164.3396,0.0000,14164.3396,3541.0849,0.0000
2025-03-12,4:00-8:00,17710.8188,3275.7991,14435.0197,4427.7047,818.9498
2025-03-12,8:00-12:00,25966.1888,25943.7502,22.4386,6491.5472,6485.9376
2025-03-12,12:00-16:00,24462.2779,24119.1795,343.0985,6115.5695,6029.7949
2025-03-12,16:00-20:00,20471.6262,2337.9733,18133.6529,5117.9066,584.4933
2025-03-12,20:00-24:00,15336.9854,0.0000,15336.9854,3834.2463,0.0000
2025-03-13,0:00-4:00,14049.9758,0.0000,14049.9758,3512.4940,0.0000
2025-03-13,4:00-8:00,17701.0425,3406.0704,14294.9721,4425.2606,851.5176
2025-03-13,8:00-12:00,25909.3567,22183.8867,3725.4701,6477.3392,5545.9717
2025-03-13,12:00-16:00,24801.3752,22645.9228,2155.4524,6200.3438,5661.4807
2025-03-13,16:00-20:00,20676.8255,2455.7791,18221.0464,5169.2064,613.9448
2025-03-13,20:00-24:00,15098.7012,0.0000,15098.7012,3774.6753,0.0000
2025-03-14,0:00-4:00,10147.1327,0.0000,10147.1327,2536.7832,0.0000
2025-03-14,4:00-8:00,11530.5194,3235.5005,8295.0189,2882.6298,808.8751
2025-03-14,8:00-12:00,14610.9994,26373.3279,-11762.3284,3652.7499,6593.3320
2025-03-14,12:00-16:00,14305.4697,23833.7922,-9528.3224,3576.3674,5958.4480
2025-03-14,16:00-20:00,11431.1693,2636.8224,8794.3469,2857.7923,659.2056
2025-03-14,20:00-24:00,10083.5783,0.0000,10083.5783,2520.8946,0.0000
2025-03-15,0:00-4:00,10393.1610,0.0000,10393.1610,2598.2903,0.0000
2025-03-15,4:00-8:00,11439.5877,3051.4848,8388.1028,2859.8969,762.8712
2025-03-15,8:00-12:00,14520.1130,22328.7908,-7808.6778,3630.0282,5582.1977
2025-03-15,12:00-16:00,14153.2726,23600.6475,-9447.3750,3538.3181,5900.1619
2025-03-15,16:00-20:00,11438.7223,2819.9335,8618.7889,2859.6806,704.9834
2025-03-15,20:00-24:00,10780.1253,0.0000,10780.1253,2695.0313,0.0000
2025-03-16,0:00-4:00,14232.4889,0.0000,14232.4889,3558.1222,0.0000
2025-03-16,4:00-8:00,17501.0016,2917.5592,14583.4424,4375.2504,729.3898
2025-03-16,8:00-12:00,25901.7550,25977.3639,-75.6089,6475.4388,6494.3410
2025-03-16,12:00-16:00,24841.7231,23149.3494,1692.3737,6210.4308,5787.3374
2025-03-16,16:00-20:00,20344.9920,2587.8965,17757.0955,5086.2480,646.9741
2025-03-16,20:00-24:00,15161.2552,0.0000,15161.2552,3790.3138,0.0000
2025-03-17,0:00-4:00,14091.5907,0.0000,14091.5907,3522.8977,0.0000
2025-03-17,4:00-8:00,17464.9434,3734.1546,13730.7889,4366.2359,933.5386
2025-03-17,8:00-12:00,25918.2274,27655.5555,-1737.3282,6479.5568,6913.8889
2025-03-17,12:00-16:00,24716.7314,25692.9614,-976.2299,6179.1829,6423.2403
2025-03-17,16:00-20:00,20434.0230,2752.8189,17681.2040,5108.5057,688.2047
2025-03-17,20:00-24:00,15068.1059,0.0000,15068.1059,3767.0265,0.0000
2025-03-18,0:00-4:00,13897.8167,0.0000,13897.8167,3474.4542,0.0000
2025-03-18,4:00-8:00,17413.7548,3388.5946,14025.1602,4353.4387,847.1486
2025-03-18,8:00-12:00,25944.4943,24717.5054,1226.9890,6486.1236,6179.3763
2025-03-18,12:00-16:00,24556.7931,25201.3518,-644.5587,6139.1983,6300.3380
2025-03-18,16:00-20:00,20391.6044,2820.0134,17571.5910,5097.9011,705.0034
2025-03-18,20:00-24:00,15048.9602,0.0000,15048.9602,3762.2401,0.0000
2025-03-19,0:00-4:00,14022.1309,0.0000,14022.1309,3505.5327,0.0000
2025-03-19,4:00-8:00,17389.5821,3478.9524,13910.6297,4347.3955,869.7381
2025-03-19,8:00-12:00,25837.9563,25348.7506,489.2057,6459.4891,6337.1876
2025-03-19,12:00-16:00,24651.8105,25951.8129,-1300.0024,6162.9526,6487.9532
2025-03-19,16:00-20:00,20311.4344,3036.5717,17274.8627,5077.8586,759.1429
2025-03-19,20:00-24:00,15068.6438,0.0000,15068.6438,3767.1609,0.0000
2025-03-20,0:00-4:00,14163.8498,0.0000,14163.8498,3540.9625,0.0000
2025-03-20,4:00-8:00,17367.6692,3609.9555,13757.7136,4341.9173,902.4889
2025-03-20,8:00-12:00,25963.4259,24851.9024,1111.5235,6490.8565,6212.9756
2025-03-20,12:00-16:00,24673.3366,24334.1659,339.1707,6168.3341,6083.5415
2025-03-20,16:00-20:00,20510.8710,2643.3960,17867.4750,5127.7178,660.8490
2025-03-20,20:00-24:00,14969.2292,0.0000,14969.2292,3742.3073,0.0000
2025-03-21,0:00-4:00,10414.8358,0.0000,10414.8358,2603.7090,0.0000
2025-03-21,4:00-8:00,11543.5621,3723.3458,7820.2163,2885.8905,930.8365
2025-03-21,8:00-12:00,14657.2193,26999.1338,-12341.9145,3664.3048,6749.7835
2025-03-21,12:00-16:00,14282.1211,26642.6466,-12360.5255,3570.5303,6660.6617
2025-03-21,16:00-20:00,11404.5173,3194.9414,8209.5759,2851.1293,798.7354
2025-03-21,20:00-24:00,10291.2765,0.0000,10291.2765,2572.8191,0.0000
2025-03-22,0:00-4:00,10102.0374,0.0000,10102.0374,2525.5093,0.0000
2025-03-22,4:00-8:00,11541.3212,3707.8629,7833.4582,2885.3303,926.9657
2025-03-22,8:00-12:00,14603.0783,25281.2992,-10678.2208,3650.7696,6320.3248
2025-03-22,12:00-16:00,13977.8099,24059.7141,-10081.9043,3494.4525,6014.9285
2025-03-22,16:00-20:00,11297.6295,3006.8535,8290.7760,2824.4074,751.7134
2025-03-22,20:00-24:00,10415.0532,0.0000,10415.0532,2603.7633,0.0000
2025-03-23,0:00-4:00,14137.7068,0.0000,14137.7068,3534.4267,0.0000
2025-03-23,4:00-8:00,17657.5230,3671.5453,13985.9777,4414.3808,917.8863
2025-03-23,8:00-12:00,25714.1705,25224.1560,490.0145,6428.5426,6306.0390
2025-03-23,12:00-16:00,24493.3635,26607.3474,-2113.9838,6123.3409,6651.8368
2025-03-23,16:00-20:00,20629.9065,3467.2085,17162.6980,5157.4766,866.8021
2025-03-23,20:00-24:00,15107.3069,0.0000,15107.3069,3776.8267,0.0000
2025-03-24,0:00-4:00,13898.8498,0.0000,13898.8498,3474.7125,0.0000
2025-03-24,4:00-8:00,17539.1057,3703.1888,13835.9169,4384.7764,925.7972
2025-03-24,8:00-12:00,25905.3368,26912.6575,-1007.3207,6476.3342,6728.1644
2025-03-24,12:00-16:00,24511.3722,25576.8843,-1065.5121,6127.8430,6394.2211
2025-03-24,16:00-20:00,20388.8259,3233.9429,17154.8830,5097.2065,808.4857
2025-03-24,20:00-24:00,15181.6801,0.0000,15181.6801,3795.4200,0.0000
2025-03-25,0:00-4:00,14106.5804,0.0000,14106.5804,3526.6451,0.0000
2025-03-25,4:00-8:00,17622.4566,3787.6836,13834.7730,4405.6142,946.9209
2025-03-25,8:00-12:00,26040.4758,24304.6903,1735.7854,6510.1189,6076.1726
2025-03-25,12:00-16:00,24467.1833,25841.9175,-1374.7341,6116.7958,6460.4794
2025-03-25,16:00-20:00,20553.2794,3168.7517,17384.5276,5138.3198,792.1879
2025-03-25,20:00-24:00,15263.1923,0.0000,15263.1923,3815.7981,0.0000
2025-03-26,0:00-4:00,13982.9096,0.0000,13982.9096,3495.7274,0.0000
2025-03-26,4:00-8:00,17464.8333,3691.9333,13772.9000,4366.2083,922.9833
2025-03-26,8:00-12:00,26000.9963,28254.0942,-2253.0979,6500.2491,7063.5235
2025-03-26,12:00-16:00,24536.3944,26572.3045,-2035.9101,6134.0986,6643.0761
2025-03-26,16:00-20:00,20541.0433,3593.7409,16947.3024,5135.2608,898.4352
2025-03-26,20:00-24:00,15178.4510,0.0000,15178.4510,3794.6127,0.0000
2025-03-27,0:00-4:00,14170.8522,0.0000,14170.8522,3542.7131,0.0000
2025-03-27,4:00-8:00,17470.8651,3988.0866,13482.7785,4367.7163,997.0217
2025-03-27,8:00-12:00,26080.1349,26480.8569,-400.7219,6520.0337,6620.2142
2025-03-27,12:00-16:00,24664.9089,25671.3197,-1006.4108,6166.2272,6417.8299
2025-03-27,16:00-20:00,20446.8857,3095.3458,17351.5399,5111.7214,773.8364
2025-03-27,20:00-24:00,15118.9515,0.0000,15118.9515,3779.7379,0.0000
2025-03-28,0:00-4:00,10357.8442,0.0000,10357.8442,2589.4610,0.0000
2025-03-28,4:00-8:00,11443.0785,3683.6160,7759.4625,2860.7696,920.9040
2025-03-28,8:00-12:00,14755.9739,26925.7782,-12169.8043,3688.9935,6731.4446
2025-03-28,12:00-16:00,13889.1125,27090.5348,-13201.4223,3472.2781,6772.6337
2025-03-28,16:00-20:00,11235.1057,3369.9575,7865.1482,2808.7764,842.4894
2025-03-28,20:00-24:00,10210.6526,0.0000,10210.6526,2552.6631,0.0000
2025-03-29,0:00-4:00,10259.6715,0.0000,10259.6715,2564.9179,0.0000
2025-03-29,4:00-8:00,11524.2591,4204.7073,7319.5518,2881.0648,1051.1768
2025-03-29,8:00-12:00,14455.1260,28457.9683,-14002.8423,3613.7815,7114.4921
2025-03-29,12:00-16:00,14048.7179,28565.1064,-14516.3885,3512.1795,7141.2766
2025-03-29,16:00-20:00,11353.0840,3183.2863,8169.7976,2838.2710,795.8216
2025-03-29,20:00-24:00,10477.4190,0.0000,10477.4190,2619.3547,0.0000
2025-03-30,0:00-4:00,14170.0798,0.0000,14170.0798,3542.5200,0.0000
2025-03-30,4:00-8:00,17596.5388,4290.9949,13305.5439,4399.1347,1072.7487
2025-03-30,8:00-12:00,26132.9019,27560.9667,-1428.0648,6533.2255,6890.2417
2025-03-30,12:00-16:00,24630.6710,27099.6251,-2468.9541,6157.6678,6774.9063
2025-03-30,16:00-20:00,20394.4594,3697.4994,16696.9600,5098.6149,924.3749
2025-03-30,20:00-24:00,15070.0548,0.0000,15070.0548,3767.5137,0.0000
2025-03-31,0:00-4:00,14021.2802,0.0000,14021.2802,3505.3200,0.0000
2025-03-31,4:00-8:00,17322.8008,4428.4728,12894.3280,4330.7002,1107.1182
2025-03-31,8:00-12:00,25873.3509,28058.5963,-2185.2454,6468.3377,7014.6491
2025-03-31,12:00-16:00,24585.6660,24401.2637,184.4024,6146.4165,6100.3159
2025-03-31,16:00-20:00,20272.5767,3235.9434,17036.6334,5068.1442,808.9858
2025-03-31,20:00-24:00,14999.9910,0.0000,14999.9910,3749.9977,0.0000
2025-04-01,0:00-4:00,14342.3347,0.0000,14342.3347,3585.5837,0.0000
2025-04-01,4:00-8:00,17476.2860,4440.6807,13035.6053,4369.0715,1110.1702
2025-04-01,8:00-12:00,25823.9516,25436.9989,386.9528,6455.9879,6359.2497
2025-04-01,12:00-16:00,24729.8635,24526.9005,202.9630,6182.4659,6131.7251
2025-04-01,16:00-20:00,20429.2925,3353.7146,17075.5779,5107.3231,838.4286
2025-04-01,20:00-24:00,15165.4179,0.0000,15165.4179,3791.3545,0.0000
2025-04-02,0:00-4:00,14154.3114,0.0000,14154.3114,3538.5779,0.0000
2025-04-02,4:00-8:00,17797.3732,4002.0665,13795.3067,4449.3433,1000.5166
2025-04-02,8:00-12:00,25805.4503,23451.9825,2353.4679,6451.3626,5862.9956
2025-04-02,12:00-16:00,24604.5558,26194.0248,-1589.4690,6151.1389,6548.5062
2025-04-02,16:00-20:00,20440.7946,3903.2201,16537.5745,5110.1987,975.8050
2025-04-02,20:00-24:00,15184.1441,0.0002,15184.1439,3796.0360,0.0000
2025-04-03,0:00-4:00,14215.5341,0.0002,14215.5339,3553.8835,0.0000
2025-04-03,4:00-8:00,17568.8924,4017.1758,13551.7166,4392.2231,1004.2939
2025-04-03,8:00-12:00,25751.0450,27414.0764,-1663.0314,6437.7613,6853.5191
2025-04-03,12:00-16:00,24759.3184,27000.8992,-2241.5808,6189.8296,6750.2248
2025-04-03,16:00-20:00,20541.3959,3588.7742,16952.6218,5135.3490,897.1935
2025-04-03,20:00-24:00,15048.2702,0.0002,15048.2700,3762.0676,0.0000
2025-04-04,0:00-4:00,10272.3032,0.0002,10272.3030,2568.0758,0.0001
2025-04-04,4:00-8:00,11443.6204,4272.8934,7170.7270,2860.9051,1068.2234
2025-04-04,8:00-12:00,14550.6926,27636.3905,-13085.6979,3637.6732,6909.0976
2025-04-04,12:00-16:00,14027.7281,29433.9067,-15406.1786,3506.9320,7358.4767
2025-04-04,16:00-20:00,11265.1014,3961.7585,7303.3429,2816.2754,990.4396
2025-04-04,20:00-24:00,10176.3060,0.0002,10176.3058,2544.0765,0.0001
2025-04-05,0:00-4:00,10373.7602,0.0002,10373.7600,2593.4401,0.0001
2025-04-05,4:00-8:00,11390.1757,4654.0251,6736.1506,2847.5439,1163.5063
2025-04-05,8:00-12:00,14265.2682,26022.8875,-11757.6193,3566.3170,6505.7219
2025-04-05,12:00-16:00,14612.7105,26130.3863,-11517.6758,3653.1776,6532.5966
2025-04-05,16:00-20:00,11434.3196,3751.3283,7682.9913,2858.5799,937.8321
2025-04-05,20:00-24:00,10526.5084,0.0002,10526.5082,2631.6271,0.0001
2025-04-06,0:00-4:00,14034.1373,0.0003,14034.1370,3508.5343,0.0001
2025-04-06,4:00-8:00,17658.7019,4380.1569,13278.5449,4414.6755,1095.0392
2025-04-06,8:00-12:00,25717.1896,27546.7910,-1829.6014,6429.2974,6886.6977
2025-04-06,12:00-16:00,24403.8131,26922.2078,-2518.3947,6100.9533,6730.5520
2025-04-06,16:00-20:00,20298.8454,3946.1980,16352.6473,5074.7114,986.5495
2025-04-06,20:00-24:00,15092.7433,0.0003,15092.7431,3773.1858,0.0001
2025-04-07,0:00-4:00,14084.1925,0.0003,14084.1923,3521.0481,0.0001
2025-04-07,4:00-8:00,17395.8995,4645.8718,12750.0277,4348.9749,1161.4679
2025-04-07,8:00-12:00,25792.5918,29525.9509,-3733.3591,6448.1479,7381.4877
2025-04-07,12:00-16:00,24394.6702,25591.2416,-1196.5714,6098.6676,6397.8104
2025-04-07,16:00-20:00,20189.2721,4009.3579,16179.9142,5047.3180,1002.3395
2025-04-07,20:00-24:00,15158.5159,0.0002,15158.5156,3789.6290,0.0001
2025-04-08,0:00-4:00,14013.2574,0.0002,14013.2572,3503.3144,0.0000
2025-04-08,4:00-8:00,17539.5158,4206.6790,13332.8367,4384.8789,1051.6698
2025-04-08,8:00-12:00,25632.9733,27416.1735,-1783.2002,6408.2433,6854.0434
2025-04-08,12:00-16:00,24582.4985,28061.1742,-3478.6757,6145.6246,7015.2935
2025-04-08,16:00-20:00,20612.7987,3676.0695,16936.7292,5153.1997,919.0174
2025-04-08,20:00-24:00,15332.2465,0.0002,15332.2464,3833.0616,0.0000
2025-04-09,0:00-4:00,14094.3635,0.0000,14094.3635,3523.5909,0.0000
2025-04-09,4:00-8:00,17524.6796,4285.3300,13239.3496,4381.1699,1071.3325
2025-04-09,8:00-12:00,25614.8576,25493.2035,121.6541,6403.7144,6373.3009
2025-04-09,12:00-16:00,24615.9645,24610.9800,4.9844,6153.9911,6152.7450
2025-04-09,16:00-20:00,20501.6420,4153.6980,16347.9440,5125.4105,1038.4245
2025-04-09,20:00-24:00,15326.0154,0.0000,15326.0154,3831.5039,0.0000
2025-04-10,0:00-4:00,14160.6359,0.0000,14160.6359,3540.1590,0.0000
2025-04-10,4:00-8:00,17564.2785,4573.5502,12990.7284,4391.0696,1143.3875
2025-04-10,8:00-12:00,25929.5982,27778.5322,-1848.9340,6482.3995,6944.6331
2025-04-10,12:00-16:00,24502.7700,27217.0910,-2714.3210,6125.6925,6804.2728
2025-04-10,16:00-20:00,20554.7223,3638.8893,16915.8329,5138.6806,909.7223
2025-04-10,20:00-24:00,14956.6958,0.0000,14956.6958,3739.1739,0.0000
2025-04-11,0:00-4:00,10255.5501,0.0000,10255.5501,2563.8875,0.0000
2025-04-11,4:00-8:00,11669.9454,4951.8104,6718.1350,2917.4863,1237.9526
2025-04-11,8:00-12:00,14572.0098,27651.2127,-13079.2029,3643.0024,6912.8032
2025-04-11,12:00-16:00,13851.8716,29924.7399,-16072.8683,3462.9679,7481.1850
2025-04-11,16:00-20:00,11532.7025,4247.5835,7285.1190,2883.1756,1061.8959
2025-04-11,20:00-24:00,10209.9173,0.0000,10209.9173,2552.4793,0.0000
2025-04-12,0:00-4:00,10220.2251,0.0000,10220.2251,2555.0563,0.0000
2025-04-12,4:00-8:00,11127.2483,5259.8841,5867.3641,2781.8121,1314.9710
2025-04-12,8:00-12:00,14450.2600,27292.4698,-12842.2098,3612.5650,6823.1175
2025-04-12,12:00-16:00,14350.8376,26291.6939,-11940.8563,3587.7094,6572.9235
2025-04-12,16:00-20:00,11350.3134,4087.9673,7262.3461,2837.5783,1021.9918
2025-04-12,20:00-24:00,10458.2913,0.0000,10458.2913,2614.5728,0.0000
2025-04-13,0:00-4:00,14001.2120,0.0000,14001.2120,3500.3030,0.0000
2025-04-13,4:00-8:00,17328.7610,4568.2237,12760.5373,4332.1903,1142.0559
2025-04-13,8:00-12:00,25814.3193,26944.2655,-1129.9461,6453.5798,6736.0664
2025-04-13,12:00-16:00,24643.6121,27647.2470,-3003.6349,6160.9030,6911.8118
2025-04-13,16:00-20:00,20370.4633,3846.9675,16523.4958,5092.6158,961.7419
2025-04-13,20:00-24:00,15124.6945,0.0000,15124.6945,3781.1736,0.0000
2025-04-14,0:00-4:00,14232.4667,0.0000,14232.4667,3558.1167,0.0000
2025-04-14,4:00-8:00,17657.0691,4835.8851,12821.1840,4414.2673,1208.9713
2025-04-14,8:00-12:00,25738.8472,27731.8820,-1993.0347,6434.7118,6932.9705
2025-04-14,12:00-16:00,24725.8778,28073.0552,-3347.1773,6181.4695,7018.2638
2025-04-14,16:00-20:00,20465.8651,4732.5187,15733.3464,5116.4663,1183.1297
2025-04-14,20:00-24:00,15081.2467,0.0000,15081.2467,3770.3117,0.0000
2025-04-15,0:00-4:00,13899.2552,0.0000,13899.2552,3474.8138,0.0000
2025-04-15,4:00-8:00,17317.1321,5032.9178,12284.2142,4329.2830,1258.2295
2025-04-15,8:00-12:00,25584.7945,30667.7708,-5082.9762,6396.1986,7666.9427
2025-04-15,12:00-16:00,24634.0988,26770.0011,-2135.9023,6158.5247,6692.5003
2025-04-15,16:00-20:00,20580.2319,4446.7867,16133.4453,5145.0580,1111.6967
2025-04-15,20:00-24:00,15041.3926,0.0000,15041.3926,3760.3481,0.0000
2025-04-16,0:00-4:00,14265.5580,0.0000,14265.5580,3566.3895,0.0000
2025-04-16,4:00-8:00,17489.1794,5002.7786,12486.4008,4372.2949,1250.6946
2025-04-16,8:00-12:00,25601.0248,26137.5452,-536.5205,6400.2562,6534.3863
2025-04-16,12:00-16:00,24856.8377,26583.2328,-1726.3951,6214.2094,6645.8082
2025-04-16,16:00-20:00,20450.2044,4421.7363,16028.4682,5112.5511,1105.4341
2025-04-16,20:00-24:00,15262.0807,0.0002,15262.0805,3815.5202,0.0000
2025-04-17,0:00-4:00,14165.8052,0.0002,14165.8049,3541.4513,0.0000
2025-04-17,4:00-8:00,17582.8137,5200.4035,12382.4102,4395.7034,1300.1009
2025-04-17,8:00-12:00,25784.4227,28167.7578,-2383.3351,6446.1057,7041.9395
2025-04-17,12:00-16:00,24623.1058,27127.9345,-2504.8287,6155.7765,6781.9836
2025-04-17,16:00-20:00,20517.6031,4122.6040,16394.9991,5129.4008,1030.6510
2025-04-17,20:00-24:00,14813.2921,0.0002,14813.2919,3703.3230,0.0000
2025-04-18,0:00-4:00,10501.0049,0.0002,10501.0047,2625.2512,0.0000
2025-04-18,4:00-8:00,11333.1730,5301.4846,6031.6883,2833.2932,1325.3712
2025-04-18,8:00-12:00,14552.5255,27591.5399,-13039.0144,3638.1314,6897.8850
2025-04-18,12:00-16:00,13974.8839,27691.9250,-13717.0410,3493.7210,6922.9812
2025-04-18,16:00-20:00,11223.4834,4551.1022,6672.3811,2805.8708,1137.7756
2025-04-18,20:00-24:00,9905.0986,0.0002,9905.0984,2476.2747,0.0001
2025-04-19,0:00-4:00,10272.0601,0.0003,10272.0598,2568.0150,0.0001
2025-04-19,4:00-8:00,11419.6747,5112.5089,6307.1658,2854.9187,1278.1272
2025-04-19,8:00-12:00,14533.2532,27163.7738,-12630.5206,3633.3133,6790.9434
2025-04-19,12:00-16:00,14169.1726,28173.0846,-14003.9120,3542.2931,7043.2711
2025-04-19,16:00-20:00,11193.2094,4671.3683,6521.8411,2798.3023,1167.8421
2025-04-19,20:00-24:00,10318.0455,0.0003,10318.0452,2579.5114,0.0001
2025-04-20,0:00-4:00,14019.4975,0.0003,14019.4972,3504.8744,0.0001
2025-04-20,4:00-8:00,17747.5225,5322.1743,12425.3482,4436.8806,1330.5436
2025-04-20,8:00-12:00,25808.8914,28202.1943,-2393.3029,6452.2229,7050.5486
2025-04-20,12:00-16:00,24586.7727,27585.9313,-2999.1586,6146.6932,6896.4828
2025-04-20,16:00-20:00,20080.3491,4129.7710,15950.5781,5020.0873,1032.4428
2025-04-20,20:00-24:00,14954.7831,0.0003,14954.7828,3738.6958,0.0001
2025-04-21,0:00-4:00,14207.3819,0.0003,14207.3816,3551.8455,0.0001
2025-04-21,4:00-8:00,17856.1008,5762.8327,12093.2681,4464.0252,1440.7082
2025-04-21,8:00-12:00,25958.0580,28865.6151,-2907.5571,6489.5145,7216.4038
2025-04-21,12:00-16:00,24748.3739,30288.5812,-5540.2072,6187.0935,7572.1453
2025-04-21,16:00-20:00,20379.4649,5047.6978,15331.7671,5094.8662,1261.9245
2025-04-21,20:00-24:00,15332.2584,0.0004,15332.2580,3833.0646,0.0001
2025-04-22,0:00-4:00,14160.8127,0.0003,14160.8124,3540.2032,0.0001
2025-04-22,4:00-8:00,17413.9936,5160.0647,12253.9289,4353.4984,1290.0162
2025-04-22,8:00-12:00,25882.4883,28864.9309,-2982.4426,6470.6221,7216.2327
2025-04-22,12:00-16:00,24761.3860,26656.9962,-1895.6102,6190.3465,6664.2490
2025-04-22,16:00-20:00,20332.0789,4976.0792,15355.9997,5083.0197,1244.0198
2025-04-22,20:00-24:00,15260.2414,0.0004,15260.2410,3815.0603,0.0001
2025-04-23,0:00-4:00,14331.2979,0.0003,14331.2976,3582.8245,0.0001
2025-04-23,4:00-8:00,17623.8441,5521.8059,12102.0381,4405.9610,1380.4515
2025-04-23,8:00-12:00,25880.5232,28921.1287,-3040.6055,6470.1308,7230.2822
2025-04-23,12:00-16:00,24643.4318,27069.6388,-2426.2070,6160.8579,6767.4097
2025-04-23,16:00-20:00,20417.4579,5118.0239,15299.4339,5104.3645,1279.5060
2025-04-23,20:00-24:00,15133.9599,0.0004,15133.9595,3783.4900,0.0001
2025-04-24,0:00-4:00,14211.3774,0.0003,14211.3771,3552.8443,0.0001
2025-04-24,4:00-8:00,17510.8549,5759.7720,11751.0829,4377.7137,1439.9430
2025-04-24,8:00-12:00,25827.2471,29058.0109,-3230.7638,6456.8118,7264.5027
2025-04-24,12:00-16:00,24497.5669,30552.7735,-6055.2066,6124.3917,7638.1934
2025-04-24,16:00-20:00,20556.8789,5037.1160,15519.7628,5139.2197,1259.2790
2025-04-24,20:00-24:00,14893.8546,0.0003,14893.8543,3723.4636,0.0001
2025-04-25,0:00-4:00,10129.7263,0.0003,10129.7260,2532.4316,0.0001
2025-04-25,4:00-8:00,11419.6018,5753.5923,5666.0094,2854.9004,1438.3981
2025-04-25,8:00-12:00,14362.3331,28895.4593,-14533.1262,3590.5833,7223.8648
2025-04-25,12:00-16:00,14101.2703,29724.5100,-15623.2397,3525.3176,7431.1275
2025-04-25,16:00-20:00,11534.9804,5389.4014,6145.5790,2883.7451,1347.3503
2025-04-25,20:00-24:00,10215.4094,0.0003,10215.4091,2553.8523,0.0001
2025-04-26,0:00-4:00,10276.5866,0.0000,10276.5866,2569.1467,0.0000
2025-04-26,4:00-8:00,11268.7070,6151.5657,5117.1412,2817.1767,1537.8914
2025-04-26,8:00-12:00,14570.0975,32190.7948,-17620.6973,3642.5244,8047.6987
2025-04-26,12:00-16:00,14220.4478,29034.0228,-14813.5751,3555.1119,7258.5057
2025-04-26,16:00-20:00,11301.6862,4654.3474,6647.3388,2825.4215,1163.5868
2025-04-26,20:00-24:00,10463.3992,0.0000,10463.3992,2615.8498,0.0000
2025-04-27,0:00-4:00,14073.1372,0.0000,14073.1372,3518.2843,0.0000
2025-04-27,4:00-8:00,17310.4552,5460.2790,11850.1762,4327.6138,1365.0698
2025-04-27,8:00-12:00,25668.4136,29671.4108,-4002.9972,6417.1034,7417.8527
2025-04-27,12:00-16:00,24502.3961,28880.7941,-4378.3980,6125.5990,7220.1985
2025-04-27,16:00-20:00,20420.2606,4446.5675,15973.6931,5105.0652,1111.6419
2025-04-27,20:00-24:00,15057.8599,0.0000,15057.8599,3764.4650,0.0000
2025-04-28,0:00-4:00,14272.1906,0.0000,14272.1906,3568.0477,0.0000
2025-04-28,4:00-8:00,17305.6793,5809.3268,11496.3525,4326.4198,1452.3317
2025-04-28,8:00-12:00,25789.6339,24735.4156,1054.2183,6447.4085,6183.8539
2025-04-28,12:00-16:00,24766.8913,25689.8687,-922.9774,6191.7228,6422.4672
2025-04-28,16:00-20:00,20274.2899,4680.7221,15593.5678,5068.5725,1170.1805
2025-04-28,20:00-24:00,15128.6156,0.0002,15128.6155,3782.1539,0.0000
2025-04-29,0:00-4:00,14030.4654,0.0003,14030.4650,3507.6163,0.0001
2025-04-29,4:00-8:00,17425.2355,6377.7020,11047.5336,4356.3089,1594.4255
2025-04-29,8:00-12:00,25854.0922,30701.1537,-4847.0615,6463.5231,7675.2884
2025-04-29,12:00-16:00,24637.8688,28275.2880,-3637.4192,6159.4672,7068.8220
2025-04-29,16:00-20:00,20303.9292,4465.4006,15838.5286,5075.9823,1116.3501
2025-04-29,20:00-24:00,15001.1675,0.0004,15001.1671,3750.2919,0.0001
2025-04-30,0:00-4:00,14130.4517,0.0007,14130.4510,3532.6129,0.0002
2025-04-30,4:00-8:00,17414.5567,5943.8155,11470.7412,4353.6392,1485.9539
2025-04-30,8:00-12:00,25906.5558,29339.8684,-3433.3126,6476.6390,7334.9671
2025-04-30,12:00-16:00,24589.2415,28627.3839,-4038.1424,6147.3104,7156.8460
2025-04-30,16:00-20:00,20373.1071,5514.9573,14858.1499,5093.2768,1378.7393
2025-04-30,20:00-24:00,15268.9678,0.0005,15268.9673,3817.2420,0.0001
2025-05-01,0:00-4:00,14263.7437,0.0009,14263.7428,3565.9359,0.0002
2025-05-01,4:00-8:00,17319.6881,5330.7263,11988.9619,4329.9220,1332.6816
2025-05-01,8:00-12:00,25672.4739,29892.7630,-4220.2891,6418.1185,7473.1908
2025-05-01,12:00-16:00,24738.2729,29381.3204,-4643.0475,6184.5682,7345.3301
2025-05-01,16:00-20:00,21865.9608,4748.3936,17117.5671,5466.4902,1187.0984
2025-05-01,20:00-24:00,16504.4444,0.0009,16504.4436,4126.1111,0.0002
2025-05-02,0:00-4:00,10262.2664,0.0007,10262.2658,2565.5666,0.0002
2025-05-02,4:00-8:00,11660.5265,5342.3833,6318.1432,2915.1316,1335.5958
2025-05-02,8:00-12:00,14468.8984,26311.4417,-11842.5433,3617.2246,6577.8604
2025-05-02,12:00-16:00,14171.4257,24535.8695,-10364.4438,3542.8564,6133.9674
2025-05-02,16:00-20:00,12642.9889,4281.0103,8361.9786,3160.7472,1070.2526
2025-05-02,20:00-24:00,11554.9207,0.0011,11554.9196,2888.7302,0.0003
2025-05-03,0:00-4:00,10289.4557,0.0012,10289.4545,2572.3639,0.0003
2025-05-03,4:00-8:00,11338.6408,5664.4101,5674.2307,2834.6602,1416.1025
2025-05-03,8:00-12:00,14522.6810,28989.3666,-14466.6856,3630.6703,7247.3417
2025-05-03,12:00-16:00,14252.5535,26435.7981,-12183.2446,3563.1384,6608.9495
2025-05-03,16:00-20:00,12763.1853,4938.1004,7825.0849,3190.7963,1234.5251
2025-05-03,20:00-24:00,11728.3329,0.0012,11728.3317,2932.0832,0.0003
2025-05-04,0:00-4:00,14235.8622,0.0018,14235.8604,3558.9656,0.0005
2025-05-04,4:00-8:00,17395.3919,6489.5294,10905.8625,4348.8480,1622.3823
2025-05-04,8:00-12:00,25819.5411,29350.7970,-3531.2559,6454.8853,7337.6992
2025-05-04,12:00-16:00,24851.9732,27851.9396,-2999.9663,6212.9933,6962.9849
2025-05-04,16:00-20:00,21833.8747,5243.1477,16590.7270,5458.4687,1310.7869
2025-05-04,20:00-24:00,16533.4411,0.0015,16533.4396,4133.3603,0.0004
2025-05-05,0:00-4:00,14198.4482,0.0017,14198.4465,3549.6121,0.0004
2025-05-05,4:00-8:00,17413.1136,4872.3285,12540.7852,4353.2784,1218.0821
2025-05-05,8:00-12:00,25915.2173,28099.7917,-2184.5745,6478.8043,7024.9479
2025-05-05,12:00-16:00,24935.0595,27731.9780,-2796.9184,6233.7649,6932.9945
2025-05-05,16:00-20:00,21742.8624,4832.0555,16910.8069,5435.7156,1208.0139
2025-05-05,20:00-24:00,16407.4628,0.0017,16407.4611,4101.8657,0.0004
2025-05-06,0:00-4:00,14351.6358,0.0019,14351.6339,3587.9090,0.0005
2025-05-06,4:00-8:00,17703.9029,5404.2727,12299.6302,4425.9757,1351.0682
2025-05-06,8:00-12:00,25795.8081,28323.1305,-2527.3225,6448.9520,7080.7826
2025-05-06,12:00-16:00,24742.9847,29196.7694,-4453.7847,6185.7462,7299.1924
2025-05-06,16:00-20:00,21765.9100,5222.9311,16542.9789,5441.4775,1305.7328
2025-05-06,20:00-24:00,16656.9485,0.0020,16656.9465,4164.2371,0.0005
2025-05-07,0:00-4:00,14340.1368,0.0020,14340.1349,3585.0342,0.0005
2025-05-07,4:00-8:00,17609.6457,5561.8291,12047.8166,4402.4114,1390.4573
2025-05-07,8:00-12:00,25920.8758,28220.2338,-2299.3581,6480.2189,7055.0585
2025-05-07,12:00-16:00,24731.3494,27562.6320,-2831.2825,6182.8374,6890.6580
2025-05-07,16:00-20:00,21910.4106,4747.6704,17162.7402,5477.6026,1186.9176
2025-05-07,20:00-24:00,16647.7967,0.0018,16647.7949,4161.9492,0.0004
2025-05-08,0:00-4:00,14242.9551,0.0028,14242.9523,3560.7388,0.0007
2025-05-08,4:00-8:00,17379.1732,5925.6065,11453.5667,4344.7933,1481.4016
2025-05-08,8:00-12:00,25802.9410,27416.9842,-1614.0432,6450.7352,6854.2460
2025-05-08,12:00-16:00,24858.8969,25712.2171,-853.3202,6214.7242,6428.0543
2025-05-08,16:00-20:00,21610.6368,5564.1521,16046.4848,5402.6592,1391.0380
2025-05-08,20:00-24:00,16550.8744,0.0023,16550.8720,4137.7186,0.0006
2025-05-09,0:00-4:00,10503.1321,0.0027,10503.1294,2625.7830,0.0007
2025-05-09,4:00-8:00,11198.1807,5346.1904,5851.9903,2799.5452,1336.5476
2025-05-09,8:00-12:00,14553.3465,27151.8942,-12598.5477,3638.3366,6787.9736
2025-05-09,12:00-16:00,14162.7195,28128.3224,-13965.6029,3540.6799,7032.0806
2025-05-09,16:00-20:00,12616.5271,5128.0271,7488.4999,3154.1318,1282.0068
2025-05-09,20:00-24:00,11219.9196,0.0028,11219.9168,2804.9799,0.0007
2025-05-10,0:00-4:00,10118.5779,0.0037,10118.5742,2529.6445,0.0009
2025-05-10,4:00-8:00,11517.1462,5570.8830,5946.2632,2879.2866,1392.7207
2025-05-10,8:00-12:00,14302.5084,26153.8830,-11851.3746,3575.6271,6538.4707
2025-05-10,12:00-16:00,14113.9654,25688.2175,-11574.2521,3528.4914,6422.0544
2025-05-10,16:00-20:00,12660.4140,5113.9515,7546.4626,3165.1035,1278.4879
2025-05-10,20:00-24:00,11935.3751,0.0032,11935.3719,2983.8438,0.0008
2025-05-11,0:00-4:00,14353.3171,0.0039,14353.3132,3588.3293,0.0010
2025-05-11,4:00-8:00,17493.1589,6176.8267,11316.3322,4373.2897,1544.2067
2025-05-11,8:00-12:00,25606.3128,26667.3520,-1061.0391,6401.5782,6666.8380
2025-05-11,12:00-16:00,24791.5165,26745.8672,-1954.3507,6197.8791,6686.4668
2025-05-11,16:00-20:00,22074.4154,5668.9575,16405.4579,5518.6038,1417.2394
2025-05-11,20:00-24:00,16424.3697,0.0041,16424.3656,4106.0924,0.0010
2025-05-12,0:00-4:00,14336.3651,0.0034,14336.3617,3584.0913,0.0008
2025-05-12,4:00-8:00,17515.8637,7016.1416,10499.7221,4378.9659,1754.0354
2025-05-12,8:00-12:00,25918.9686,29641.3040,-3722.3354,6479.7421,7410.3260
2025-05-12,12:00-16:00,24681.5201,26763.1260,-2081.6059,6170.3800,6690.7815
2025-05-12,16:00-20:00,21867.9142,5096.8305,16771.0836,5466.9785,1274.2076
2025-05-12,20:00-24:00,16127.9719,0.0029,16127.9691,4031.9930,0.0007
2025-05-13,0:00-4:00,14011.8202,0.0031,14011.8171,3502.9550,0.0008
2025-05-13,4:00-8:00,17581.4191,6314.2488,11267.1702,4395.3548,1578.5622
2025-05-13,8:00-12:00,25942.1559,27446.5969,-1504.4411,6485.5390,6861.6492
2025-05-13,12:00-16:00,24682.0984,27658.5805,-2976.4821,6170.5246,6914.6451
2025-05-13,16:00-20:00,21883.7795,5720.9867,16162.7928,5470.9449,1430.2467
2025-05-13,20:00-24:00,16168.3585,0.0027,16168.3558,4042.0896,0.0007
2025-05-14,0:00-4:00,14168.2427,0.0019,14168.2408,3542.0607,0.0005
2025-05-14,4:00-8:00,17460.1127,5915.4092,11544.7035,4365.0282,1478.8523
2025-05-14,8:00-12:00,25830.6675,28061.3458,-2230.6783,6457.6669,7015.3364
2025-05-14,12:00-16:00,24839.0152,28041.9529,-3202.9377,6209.7538,7010.4882
2025-05-14,16:00-20:00,21791.9701,5559.1447,16232.8254,5447.9925,1389.7862
2025-05-14,20:00-24:00,16501.9971,0.0020,16501.9951,4125.4993,0.0005
2025-05-15,0:00-4:00,14138.6126,0.0013,14138.6112,3534.6531,0.0003
2025-05-15,4:00-8:00,17406.4063,5688.5171,11717.8892,4351.6016,1422.1293
2025-05-15,8:00-12:00,25631.1993,29178.5039,-3547.3046,6407.7998,7294.6260
2025-05-15,12:00-16:00,24711.5760,26808.0607,-2096.4848,6177.8940,6702.0152
2025-05-15,16:00-20:00,21526.4964,5158.1669,16368.3295,5381.6241,1289.5417
2025-05-15,20:00-24:00,16184.0193,0.0016,16184.0177,4046.0048,0.0004
2025-05-16,0:00-4:00,10321.1042,0.0013,10321.1029,2580.2761,0.0003
2025-05-16,4:00-8:00,11361.3729,6636.5091,4724.8639,2840.3432,1659.1273
2025-05-16,8:00-12:00,14656.3630,30742.9827,-16086.6197,3664.0908,7685.7457
2025-05-16,12:00-16:00,14022.8141,28720.6030,-14697.7889,3505.7035,7180.1507
2025-05-16,16:00-20:00,12489.3720,5865.7413,6623.6307,3122.3430,1466.4353
2025-05-16,20:00-24:00,11830.3185,0.0009,11830.3176,2957.5796,0.0002
2025-05-17,0:00-4:00,10400.0168,0.0005,10400.0163,2600.0042,0.0001
2025-05-17,4:00-8:00,11441.4463,6875.1810,4566.2653,2860.3616,1718.7953
2025-05-17,8:00-12:00,14501.6946,27363.0660,-12861.3714,3625.4237,6840.7665
2025-05-17,12:00-16:00,14136.0050,25243.3381,-11107.3331,3534.0013,6310.8345
2025-05-17,16:00-20:00,12863.8404,5344.1452,7519.6953,3215.9601,1336.0363
2025-05-17,20:00-24:00,11931.5272,0.0005,11931.5267,2982.8818,0.0001
2025-05-18,0:00-4:00,14541.4260,0.0000,14541.4260,3635.3565,0.0000
2025-05-18,4:00-8:00,17723.4498,6153.5771,11569.8727,4430.8625,1538.3943
2025-05-18,8:00-12:00,25810.5438,28246.1363,-2435.5926,6452.6359,7061.5341
2025-05-18,12:00-16:00,24677.3701,26575.3191,-1897.9490,6169.3425,6643.8298
2025-05-18,16:00-20:00,21499.9153,6035.8362,15464.0792,5374.9788,1508.9590
2025-05-18,20:00-24:00,16434.3320,0.0002,16434.3318,4108.5830,0.0000
2025-05-19,0:00-4:00,14196.9110,0.0004,14196.9106,3549.2278,0.0001
2025-05-19,4:00-8:00,17321.9732,6402.6335,10919.3398,4330.4933,1600.6584
2025-05-19,8:00-12:00,25705.6561,29646.6686,-3941.0125,6426.4140,7411.6672
2025-05-19,12:00-16:00,24856.0503,30614.4167,-5758.3664,6214.0126,7653.6042
2025-05-19,16:00-20:00,21511.1557,5893.4519,15617.7038,5377.7889,1473.3630
2025-05-19,20:00-24:00,16480.6416,0.0003,16480.6413,4120.1604,0.0001
2025-05-20,0:00-4:00,14173.1620,0.0007,14173.1613,3543.2905,0.0002
2025-05-20,4:00-8:00,17304.4950,6347.2393,10957.2557,4326.1238,1586.8098
2025-05-20,8:00-12:00,25864.5201,28569.3679,-2704.8478,6466.1300,7142.3420
2025-05-20,12:00-16:00,24841.5484,25160.1744,-318.6260,6210.3871,6290.0436
2025-05-20,16:00-20:00,21737.1124,5833.3999,15903.7125,5434.2781,1458.3500
2025-05-20,20:00-24:00,16516.7398,0.0006,16516.7392,4129.1849,0.0002
2025-05-21,0:00-4:00,14139.3465,0.0007,14139.3458,3534.8366,0.0002
2025-05-21,4:00-8:00,17424.4654,7047.5630,10376.9024,4356.1164,1761.8908
2025-05-21,8:00-12:00,25754.0102,28053.6601,-2299.6499,6438.5025,7013.4150
2025-05-21,12:00-16:00,24705.3564,28380.5207,-3675.1642,6176.3391,7095.1302
2025-05-21,16:00-20:00,21620.5883,5438.6908,16181.8976,5405.1471,1359.6727
2025-05-21,20:00-24:00,16639.2844,0.0007,16639.2837,4159.8211,0.0002
2025-05-22,0:00-4:00,14122.8754,0.0009,14122.8745,3530.7188,0.0002
2025-05-22,4:00-8:00,17464.4643,6687.9892,10776.4750,4366.1161,1671.9973
2025-05-22,8:00-12:00,25874.5187,28964.0490,-3089.5303,6468.6297,7241.0122
2025-05-22,12:00-16:00,24767.8493,27863.2272,-3095.3780,6191.9623,6965.8068
2025-05-22,16:00-20:00,21557.1155,5397.7819,16159.3336,5389.2789,1349.4455
2025-05-22,20:00-24:00,15942.8569,0.0010,15942.8559,3985.7142,0.0002
2025-05-23,0:00-4:00,10505.4135,0.0011,10505.4123,2626.3534,0.0003
2025-05-23,4:00-8:00,11498.7853,6814.7923,4683.9929,2874.6963,1703.6981
2025-05-23,8:00-12:00,14700.4269,29599.3827,-14898.9558,3675.1067,7399.8457
2025-05-23,12:00-16:00,14253.6329,26578.2789,-12324.6460,3563.4082,6644.5697
2025-05-23,16:00-20:00,12668.8242,5569.9790,7098.8452,3167.2061,1392.4948
2025-05-23,20:00-24:00,11356.3016,0.0014,11356.3002,2839.0754,0.0004
2025-05-24,0:00-4:00,10514.6073,0.0017,10514.6056,2628.6518,0.0004
2025-05-24,4:00-8:00,11268.4343,6635.4000,4633.0343,2817.1086,1658.8500
2025-05-24,8:00-12:00,14571.4082,29505.5433,-14934.1351,3642.8520,7376.3858
2025-05-24,12:00-16:00,14060.7298,28580.8131,-14520.0833,3515.1825,7145.2033
2025-05-24,16:00-20:00,12457.6996,6217.5570,6240.1426,3114.4249,1554.3892
2025-05-24,20:00-24:00,11820.9386,0.0014,11820.9371,2955.2346,0.0004
2025-05-25,0:00-4:00,14147.8116,0.0018,14147.8099,3536.9529,0.0004
2025-05-25,4:00-8:00,17576.4093,6999.7753,10576.6340,4394.1023,1749.9438
2025-05-25,8:00-12:00,25956.4556,30070.7860,-4114.3304,6489.1139,7517.6965
2025-05-25,12:00-16:00,24528.6561,28914.9605,-4386.3044,6132.1640,7228.7401
2025-05-25,16:00-20:00,21725.1440,5789.3423,15935.8017,5431.2860,1447.3356
2025-05-25,20:00-24:00,16385.4010,0.0016,16385.3994,4096.3503,0.0004
2025-05-26,0:00-4:00,13921.8800,0.0020,13921.8780,3480.4700,0.0005
2025-05-26,4:00-8:00,17458.0363,6116.3728,11341.6636,4364.5091,1529.0932
2025-05-26,8:00-12:00,25641.3660,25935.8551,-294.4891,6410.3415,6483.9638
2025-05-26,12:00-16:00,24459.1079,27103.9570,-2644.8491,6114.7770,6775.9892
2025-05-26,16:00-20:00,21664.2426,5671.9476,15992.2949,5416.0606,1417.9869
2025-05-26,20:00-24:00,16263.3366,0.0019,16263.3346,4065.8341,0.0005
2025-05-27,0:00-4:00,14217.0103,0.0021,14217.0082,3554.2526,0.0005
2025-05-27,4:00-8:00,17414.6982,6937.9272,10476.7710,4353.6745,1734.4818
2025-05-27,8:00-12:00,25855.3406,29193.9567,-3338.6161,6463.8351,7298.4892
2025-05-27,12:00-16:00,24599.8204,28533.8612,-3934.0408,6149.9551,7133.4653
2025-05-27,16:00-20:00,21474.1505,5990.7108,15483.4397,5368.5376,1497.6777
2025-05-27,20:00-24:00,16485.8073,0.0020,16485.8052,4121.4518,0.0005
2025-05-28,0:00-4:00,14287.5859,0.0022,14287.5837,3571.8965,0.0005
2025-05-28,4:00-8:00,17367.2535,6110.5709,11256.6825,4341.8134,1527.6427
2025-05-28,8:00-12:00,25812.7781,26431.4602,-618.6822,6453.1945,6607.8651
2025-05-28,12:00-16:00,24495.5616,29393.1689,-4897.6073,6123.8904,7348.2922
2025-05-28,16:00-20:00,21613.5610,5712.8186,15900.7423,5403.3902,1428.2047
2025-05-28,20:00-24:00,16345.1073,0.0022,16345.1050,4086.2768,0.0006
2025-05-29,0:00-4:00,14265.7663,0.0025,14265.7637,3566.4416,0.0006
2025-05-29,4:00-8:00,17524.1937,5951.5446,11572.6491,4381.0484,1487.8861
2025-05-29,8:00-12:00,25735.8771,26258.5150,-522.6379,6433.9693,6564.6288
2025-05-29,12:00-16:00,24848.6568,28423.9885,-3575.3317,6212.1642,7105.9971
2025-05-29,16:00-20:00,22088.0930,5695.1372,16392.9558,5522.0232,1423.7843
2025-05-29,20:00-24:00,15976.7274,0.0029,15976.7245,3994.1819,0.0007
2025-05-30,0:00-4:00,10353.1244,0.0033,10353.1211,2588.2811,0.0008
2025-05-30,4:00-8:00,11293.6498,6382.0073,4911.6426,2823.4125,1595.5018
2025-05-30,8:00-12:00,14685.7098,29114.6474,-14428.9375,3671.4275,7278.6618
2025-05-30,12:00-16:00,14401.4791,27438.3263,-13036.8471,3600.3698,6859.5816
2025-05-30,16:00-20:00,12524.1448,5081.0042,7443.1406,3131.0362,1270.2511
2025-05-30,20:00-24:00,11354.1165,0.0028,11354.1137,2838.5291,0.0007
2025-05-31,0:00-4:00,10504.8039,0.0034,10504.8005,2626.2010,0.0008
2025-05-31,4:00-8:00,11447.0283,6317.8496,5129.1787,2861.7571,1579.4624
2025-05-31,8:00-12:00,14502.3300,27405.2121,-12902.8821,3625.5825,6851.3030
2025-05-31,12:00-16:00,14267.3639,26710.2095,-12442.8456,3566.8410,6677.5524
2025-05-31,16:00-20:00,12449.6887,5955.8731,6493.8156,3112.4222,1488.9683
2025-05-31,20:00-24:00,11607.1178,0.0033,11607.1144,2901.7794,0.0008
2025-06-01,0:00-4:00,15801.5424,0.0030,15801.5394,3950.3856,0.0008
2025-06-01,4:00-8:00,17584.7360,6319.1762,11265.5598,4396.1840,1579.7941
2025-06-01,8:00-12:00,26190.1251,22161.5202,4028.6050,6547.5313,5540.3800
2025-06-01,12:00-16:00,26049.0296,23511.4994,2537.5302,6512.2574,5877.8748
2025-06-01,16:00-20:00,23827.5745,5031.5320,18796.0425,5956.8936,1257.8830
2025-06-01,20:00-24:00,18795.5525,0.0030,18795.5495,4698.8881,0.0007
2025-06-02,0:00-4:00,15604.8360,0.0018,15604.8342,3901.2090,0.0005
2025-06-02,4:00-8:00,17624.9683,5522.9322,12102.0362,4406.2421,1380.7330
2025-06-02,8:00-12:00,26024.9796,26585.8169,-560.8374,6506.2449,6646.4542
2025-06-02,12:00-16:00,26141.1375,22853.0323,3288.1052,6535.2844,5713.2581
2025-06-02,16:00-20:00,24020.2417,4477.9441,19542.2976,6005.0604,1119.4860
2025-06-02,20:00-24:00,18664.3739,0.0022,18664.3717,4666.0935,0.0006
2025-06-03,0:00-4:00,15659.8193,0.0022,15659.8171,3914.9548,0.0006
2025-06-03,4:00-8:00,17618.0427,5540.4871,12077.5556,4404.5107,1385.1218
2025-06-03,8:00-12:00,25947.2440,23709.7406,2237.5033,6486.8110,5927.4352
2025-06-03,12:00-16:00,26171.2294,25413.6444,757.5849,6542.8073,6353.4111
2025-06-03,16:00-20:00,24139.2110,5220.5968,18918.6142,6034.8028,1305.1492
2025-06-03,20:00-24:00,18541.2941,0.0026,18541.2916,4635.3235,0.0006
2025-06-04,0:00-4:00,15964.2632,0.0030,15964.2602,3991.0658,0.0008
2025-06-04,4:00-8:00,17917.0461,5778.4057,12138.6404,4479.2615,1444.6014
2025-06-04,8:00-12:00,26044.0642,24974.0817,1069.9824,6511.0160,6243.5204
2025-06-04,12:00-16:00,26177.1324,22955.5116,3221.6208,6544.2831,5738.8779
2025-06-04,16:00-20:00,23678.4972,5186.5774,18491.9198,5919.6243,1296.6444
2025-06-04,20:00-24:00,18758.8404,0.0033,18758.8371,4689.7101,0.0008
2025-06-05,0:00-4:00,15912.5888,0.0031,15912.5857,3978.1472,0.0008
2025-06-05,4:00-8:00,17790.0578,5153.4212,12636.6365,4447.5144,1288.3553
2025-06-05,8:00-12:00,26009.2806,24181.1175,1828.1630,6502.3201,6045.2794
2025-06-05,12:00-16:00,26144.2536,22683.3233,3460.9303,6536.0634,5670.8308
2025-06-05,16:00-20:00,24003.1236,5288.7342,18714.3894,6000.7809,1322.1835
2025-06-05,20:00-24:00,18596.6163,0.0033,18596.6129,4649.1541,0.0008
2025-06-06,0:00-4:00,11887.0426,0.0028,11887.0397,2971.7606,0.0007
2025-06-06,4:00-8:00,11553.6725,5230.7486,6322.9239,2888.4181,1307.6871
2025-06-06,8:00-12:00,14462.7340,22685.4667,-8222.7326,3615.6835,5671.3667
2025-06-06,12:00-16:00,15995.9195,19803.1421,-3807.2226,3998.9799,4950.7855
2025-06-06,16:00-20:00,15182.6095,4173.0562,11009.5534,3795.6524,1043.2640
2025-06-06,20:00-24:00,13665.4368,0.0032,13665.4336,3416.3592,0.0008
2025-06-07,0:00-4:00,11788.2312,0.0031,11788.2282,2947.0578,0.0008
2025-06-07,4:00-8:00,11744.7771,5351.9777,6392.7995,2936.1943,1337.9944
2025-06-07,8:00-12:00,14734.9247,20873.3131,-6138.3884,3683.7312,5218.3283
2025-06-07,12:00-16:00,15962.2931,20960.2032,-4997.9101,3990.5733,5240.0508
2025-06-07,16:00-20:00,15111.8273,4844.7463,10267.0810,3777.9568,1211.1866
2025-06-07,20:00-24:00,13814.7062,0.0032,13814.7030,3453.6766,0.0008
2025-06-08,0:00-4:00,15512.2945,0.0033,15512.2911,3878.0736,0.0008
2025-06-08,4:00-8:00,17574.0642,5616.2761,11957.7881,4393.5160,1404.0690
2025-06-08,8:00-12:00,25876.1978,28042.0570,-2165.8592,6469.0495,7010.5143
2025-06-08,12:00-16:00,26380.1688,24041.8871,2338.2817,6595.0422,6010.4718
2025-06-08,16:00-20:00,24177.1276,5381.7963,18795.3313,6044.2819,1345.4491
2025-06-08,20:00-24:00,18747.0938,0.0035,18747.0903,4686.7734,0.0009
2025-06-09,0:00-4:00,15724.0708,0.0036,15724.0673,3931.0177,0.0009
2025-06-09,4:00-8:00,17639.1818,5110.2019,12528.9799,4409.7955,1277.5505
2025-06-09,8:00-12:00,25876.9974,24488.3815,1388.6159,6469.2494,6122.0954
2025-06-09,12:00-16:00,26185.5578,23302.7421,2882.8157,6546.3894,5825.6855
2025-06-09,16:00-20:00,24182.1386,4335.1429,19846.9957,6045.5346,1083.7857
2025-06-09,20:00-24:00,18561.2415,0.0033,18561.2382,4640.3104,0.0008
2025-06-10,0:00-4:00,15698.6645,0.0038,15698.6607,3924.6661,0.0009
2025-06-10,4:00-8:00,17617.2464,5692.6422,11924.6042,4404.3116,1423.1606
2025-06-10,8:00-12:00,25845.3389,23543.5585,2301.7805,6461.3347,5885.8896
2025-06-10,12:00-16:00,25780.4524,22183.7834,3596.6690,6445.1131,5545.9459
2025-06-10,16:00-20:00,23712.9231,4376.0565,19336.8666,5928.2308,1094.0141
2025-06-10,20:00-24:00,18759.8664,0.0032,18759.8633,4689.9666,0.0008
2025-06-11,0:00-4:00,15687.0035,0.0033,15687.0001,3921.7509,0.0008
2025-06-11,4:00-8:00,17658.9086,4957.0842,12701.8245,4414.7272,1239.2710
2025-06-11,8:00-12:00,25985.9635,21940.4559,4045.5076,6496.4909,5485.1140
2025-06-11,12:00-16:00,26251.4634,20700.2414,5551.2220,6562.8659,5175.0604
2025-06-11,16:00-20:00,24036.6418,4554.4427,19482.1991,6009.1605,1138.6107
2025-06-11,20:00-24:00,18616.6965,0.0034,18616.6930,4654.1741,0.0009
2025-06-12,0:00-4:00,15705.3577,0.0041,15705.3536,3926.3394,0.0010
2025-06-12,4:00-8:00,17460.7860,5504.4170,11956.3690,4365.1965,1376.1043
2025-06-12,8:00-12:00,25998.5522,24048.6158,1949.9364,6499.6381,6012.1539
2025-06-12,12:00-16:00,26308.3230,21037.2771,5271.0458,6577.0807,5259.3193
2025-06-12,16:00-20:00,23999.7173,4679.1041,19320.6132,5999.9293,1169.7760
2025-06-12,20:00-24:00,18249.0767,0.0034,18249.0733,4562.2692,0.0008
2025-06-13,0:00-4:00,11503.2668,0.0030,11503.2638,2875.8167,0.0008
2025-06-13,4:00-8:00,11272.7089,4931.9290,6340.7798,2818.1772,1232.9823
2025-06-13,8:00-12:00,14875.9786,21430.0515,-6554.0728,3718.9947,5357.5129
2025-06-13,12:00-16:00,15691.3202,22640.2460,-6948.9258,3922.8301,5660.0615
2025-06-13,16:00-20:00,15109.6691,4542.0427,10567.6264,3777.4173,1135.5107
2025-06-13,20:00-24:00,13436.6468,0.0045,13436.6423,3359.1617,0.0011
2025-06-14,0:00-4:00,11866.8681,0.0040,11866.8641,2966.7170,0.0010
2025-06-14,4:00-8:00,11412.1047,5725.0916,5687.0131,2853.0262,1431.2729
2025-06-14,8:00-12:00,14468.3566,23772.6939,-9304.3373,3617.0892,5943.1735
2025-06-14,12:00-16:00,15595.9081,21820.6050,-6224.6968,3898.9770,5455.1512
2025-06-14,16:00-20:00,14937.1368,4741.4159,10195.7209,3734.2842,1185.3540
2025-06-14,20:00-24:00,13972.7827,0.0040,13972.7787,3493.1957,0.0010
2025-06-15,0:00-4:00,15218.7906,0.0042,15218.7864,3804.6977,0.0010
2025-06-15,4:00-8:00,17453.1594,5958.0235,11495.1360,4363.2899,1489.5059
2025-06-15,8:00-12:00,26004.6895,22936.1288,3068.5607,6501.1724,5734.0322
2025-06-15,12:00-16:00,26105.0626,22492.8205,3612.2421,6526.2657,5623.2051
2025-06-15,16:00-20:00,24018.3661,5354.9289,18663.4372,6004.5915,1338.7322
2025-06-15,20:00-24:00,18568.8163,0.0043,18568.8120,4642.2041,0.0011
2025-06-16,0:00-4:00,15598.9279,0.0029,15598.9250,3899.7320,0.0007
2025-06-16,4:00-8:00,17560.4537,5075.0375,12485.4162,4390.1134,1268.7594
2025-06-16,8:00-12:00,26178.4699,23659.7420,2518.7279,6544.6175,5914.9355
2025-06-16,12:00-16:00,26160.8423,21403.1180,4757.7244,6540.2106,5350.7795
2025-06-16,16:00-20:00,23838.8507,4786.6754,19052.1753,5959.7127,1196.6689
2025-06-16,20:00-24:00,18281.0875,0.0034,18281.0841,4570.2719,0.0008
2025-06-17,0:00-4:00,15512.1401,0.0028,15512.1373,3878.0350,0.0007
2025-06-17,4:00-8:00,17554.3269,5437.9932,12116.3337,4388.5817,1359.4983
2025-06-17,8:00-12:00,25938.5379,23350.8497,2587.6882,6484.6345,5837.7124
2025-06-17,12:00-16:00,25546.2720,19090.1513,6456.1207,6386.5680,4772.5378
2025-06-17,16:00-20:00,23933.4539,4795.7424,19137.7115,5983.3635,1198.9356
2025-06-17,20:00-24:00,18827.0237,0.0039,18827.0198,4706.7559,0.0010
2025-06-18,0:00-4:00,15211.9605,0.0038,15211.9567,3802.9901,0.0009
2025-06-18,4:00-8:00,17747.0140,5524.1225,12222.8915,4436.7535,1381.0306
2025-06-18,8:00-12:00,25737.3065,23738.0433,1999.2632,6434.3266,5934.5108
2025-06-18,12:00-16:00,25921.6406,22115.4278,3806.2128,6480.4102,5528.8570
2025-06-18,16:00-20:00,23815.0989,4603.0872,19212.0117,5953.7747,1150.7718
2025-06-18,20:00-24:00,18476.0583,0.0034,18476.0549,4619.0146,0.0008
2025-06-19,0:00-4:00,15469.5418,0.0032,15469.5386,3867.3855,0.0008
2025-06-19,4:00-8:00,17754.9429,5660.7566,12094.1863,4438.7357,1415.1891
2025-06-19,8:00-12:00,25971.6451,24223.6523,1747.9928,6492.9113,6055.9131
2025-06-19,12:00-16:00,26097.2920,24377.8839,1719.4081,6524.3230,6094.4710
2025-06-19,16:00-20:00,23967.4749,4827.2632,19140.2117,5991.8687,1206.8158
2025-06-19,20:00-24:00,18088.1701,0.0034,18088.1667,4522.0425,0.0008
2025-06-20,0:00-4:00,11384.9831,0.0040,11384.9791,2846.2458,0.0010
2025-06-20,4:00-8:00,11429.6341,6317.6554,5111.9787,2857.4085,1579.4139
2025-06-20,8:00-12:00,14672.2150,24392.4512,-9720.2362,3668.0537,6098.1128
2025-06-20,12:00-16:00,15579.5136,23246.8297,-7667.3161,3894.8784,5811.7074
2025-06-20,16:00-20:00,14495.0312,4779.5553,9715.4759,3623.7578,1194.8888
2025-06-20,20:00-24:00,13575.7027,0.0033,13575.6995,3393.9257,0.0008
2025-06-21,0:00-4:00,11856.7871,0.0029,11856.7842,2964.1968,0.0007
2025-06-21,4:00-8:00,11461.0384,5813.7996,5647.2387,2865.2596,1453.4499
2025-06-21,8:00-12:00,14512.7183,25162.4787,-10649.7604,3628.1796,6290.6197
2025-06-21,12:00-16:00,15842.6659,25780.7323,-9938.0664,3960.6665,6445.1831
2025-06-21,16:00-20:00,14304.0554,5316.3078,8987.7476,3576.0138,1329.0770
2025-06-21,20:00-24:00,13430.7997,0.0030,13430.7967,3357.6999,0.0007
2025-06-22,0:00-4:00,15555.9488,0.0040,15555.9448,3888.9872,0.0010
2025-06-22,4:00-8:00,17493.3508,6473.7553,11019.5955,4373.3377,1618.4388
2025-06-22,8:00-12:00,25720.1881,25323.3096,396.8785,6430.0470,6330.8274
2025-06-22,12:00-16:00,25830.5433,21789.0983,4041.4450,6457.6358,5447.2746
2025-06-22,16:00-20:00,23549.5258,5495.9498,18053.5760,5887.3815,1373.9875
2025-06-22,20:00-24:00,18389.9050,0.0038,18389.9013,4597.4763,0.0009
2025-06-23,0:00-4:00,15141.2908,0.0038,15141.2870,3785.3227,0.0009
2025-06-23,4:00-8:00,17485.9711,6202.6845,11283.2866,4371.4928,1550.6711
2025-06-23,8:00-12:00,25879.5410,25797.7529,81.7881,6469.8852,6449.4382
2025-06-23,12:00-16:00,26035.5133,22837.6321,3197.8812,6508.8783,5709.4080
2025-06-23,16:00-20:00,23698.6011,4791.5109,18907.0902,5924.6503,1197.8777
2025-06-23,20:00-24:00,18449.9558,0.0029,18449.9529,4612.4889,0.0007
2025-06-24,0:00-4:00,15507.3646,0.0032,15507.3614,3876.8411,0.0008
2025-06-24,4:00-8:00,17492.5267,5264.6418,12227.8848,4373.1317,1316.1605
2025-06-24,8:00-12:00,26007.2850,20091.7294,5915.5556,6501.8212,5022.9323
2025-06-24,12:00-16:00,25937.3322,20909.9282,5027.4041,6484.3331,5227.4820
2025-06-24,16:00-20:00,23560.8716,4577.7473,18983.1243,5890.2179,1144.4368
2025-06-24,20:00-24:00,18607.4649,0.0030,18607.4620,4651.8662,0.0007
2025-06-25,0:00-4:00,15272.1688,0.0044,15272.1644,3818.0422,0.0011
2025-06-25,4:00-8:00,17351.6273,5609.0356,11742.5917,4337.9068,1402.2589
2025-06-25,8:00-12:00,25770.0363,21942.4193,3827.6170,6442.5091,5485.6048
2025-06-25,12:00-16:00,25898.6370,22972.0195,2926.6176,6474.6593,5743.0049
2025-06-25,16:00-20:00,23558.6810,5349.5049,18209.1761,5889.6703,1337.3762
2025-06-25,20:00-24:00,18459.2580,0.0034,18459.2546,4614.8145,0.0008
2025-06-26,0:00-4:00,15285.4338,0.0039,15285.4299,3821.3585,0.0010
2025-06-26,4:00-8:00,17494.0245,5602.3295,11891.6950,4373.5061,1400.5824
2025-06-26,8:00-12:00,25935.5461,23734.7240,2200.8221,6483.8865,5933.6810
2025-06-26,12:00-16:00,26025.7211,24503.3272,1522.3939,6506.4303,6125.8318
2025-06-26,16:00-20:00,23705.5015,5309.6731,18395.8284,5926.3754,1327.4183
2025-06-26,20:00-24:00,18251.2183,0.0037,18251.2146,4562.8046,0.0009
2025-06-27,0:00-4:00,11317.3518,0.0031,11317.3488,2829.3380,0.0008
2025-06-27,4:00-8:00,11202.8232,5588.7312,5614.0920,2800.7058,1397.1828
2025-06-27,8:00-12:00,14176.4647,25169.2618,-10992.7971,3544.1162,6292.3155
2025-06-27,12:00-16:00,15290.5681,23952.8209,-8662.2528,3822.6420,5988.2052
2025-06-27,16:00-20:00,14396.6074,5080.7887,9315.8187,3599.1518,1270.1972
2025-06-27,20:00-24:00,13179.4397,0.0033,13179.4364,3294.8599,0.0008
2025-06-28,0:00-4:00,11440.5436,0.0041,11440.5395,2860.1359,0.0010
2025-06-28,4:00-8:00,11510.1408,5635.4586,5874.6821,2877.5352,1408.8647
2025-06-28,8:00-12:00,14572.7954,24481.6430,-9908.8476,3643.1988,6120.4107
2025-06-28,12:00-16:00,15369.3077,23690.0546,-8320.7469,3842.3269,5922.5136
2025-06-28,16:00-20:00,14276.5219,5077.4821,9199.0398,3569.1305,1269.3705
2025-06-28,20:00-24:00,13492.2635,0.0043,13492.2591,3373.0659,0.0011
2025-06-29,0:00-4:00,15445.3887,0.0040,15445.3847,3861.3472,0.0010
2025-06-29,4:00-8:00,17605.9977,5515.8296,12090.1682,4401.4994,1378.9574
2025-06-29,8:00-12:00,25868.6850,23731.2360,2137.4490,6467.1712,5932.8090
2025-06-29,12:00-16:00,25688.0314,22754.6221,2933.4093,6422.0078,5688.6555
2025-06-29,16:00-20:00,23641.0702,5115.3446,18525.7256,5910.2675,1278.8361
2025-06-29,20:00-24:00,18135.6357,0.0039,18135.6318,4533.9089,0.0010
2025-06-30,0:00-4:00,15084.3663,0.0039,15084.3624,3771.0916,0.0010
2025-06-30,4:00-8:00,17510.8861,4892.5894,12618.2966,4377.7215,1223.1474
2025-06-30,8:00-12:00,25783.5087,23431.0784,2352.4303,6445.8772,5857.7696
2025-06-30,12:00-16:00,25702.1141,22758.7696,2943.3446,6425.5285,5689.6924
2025-06-30,16:00-20:00,23355.5059,4987.1912,18368.3147,5838.8765,1246.7978
2025-06-30,20:00-24:00,18510.9394,0.0041,18510.9354,4627.7349,0.0010
2025-07-01,0:00-4:00,17958.3047,0.0047,17958.2999,4489.5762,0.0012
2025-07-01,4:00-8:00,19382.8334,6014.0709,13368.7626,4845.7084,1503.5177
2025-07-01,8:00-12:00,27917.8071,24846.9183,3070.8888,6979.4518,6211.7296
2025-07-01,12:00-16:00,28791.1323,25942.2284,2848.9038,7197.7831,6485.5571
2025-07-01,16:00-20:00,26392.6113,5877.0798,20515.5315,6598.1528,1469.2700
2025-07-01,20:00-24:00,21104.1622,0.0048,21104.1574,5276.0406,0.0012
2025-07-02,0:00-4:00,18021.7301,0.0044,18021.7257,4505.4325,0.0011
2025-07-02,4:00-8:00,19465.1056,6678.4788,12786.6268,4866.2764,1669.6197
2025-07-02,8:00-12:00,27743.8335,27694.7401,49.0933,6935.9584,6923.6850
2025-07-02,12:00-16:00,28502.8270,28123.5564,379.2706,7125.7067,7030.8891
2025-07-02,16:00-20:00,26446.3817,5797.1073,20649.2744,6611.5954,1449.2768
2025-07-02,20:00-24:00,21018.7805,0.0049,21018.7756,5254.6951,0.0012
2025-07-03,0:00-4:00,18309.4693,0.0045,18309.4648,4577.3673,0.0011
2025-07-03,4:00-8:00,19358.1724,6071.3179,13286.8545,4839.5431,1517.8295
2025-07-03,8:00-12:00,27695.2160,24714.3788,2980.8372,6923.8040,6178.5947
2025-07-03,12:00-16:00,28573.5807,25410.1978,3163.3830,7143.3952,6352.5494
2025-07-03,16:00-20:00,26663.6973,5609.2158,21054.4815,6665.9243,1402.3039
2025-07-03,20:00-24:00,20965.4029,0.0049,20965.3980,5241.3507,0.0012
2025-07-04,0:00-4:00,14297.8032,0.0043,14297.7990,3574.4508,0.0011
2025-07-04,4:00-8:00,13182.3984,6302.5921,6879.8063,3295.5996,1575.6480
2025-07-04,8:00-12:00,16498.4173,27992.2950,-11493.8776,4124.6043,6998.0737
2025-07-04,12:00-16:00,18167.1902,26675.8131,-8508.6229,4541.7976,6668.9533
2025-07-04,16:00-20:00,17371.2577,5943.4899,11427.7678,4342.8144,1485.8725
2025-07-04,20:00-24:00,16277.9989,0.0040,16277.9950,4069.4997,0.0010
2025-07-05,0:00-4:00,14013.1575,0.0042,14013.1533,3503.2894,0.0011
2025-07-05,4:00-8:00,13320.8239,6079.9186,7240.9052,3330.2060,1519.9797
2025-07-05,8:00-12:00,16460.0436,28601.6221,-12141.5785,4115.0109,7150.4055
2025-07-05,12:00-16:00,18456.1615,26892.1837,-8436.0222,4614.0404,6723.0459
2025-07-05,16:00-20:00,17372.7850,5509.0220,11863.7630,4343.1963,1377.2555
2025-07-05,20:00-24:00,16249.8633,0.0043,16249.8591,4062.4658,0.0011
2025-07-06,0:00-4:00,17916.8684,0.0041,17916.8643,4479.2171,0.0010
2025-07-06,4:00-8:00,19621.9124,6411.5042,13210.4082,4905.4781,1602.8761
2025-07-06,8:00-12:00,27998.5915,26822.9124,1175.6791,6999.6479,6705.7281
2025-07-06,12:00-16:00,28332.6494,23324.2902,5008.3593,7083.1624,5831.0725
2025-07-06,16:00-20:00,26263.1426,4891.8782,21371.2644,6565.7857,1222.9696
2025-07-06,20:00-24:00,21111.4103,0.0040,21111.4064,5277.8526,0.0010
2025-07-07,0:00-4:00,18212.7302,0.0042,18212.7260,4553.1826,0.0011
2025-07-07,4:00-8:00,19517.5948,7060.6253,12456.9695,4879.3987,1765.1563
2025-07-07,8:00-12:00,27962.9410,27781.9566,180.9844,6990.7353,6945.4892
2025-07-07,12:00-16:00,28551.6358,27512.3887,1039.2471,7137.9090,6878.0972
2025-07-07,16:00-20:00,26128.3983,5730.9324,20397.4658,6532.0996,1432.7331
2025-07-07,20:00-24:00,21122.0940,0.0041,21122.0899,5280.5235,0.0010
2025-07-08,0:00-4:00,18018.0583,0.0028,18018.0555,4504.5146,0.0007
2025-07-08,4:00-8:00,19355.7932,5786.9315,13568.8617,4838.9483,1446.7329
2025-07-08,8:00-12:00,27768.5009,27263.2829,505.2179,6942.1252,6815.8207
2025-07-08,12:00-16:00,28681.5434,27703.5675,977.9759,7170.3858,6925.8919
2025-07-08,16:00-20:00,26343.3806,4960.0516,21383.3290,6585.8451,1240.0129
2025-07-08,20:00-24:00,21117.9506,0.0037,21117.9469,5279.4877,0.0009
2025-07-09,0:00-4:00,17956.8956,0.0037,17956.8920,4489.2239,0.0009
2025-07-09,4:00-8:00,19309.5376,5959.6355,13349.9021,4827.3844,1489.9089
2025-07-09,8:00-12:00,27621.7948,27980.4887,-358.6939,6905.4487,6995.1222
2025-07-09,12:00-16:00,28501.5054,26988.3516,1513.1538,7125.3763,6747.0879
2025-07-09,16:00-20:00,26323.9088,5603.4970,20720.4118,6580.9772,1400.8743
2025-07-09,20:00-24:00,20877.0627,0.0035,20877.0592,5219.2657,0.0009
2025-07-10,0:00-4:00,17647.9221,0.0029,17647.9193,4411.9805,0.0007
2025-07-10,4:00-8:00,19527.6338,6498.7562,13028.8776,4881.9084,1624.6890
2025-07-10,8:00-12:00,27574.9141,28403.9626,-829.0485,6893.7285,7100.9906
2025-07-10,12:00-16:00,28485.7871,27178.2953,1307.4919,7121.4468,6794.5738
2025-07-10,16:00-20:00,26373.6572,5528.8989,20844.7583,6593.4143,1382.2247
2025-07-10,20:00-24:00,20853.6279,0.0032,20853.6247,5213.4070,0.0008
2025-07-11,0:00-4:00,14100.0889,0.0027,14100.0862,3525.0222,0.0007
2025-07-11,4:00-8:00,13295.8640,5759.8297,7536.0342,3323.9660,1439.9574
2025-07-11,8:00-12:00,16335.8689,24696.3214,-8360.4526,4083.9672,6174.0804
2025-07-11,12:00-16:00,17852.5444,26192.9784,-8340.4340,4463.1361,6548.2446
2025-07-11,16:00-20:00,17171.2344,5573.1757,11598.0587,4292.8086,1393.2939
2025-07-11,20:00-24:00,15985.4879,0.0032,15985.4847,3996.3720,0.0008
2025-07-12,0:00-4:00,14123.0591,0.0033,14123.0558,3530.7648,0.0008
2025-07-12,4:00-8:00,13139.8439,5994.2010,7145.6429,3284.9610,1498.5502
2025-07-12,8:00-12:00,16692.6607,26247.9626,-9555.3019,4173.1652,6561.9906
2025-07-12,12:00-16:00,18010.0172,26798.2303,-8788.2131,4502.5043,6699.5576
2025-07-12,16:00-20:00,17083.7834,5193.7277,11890.0557,4270.9459,1298.4319
2025-07-12,20:00-24:00,16269.0067,0.0028,16269.0039,4067.2517,0.0007
2025-07-13,0:00-4:00,17706.1117,0.0033,17706.1084,4426.5279,0.0008
2025-07-13,4:00-8:00,18933.8771,6272.9375,12660.9396,4733.4693,1568.2344
2025-07-13,8:00-12:00,27779.3438,28870.5219,-1091.1781,6944.8360,7217.6305
2025-07-13,12:00-16:00,28208.4160,29656.1313,-1447.7154,7052.1040,7414.0328
2025-07-13,16:00-20:00,26422.3586,5826.0491,20596.3095,6605.5897,1456.5123
2025-07-13,20:00-24:00,20843.2594,0.0029,20843.2565,5210.8148,0.0007
2025-07-14,0:00-4:00,17939.8123,0.0029,17939.8094,4484.9531,0.0007
2025-07-14,4:00-8:00,19243.9773,6685.0387,12558.9387,4810.9943,1671.2597
2025-07-14,8:00-12:00,27751.6995,28296.3718,-544.6724,6937.9249,7074.0930
2025-07-14,12:00-16:00,28600.9402,28594.8521,6.0881,7150.2350,7148.7130
2025-07-14,16:00-20:00,26572.1232,5678.4762,20893.6470,6643.0308,1419.6191
2025-07-14,20:00-24:00,20953.8709,0.0025,20953.8684,5238.4677,0.0006
2025-07-15,0:00-4:00,17961.1188,0.0020,17961.1168,4490.2797,0.0005
2025-07-15,4:00-8:00,19084.4739,6449.0269,12635.4471,4771.1185,1612.2567
2025-07-15,8:00-12:00,27389.1736,28786.1220,-1396.9484,6847.2934,7196.5305
2025-07-15,12:00-16:00,28518.0701,26174.4790,2343.5911,7129.5175,6543.6198
2025-07-15,16:00-20:00,26083.0019,5386.4795,20696.5223,6520.7505,1346.6199
2025-07-15,20:00-24:00,20509.3243,0.0027,20509.3217,5127.3311,0.0007
2025-07-16,0:00-4:00,17527.5273,0.0021,17527.5252,4381.8818,0.0005
2025-07-16,4:00-8:00,19563.3014,6328.5004,13234.8009,4890.8254,1582.1251
2025-07-16,8:00-12:00,27497.9150,29467.7784,-1969.8634,6874.4787,7366.9446
2025-07-16,12:00-16:00,28631.0074,26858.8509,1772.1566,7157.7519,6714.7127
2025-07-16,16:00-20:00,26353.7576,5575.5682,20778.1894,6588.4394,1393.8920
2025-07-16,20:00-24:00,20791.7566,0.0020,20791.7546,5197.9392,0.0005
2025-07-17,0:00-4:00,17675.3866,0.0020,17675.3846,4418.8467,0.0005
2025-07-17,4:00-8:00,19345.9674,6409.6525,12936.3149,4836.4919,1602.4131
2025-07-17,8:00-12:00,27344.6988,27867.8878,-523.1890,6836.1747,6966.9720
2025-07-17,12:00-16:00,28209.3420,27626.4366,582.9055,7052.3355,6906.6091
2025-07-17,16:00-20:00,26119.6092,4944.7626,21174.8466,6529.9023,1236.1907
2025-07-17,20:00-24:00,20874.1551,0.0016,20874.1534,5218.5388,0.0004
2025-07-18,0:00-4:00,13814.7871,0.0020,13814.7851,3453.6968,0.0005
2025-07-18,4:00-8:00,13060.4177,6165.3602,6895.0575,3265.1044,1541.3401
2025-07-18,8:00-12:00,16303.6148,24732.7921,-8429.1773,4075.9037,6183.1980
2025-07-18,12:00-16:00,17893.3011,26139.8463,-8246.5452,4473.3253,6534.9616
2025-07-18,16:00-20:00,16749.9876,5385.8229,11364.1648,4187.4969,1346.4557
2025-07-18,20:00-24:00,15875.9648,0.0016,15875.9632,3968.9912,0.0004
2025-07-19,0:00-4:00,13917.7359,0.0015,13917.7344,3479.4340,0.0004
2025-07-19,4:00-8:00,13115.5266,6902.7290,6212.7976,3278.8817,1725.6823
2025-07-19,8:00-12:00,16423.0664,27153.4675,-10730.4011,4105.7666,6788.3669
2025-07-19,12:00-16:00,17810.7194,28170.3681,-10359.6488,4452.6798,7042.5920
2025-07-19,16:00-20:00,17124.0377,5155.1358,11968.9019,4281.0094,1288.7840
2025-07-19,20:00-24:00,16173.4363,0.0013,16173.4350,4043.3591,0.0003
2025-07-20,0:00-4:00,17542.9292,0.0011,17542.9281,4385.7323,0.0003
2025-07-20,4:00-8:00,18879.6206,6060.2850,12819.3356,4719.9052,1515.0712
2025-07-20,8:00-12:00,27395.6952,27201.5245,194.1708,6848.9238,6800.3811
2025-07-20,12:00-16:00,28269.8540,27705.2609,564.5931,7067.4635,6926.3152
2025-07-20,16:00-20:00,25848.1406,5693.4877,20154.6529,6462.0351,1423.3719
2025-07-20,20:00-24:00,20814.2990,0.0014,20814.2977,5203.5748,0.0003
2025-07-21,0:00-4:00,17553.4869,0.0011,17553.4859,4388.3717,0.0003
2025-07-21,4:00-8:00,19112.4537,5969.8464,13142.6072,4778.1134,1492.4616
2025-07-21,8:00-12:00,27545.0298,27804.7669,-259.7371,6886.2574,6951.1917
2025-07-21,12:00-16:00,27788.6502,25814.9794,1973.6709,6947.1626,6453.7448
2025-07-21,16:00-20:00,25837.2023,4863.4757,20973.7266,6459.3006,1215.8689
2025-07-21,20:00-24:00,20605.9968,0.0009,20605.9959,5151.4992,0.0002
2025-07-22,0:00-4:00,17836.3944,0.0011,17836.3933,4459.0986,0.0003
2025-07-22,4:00-8:00,19164.7839,6108.1946,13056.5893,4791.1960,1527.0486
2025-07-22,8:00-12:00,27468.4794,27886.9491,-418.4698,6867.1198,6971.7373
2025-07-22,12:00-16:00,28326.0316,26292.4505,2033.5811,7081.5079,6573.1126
2025-07-22,16:00-20:00,26020.6692,5432.1178,20588.5514,6505.1673,1358.0295
2025-07-22,20:00-24:00,20698.5003,0.0011,20698.4992,5174.6251,0.0003
2025-07-23,0:00-4:00,17487.7126,0.0005,17487.7120,4371.9281,0.0001
2025-07-23,4:00-8:00,19124.7069,5631.9818,13492.7251,4781.1767,1407.9955
2025-07-23,8:00-12:00,27717.9851,27525.2470,192.7382,6929.4963,6881.3117
2025-07-23,12:00-16:00,28311.8769,26912.4168,1399.4601,7077.9692,6728.1042
2025-07-23,16:00-20:00,26186.7248,5163.8396,21022.8852,6546.6812,1290.9599
2025-07-23,20:00-24:00,20621.0273,0.0008,20621.0265,5155.2568,0.0002
2025-07-24,0:00-4:00,17725.6984,0.0004,17725.6980,4431.4246,0.0001
2025-07-24,4:00-8:00,19441.9805,6634.1157,12807.8648,4860.4951,1658.5289
2025-07-24,8:00-12:00,27325.5874,28828.5133,-1502.9259,6831.3968,7207.1283
2025-07-24,12:00-16:00,28222.2971,24961.2387,3261.0584,7055.5743,6240.3097
2025-07-24,16:00-20:00,25920.5072,4861.8771,21058.6302,6480.1268,1215.4693
2025-07-24,20:00-24:00,20266.1468,0.0003,20266.1465,5066.5367,0.0001
2025-07-25,0:00-4:00,13782.3143,0.0003,13782.3140,3445.5786,0.0001
2025-07-25,4:00-8:00,13022.1803,6143.2290,6878.9513,3255.5451,1535.8073
2025-07-25,8:00-12:00,15811.3358,27115.5068,-11304.1709,3952.8340,6778.8767
2025-07-25,12:00-16:00,17416.0449,27204.6048,-9788.5599,4354.0112,6801.1512
2025-07-25,16:00-20:00,16692.6344,5386.1789,11306.4555,4173.1586,1346.5447
2025-07-25,20:00-24:00,15630.3300,0.0004,15630.3296,3907.5825,0.0001
2025-07-26,0:00-4:00,13851.9963,0.0000,13851.9963,3462.9991,0.0000
2025-07-26,4:00-8:00,12745.6860,5970.2092,6775.4768,3186.4215,1492.5523
2025-07-26,8:00-12:00,16098.1886,26651.2019,-10553.0133,4024.5472,6662.8005
2025-07-26,12:00-16:00,17934.9729,26656.6708,-8721.6979,4483.7432,6664.1677
2025-07-26,16:00-20:00,16737.3427,5440.5162,11296.8264,4184.3357,1360.1291
2025-07-26,20:00-24:00,15819.5034,0.0002,15819.5032,3954.8759,0.0001
2025-07-27,0:00-4:00,17631.2176,0.0005,17631.2170,4407.8044,0.0001
2025-07-27,4:00-8:00,19127.0504,5240.1339,13886.9165,4781.7626,1310.0335
2025-07-27,8:00-12:00,27119.7100,27155.1128,-35.4027,6779.9275,6788.7782
2025-07-27,12:00-16:00,28069.6465,26736.7187,1332.9278,7017.4116,6684.1797
2025-07-27,16:00-20:00,25723.3671,5293.0406,20430.3264,6430.8418,1323.2602
2025-07-27,20:00-24:00,20439.2047,0.0000,20439.2047,5109.8012,0.0000
2025-07-28,0:00-4:00,17413.4264,0.0010,17413.4253,4353.3566,0.0003
2025-07-28,4:00-8:00,19171.8745,5948.0676,13223.8069,4792.9686,1487.0169
2025-07-28,8:00-12:00,27250.8053,25087.5658,2163.2394,6812.7013,6271.8915
2025-07-28,12:00-16:00,27888.6366,24642.4948,3246.1418,6972.1591,6160.6237
2025-07-28,16:00-20:00,25698.7822,4595.9906,21102.7916,6424.6956,1148.9977
2025-07-28,20:00-24:00,20805.4735,0.0013,20805.4722,5201.3684,0.0003
2025-07-29,0:00-4:00,17550.2608,0.0019,17550.2590,4387.5652,0.0005
2025-07-29,4:00-8:00,18927.1384,6080.9143,12846.2241,4731.7846,1520.2286
2025-07-29,8:00-12:00,27332.2058,24647.9882,2684.2176,6833.0514,6161.9970
2025-07-29,12:00-16:00,28319.7038,26388.9669,1930.7369,7079.9259,6597.2417
2025-07-29,16:00-20:00,25808.4024,5127.6264,20680.7759,6452.1006,1281.9066
2025-07-29,20:00-24:00,20377.0340,0.0015,20377.0325,5094.2585,0.0004
2025-07-30,0:00-4:00,17556.6679,0.0022,17556.6658,4389.1670,0.0005
2025-07-30,4:00-8:00,18876.1638,5432.6753,13443.4885,4719.0410,1358.1688
2025-07-30,8:00-12:00,27385.0627,25971.3634,1413.6993,6846.2657,6492.8409
2025-07-30,12:00-16:00,28433.6634,27892.9485,540.7149,7108.4159,6973.2371
2025-07-30,16:00-20:00,25906.6985,5024.1189,20882.5796,6476.6746,1256.0297
2025-07-30,20:00-24:00,20266.1080,0.0021,20266.1060,5066.5270,0.0005
2025-07-31,0:00-4:00,17222.3283,0.0029,17222.3255,4305.5821,0.0007
2025-07-31,4:00-8:00,18792.9262,5788.9110,13004.0152,4698.2316,1447.2278
2025-07-31,8:00-12:00,27211.9498,26271.3161,940.6337,6802.9874,6567.8290
2025-07-31,12:00-16:00,28098.4981,25577.3695,2521.1285,7024.6245,6394.3424
2025-07-31,16:00-20:00,25959.0041,5090.7151,20868.2890,6489.7510,1272.6788
2025-07-31,20:00-24:00,20138.6071,0.0028,20138.6043,5034.6518,0.0007
2025-08-01,0:00-4:00,13886.1309,0.0037,13886.1272,3471.5327,0.0009
2025-08-01,4:00-8:00,12958.9786,6674.8735,6284.1051,3239.7447,1668.7184
2025-08-01,8:00-12:00,15878.2307,28979.2445,-13101.0137,3969.5577,7244.8111
2025-08-01,12:00-16:00,17873.6065,30038.8102,-12165.2037,4468.4016,7509.7026
2025-08-01,16:00-20:00,16886.3620,5775.1291,11111.2329,4221.5905,1443.7823
2025-08-01,20:00-24:00,15236.1153,0.0034,15236.1119,3809.0288,0.0008
2025-08-02,0:00-4:00,13488.4332,0.0037,13488.4296,3372.1083,0.0009
2025-08-02,4:00-8:00,12521.7308,6149.7493,6371.9815,3130.4327,1537.4373
2025-08-02,8:00-12:00,15956.9158,30019.9541,-14063.0384,3989.2289,7504.9885
2025-08-02,12:00-16:00,17604.3967,28940.1112,-11335.7145,4401.0992,7235.0278
2025-08-02,16:00-20:00,16683.7062,5525.3976,11158.3085,4170.9265,1381.3494
2025-08-02,20:00-24:00,15307.0615,0.0034,15307.0581,3826.7654,0.0008
2025-08-03,0:00-4:00,17243.8734,0.0034,17243.8700,4310.9683,0.0009
2025-08-03,4:00-8:00,19068.9738,6318.7889,12750.1849,4767.2434,1579.6972
2025-08-03,8:00-12:00,27108.4474,31164.9279,-4056.4805,6777.1119,7791.2320
2025-08-03,12:00-16:00,27857.9534,31724.9130,-3866.9596,6964.4884,7931.2283
2025-08-03,16:00-20:00,26104.8484,6014.3694,20090.4790,6526.2121,1503.5923
2025-08-03,20:00-24:00,20678.3898,0.0035,20678.3862,5169.5974,0.0009
2025-08-04,0:00-4:00,17131.7529,0.0027,17131.7502,4282.9382,0.0007
2025-08-04,4:00-8:00,18873.8411,6312.5432,12561.2979,4718.4603,1578.1358
2025-08-04,8:00-12:00,27546.2364,30909.2631,-3363.0268,6886.5591,7727.3158
2025-08-04,12:00-16:00,28296.8275,30054.4190,-1757.5915,7074.2069,7513.6048
2025-08-04,16:00-20:00,25942.0122,5620.2207,20321.7915,6485.5030,1405.0552
2025-08-04,20:00-24:00,20521.4369,0.0031,20521.4338,5130.3592,0.0008
2025-08-05,0:00-4:00,17267.4718,0.0021,17267.4697,4316.8680,0.0005
2025-08-05,4:00-8:00,18604.7430,6165.4541,12439.2890,4651.1858,1541.3635
2025-08-05,8:00-12:00,27044.6615,29054.4747,-2009.8131,6761.1654,7263.6187
2025-08-05,12:00-16:00,27599.6965,30310.5676,-2710.8711,6899.9241,7577.6419
2025-08-05,16:00-20:00,25486.5018,5775.6865,19710.8153,6371.6255,1443.9216
2025-08-05,20:00-24:00,20455.4226,0.0026,20455.4200,5113.8556,0.0006
2025-08-06,0:00-4:00,17179.2080,0.0022,17179.2058,4294.8020,0.0005
2025-08-06,4:00-8:00,18591.0978,6405.3179,12185.7800,4647.7745,1601.3295
2025-08-06,8:00-12:00,27067.7382,30150.6817,-3082.9435,6766.9345,7537.6704
2025-08-06,12:00-16:00,28030.4326,26871.4452,1158.9874,7007.6082,6717.8613
2025-08-06,16:00-20:00,25359.9476,5174.2389,20185.7087,6339.9869,1293.5597
2025-08-06,20:00-24:00,20487.6636,0.0027,20487.6609,5121.9159,0.0007
2025-08-07,0:00-4:00,17282.7721,0.0020,17282.7701,4320.6930,0.0005
2025-08-07,4:00-8:00,19153.1470,6184.7440,12968.4030,4788.2868,1546.1860
2025-08-07,8:00-12:00,26992.5280,30967.0919,-3974.5639,6748.1320,7741.7730
2025-08-07,12:00-16:00,27840.4328,30828.3549,-2987.9221,6960.1082,7707.0887
2025-08-07,16:00-20:00,25389.4726,5482.5742,19906.8984,6347.3681,1370.6435
2025-08-07,20:00-24:00,20192.4020,0.0022,20192.3998,5048.1005,0.0005
2025-08-08,0:00-4:00,13346.6693,0.0019,13346.6674,3336.6673,0.0005
2025-08-08,4:00-8:00,12515.5415,5883.6487,6631.8928,3128.8854,1470.9122
2025-08-08,8:00-12:00,15836.6344,31009.6047,-15172.9703,3959.1586,7752.4012
2025-08-08,12:00-16:00,17405.4027,32400.2785,-14994.8759,4351.3507,8100.0696
2025-08-08,16:00-20:00,16442.0674,5634.5093,10807.5581,4110.5168,1408.6273
2025-08-08,20:00-24:00,15156.9008,0.0018,15156.8991,3789.2252,0.0004
2025-08-09,0:00-4:00,13300.1342,0.0013,13300.1328,3325.0335,0.0003
2025-08-09,4:00-8:00,12261.3406,5891.8109,6369.5297,3065.3351,1472.9527
2025-08-09,8:00-12:00,15756.1721,30401.7652,-14645.5931,3939.0430,7600.4413
2025-08-09,12:00-16:00,17095.6838,29634.1571,-12538.4733,4273.9209,7408.5393
2025-08-09,16:00-20:00,16440.1845,5454.1668,10986.0176,4110.0461,1363.5417
2025-08-09,20:00-24:00,15450.3167,0.0013,15450.3153,3862.5792,0.0003
2025-08-10,0:00-4:00,17083.4961,0.0013,17083.4948,4270.8740,0.0003
2025-08-10,4:00-8:00,18537.5284,6413.0863,12124.4421,4634.3821,1603.2716
2025-08-10,8:00-12:00,27109.7486,30857.9611,-3748.2125,6777.4372,7714.4903
2025-08-10,12:00-16:00,27915.9901,28669.9087,-753.9186,6978.9975,7167.4772
2025-08-10,16:00-20:00,25437.6399,5289.8670,20147.7729,6359.4100,1322.4668
2025-08-10,20:00-24:00,20451.0416,0.0012,20451.0404,5112.7604,0.0003
2025-08-11,0:00-4:00,17167.4943,0.0012,17167.4931,4291.8736,0.0003
2025-08-11,4:00-8:00,18575.0458,6028.5364,12546.5093,4643.7614,1507.1341
2025-08-11,8:00-12:00,27250.8212,30302.1772,-3051.3560,6812.7053,7575.5443
2025-08-11,12:00-16:00,27603.0756,30053.4714,-2450.3958,6900.7689,7513.3678
2025-08-11,16:00-20:00,25404.2713,5476.8229,19927.4484,6351.0678,1369.2057
2025-08-11,20:00-24:00,20421.5552,0.0010,20421.5542,5105.3888,0.0003
2025-08-12,0:00-4:00,17177.9509,0.0007,17177.9501,4294.4877,0.0002
2025-08-12,4:00-8:00,18823.0105,6696.5836,12126.4270,4705.7526,1674.1459
2025-08-12,8:00-12:00,26994.0335,28903.2196,-1909.1862,6748.5084,7225.8049
2025-08-12,12:00-16:00,27764.6308,28306.0938,-541.4630,6941.1577,7076.5235
2025-08-12,16:00-20:00,25746.2160,4971.1547,20775.0613,6436.5540,1242.7887
2025-08-12,20:00-24:00,20131.7550,0.0006,20131.7544,5032.9387,0.0001
2025-08-13,0:00-4:00,17141.0526,0.0004,17141.0522,4285.2631,0.0001
2025-08-13,4:00-8:00,18626.6410,6097.6222,12529.0188,4656.6602,1524.4056
2025-08-13,8:00-12:00,27313.2317,29007.5516,-1694.3200,6828.3079,7251.8879
2025-08-13,12:00-16:00,27879.2281,29655.1927,-1775.9645,6969.8070,7413.7982
2025-08-13,16:00-20:00,25535.7914,5666.6503,19869.1410,6383.9478,1416.6626
2025-08-13,20:00-24:00,20052.0525,0.0005,20052.0520,5013.0131,0.0001
2025-08-14,0:00-4:00,17169.6273,0.0002,17169.6271,4292.4068,0.0001
2025-08-14,4:00-8:00,18468.1461,5341.9612,13126.1849,4617.0365,1335.4903
2025-08-14,8:00-12:00,27022.2374,29313.4825,-2291.2450,6755.5594,7328.3706
2025-08-14,12:00-16:00,27560.2442,30231.6175,-2671.3734,6890.0610,7557.9044
2025-08-14,16:00-20:00,25687.5666,5122.7028,20564.8639,6421.8917,1280.6757
2025-08-14,20:00-24:00,20028.2337,0.0002,20028.2335,5007.0584,0.0001
2025-08-15,0:00-4:00,13371.6381,0.0000,13371.6381,3342.9095,0.0000
2025-08-15,4:00-8:00,12627.2005,5612.5424,7014.6580,3156.8001,1403.1356
2025-08-15,8:00-12:00,15390.5777,31241.6322,-15851.0545,3847.6444,7810.4081
2025-08-15,12:00-16:00,17175.2414,30644.4205,-13469.1791,4293.8103,7661.1051
2025-08-15,16:00-20:00,16120.4063,5309.7357,10810.6706,4030.1016,1327.4339
2025-08-15,20:00-24:00,15282.9938,0.0000,15282.9938,3820.7484,0.0000
2025-08-16,0:00-4:00,13386.1103,0.0000,13386.1103,3346.5276,0.0000
2025-08-16,4:00-8:00,12547.1114,6277.4022,6269.7092,3136.7779,1569.3506
2025-08-16,8:00-12:00,15585.3063,31965.1482,-16379.8419,3896.3266,7991.2870
2025-08-16,12:00-16:00,17091.8874,29774.3171,-12682.4297,4272.9719,7443.5793
2025-08-16,16:00-20:00,16281.1139,5237.3825,11043.7314,4070.2785,1309.3456
2025-08-16,20:00-24:00,15292.0010,0.0000,15292.0010,3823.0002,0.0000
2025-08-17,0:00-4:00,17120.0548,0.0000,17120.0548,4280.0137,0.0000
2025-08-17,4:00-8:00,18337.1514,5394.1798,12942.9715,4584.2878,1348.5450
2025-08-17,8:00-12:00,26550.0427,30971.5264,-4421.4836,6637.5107,7742.8816
2025-08-17,12:00-16:00,27632.4426,30688.6845,-3056.2419,6908.1107,7672.1711
2025-08-17,16:00-20:00,25643.4657,5149.3322,20494.1335,6410.8664,1287.3330
2025-08-17,20:00-24:00,20085.9593,0.0000,20085.9593,5021.4898,0.0000
2025-08-18,0:00-4:00,17094.5859,0.0003,17094.5856,4273.6465,0.0001
2025-08-18,4:00-8:00,18635.2143,5772.7240,12862.4903,4658.8036,1443.1810
2025-08-18,8:00-12:00,26871.0865,30592.8562,-3721.7696,6717.7716,7648.2140
2025-08-18,12:00-16:00,27533.5004,29949.4889,-2415.9885,6883.3751,7487.3722
2025-08-18,16:00-20:00,25463.0728,5000.9895,20462.0833,6365.7682,1250.2474
2025-08-18,20:00-24:00,20112.7148,0.0003,20112.7145,5028.1787,0.0001
2025-08-19,0:00-4:00,17262.1655,0.0004,17262.1650,4315.5414,0.0001
2025-08-19,4:00-8:00,18505.6336,6254.7415,12250.8921,4626.4084,1563.6854
2025-08-19,8:00-12:00,26920.6879,30410.7712,-3490.0833,6730.1720,7602.6928
2025-08-19,12:00-16:00,27284.9235,29251.3427,-1966.4192,6821.2309,7312.8357
2025-08-19,16:00-20:00,25273.1246,5129.9667,20143.1579,6318.2811,1282.4917
2025-08-19,20:00-24:00,20117.9478,0.0003,20117.9475,5029.4870,0.0001
2025-08-20,0:00-4:00,17038.1403,0.0004,17038.1399,4259.5351,0.0001
2025-08-20,4:00-8:00,18104.0290,4439.7725,13664.2564,4526.0072,1109.9431
2025-08-20,8:00-12:00,26576.7519,26548.7394,28.0125,6644.1880,6637.1848
2025-08-20,12:00-16:00,27609.5298,28224.0190,-614.4893,6902.3824,7056.0048
2025-08-20,16:00-20:00,25614.2571,5184.8308,20429.4263,6403.5643,1296.2077
2025-08-20,20:00-24:00,20105.3456,0.0004,20105.3452,5026.3364,0.0001
2025-08-21,0:00-4:00,17195.7546,0.0004,17195.7542,4298.9387,0.0001
2025-08-21,4:00-8:00,18436.9256,5825.4995,12611.4262,4609.2314,1456.3749
2025-08-21,8:00-12:00,26673.2464,30006.1293,-3332.8828,6668.3116,7501.5323
2025-08-21,12:00-16:00,27381.6940,27929.9145,-548.2205,6845.4235,6982.4786
2025-08-21,16:00-20:00,25395.4789,5365.8365,20029.6424,6348.8697,1341.4591
2025-08-21,20:00-24:00,19888.6993,0.0003,19888.6990,4972.1748,0.0001
2025-08-22,0:00-4:00,13487.7855,0.0003,13487.7851,3371.9464,0.0001
2025-08-22,4:00-8:00,12597.9715,5894.8286,6703.1429,3149.4929,1473.7071
2025-08-22,8:00-12:00,15652.8215,30742.8482,-15090.0267,3913.2054,7685.7121
2025-08-22,12:00-16:00,17021.3337,27897.4160,-10876.0824,4255.3334,6974.3540
2025-08-22,16:00-20:00,16525.4817,4766.0674,11759.4143,4131.3704,1191.5168
2025-08-22,20:00-24:00,15246.3366,0.0003,15246.3362,3811.5841,0.0001
2025-08-23,0:00-4:00,13183.3086,0.0003,13183.3083,3295.8272,0.0001
2025-08-23,4:00-8:00,12530.6599,5774.6089,6756.0510,3132.6650,1443.6522
2025-08-23,8:00-12:00,15492.9683,27839.7543,-12346.7860,3873.2421,6959.9386
2025-08-23,12:00-16:00,16984.1060,28709.7212,-11725.6152,4246.0265,7177.4303
2025-08-23,16:00-20:00,16170.0216,4843.0551,11326.9665,4042.5054,1210.7638
2025-08-23,20:00-24:00,15336.0818,0.0003,15336.0815,3834.0204,0.0001
2025-08-24,0:00-4:00,17117.5175,0.0003,17117.5172,4279.3794,0.0001
2025-08-24,4:00-8:00,18363.7007,5395.0360,12968.6647,4590.9252,1348.7590
2025-08-24,8:00-12:00,26862.2711,31548.0810,-4685.8099,6715.5678,7887.0203
2025-08-24,12:00-16:00,27280.9043,29799.8501,-2518.9458,6820.2261,7449.9625
2025-08-24,16:00-20:00,25383.8007,4591.5142,20792.2865,6345.9502,1147.8786
2025-08-24,20:00-24:00,20059.8771,0.0003,20059.8768,5014.9693,0.0001
2025-08-25,0:00-4:00,16690.0426,0.0002,16690.0424,4172.5107,0.0001
2025-08-25,4:00-8:00,18622.2532,5018.1977,13604.0555,4655.5633,1254.5494
2025-08-25,8:00-12:00,26817.2130,28874.6565,-2057.4435,6704.3033,7218.6641
2025-08-25,12:00-16:00,27234.2283,25598.4886,1635.7397,6808.5571,6399.6221
2025-08-25,16:00-20:00,25146.5151,4247.1835,20899.3316,6286.6288,1061.7959
2025-08-25,20:00-24:00,20001.3615,0.0002,20001.3613,5000.3404,0.0000
2025-08-26,0:00-4:00,16786.2548,0.0002,16786.2546,4196.5637,0.0000
2025-08-26,4:00-8:00,18187.4287,5144.5727,13042.8560,4546.8572,1286.1432
2025-08-26,8:00-12:00,26782.9391,30305.9707,-3523.0316,6695.7348,7576.4927
2025-08-26,12:00-16:00,27678.7293,29013.0408,-1334.3115,6919.6823,7253.2602
2025-08-26,16:00-20:00,25238.5812,4376.5610,20862.0203,6309.6453,1094.1402
2025-08-26,20:00-24:00,19695.0308,0.0002,19695.0307,4923.7577,0.0000
2025-08-27,0:00-4:00,16654.8675,0.0000,16654.8675,4163.7169,0.0000
2025-08-27,4:00-8:00,18130.4965,5077.4261,13053.0704,4532.6241,1269.3565
2025-08-27,8:00-12:00,26695.7537,28393.0639,-1697.3103,6673.9384,7098.2660
2025-08-27,12:00-16:00,27311.7553,28358.7536,-1046.9983,6827.9388,7089.6884
2025-08-27,16:00-20:00,25148.1426,4044.9896,21103.1530,6287.0357,1011.2474
2025-08-27,20:00-24:00,19847.3665,0.0000,19847.3665,4961.8416,0.0000
2025-08-28,0:00-4:00,16877.3602,0.0000,16877.3602,4219.3401,0.0000
2025-08-28,4:00-8:00,18323.2162,5129.6833,13193.5329,4580.8041,1282.4208
2025-08-28,8:00-12:00,26805.5495,25706.1099,1099.4396,6701.3874,6426.5275
2025-08-28,12:00-16:00,27519.6775,28436.5862,-916.9088,6879.9194,7109.1466
2025-08-28,16:00-20:00,25356.9630,4503.6421,20853.3209,6339.2408,1125.9105
2025-08-28,20:00-24:00,19661.0501,0.0000,19661.0501,4915.2625,0.0000
2025-08-29,0:00-4:00,12702.2644,0.0000,12702.2644,3175.5661,0.0000
2025-08-29,4:00-8:00,12507.3875,4487.6066,8019.7809,3126.8469,1121.9016
2025-08-29,8:00-12:00,15453.1730,28315.1622,-12861.9891,3863.2933,7078.7905
2025-08-29,12:00-16:00,16657.2946,28662.6512,-12005.3567,4164.3236,7165.6628
2025-08-29,16:00-20:00,15911.6757,4307.6922,11603.9834,3977.9189,1076.9231
2025-08-29,20:00-24:00,15096.5374,0.0000,15096.5374,3774.1344,0.0000
2025-08-30,0:00-4:00,13118.5392,0.0000,13118.5392,3279.6348,0.0000
2025-08-30,4:00-8:00,12199.8952,5699.9501,6499.9451,3049.9738,1424.9875
2025-08-30,8:00-12:00,15204.8562,31770.6971,-16565.8409,3801.2141,7942.6743
2025-08-30,12:00-16:00,16865.4499,28565.7500,-11700.3002,4216.3625,7141.4375
2025-08-30,16:00-20:00,16234.5312,4475.9704,11758.5607,4058.6328,1118.9926
2025-08-30,20:00-24:00,15401.8159,0.0000,15401.8159,3850.4540,0.0000
2025-08-31,0:00-4:00,16459.2023,0.0000,16459.2023,4114.8006,0.0000
2025-08-31,4:00-8:00,18371.1044,4830.7483,13540.3561,4592.7761,1207.6871
2025-08-31,8:00-12:00,26491.8297,29018.7938,-2526.9641,6622.9574,7254.6985
2025-08-31,12:00-16:00,27425.4158,28445.0091,-1019.5933,6856.3539,7111.2523
2025-08-31,16:00-20:00,25056.1267,4424.1855,20631.9412,6264.0317,1106.0464
2025-08-31,20:00-24:00,19561.6810,0.0000,19561.6810,4890.4202,0.0000
2025-09-01,0:00-4:00,14358.7620,0.0000,14358.7620,3589.6905,0.0000
2025-09-01,4:00-8:00,17453.3525,5631.0027,11822.3498,4363.3381,1407.7507
2025-09-01,8:00-12:00,25929.1432,28775.7210,-2846.5778,6482.2858,7193.9302
2025-09-01,12:00-16:00,24915.6692,29059.3015,-4143.6323,6228.9173,7264.8254
2025-09-01,16:00-20:00,21863.7332,4223.4596,17640.2736,5465.9333,1055.8649
2025-09-01,20:00-24:00,16742.9592,0.0000,16742.9592,4185.7398,0.0000
2025-09-02,0:00-4:00,14298.4844,0.0000,14298.4844,3574.6211,0.0000
2025-09-02,4:00-8:00,17558.9341,4778.0451,12780.8890,4389.7335,1194.5113
2025-09-02,8:00-12:00,25838.4596,28815.5511,-2977.0915,6459.6149,7203.8878
2025-09-02,12:00-16:00,25069.5078,29135.3403,-4065.8325,6267.3770,7283.8351
2025-09-02,16:00-20:00,22175.5881,4746.1317,17429.4564,5543.8970,1186.5329
2025-09-02,20:00-24:00,16591.8501,0.0000,16591.8501,4147.9625,0.0000
2025-09-03,0:00-4:00,14479.9972,0.0002,14479.9970,3619.9993,0.0000
2025-09-03,4:00-8:00,17451.9965,5440.8394,12011.1570,4362.9991,1360.2099
2025-09-03,8:00-12:00,25628.1722,29302.7002,-3674.5280,6407.0431,7325.6751
2025-09-03,12:00-16:00,24707.3711,27201.6990,-2494.3279,6176.8428,6800.4247
2025-09-03,16:00-20:00,22226.3119,3940.7603,18285.5516,5556.5780,985.1901
2025-09-03,20:00-24:00,16939.8674,0.0000,16939.8674,4234.9669,0.0000
2025-09-04,0:00-4:00,14041.4330,0.0002,14041.4327,3510.3582,0.0001
2025-09-04,4:00-8:00,17618.4241,4842.6448,12775.7792,4404.6060,1210.6612
2025-09-04,8:00-12:00,25927.4199,31100.0695,-5172.6496,6481.8550,7775.0174
2025-09-04,12:00-16:00,24789.4592,27707.7760,-2918.3168,6197.3648,6926.9440
2025-09-04,16:00-20:00,22111.4832,3485.1167,18626.3664,5527.8708,871.2792
2025-09-04,20:00-24:00,16572.9537,0.0002,16572.9535,4143.2384,0.0000
2025-09-05,0:00-4:00,10368.4917,0.0003,10368.4914,2592.1229,0.0001
2025-09-05,4:00-8:00,11177.2842,5071.7483,6105.5358,2794.3210,1267.9371
2025-09-05,8:00-12:00,14427.4836,30069.2031,-15641.7195,3606.8709,7517.3008
2025-09-05,12:00-16:00,14079.0166,28936.0954,-14857.0788,3519.7542,7234.0239
2025-09-05,16:00-20:00,13012.0200,4231.6713,8780.3486,3253.0050,1057.9178
2025-09-05,20:00-24:00,12068.6843,0.0003,12068.6840,3017.1711,0.0001
2025-09-06,0:00-4:00,10434.3342,0.0003,10434.3340,2608.5836,0.0001
2025-09-06,4:00-8:00,11361.0266,4479.2392,6881.7875,2840.2567,1119.8098
2025-09-06,8:00-12:00,14534.9743,28345.0141,-13810.0398,3633.7436,7086.2535
2025-09-06,12:00-16:00,14378.7747,30958.6196,-16579.8449,3594.6937,7739.6549
2025-09-06,16:00-20:00,13066.3984,4322.4171,8743.9813,3266.5996,1080.6043
2025-09-06,20:00-24:00,12050.8659,0.0003,12050.8657,3012.7165,0.0001
2025-09-07,0:00-4:00,14234.7007,0.0002,14234.7004,3558.6752,0.0001
2025-09-07,4:00-8:00,17528.8746,4932.3542,12596.5204,4382.2187,1233.0886
2025-09-07,8:00-12:00,25846.2198,28812.1062,-2965.8864,6461.5549,7203.0266
2025-09-07,12:00-16:00,24762.9457,27919.4373,-3156.4916,6190.7364,6979.8593
2025-09-07,16:00-20:00,21896.0910,4156.1272,17739.9638,5474.0228,1039.0318
2025-09-07,20:00-24:00,16512.1772,0.0002,16512.1770,4128.0443,0.0001
2025-09-08,0:00-4:00,14155.0045,0.0002,14155.0043,3538.7511,0.0001
2025-09-08,4:00-8:00,17665.9132,5042.3147,12623.5984,4416.4783,1260.5787
2025-09-08,8:00-12:00,25770.5045,27966.1563,-2195.6517,6442.6261,6991.5391
2025-09-08,12:00-16:00,24871.9428,25298.3071,-426.3642,6217.9857,6324.5768
2025-09-08,16:00-20:00,22124.6623,3698.2443,18426.4180,5531.1656,924.5611
2025-09-08,20:00-24:00,16812.5650,0.0002,16812.5648,4203.1413,0.0001
2025-09-09,0:00-4:00,14201.8499,0.0002,14201.8497,3550.4625,0.0000
2025-09-09,4:00-8:00,17398.6120,4619.6877,12778.9243,4349.6530,1154.9219
2025-09-09,8:00-12:00,25766.7395,31112.6742,-5345.9347,6441.6849,7778.1686
2025-09-09,12:00-16:00,24789.1071,28482.6659,-3693.5588,6197.2768,7120.6665
2025-09-09,16:00-20:00,22325.8720,3764.3731,18561.4989,5581.4680,941.0933
2025-09-09,20:00-24:00,16600.0550,0.0002,16600.0549,4150.0138,0.0000
2025-09-10,0:00-4:00,14520.1960,0.0000,14520.1960,3630.0490,0.0000
2025-09-10,4:00-8:00,17408.6120,4144.8730,13263.7390,4352.1530,1036.2182
2025-09-10,8:00-12:00,25841.2217,26967.0428,-1125.8211,6460.3054,6741.7607
2025-09-10,12:00-16:00,24838.5081,24941.9518,-103.4437,6209.6270,6235.4879
2025-09-10,16:00-20:00,21909.2404,3904.9223,18004.3181,5477.3101,976.2306
2025-09-10,20:00-24:00,16757.0103,0.0000,16757.0103,4189.2526,0.0000
2025-09-11,0:00-4:00,14167.6442,0.0000,14167.6442,3541.9110,0.0000
2025-09-11,4:00-8:00,17588.8374,4738.7562,12850.0812,4397.2093,1184.6890
2025-09-11,8:00-12:00,25882.6859,29288.7100,-3406.0240,6470.6715,7322.1775
2025-09-11,12:00-16:00,24752.5350,29669.3793,-4916.8443,6188.1337,7417.3448
2025-09-11,16:00-20:00,21853.9872,3553.8471,18300.1402,5463.4968,888.4618
2025-09-11,20:00-24:00,16501.0886,0.0000,16501.0886,4125.2722,0.0000
2025-09-12,0:00-4:00,10561.0831,0.0000,10561.0831,2640.2708,0.0000
2025-09-12,4:00-8:00,11298.2823,3977.2423,7321.0400,2824.5706,994.3106
2025-09-12,8:00-12:00,14522.0902,28383.7621,-13861.6719,3630.5226,7095.9405
2025-09-12,12:00-16:00,14409.1985,28087.5103,-13678.3118,3602.2996,7021.8776
2025-09-12,16:00-20:00,12843.4579,3687.0562,9156.4018,3210.8645,921.7640
2025-09-12,20:00-24:00,12053.1151,0.0000,12053.1151,3013.2788,0.0000
2025-09-13,0:00-4:00,10223.0609,0.0000,10223.0609,2555.7652,0.0000
2025-09-13,4:00-8:00,11323.7070,4112.0414,7211.6656,2830.9268,1028.0104
2025-09-13,8:00-12:00,14420.5157,31006.9032,-16586.3875,3605.1289,7751.7258
2025-09-13,12:00-16:00,14271.9527,28609.6569,-14337.7042,3567.9882,7152.4142
2025-09-13,16:00-20:00,12842.0927,3327.8801,9514.2127,3210.5232,831.9700
2025-09-13,20:00-24:00,11982.2540,0.0000,11982.2540,2995.5635,0.0000
2025-09-14,0:00-4:00,14076.6224,0.0000,14076.6224,3519.1556,0.0000
2025-09-14,4:00-8:00,17408.4364,4173.7375,13234.6989,4352.1091,1043.4344
2025-09-14,8:00-12:00,25763.3050,27089.0772,-1325.7722,6440.8262,6772.2693
2025-09-14,12:00-16:00,25047.8264,26380.4192,-1332.5927,6261.9566,6595.1048
2025-09-14,16:00-20:00,22123.1374,3495.1371,18628.0003,5530.7843,873.7843
2025-09-14,20:00-24:00,16818.3681,0.0000,16818.3681,4204.5920,0.0000
2025-09-15,0:00-4:00,14190.9499,0.0000,14190.9499,3547.7375,0.0000
2025-09-15,4:00-8:00,17692.3551,3907.4002,13784.9549,4423.0888,976.8500
2025-09-15,8:00-12:00,25980.1989,31043.0373,-5062.8384,6495.0497,7760.7593
2025-09-15,12:00-16:00,24580.0635,27302.1407,-2722.0772,6145.0159,6825.5352
2025-09-15,16:00-20:00,21793.6592,3440.4210,18353.2381,5448.4148,860.1053
2025-09-15,20:00-24:00,16522.8033,0.0000,16522.8033,4130.7008,0.0000
2025-09-16,0:00-4:00,14504.4777,0.0000,14504.4777,3626.1194,0.0000
2025-09-16,4:00-8:00,17573.9270,4113.1916,13460.7353,4393.4817,1028.2979
2025-09-16,8:00-12:00,25854.0564,28110.3718,-2256.3154,6463.5141,7027.5930
2025-09-16,12:00-16:00,24780.8327,26467.5088,-1686.6761,6195.2082,6616.8772
2025-09-16,16:00-20:00,22285.9139,3660.5152,18625.3986,5571.4785,915.1288
2025-09-16,20:00-24:00,16844.1498,0.0000,16844.1498,4211.0375,0.0000
2025-09-17,0:00-4:00,14243.8841,0.0000,14243.8841,3560.9710,0.0000
2025-09-17,4:00-8:00,17452.4141,4009.2068,13443.2073,4363.1035,1002.3017
2025-09-17,8:00-12:00,25799.1530,26257.0573,-457.9044,6449.7882,6564.2643
2025-09-17,12:00-16:00,24788.0716,27343.7732,-2555.7015,6197.0179,6835.9433
2025-09-17,16:00-20:00,21802.9941,3354.6393,18448.3547,5450.7485,838.6598
2025-09-17,20:00-24:00,16838.2781,0.0000,16838.2781,4209.5695,0.0000
2025-09-18,0:00-4:00,14128.7067,0.0000,14128.7067,3532.1767,0.0000
2025-09-18,4:00-8:00,17469.1303,4032.8908,13436.2395,4367.2826,1008.2227
2025-09-18,8:00-12:00,25955.2234,27727.8810,-1772.6576,6488.8059,6931.9702
2025-09-18,12:00-16:00,24559.9042,26595.7682,-2035.8639,6139.9761,6648.9420
2025-09-18,16:00-20:00,22048.0114,3491.5253,18556.4861,5512.0029,872.8813
2025-09-18,20:00-24:00,16643.1403,0.0000,16643.1403,4160.7851,0.0000
2025-09-19,0:00-4:00,10543.4549,0.0000,10543.4549,2635.8637,0.0000
2025-09-19,4:00-8:00,11450.7684,3816.1883,7634.5801,2862.6921,954.0471
2025-09-19,8:00-12:00,14454.4863,26040.2046,-11585.7183,3613.6216,6510.0512
2025-09-19,12:00-16:00,14298.4732,26232.6248,-11934.1516,3574.6183,6558.1562
2025-09-19,16:00-20:00,12926.3747,3096.7564,9829.6182,3231.5937,774.1891
2025-09-19,20:00-24:00,11613.5688,0.0000,11613.5688,2903.3922,0.0000
2025-09-20,0:00-4:00,10595.4852,0.0000,10595.4852,2648.8713,0.0000
2025-09-20,4:00-8:00,11227.0832,3486.5025,7740.5807,2806.7708,871.6256
2025-09-20,8:00-12:00,14566.2866,26676.8022,-12110.5157,3641.5716,6669.2006
2025-09-20,12:00-16:00,14376.0644,26367.6164,-11991.5520,3594.0161,6591.9041
2025-09-20,16:00-20:00,13006.0421,3154.3727,9851.6694,3251.5105,788.5932
2025-09-20,20:00-24:00,11559.7662,0.0000,11559.7662,2889.9415,0.0000
2025-09-21,0:00-4:00,14145.6442,0.0000,14145.6442,3536.4111,0.0000
2025-09-21,4:00-8:00,17445.1454,3911.6878,13533.4577,4361.2864,977.9219
2025-09-21,8:00-12:00,25794.2097,28010.3643,-2216.1547,6448.5524,7002.5911
2025-09-21,12:00-16:00,24862.8857,27491.1109,-2628.2252,6215.7214,6872.7777
2025-09-21,16:00-20:00,22130.0913,3161.6325,18968.4587,5532.5228,790.4081
2025-09-21,20:00-24:00,16484.3067,0.0000,16484.3067,4121.0767,0.0000
2025-09-22,0:00-4:00,14455.7264,0.0000,14455.7264,3613.9316,0.0000
2025-09-22,4:00-8:00,17541.9991,3810.2541,13731.7451,4385.4998,952.5635
2025-09-22,8:00-12:00,25777.8745,27588.3227,-1810.4482,6444.4686,6897.0807
2025-09-22,12:00-16:00,24744.6556,26259.3198,-1514.6642,6186.1639,6564.8300
2025-09-22,16:00-20:00,21992.2224,2946.1253,19046.0971,5498.0556,736.5313
2025-09-22,20:00-24:00,16705.5638,0.0000,16705.5638,4176.3909,0.0000
2025-09-23,0:00-4:00,14121.1690,0.0000,14121.1690,3530.2922,0.0000
2025-09-23,4:00-8:00,17484.9510,3589.4614,13895.4896,4371.2377,897.3653
2025-09-23,8:00-12:00,25883.5371,26570.5605,-687.0235,6470.8843,6642.6401
2025-09-23,12:00-16:00,24805.5642,26026.3794,-1220.8152,6201.3911,6506.5949
2025-09-23,16:00-20:00,22256.8536,2879.2644,19377.5891,5564.2134,719.8161
2025-09-23,20:00-24:00,16630.2065,0.0000,16630.2065,4157.5516,0.0000
2025-09-24,0:00-4:00,14395.1679,0.0000,14395.1679,3598.7920,0.0000
2025-09-24,4:00-8:00,17669.0537,3352.9063,14316.1474,4417.2634,838.2266
2025-09-24,8:00-12:00,25928.6373,26723.1437,-794.5064,6482.1593,6680.7859
2025-09-24,12:00-16:00,24732.4350,26770.9661,-2038.5311,6183.1087,6692.7415
2025-09-24,16:00-20:00,21846.2283,3103.9522,18742.2761,5461.5571,775.9880
2025-09-24,20:00-24:00,16442.6713,0.0000,16442.6713,4110.6678,0.0000
2025-09-25,0:00-4:00,14335.5817,0.0000,14335.5817,3583.8954,0.0000
2025-09-25,4:00-8:00,17486.2427,3458.3068,14027.9359,4371.5607,864.5767
2025-09-25,8:00-12:00,25655.2796,27748.2664,-2092.9868,6413.8199,6937.0666
2025-09-25,12:00-16:00,24658.1670,26237.6503,-1579.4833,6164.5418,6559.4126
2025-09-25,16:00-20:00,21730.9589,2766.6747,18964.2842,5432.7397,691.6687
2025-09-25,20:00-24:00,16680.1171,0.0000,16680.1171,4170.0293,0.0000
2025-09-26,0:00-4:00,10136.0653,0.0000,10136.0653,2534.0163,0.0000
2025-09-26,4:00-8:00,11460.3383,3548.4573,7911.8810,2865.0846,887.1143
2025-09-26,8:00-12:00,14451.8100,24619.5671,-10167.7572,3612.9525,6154.8918
2025-09-26,12:00-16:00,14089.8910,25514.9131,-11425.0222,3522.4727,6378.7283
2025-09-26,16:00-20:00,12516.2824,2817.1727,9699.1097,3129.0706,704.2932
2025-09-26,20:00-24:00,11539.9668,0.0000,11539.9668,2884.9917,0.0000
2025-09-27,0:00-4:00,10525.7972,0.0000,10525.7972,2631.4493,0.0000
2025-09-27,4:00-8:00,11535.5158,3443.2101,8092.3058,2883.8790,860.8025
2025-09-27,8:00-12:00,14648.7537,28300.1327,-13651.3790,3662.1884,7075.0332
2025-09-27,12:00-16:00,14347.0219,23815.0996,-9468.0778,3586.7555,5953.7749
2025-09-27,16:00-20:00,13097.1253,2586.0271,10511.0982,3274.2813,646.5068
2025-09-27,20:00-24:00,11791.5578,0.0000,11791.5578,2947.8895,0.0000
2025-09-28,0:00-4:00,14204.2698,0.0000,14204.2698,3551.0675,0.0000
2025-09-28,4:00-8:00,17429.2853,3236.8832,14192.4022,4357.3213,809.2208
2025-09-28,8:00-12:00,25893.3825,25946.7956,-53.4131,6473.3456,6486.6989
2025-09-28,12:00-16:00,24586.6358,24811.7069,-225.0712,6146.6589,6202.9267
2025-09-28,16:00-20:00,21785.6985,2906.6047,18879.0938,5446.4246,726.6512
2025-09-28,20:00-24:00,16490.3477,0.0000,16490.3477,4122.5869,0.0000
2025-09-29,0:00-4:00,14276.0660,0.0000,14276.0660,3569.0165,0.0000
2025-09-29,4:00-8:00,17710.2604,3330.2330,14380.0273,4427.5651,832.5583
2025-09-29,8:00-12:00,25716.5205,26340.6485,-624.1280,6429.1301,6585.1621
2025-09-29,12:00-16:00,24965.7127,25865.9390,-900.2263,6241.4282,6466.4847
2025-09-29,16:00-20:00,21911.3266,2814.7026,19096.6240,5477.8317,703.6757
2025-09-29,20:00-24:00,16531.5286,0.0000,16531.5286,4132.8822,0.0000
2025-09-30,0:00-4:00,14339.2409,0.0000,14339.2409,3584.8102,0.0000
2025-09-30,4:00-8:00,17592.4098,3028.2764,14564.1334,4398.1025,757.0691
2025-09-30,8:00-12:00,25945.4001,25293.2450,652.1552,6486.3500,6323.3112
2025-09-30,12:00-16:00,24738.6930,24650.9482,87.7448,6184.6732,6162.7371
2025-09-30,16:00-20:00,21750.7277,2521.8107,19228.9171,5437.6819,630.4527
2025-09-30,20:00-24:00,16549.9835,0.0000,16549.9835,4137.4959,0.0000
2025-10-01,0:00-4:00,14080.1801,0.0000,14080.1801,3520.0450,0.0000
2025-10-01,4:00-8:00,17345.3528,3652.7903,13692.5625,4336.3382,913.1976
2025-10-01,8:00-12:00,25727.8399,32288.1421,-6560.3023,6431.9600,8072.0355
2025-10-01,12:00-16:00,24671.6078,28788.3430,-4116.7352,6167.9019,7197.0857
2025-10-01,16:00-20:00,20308.4071,2827.6578,17480.7493,5077.1018,706.9144
2025-10-01,20:00-24:00,15085.0671,0.0000,15085.0671,3771.2668,0.0000
2025-10-02,0:00-4:00,14238.4917,0.0000,14238.4917,3559.6229,0.0000
2025-10-02,4:00-8:00,17452.9716,3642.6349,13810.3368,4363.2429,910.6587
2025-10-02,8:00-12:00,25838.4676,29171.8147,-3333.3471,6459.6169,7292.9537
2025-10-02,12:00-16:00,24495.2003,29649.5869,-5154.3866,6123.8001,7412.3967
2025-10-02,16:00-20:00,20341.4277,3036.8902,17304.5376,5085.3569,759.2225
2025-10-02,20:00-24:00,14865.1508,0.0000,14865.1508,3716.2877,0.0000
2025-10-03,0:00-4:00,10167.1290,0.0000,10167.1290,2541.7822,0.0000
2025-10-03,4:00-8:00,11270.8187,3516.0415,7754.7772,2817.7047,879.0104
2025-10-03,8:00-12:00,14545.9316,29106.0956,-14560.1640,3636.4829,7276.5239
2025-10-03,12:00-16:00,14187.0752,28159.0150,-13971.9397,3546.7688,7039.7537
2025-10-03,16:00-20:00,11228.1249,2925.8854,8302.2396,2807.0312,731.4713
2025-10-03,20:00-24:00,10125.1117,0.0000,10125.1117,2531.2779,0.0000
2025-10-04,0:00-4:00,10188.1969,0.0000,10188.1969,2547.0492,0.0000
2025-10-04,4:00-8:00,11789.7771,3260.5567,8529.2204,2947.4443,815.1392
2025-10-04,8:00-12:00,14484.7693,27001.8806,-12517.1113,3621.1923,6750.4702
2025-10-04,12:00-16:00,14126.7621,26449.7591,-12322.9970,3531.6905,6612.4398
2025-10-04,16:00-20:00,11266.2602,2589.2359,8677.0243,2816.5651,647.3090
2025-10-04,20:00-24:00,10541.6492,0.0000,10541.6492,2635.4123,0.0000
2025-10-05,0:00-4:00,14271.6704,0.0000,14271.6704,3567.9176,0.0000
2025-10-05,4:00-8:00,17604.1950,3444.3478,14159.8472,4401.0487,861.0870
2025-10-05,8:00-12:00,25707.3920,28746.3992,-3039.0072,6426.8480,7186.5998
2025-10-05,12:00-16:00,24532.1917,27919.0331,-3386.8414,6133.0479,6979.7583
2025-10-05,16:00-20:00,20264.9069,2758.6797,17506.2271,5066.2267,689.6699
2025-10-05,20:00-24:00,15224.0649,0.0000,15224.0649,3806.0162,0.0000
2025-10-06,0:00-4:00,14151.8713,0.0000,14151.8713,3537.9678,0.0000
2025-10-06,4:00-8:00,17496.3642,3351.2433,14145.1208,4374.0910,837.8108
2025-10-06,8:00-12:00,25915.5356,28084.8602,-2169.3247,6478.8839,7021.2151
2025-10-06,12:00-16:00,24578.2522,26286.1556,-1707.9034,6144.5630,6571.5389
2025-10-06,16:00-20:00,20511.2526,2440.7677,18070.4849,5127.8131,610.1919
2025-10-06,20:00-24:00,15242.8603,0.0000,15242.8603,3810.7151,0.0000
2025-10-07,0:00-4:00,14150.9290,0.0000,14150.9290,3537.7322,0.0000
2025-10-07,4:00-8:00,17405.4875,3134.2087,14271.2787,4351.3719,783.5522
2025-10-07,8:00-12:00,25959.5912,26845.7024,-886.1112,6489.8978,6711.4256
2025-10-07,12:00-16:00,24490.2480,26980.5699,-2490.3219,6122.5620,6745.1425
2025-10-07,16:00-20:00,20274.8641,2625.1346,17649.7295,5068.7160,656.2836
2025-10-07,20:00-24:00,15076.0589,0.0000,15076.0589,3769.0147,0.0000
2025-10-08,0:00-4:00,14145.9694,0.0000,14145.9694,3536.4923,0.0000
2025-10-08,4:00-8:00,17601.4658,2934.3383,14667.1275,4400.3665,733.5846
2025-10-08,8:00-12:00,25697.6077,27842.0509,-2144.4431,6424.4019,6960.5127
2025-10-08,12:00-16:00,24525.8062,27360.7899,-2834.9837,6131.4515,6840.1975
2025-10-08,16:00-20:00,20366.3651,2775.3877,17590.9774,5091.5913,693.8469
2025-10-08,20:00-24:00,15053.8481,0.0000,15053.8481,3763.4620,0.0000
2025-10-09,0:00-4:00,14128.9899,0.0000,14128.9899,3532.2475,0.0000
2025-10-09,4:00-8:00,17507.9490,2873.6378,14634.3113,4376.9873,718.4094
2025-10-09,8:00-12:00,25884.1124,27864.2827,-1980.1703,6471.0281,6966.0707
2025-10-09,12:00-16:00,24424.8701,28378.6823,-3953.8121,6106.2175,7094.6706
2025-10-09,16:00-20:00,20507.8415,2556.4053,17951.4362,5126.9604,639.1013
2025-10-09,20:00-24:00,14979.2268,0.0000,14979.2268,3744.8067,0.0000
2025-10-10,0:00-4:00,10395.4307,0.0000,10395.4307,2598.8577,0.0000
2025-10-10,4:00-8:00,11357.8291,2984.2517,8373.5774,2839.4573,746.0629
2025-10-10,8:00-12:00,14630.9689,28355.8423,-13724.8734,3657.7422,7088.9606
2025-10-10,12:00-16:00,14206.4782,29318.2213,-15111.7431,3551.6195,7329.5553
2025-10-10,16:00-20:00,11351.6987,2369.6040,8982.0947,2837.9247,592.4010
2025-10-10,20:00-24:00,10429.1247,0.0000,10429.1247,2607.2812,0.0000
2025-10-11,0:00-4:00,10214.6767,0.0000,10214.6767,2553.6692,0.0000
2025-10-11,4:00-8:00,11327.4535,2734.1854,8593.2682,2831.8634,683.5463
2025-10-11,8:00-12:00,14514.4515,25873.1654,-11358.7139,3628.6129,6468.2914
2025-10-11,12:00-16:00,13861.4973,26699.0745,-12837.5772,3465.3743,6674.7686
2025-10-11,16:00-20:00,11491.1943,2378.2259,9112.9685,2872.7986,594.5565
2025-10-11,20:00-24:00,10381.6913,0.0000,10381.6913,2595.4228,0.0000
2025-10-12,0:00-4:00,13950.0618,0.0000,13950.0618,3487.5154,0.0000
2025-10-12,4:00-8:00,17431.1072,2887.7034,14543.4038,4357.7768,721.9258
2025-10-12,8:00-12:00,25889.3310,27493.6085,-1604.2775,6472.3328,6873.4021
2025-10-12,12:00-16:00,24627.4219,26433.9191,-1806.4971,6156.8555,6608.4798
2025-10-12,16:00-20:00,20512.5380,2379.1973,18133.3407,5128.1345,594.7993
2025-10-12,20:00-24:00,15298.9243,0.0000,15298.9243,3824.7311,0.0000
2025-10-13,0:00-4:00,13973.6480,0.0000,13973.6480,3493.4120,0.0000
2025-10-13,4:00-8:00,17587.3332,3106.4397,14480.8935,4396.8333,776.6099
2025-10-13,8:00-12:00,25993.8206,28522.8911,-2529.0705,6498.4552,7130.7228
2025-10-13,12:00-16:00,24506.2344,26752.4033,-2246.1689,6126.5586,6688.1008
2025-10-13,16:00-20:00,20484.9691,2268.6245,18216.3446,5121.2423,567.1561
2025-10-13,20:00-24:00,15131.7486,0.0000,15131.7486,3782.9371,0.0000
2025-10-14,0:00-4:00,14152.7946,0.0000,14152.7946,3538.1986,0.0000
2025-10-14,4:00-8:00,17670.8585,2575.1955,15095.6630,4417.7146,643.7989
2025-10-14,8:00-12:00,26038.5594,26429.3059,-390.7464,6509.6399,6607.3265
2025-10-14,12:00-16:00,24497.1776,26164.5784,-1667.4009,6124.2944,6541.1446
2025-10-14,16:00-20:00,20405.5203,2089.3201,18316.2002,5101.3801,522.3300
2025-10-14,20:00-24:00,15267.3188,0.0000,15267.3188,3816.8297,0.0000
2025-10-15,0:00-4:00,14205.1258,0.0000,14205.1258,3551.2815,0.0000
2025-10-15,4:00-8:00,17555.6070,2625.0921,14930.5148,4388.9017,656.2730
2025-10-15,8:00-12:00,25598.9474,25930.1094,-331.1621,6399.7368,6482.5274
2025-10-15,12:00-16:00,24589.1281,24685.1945,-96.0664,6147.2820,6171.2986
2025-10-15,16:00-20:00,20333.3840,2182.0610,18151.3230,5083.3460,545.5152
2025-10-15,20:00-24:00,15060.2885,0.0000,15060.2885,3765.0721,0.0000
2025-10-16,0:00-4:00,14246.3689,0.0000,14246.3689,3561.5922,0.0000
2025-10-16,4:00-8:00,17617.5953,2489.1416,15128.4537,4404.3988,622.2854
2025-10-16,8:00-12:00,25917.5624,26642.3458,-724.7834,6479.3906,6660.5865
2025-10-16,12:00-16:00,24600.2927,23758.7954,841.4973,6150.0732,5939.6989
2025-10-16,16:00-20:00,20523.6299,1876.5205,18647.1094,5130.9075,469.1301
2025-10-16,20:00-24:00,14827.8271,0.0000,14827.8271,3706.9568,0.0000
2025-10-17,0:00-4:00,10262.3311,0.0000,10262.3311,2565.5828,0.0000
2025-10-17,4:00-8:00,11303.7015,2700.5428,8603.1588,2825.9254,675.1357
2025-10-17,8:00-12:00,14674.2118,26297.5841,-11623.3723,3668.5529,6574.3960
2025-10-17,12:00-16:00,13994.5413,24846.4497,-10851.9085,3498.6353,6211.6124
2025-10-17,16:00-20:00,11288.4273,2094.3966,9194.0308,2822.1068,523.5991
2025-10-17,20:00-24:00,10419.9595,0.0000,10419.9595,2604.9899,0.0000
2025-10-18,0:00-4:00,10332.4986,0.0000,10332.4986,2583.1246,0.0000
2025-10-18,4:00-8:00,11296.4325,2667.1688,8629.2637,2824.1081,666.7922
2025-10-18,8:00-12:00,14380.5522,26674.0190,-12293.4668,3595.1380,6668.5048
2025-10-18,12:00-16:00,13984.4211,24335.7017,-10351.2806,3496.1053,6083.9254
2025-10-18,16:00-20:00,11250.1986,1903.2187,9346.9799,2812.5497,475.8047
2025-10-18,20:00-24:00,10412.5985,0.0000,10412.5985,2603.1496,0.0000
2025-10-19,0:00-4:00,14126.7733,0.0000,14126.7733,3531.6933,0.0000
2025-10-19,4:00-8:00,17565.6607,2446.3506,15119.3101,4391.4152,611.5876
2025-10-19,8:00-12:00,25773.8277,26428.0623,-654.2346,6443.4569,6607.0156
2025-10-19,12:00-16:00,24769.0096,23469.2873,1299.7223,6192.2524,5867.3218
2025-10-19,16:00-20:00,20529.2124,1761.8247,18767.3878,5132.3031,440.4562
2025-10-19,20:00-24:00,15226.7637,0.0000,15226.7637,3806.6909,0.0000
2025-10-20,0:00-4:00,14050.4611,0.0000,14050.4611,3512.6153,0.0000
2025-10-20,4:00-8:00,17508.3663,2411.4360,15096.9303,4377.0916,602.8590
2025-10-20,8:00-12:00,25852.4867,24262.6376,1589.8491,6463.1217,6065.6594
2025-10-20,12:00-16:00,24705.9944,24817.4012,-111.4068,6176.4986,6204.3503
2025-10-20,16:00-20:00,20447.6204,1971.0614,18476.5590,5111.9051,492.7653
2025-10-20,20:00-24:00,15338.3897,0.0000,15338.3897,3834.5974,0.0000
2025-10-21,0:00-4:00,14012.6738,0.0000,14012.6738,3503.1684,0.0000
2025-10-21,4:00-8:00,17658.5814,2179.6233,15478.9581,4414.6454,544.9058
2025-10-21,8:00-12:00,25979.4826,23824.1275,2155.3551,6494.8707,5956.0319
2025-10-21,12:00-16:00,24675.0448,23393.4166,1281.6282,6168.7612,5848.3542
2025-10-21,16:00-20:00,20251.9751,1941.1002,18310.8749,5062.9938,485.2751
2025-10-21,20:00-24:00,15223.0912,0.0000,15223.0912,3805.7728,0.0000
2025-10-22,0:00-4:00,14105.1565,0.0000,14105.1565,3526.2891,0.0000
2025-10-22,4:00-8:00,17486.0010,2203.9849,15282.0161,4371.5003,550.9962
2025-10-22,8:00-12:00,25899.4952,23415.8757,2483.6195,6474.8738,5853.9689
2025-10-22,12:00-16:00,24485.4997,24621.0218,-135.5220,6121.3749,6155.2554
2025-10-22,16:00-20:00,20585.5106,1876.2075,18709.3031,5146.3777,469.0519
2025-10-22,20:00-24:00,15110.3234,0.0000,15110.3234,3777.5809,0.0000
2025-10-23,0:00-4:00,14119.2496,0.0000,14119.2496,3529.8124,0.0000
2025-10-23,4:00-8:00,17398.9590,2180.0020,15218.9571,4349.7398,545.0005
2025-10-23,8:00-12:00,25655.5515,25746.9893,-91.4379,6413.8879,6436.7473
2025-10-23,12:00-16:00,24800.3412,24022.9149,777.4263,6200.0853,6005.7287
2025-10-23,16:00-20:00,20374.7940,1882.6123,18492.1817,5093.6985,470.6531
2025-10-23,20:00-24:00,14863.1203,0.0000,14863.1203,3715.7801,0.0000
2025-10-24,0:00-4:00,10212.6610,0.0000,10212.6610,2553.1653,0.0000
2025-10-24,4:00-8:00,11465.2273,2094.7879,9370.4393,2866.3068,523.6970
2025-10-24,8:00-12:00,14597.0712,25635.0137,-11037.9424,3649.2678,6408.7534
2025-10-24,12:00-16:00,13935.9868,24301.6026,-10365.6158,3483.9967,6075.4007
2025-10-24,16:00-20:00,11499.9469,1684.0636,9815.8833,2874.9867,421.0159
2025-10-24,20:00-24:00,10424.6253,0.0000,10424.6253,2606.1563,0.0000
2025-10-25,0:00-4:00,10243.3554,0.0000,10243.3554,2560.8389,0.0000
2025-10-25,4:00-8:00,11262.4505,2321.8859,8940.5646,2815.6126,580.4715
2025-10-25,8:00-12:00,14592.7471,25092.8799,-10500.1328,3648.1868,6273.2200
2025-10-25,12:00-16:00,13988.6238,23563.0643,-9574.4405,3497.1559,5890.7661
2025-10-25,16:00-20:00,11369.4342,1666.5242,9702.9100,2842.3586,416.6311
2025-10-25,20:00-24:00,10586.1760,0.0000,10586.1760,2646.5440,0.0000
2025-10-26,0:00-4:00,14212.9733,0.0000,14212.9733,3553.2433,0.0000
2025-10-26,4:00-8:00,17412.7903,2226.4373,15186.3530,4353.1976,556.6093
2025-10-26,8:00-12:00,25784.0361,25184.5219,599.5142,6446.0090,6296.1305
2025-10-26,12:00-16:00,24530.0694,23700.9641,829.1054,6132.5174,5925.2410
2025-10-26,16:00-20:00,20393.5320,1766.1091,18627.4229,5098.3830,441.5273
2025-10-26,20:00-24:00,15088.9432,0.0000,15088.9432,3772.2358,0.0000
2025-10-27,0:00-4:00,14047.7190,0.0000,14047.7190,3511.9297,0.0000
2025-10-27,4:00-8:00,17509.7203,2032.6841,15477.0362,4377.4301,508.1710
2025-10-27,8:00-12:00,25983.5309,27131.1074,-1147.5765,6495.8827,6782.7768
2025-10-27,12:00-16:00,24630.0442,23611.9199,1018.1243,6157.5110,5902.9800
2025-10-27,16:00-20:00,20447.4370,1462.2713,18985.1657,5111.8592,365.5678
2025-10-27,20:00-24:00,15172.1130,0.0000,15172.1130,3793.0283,0.0000
2025-10-28,0:00-4:00,14218.9128,0.0000,14218.9128,3554.7282,0.0000
2025-10-28,4:00-8:00,17451.5787,1919.4021,15532.1766,4362.8947,479.8505
2025-10-28,8:00-12:00,25696.6235,24855.5605,841.0630,6424.1559,6213.8901
2025-10-28,12:00-16:00,24746.8187,23180.0125,1566.8062,6186.7047,5795.0031
2025-10-28,16:00-20:00,20307.0757,1586.7480,18720.3277,5076.7689,396.6870
2025-10-28,20:00-24:00,15093.1354,0.0000,15093.1354,3773.2838,0.0000
2025-10-29,0:00-4:00,13907.2640,0.0000,13907.2640,3476.8160,0.0000
2025-10-29,4:00-8:00,17507.1888,1944.0670,15563.1217,4376.7972,486.0168
2025-10-29,8:00-12:00,25918.2296,22307.1924,3611.0372,6479.5574,5576.7981
2025-10-29,12:00-16:00,24667.5016,22520.9906,2146.5110,6166.8754,5630.2476
2025-10-29,16:00-20:00,20548.2458,1637.1077,18911.1381,5137.0615,409.2769
2025-10-29,20:00-24:00,15173.1848,0.0000,15173.1848,3793.2962,0.0000
2025-10-30,0:00-4:00,14031.3310,0.0000,14031.3310,3507.8328,0.0000
2025-10-30,4:00-8:00,17328.8444,1852.0753,15476.7691,4332.2111,463.0188
2025-10-30,8:00-12:00,25568.9596,25164.9394,404.0202,6392.2399,6291.2349
2025-10-30,12:00-16:00,24617.5047,23672.4615,945.0432,6154.3762,5918.1154
2025-10-30,16:00-20:00,20394.7790,1438.7767,18956.0022,5098.6947,359.6942
2025-10-30,20:00-24:00,14974.6518,0.0000,14974.6518,3743.6630,0.0000
2025-10-31,0:00-4:00,10240.0883,0.0000,10240.0883,2560.0221,0.0000
2025-10-31,4:00-8:00,11428.2079,1898.7084,9529.4995,2857.0520,474.6771
2025-10-31,8:00-12:00,14586.6650,23051.4222,-8464.7572,3646.6662,5762.8556
2025-10-31,12:00-16:00,13908.9772,21580.0747,-7671.0976,3477.2443,5395.0187
2025-10-31,16:00-20:00,11388.8538,1314.4916,10074.3622,2847.2134,328.6229
2025-10-31,20:00-24:00,10196.1968,0.0000,10196.1968,2549.0492,0.0000
2025-11-01,0:00-4:00,10361.2470,0.0000,10361.2470,2590.3117,0.0000
2025-11-01,4:00-8:00,11286.1165,1898.7731,9387.3434,2821.5291,474.6933
2025-11-01,8:00-12:00,14743.5944,24221.4509,-9477.8565,3685.8986,6055.3627
2025-11-01,12:00-16:00,13936.9870,21903.0798,-7966.0928,3484.2467,5475.7700
2025-11-01,16:00-20:00,11185.3716,1406.8673,9778.5043,2796.3429,351.7168
2025-11-01,20:00-24:00,10460.8930,0.0000,10460.8930,2615.2232,0.0000
2025-11-02,0:00-4:00,14229.9093,0.0000,14229.9093,3557.4773,0.0000
2025-11-02,4:00-8:00,17618.7549,1781.0203,15837.7345,4404.6887,445.2551
2025-11-02,8:00-12:00,25820.5096,23501.4409,2319.0688,6455.1274,5875.3602
2025-11-02,12:00-16:00,24553.3095,22284.3770,2268.9325,6138.3274,5571.0942
2025-11-02,16:00-20:00,20544.6864,1480.0142,19064.6722,5136.1716,370.0035
2025-11-02,20:00-24:00,15076.0667,0.0000,15076.0667,3769.0167,0.0000
2025-11-03,0:00-4:00,14203.6989,0.0000,14203.6989,3550.9247,0.0000
2025-11-03,4:00-8:00,17476.9659,1911.1447,15565.8211,4369.2415,477.7862
2025-11-03,8:00-12:00,25904.2005,22862.8326,3041.3679,6476.0501,5715.7081
2025-11-03,12:00-16:00,24667.4511,22160.0099,2507.4412,6166.8628,5540.0025
2025-11-03,16:00-20:00,20473.5567,1369.9975,19103.5593,5118.3892,342.4994
2025-11-03,20:00-24:00,15083.0419,0.0000,15083.0419,3770.7605,0.0000
2025-11-04,0:00-4:00,14072.9560,0.0000,14072.9560,3518.2390,0.0000
2025-11-04,4:00-8:00,17632.8059,1795.4242,15837.3817,4408.2015,448.8560
2025-11-04,8:00-12:00,25422.4901,23207.0152,2215.4749,6355.6225,5801.7538
2025-11-04,12:00-16:00,24548.6785,23489.1635,1059.5150,6137.1696,5872.2909
2025-11-04,16:00-20:00,20566.3103,1324.9358,19241.3745,5141.5776,331.2340
2025-11-04,20:00-24:00,15153.3699,0.0000,15153.3699,3788.3425,0.0000
2025-11-05,0:00-4:00,14166.9852,0.0000,14166.9852,3541.7463,0.0000
2025-11-05,4:00-8:00,17715.5532,1740.8459,15974.7073,4428.8883,435.2115
2025-11-05,8:00-12:00,25792.8164,22825.6056,2967.2108,6448.2041,5706.4014
2025-11-05,12:00-16:00,24609.3120,22288.3629,2320.9491,6152.3280,5572.0907
2025-11-05,16:00-20:00,20440.9636,1231.5730,19209.3905,5110.2409,307.8933
2025-11-05,20:00-24:00,15038.7771,0.0000,15038.7771,3759.6943,0.0000
2025-11-06,0:00-4:00,14183.3678,0.0000,14183.3678,3545.8420,0.0000
2025-11-06,4:00-8:00,17550.6588,1491.4165,16059.2423,4387.6647,372.8541
2025-11-06,8:00-12:00,25800.8622,21080.3829,4720.4793,6450.2156,5270.0957
2025-11-06,12:00-16:00,24628.5914,22453.6102,2174.9812,6157.1479,5613.4025
2025-11-06,16:00-20:00,20368.1373,1318.0999,19050.0373,5092.0343,329.5250
2025-11-06,20:00-24:00,15181.4766,0.0000,15181.4766,3795.3692,0.0000
2025-11-07,0:00-4:00,10470.4813,0.0000,10470.4813,2617.6203,0.0000
2025-11-07,4:00-8:00,11425.5118,1461.6213,9963.8905,2856.3780,365.4053
2025-11-07,8:00-12:00,14620.6722,21817.3543,-7196.6821,3655.1681,5454.3386
2025-11-07,12:00-16:00,14056.3524,24206.4535,-10150.1011,3514.0881,6051.6134
2025-11-07,16:00-20:00,11404.2611,1408.4878,9995.7733,2851.0653,352.1220
2025-11-07,20:00-24:00,10235.0999,0.0000,10235.0999,2558.7750,0.0000
2025-11-08,0:00-4:00,10282.0643,0.0000,10282.0643,2570.5161,0.0000
2025-11-08,4:00-8:00,11385.7086,1775.4690,9610.2396,2846.4271,443.8673
2025-11-08,8:00-12:00,14609.6597,22561.8733,-7952.2136,3652.4149,5640.4683
2025-11-08,12:00-16:00,14133.3569,22661.5687,-8528.2118,3533.3392,5665.3922
2025-11-08,16:00-20:00,11279.9182,1244.7488,10035.1695,2819.9796,311.1872
2025-11-08,20:00-24:00,10344.1590,0.0000,10344.1590,2586.0398,0.0000
2025-11-09,0:00-4:00,14147.8073,0.0000,14147.8073,3536.9518,0.0000
2025-11-09,4:00-8:00,17424.8838,1521.4669,15903.4168,4356.2209,380.3667
2025-11-09,8:00-12:00,25877.9236,22455.0796,3422.8440,6469.4809,5613.7699
2025-11-09,12:00-16:00,24750.0211,21291.4890,3458.5320,6187.5053,5322.8723
2025-11-09,16:00-20:00,20578.7087,1262.8174,19315.8912,5144.6772,315.7044
2025-11-09,20:00-24:00,15098.3257,0.0000,15098.3257,3774.5814,0.0000
2025-11-10,0:00-4:00,14066.2601,0.0000,14066.2601,3516.5650,0.0000
2025-11-10,4:00-8:00,17615.3192,1355.9063,16259.4129,4403.8298,338.9766
2025-11-10,8:00-12:00,26168.0806,21395.1231,4772.9575,6542.0202,5348.7808
2025-11-10,12:00-16:00,24714.9894,20751.0909,3963.8986,6178.7474,5187.7727
2025-11-10,16:00-20:00,20727.3126,1059.5394,19667.7732,5181.8282,264.8849
2025-11-10,20:00-24:00,15128.1407,0.0000,15128.1407,3782.0352,0.0000
2025-11-11,0:00-4:00,14086.6933,0.0000,14086.6933,3521.6733,0.0000
2025-11-11,4:00-8:00,17575.1710,1478.5324,16096.6386,4393.7927,369.6331
2025-11-11,8:00-12:00,25882.0882,22152.8208,3729.2674,6470.5220,5538.2052
2025-11-11,12:00-16:00,24679.0545,21619.4319,3059.6226,6169.7636,5404.8580
2025-11-11,16:00-20:00,20537.0652,1148.0627,19389.0025,5134.2663,287.0157
2025-11-11,20:00-24:00,15197.7953,0.0000,15197.7953,3799.4488,0.0000
2025-11-12,0:00-4:00,13969.1472,0.0000,13969.1472,3492.2868,0.0000
2025-11-12,4:00-8:00,17580.4400,1506.1092,16074.3308,4395.1100,376.5273
2025-11-12,8:00-12:00,25856.5861,21965.1414,3891.4447,6464.1465,5491.2853
2025-11-12,12:00-16:00,24526.5008,21913.3773,2613.1235,6131.6252,5478.3443
2025-11-12,16:00-20:00,20441.5166,1076.0982,19365.4184,5110.3791,269.0246
2025-11-12,20:00-24:00,15042.5231,0.0000,15042.5231,3760.6308,0.0000
2025-11-13,0:00-4:00,14168.9431,0.0000,14168.9431,3542.2358,0.0000
2025-11-13,4:00-8:00,17594.7827,1538.4991,16056.2836,4398.6957,384.6248
2025-11-13,8:00-12:00,25822.7003,22604.8784,3217.8219,6455.6751,5651.2196
2025-11-13,12:00-16:00,24659.0665,20140.6062,4518.4603,6164.7666,5035.1515
2025-11-13,16:00-20:00,20615.4279,1100.2523,19515.1756,5153.8570,275.0631
2025-11-13,20:00-24:00,14919.1868,0.0000,14919.1868,3729.7967,0.0000
2025-11-14,0:00-4:00,10419.1588,0.0000,10419.1588,2604.7897,0.0000
2025-11-14,4:00-8:00,11264.4148,1428.0644,9836.3504,2816.1037,357.0161
2025-11-14,8:00-12:00,14494.4537,21441.5866,-6947.1330,3623.6134,5360.3967
2025-11-14,12:00-16:00,14129.8614,20287.0627,-6157.2013,3532.4653,5071.7657
2025-11-14,16:00-20:00,11372.0252,982.7240,10389.3011,2843.0063,245.6810
2025-11-14,20:00-24:00,10057.9792,0.0000,10057.9792,2514.4948,0.0000
2025-11-15,0:00-4:00,10400.2600,0.0000,10400.2600,2600.0650,0.0000
2025-11-15,4:00-8:00,11499.1296,1345.7700,10153.3595,2874.7824,336.4425
2025-11-15,8:00-12:00,14652.6202,21215.5237,-6562.9035,3663.1551,5303.8809
2025-11-15,12:00-16:00,14323.5391,20645.0474,-6321.5083,3580.8848,5161.2619
2025-11-15,16:00-20:00,11229.7003,1048.7488,10180.9515,2807.4251,262.1872
2025-11-15,20:00-24:00,10361.7275,0.0000,10361.7275,2590.4319,0.0000
2025-11-16,0:00-4:00,13990.3214,0.0000,13990.3214,3497.5804,0.0000
2025-11-16,4:00-8:00,17625.3786,1394.1309,16231.2478,4406.3447,348.5327
2025-11-16,8:00-12:00,26125.7722,20436.8301,5688.9421,6531.4431,5109.2075
2025-11-16,12:00-16:00,24690.0837,21050.5788,3639.5048,6172.5209,5262.6447
2025-11-16,16:00-20:00,20715.2223,1044.1860,19671.0363,5178.8056,261.0465
2025-11-16,20:00-24:00,15213.4919,0.0000,15213.4919,3803.3730,0.0000
2025-11-17,0:00-4:00,14079.7910,0.0000,14079.7910,3519.9478,0.0000
2025-11-17,4:00-8:00,17380.2422,1239.8949,16140.3473,4345.0605,309.9737
2025-11-17,8:00-12:00,25865.0575,20996.4947,4868.5629,6466.2644,5249.1237
2025-11-17,12:00-16:00,24498.2415,21347.5801,3150.6613,6124.5604,5336.8950
2025-11-17,16:00-20:00,20449.2050,989.9866,19459.2184,5112.3012,247.4967
2025-11-17,20:00-24:00,14997.1735,0.0000,14997.1735,3749.2934,0.0000
2025-11-18,0:00-4:00,14084.0923,0.0000,14084.0923,3521.0231,0.0000
2025-11-18,4:00-8:00,17474.3116,1401.7414,16072.5703,4368.5779,350.4353
2025-11-18,8:00-12:00,25970.3758,21278.2274,4692.1484,6492.5940,5319.5569
2025-11-18,12:00-16:00,24653.2219,19228.9379,5424.2840,6163.3055,4807.2345
2025-11-18,16:00-20:00,20460.0475,984.2279,19475.8195,5115.0119,246.0570
2025-11-18,20:00-24:00,15141.6373,0.0000,15141.6373,3785.4093,0.0000
2025-11-19,0:00-4:00,14289.1170,0.0000,14289.1170,3572.2792,0.0000
2025-11-19,4:00-8:00,17605.2543,1262.2355,16343.0188,4401.3136,315.5589
2025-11-19,8:00-12:00,25937.1185,19940.3325,5996.7860,6484.2796,4985.0831
2025-11-19,12:00-16:00,24641.1981,20644.3348,3996.8633,6160.2995,5161.0837
2025-11-19,16:00-20:00,20404.0770,964.4869,19439.5901,5101.0193,241.1217
2025-11-19,20:00-24:00,15302.9365,0.0000,15302.9365,3825.7341,0.0000
2025-11-20,0:00-4:00,14146.6518,0.0000,14146.6518,3536.6630,0.0000
2025-11-20,4:00-8:00,17470.9836,1359.2050,16111.7786,4367.7459,339.8013
2025-11-20,8:00-12:00,25971.1914,21513.2918,4457.8996,6492.7979,5378.3230
2025-11-20,12:00-16:00,24695.2921,19222.8226,5472.4695,6173.8230,4805.7056
2025-11-20,16:00-20:00,20542.5716,958.0618,19584.5098,5135.6429,239.5154
2025-11-20,20:00-24:00,15019.7666,0.0000,15019.7666,3754.9417,0.0000
2025-11-21,0:00-4:00,10671.6198,0.0000,10671.6198,2667.9050,0.0000
2025-11-21,4:00-8:00,11445.1027,1206.1921,10238.9106,2861.2757,301.5480
2025-11-21,8:00-12:00,14478.3003,21117.4213,-6639.1210,3619.5751,5279.3553
2025-11-21,12:00-16:00,14043.5376,19895.4441,-5851.9064,3510.8844,4973.8610
2025-11-21,16:00-20:00,11184.7729,915.7355,10269.0374,2796.1932,228.9339
2025-11-21,20:00-24:00,10175.8437,0.0000,10175.8437,2543.9609,0.0000
2025-11-22,0:00-4:00,10457.5603,0.0000,10457.5603,2614.3901,0.0000
2025-11-22,4:00-8:00,11617.9635,1186.4947,10431.4688,2904.4909,296.6237
2025-11-22,8:00-12:00,14685.2407,20064.4266,-5379.1859,3671.3102,5016.1067
2025-11-22,12:00-16:00,13951.6977,20196.6274,-6244.9297,3487.9244,5049.1568
2025-11-22,16:00-20:00,11401.0263,882.5319,10518.4944,2850.2566,220.6330
2025-11-22,20:00-24:00,10436.4216,0.0000,10436.4216,2609.1054,0.0000
2025-11-23,0:00-4:00,14075.1686,0.0000,14075.1686,3518.7921,0.0000
2025-11-23,4:00-8:00,17665.5457,1066.0448,16599.5009,4416.3864,266.5112
2025-11-23,8:00-12:00,25857.6875,19098.0485,6759.6390,6464.4219,4774.5121
2025-11-23,12:00-16:00,24444.2015,21418.5614,3025.6400,6111.0504,5354.6404
2025-11-23,16:00-20:00,20587.3501,967.9412,19619.4089,5146.8375,241.9853
2025-11-23,20:00-24:00,15152.7388,0.0000,15152.7388,3788.1847,0.0000
2025-11-24,0:00-4:00,14154.0137,0.0000,14154.0137,3538.5034,0.0000
2025-11-24,4:00-8:00,17539.3634,1231.0915,16308.2719,4384.8408,307.7729
2025-11-24,8:00-12:00,25920.3771,21821.0724,4099.3047,6480.0943,5455.2681
2025-11-24,12:00-16:00,24597.7782,19904.0461,4693.7321,6149.4445,4976.0115
2025-11-24,16:00-20:00,20380.9155,857.5341,19523.3814,5095.2289,214.3835
2025-11-24,20:00-24:00,15383.2399,0.0000,15383.2399,3845.8100,0.0000
2025-11-25,0:00-4:00,14159.0770,0.0000,14159.0770,3539.7692,0.0000
2025-11-25,4:00-8:00,17478.6696,1110.7281,16367.9415,4369.6674,277.6820
2025-11-25,8:00-12:00,25757.9774,19442.6705,6315.3069,6439.4943,4860.6676
2025-11-25,12:00-16:00,24665.0418,20145.6583,4519.3835,6166.2605,5036.4146
2025-11-25,16:00-20:00,20372.7303,814.6748,19558.0555,5093.1826,203.6687
2025-11-25,20:00-24:00,15248.8961,0.0000,15248.8961,3812.2240,0.0000
2025-11-26,0:00-4:00,13942.9985,0.0000,13942.9985,3485.7496,0.0000
2025-11-26,4:00-8:00,17573.2121,1162.5637,16410.6484,4393.3030,290.6409
2025-11-26,8:00-12:00,26094.5072,19754.6372,6339.8700,6523.6268,4938.6593
2025-11-26,12:00-16:00,24733.2272,19179.5920,5553.6352,6183.3068,4794.8980
2025-11-26,16:00-20:00,20292.1652,831.9769,19460.1882,5073.0413,207.9942
2025-11-26,20:00-24:00,15050.3265,0.0000,15050.3265,3762.5816,0.0000
2025-11-27,0:00-4:00,13984.1313,0.0000,13984.1313,3496.0328,0.0000
2025-11-27,4:00-8:00,17579.8521,1126.9245,16452.9276,4394.9630,281.7311
2025-11-27,8:00-12:00,25869.3644,20589.6278,5279.7366,6467.3411,5147.4070
2025-11-27,12:00-16:00,24465.8840,19007.7268,5458.1572,6116.4710,4751.9317
2025-11-27,16:00-20:00,20406.9601,692.9698,19713.9903,5101.7400,173.2424
2025-11-27,20:00-24:00,14891.9497,0.0000,14891.9497,3722.9874,0.0000
2025-11-28,0:00-4:00,10372.5283,0.0000,10372.5283,2593.1321,0.0000
2025-11-28,4:00-8:00,11562.0607,1024.3503,10537.7104,2890.5152,256.0876
2025-11-28,8:00-12:00,14600.0242,19526.0611,-4926.0369,3650.0061,4881.5153
2025-11-28,12:00-16:00,14223.5399,19922.2257,-5698.6858,3555.8850,4980.5564
2025-11-28,16:00-20:00,11493.8061,845.1456,10648.6604,2873.4515,211.2864
2025-11-28,20:00-24:00,9987.0621,0.0000,9987.0621,2496.7655,0.0000
2025-11-29,0:00-4:00,10244.7261,0.0000,10244.7261,2561.1815,0.0000
2025-11-29,4:00-8:00,11552.4720,1001.3523,10551.1198,2888.1180,250.3381
2025-11-29,8:00-12:00,14627.5642,18409.6768,-3782.1126,3656.8911,4602.4192
2025-11-29,12:00-16:00,14150.9338,17036.9846,-2886.0508,3537.7334,4259.2461
2025-11-29,16:00-20:00,11043.3161,778.7361,10264.5799,2760.8290,194.6840
2025-11-29,20:00-24:00,10537.1877,0.0000,10537.1877,2634.2969,0.0000
2025-11-30,0:00-4:00,14034.2577,0.0000,14034.2577,3508.5644,0.0000
2025-11-30,4:00-8:00,17598.1726,1034.0774,16564.0952,4399.5431,258.5193
2025-11-30,8:00-12:00,25966.2969,18418.2677,7548.0293,6491.5742,4604.5669
2025-11-30,12:00-16:00,24682.8364,17590.7465,7092.0898,6170.7091,4397.6866
2025-11-30,16:00-20:00,20492.4516,720.9148,19771.5368,5123.1129,180.2287
2025-11-30,20:00-24:00,15234.8193,0.0000,15234.8193,3808.7048,0.0000
2025-12-01,0:00-4:00,15399.2135,0.0000,15399.2135,3849.8034,0.0000
2025-12-01,4:00-8:00,19938.9222,1026.6371,18912.2852,4984.7306,256.6593
2025-12-01,8:00-12:00,28264.5730,19500.2012,8764.3718,7066.1432,4875.0503
2025-12-01,12:00-16:00,25748.1453,17755.5659,7992.5794,6437.0363,4438.8915
2025-12-01,16:00-20:00,20525.4010,710.0598,19815.3412,5131.3503,177.5149
2025-12-01,20:00-24:00,15415.1366,0.0000,15415.1366,3853.7841,0.0000
2025-12-02,0:00-4:00,15400.7019,0.0000,15400.7019,3850.1755,0.0000
2025-12-02,4:00-8:00,19773.8535,932.8960,18840.9575,4943.4634,233.2240
2025-12-02,8:00-12:00,27957.3298,17524.7253,10432.6045,6989.3325,4381.1813
2025-12-02,12:00-16:00,25945.6890,17651.1091,8294.5799,6486.4222,4412.7773
2025-12-02,16:00-20:00,20873.6379,654.0832,20219.5547,5218.4095,163.5208
2025-12-02,20:00-24:00,15449.4115,0.0000,15449.4115,3862.3529,0.0000
2025-12-03,0:00-4:00,15264.8165,0.0000,15264.8165,3816.2041,0.0000
2025-12-03,4:00-8:00,19683.8432,934.6142,18749.2289,4920.9608,233.6536
2025-12-03,8:00-12:00,27925.4345,18939.4069,8986.0276,6981.3586,4734.8517
2025-12-03,12:00-16:00,25883.0693,16934.0139,8949.0554,6470.7673,4233.5035
2025-12-03,16:00-20:00,20384.7078,652.1475,19732.5602,5096.1769,163.0369
2025-12-03,20:00-24:00,15481.0599,0.0000,15481.0599,3870.2650,0.0000
2025-12-04,0:00-4:00,15413.6327,0.0000,15413.6327,3853.4082,0.0000
2025-12-04,4:00-8:00,19819.7302,934.6772,18885.0530,4954.9326,233.6693
2025-12-04,8:00-12:00,28224.4516,18492.7196,9731.7320,7056.1129,4623.1799
2025-12-04,12:00-16:00,25749.8645,18479.4545,7270.4100,6437.4661,4619.8636
2025-12-04,16:00-20:00,20855.2984,658.1909,20197.1075,5213.8246,164.5477
2025-12-04,20:00-24:00,15273.2735,0.0000,15273.2735,3818.3184,0.0000
2025-12-05,0:00-4:00,11424.0496,0.0000,11424.0496,2856.0124,0.0000
2025-12-05,4:00-8:00,13542.7011,852.5957,12690.1053,3385.6753,213.1489
2025-12-05,8:00-12:00,16659.4767,18711.8120,-2052.3353,4164.8692,4677.9530
2025-12-05,12:00-16:00,15266.9888,17293.7010,-2026.7123,3816.7472,4323.4253
2025-12-05,16:00-20:00,11634.0775,698.3346,10935.7428,2908.5194,174.5837
2025-12-05,20:00-24:00,10340.7775,0.0000,10340.7775,2585.1944,0.0000
2025-12-06,0:00-4:00,11649.1164,0.0000,11649.1164,2912.2791,0.0000
2025-12-06,4:00-8:00,13535.5934,899.7316,12635.8618,3383.8983,224.9329
2025-12-06,8:00-12:00,16783.1848,16884.8853,-101.7005,4195.7962,4221.2213
2025-12-06,12:00-16:00,15202.0437,17419.4641,-2217.4204,3800.5109,4354.8660
2025-12-06,16:00-20:00,11589.9573,602.1093,10987.8480,2897.4893,150.5273
2025-12-06,20:00-24:00,10710.9255,0.0000,10710.9255,2677.7314,0.0000
2025-12-07,0:00-4:00,15360.7556,0.0000,15360.7556,3840.1889,0.0000
2025-12-07,4:00-8:00,19642.1309,949.1611,18692.9698,4910.5327,237.2903
2025-12-07,8:00-12:00,27966.7865,18851.2652,9115.5213,6991.6966,4712.8163
2025-12-07,12:00-16:00,25734.5929,17034.3317,8700.2613,6433.6482,4258.5829
2025-12-07,16:00-20:00,20870.6791,580.0237,20290.6553,5217.6698,145.0059
2025-12-07,20:00-24:00,15492.5179,0.0000,15492.5179,3873.1295,0.0000
2025-12-08,0:00-4:00,15239.0473,0.0000,15239.0473,3809.7618,0.0000
2025-12-08,4:00-8:00,19706.4322,939.6819,18766.7503,4926.6080,234.9205
2025-12-08,8:00-12:00,28026.0246,18609.4301,9416.5945,7006.5062,4652.3575
2025-12-08,12:00-16:00,25600.0686,16391.3525,9208.7161,6400.0171,4097.8381
2025-12-08,16:00-20:00,20589.6669,622.6784,19966.9885,5147.4167,155.6696
2025-12-08,20:00-24:00,15249.1144,0.0000,15249.1144,3812.2786,0.0000
2025-12-09,0:00-4:00,15244.3535,0.0000,15244.3535,3811.0884,0.0000
2025-12-09,4:00-8:00,19705.7945,850.7422,18855.0523,4926.4486,212.6856
2025-12-09,8:00-12:00,27864.4260,18868.6472,8995.7788,6966.1065,4717.1618
2025-12-09,12:00-16:00,25618.2938,16977.3097,8640.9841,6404.5735,4244.3274
2025-12-09,16:00-20:00,20920.7198,609.5277,20311.1922,5230.1800,152.3819
2025-12-09,20:00-24:00,15341.0934,0.0000,15341.0934,3835.2733,0.0000
2025-12-10,0:00-4:00,15156.2695,0.0000,15156.2695,3789.0674,0.0000
2025-12-10,4:00-8:00,19772.4789,964.4720,18808.0069,4943.1197,241.1180
2025-12-10,8:00-12:00,27845.8427,18498.4835,9347.3592,6961.4607,4624.6209
2025-12-10,12:00-16:00,25627.7560,15978.3946,9649.3615,6406.9390,3994.5986
2025-12-10,16:00-20:00,20612.5042,549.7959,20062.7083,5153.1261,137.4490
2025-12-10,20:00-24:00,15363.9131,0.0000,15363.9131,3840.9783,0.0000
2025-12-11,0:00-4:00,15160.5105,0.0000,15160.5105,3790.1276,0.0000
2025-12-11,4:00-8:00,19297.3315,900.8734,18396.4581,4824.3329,225.2183
2025-12-11,8:00-12:00,27832.9414,18159.1921,9673.7493,6958.2354,4539.7980
2025-12-11,12:00-16:00,25714.5484,18117.1177,7597.4307,6428.6371,4529.2794
2025-12-11,16:00-20:00,20637.7651,649.3610,19988.4041,5159.4413,162.3403
2025-12-11,20:00-24:00,15144.7019,0.0000,15144.7019,3786.1755,0.0000
2025-12-12,0:00-4:00,11347.2243,0.0000,11347.2243,2836.8061,0.0000
2025-12-12,4:00-8:00,13527.3669,822.0159,12705.3510,3381.8417,205.5040
2025-12-12,8:00-12:00,16618.6110,17218.2850,-599.6740,4154.6528,4304.5713
2025-12-12,12:00-16:00,15341.5969,16278.8622,-937.2653,3835.3992,4069.7156
2025-12-12,16:00-20:00,11411.0589,628.1271,10782.9318,2852.7647,157.0318
2025-12-12,20:00-24:00,10415.8456,0.0000,10415.8456,2603.9614,0.0000
2025-12-13,0:00-4:00,11572.6887,0.0000,11572.6887,2893.1722,0.0000
2025-12-13,4:00-8:00,13516.7400,832.8725,12683.8675,3379.1850,208.2181
2025-12-13,8:00-12:00,16620.8395,17394.9739,-774.1345,4155.2099,4348.7435
2025-12-13,12:00-16:00,15115.8434,16194.7523,-1078.9089,3778.9608,4048.6881
2025-12-13,16:00-20:00,11389.7745,619.0254,10770.7490,2847.4436,154.7564
2025-12-13,20:00-24:00,10624.2716,0.0000,10624.2716,2656.0679,0.0000
2025-12-14,0:00-4:00,15012.2037,0.0000,15012.2037,3753.0509,0.0000
2025-12-14,4:00-8:00,19522.2064,867.4582,18654.7482,4880.5516,216.8646
2025-12-14,8:00-12:00,28073.8090,17654.8703,10418.9387,7018.4523,4413.7176
2025-12-14,12:00-16:00,25813.5162,16694.2480,9119.2682,6453.3790,4173.5620
2025-12-14,16:00-20:00,20690.9355,527.2875,20163.6480,5172.7339,131.8219
2025-12-14,20:00-24:00,15409.9149,0.0000,15409.9149,3852.4787,0.0000
2025-12-15,0:00-4:00,15279.2538,0.0000,15279.2538,3819.8135,0.0000
2025-12-15,4:00-8:00,19610.3828,828.2470,18782.1358,4902.5957,207.0618
2025-12-15,8:00-12:00,27816.2053,16660.5525,11155.6528,6954.0513,4165.1381
2025-12-15,12:00-16:00,25726.2114,16744.3717,8981.8396,6431.5528,4186.0929
2025-12-15,16:00-20:00,20606.1185,602.4963,20003.6222,5151.5296,150.6241
2025-12-15,20:00-24:00,15267.0537,0.0000,15267.0537,3816.7634,0.0000
2025-12-16,0:00-4:00,15158.4767,0.0000,15158.4767,3789.6192,0.0000
2025-12-16,4:00-8:00,19700.5025,852.4372,18848.0652,4925.1256,213.1093
2025-12-16,8:00-12:00,28128.6181,16953.6307,11174.9874,7032.1545,4238.4077
2025-12-16,12:00-16:00,25542.7892,16828.3567,8714.4324,6385.6973,4207.0892
2025-12-16,16:00-20:00,20705.6524,594.4274,20111.2250,5176.4131,148.6069
2025-12-16,20:00-24:00,15410.9046,0.0000,15410.9046,3852.7261,0.0000
2025-12-17,0:00-4:00,15208.7638,0.0000,15208.7638,3802.1910,0.0000
2025-12-17,4:00-8:00,19828.4020,869.5686,18958.8334,4957.1005,217.3921
2025-12-17,8:00-12:00,27828.9217,17945.8680,9883.0537,6957.2304,4486.4670
2025-12-17,12:00-16:00,25775.6838,16886.0167,8889.6671,6443.9209,4221.5042
2025-12-17,16:00-20:00,20406.0900,573.2543,19832.8357,5101.5225,143.3136
2025-12-17,20:00-24:00,15418.6934,0.0000,15418.6934,3854.6733,0.0000
2025-12-18,0:00-4:00,15308.6656,0.0000,15308.6656,3827.1664,0.0000
2025-12-18,4:00-8:00,19588.5375,894.5766,18693.9609,4897.1344,223.6441
2025-12-18,8:00-12:00,27972.1381,17615.9742,10356.1639,6993.0345,4403.9936
2025-12-18,12:00-16:00,25717.8451,17858.5207,7859.3244,6429.4613,4464.6302
2025-12-18,16:00-20:00,20539.0378,580.0208,19959.0170,5134.7595,145.0052
2025-12-18,20:00-24:00,15189.1350,0.0000,15189.1350,3797.2838,0.0000
2025-12-19,0:00-4:00,11394.7131,0.0000,11394.7131,2848.6783,0.0000
2025-12-19,4:00-8:00,13464.2573,835.2714,12628.9858,3366.0643,208.8179
2025-12-19,8:00-12:00,16416.2799,18076.4805,-1660.2006,4104.0700,4519.1201
2025-12-19,12:00-16:00,15164.9174,16182.0094,-1017.0921,3791.2293,4045.5024
2025-12-19,16:00-20:00,11609.7059,591.1727,11018.5331,2902.4265,147.7932
2025-12-19,20:00-24:00,10543.4519,0.0000,10543.4519,2635.8630,0.0000
2025-12-20,0:00-4:00,11447.4292,0.0000,11447.4292,2861.8573,0.0000
2025-12-20,4:00-8:00,13470.8498,754.5001,12716.3497,3367.7125,188.6250
2025-12-20,8:00-12:00,16489.4976,17552.1745,-1062.6769,4122.3744,4388.0436
2025-12-20,12:00-16:00,15019.2805,16869.7922,-1850.5117,3754.8201,4217.4481
2025-12-20,16:00-20:00,11557.4546,635.7010,10921.7536,2889.3636,158.9253
2025-12-20,20:00-24:00,10684.0084,0.0000,10684.0084,2671.0021,0.0000
2025-12-21,0:00-4:00,15101.4047,0.0000,15101.4047,3775.3512,0.0000
2025-12-21,4:00-8:00,19615.0790,850.5529,18764.5261,4903.7698,212.6382
2025-12-21,8:00-12:00,28195.9663,17179.5258,11016.4406,7048.9916,4294.8814
2025-12-21,12:00-16:00,25565.4122,16734.3849,8831.0273,6391.3530,4183.5962
2025-12-21,16:00-20:00,20735.3922,574.1956,20161.1967,5183.8481,143.5489
2025-12-21,20:00-24:00,15163.1865,0.0000,15163.1865,3790.7966,0.0000
2025-12-22,0:00-4:00,15532.5699,0.0000,15532.5699,3883.1425,0.0000
2025-12-22,4:00-8:00,19579.3591,784.6638,18794.6953,4894.8398,196.1660
2025-12-22,8:00-12:00,27873.4797,17642.1754,10231.3043,6968.3699,4410.5439
2025-12-22,12:00-16:00,25662.6807,16768.5349,8894.1458,6415.6702,4192.1337
2025-12-22,16:00-20:00,20686.7827,585.6525,20101.1302,5171.6957,146.4131
2025-12-22,20:00-24:00,15383.5816,0.0000,15383.5816,3845.8954,0.0000
2025-12-23,0:00-4:00,15205.0847,0.0000,15205.0847,3801.2712,0.0000
2025-12-23,4:00-8:00,19252.3960,896.4459,18355.9502,4813.0990,224.1115
2025-12-23,8:00-12:00,27754.4135,18065.4082,9689.0053,6938.6034,4516.3520
2025-12-23,12:00-16:00,25667.3806,17125.9483,8541.4323,6416.8452,4281.4871
2025-12-23,16:00-20:00,20735.4203,610.7597,20124.6606,5183.8551,152.6899
2025-12-23,20:00-24:00,15341.9595,0.0000,15341.9595,3835.4899,0.0000
2025-12-24,0:00-4:00,15121.4483,0.0000,15121.4483,3780.3621,0.0000
2025-12-24,4:00-8:00,19632.7513,883.7786,18748.9727,4908.1878,220.9447
2025-12-24,8:00-12:00,27651.6429,18080.8524,9570.7905,6912.9107,4520.2131
2025-12-24,12:00-16:00,25592.5676,16534.6576,9057.9100,6398.1419,4133.6644
2025-12-24,16:00-20:00,20639.8178,600.5233,20039.2945,5159.9545,150.1308
2025-12-24,20:00-24:00,15316.1433,0.0000,15316.1433,3829.0358,0.0000
2025-12-25,0:00-4:00,15152.0009,0.0000,15152.0009,3788.0002,0.0000
2025-12-25,4:00-8:00,19659.5833,873.1756,18786.4077,4914.8958,218.2939
2025-12-25,8:00-12:00,27669.1835,17686.6042,9982.5793,6917.2959,4421.6510
2025-12-25,12:00-16:00,25556.0210,16800.4178,8755.6032,6389.0052,4200.1045
2025-12-25,16:00-20:00,20730.6210,617.2118,20113.4093,5182.6553,154.3029
2025-12-25,20:00-24:00,15022.4481,0.0000,15022.4481,3755.6120,0.0000
2025-12-26,0:00-4:00,11492.7073,0.0000,11492.7073,2873.1768,0.0000
2025-12-26,4:00-8:00,13488.2900,804.5117,12683.7783,3372.0725,201.1279
2025-12-26,8:00-12:00,16445.3873,18140.6635,-1695.2761,4111.3468,4535.1659
2025-12-26,12:00-16:00,15199.6088,15722.3382,-522.7293,3799.9022,3930.5845
2025-12-26,16:00-20:00,11396.4318,595.1719,10801.2599,2849.1079,148.7930
2025-12-26,20:00-24:00,10247.8824,0.0000,10247.8824,2561.9706,0.0000
2025-12-27,0:00-4:00,11291.0402,0.0000,11291.0402,2822.7600,0.0000
2025-12-27,4:00-8:00,13331.4542,876.1010,12455.3532,3332.8635,219.0252
2025-12-27,8:00-12:00,16375.0425,17117.8104,-742.7679,4093.7606,4279.4526
2025-12-27,12:00-16:00,15360.4374,16482.4805,-1122.0432,3840.1093,4120.6201
2025-12-27,16:00-20:00,11561.1376,593.9829,10967.1547,2890.2844,148.4957
2025-12-27,20:00-24:00,10490.0722,0.0000,10490.0722,2622.5180,0.0000
2025-12-28,0:00-4:00,15320.1644,0.0000,15320.1644,3830.0411,0.0000
2025-12-28,4:00-8:00,19452.7134,771.8862,18680.8272,4863.1783,192.9716
2025-12-28,8:00-12:00,27692.5720,17581.9811,10110.5909,6923.1430,4395.4953
2025-12-28,12:00-16:00,25304.6622,17735.7660,7568.8962,6326.1655,4433.9415
2025-12-28,16:00-20:00,20595.1534,612.3817,19982.7717,5148.7883,153.0954
2025-12-28,20:00-24:00,15146.0045,0.0000,15146.0045,3786.5011,0.0000
2025-12-29,0:00-4:00,15254.0524,0.0000,15254.0524,3813.5131,0.0000
2025-12-29,4:00-8:00,19488.3627,927.2403,18561.1224,4872.0907,231.8101
2025-12-29,8:00-12:00,27534.7474,18175.1103,9359.6371,6883.6869,4543.7776
2025-12-29,12:00-16:00,25398.6545,16456.5811,8942.0734,6349.6636,4114.1453
2025-12-29,16:00-20:00,20591.0032,594.6084,19996.3947,5147.7508,148.6521
2025-12-29,20:00-24:00,15410.4861,0.0000,15410.4861,3852.6215,0.0000
2025-12-30,0:00-4:00,15078.9246,0.0000,15078.9246,3769.7312,0.0000
2025-12-30,4:00-8:00,19442.5889,821.1496,18621.4392,4860.6472,205.2874
2025-12-30,8:00-12:00,27748.6442,17647.5345,10101.1097,6937.1610,4411.8836
2025-12-30,12:00-16:00,25414.6934,18255.3706,7159.3228,6353.6734,4563.8427
2025-12-30,16:00-20:00,20564.2271,578.0517,19986.1754,5141.0568,144.5129
2025-12-30,20:00-24:00,15277.4309,0.0000,15277.4309,3819.3577,0.0000
2025-12-31,0:00-4:00,15110.8830,0.0000,15110.8830,3777.7207,0.0000
2025-12-31,4:00-8:00,19439.6248,897.4744,18542.1503,4859.9062,224.3686
2025-12-31,8:00-12:00,27690.7547,16974.4870,10716.2677,6922.6887,4243.6217
2025-12-31,12:00-16:00,25411.4800,16640.0976,8771.3824,6352.8700,4160.0244
2025-12-31,16:00-20:00,20653.1245,633.2231,20019.9014,5163.2811,158.3058
2025-12-31,20:00-24:00,15485.8381,0.0000,15485.8381,3871.4595,0.0000
