发布日期,发布时刻,预见期h,预报值kW,实际值kW,绝对误差kW
2025-01-01,0:00,1,0.0,0.0,0.0
2025-01-01,0:00,2,0.0,0.0,0.0
2025-01-01,0:00,3,0.0,0.0,0.0
2025-01-01,0:00,4,0.0,0.0,0.0
2025-01-01,0:00,5,0.0,0.0,0.0
2025-01-01,0:00,6,0.0,0.0,0.0
2025-01-01,0:00,7,3.1173,3.075,0.042300000000000004
2025-01-01,0:00,8,1603.3305,1592.2875,11.04300000000012
2025-01-01,0:00,9,3409.0929,3350.9625,58.13040000000001
2025-01-01,0:00,10,4871.2875,4836.6375,34.650000000000546
2025-01-01,0:00,11,5785.111,5372.1,413.0109999999995
2025-01-01,0:00,12,5737.1717,5331.7125,405.45920000000024
2025-01-01,0:00,13,6047.3964,5261.8125,785.5838999999996
2025-01-01,0:00,14,4687.1165,4478.625,208.4915000000001
2025-01-01,0:00,15,3572.6529,3327.3375,245.31539999999995
2025-01-01,0:00,16,1629.9964,1525.8,104.19640000000004
2025-01-01,0:00,17,3.1956,2.9625,0.2331000000000003
2025-01-01,0:00,18,0.0,0.0,0.0
2025-01-01,0:00,19,0.0,0.0,0.0
2025-01-01,0:00,20,0.0,0.0,0.0
2025-01-01,0:00,21,0.0,0.0,0.0
2025-01-01,0:00,22,0.0,0.0,0.0
2025-01-01,0:00,23,0.0,0.0,0.0
2025-01-01,0:00,24,0.0,0.0,0.0
2025-01-01,6:00,1,3.0919,3.075,0.016899999999999693
2025-01-01,6:00,2,1588.7839,1592.2875,3.503600000000006
2025-01-01,6:00,3,3297.9893,3350.9625,52.973199999999906
2025-01-01,6:00,4,4692.2274,4836.6375,144.41010000000006
2025-01-01,6:00,5,5220.3894,5372.1,151.71060000000034
2025-01-01,6:00,6,5078.6992,5331.7125,253.01329999999962
2025-01-01,6:00,7,5314.2003,5261.8125,52.387800000000425
2025-01-01,6:00,8,4833.7142,4478.625,355.08920000000035
2025-01-01,6:00,9,3588.0375,3327.3375,260.6999999999998
2025-01-01,6:00,10,1660.0369,1525.8,134.2369000000001
2025-01-01,6:00,11,3.0359,2.9625,0.07339999999999991
2025-01-01,6:00,12,0.0,0.0,0.0
2025-01-01,6:00,13,0.0,0.0,0.0
2025-01-01,6:00,14,0.0,0.0,0.0
2025-01-01,6:00,15,0.0,0.0,0.0
2025-01-01,6:00,16,0.0,0.0,0.0
2025-01-01,6:00,17,0.0,0.0,0.0
2025-01-01,6:00,18,0.0,0.0,0.0
2025-01-01,12:00,1,5330.4298,5261.8125,68.61729999999989
2025-01-01,12:00,2,4549.2579,4478.625,70.63289999999961
2025-01-01,12:00,3,3365.5312,3327.3375,38.19369999999981
2025-01-01,12:00,4,1504.2156,1525.8,21.58439999999996
2025-01-01,12:00,5,2.8622,2.9625,0.10029999999999983
2025-01-01,12:00,6,0.0,0.0,0.0
2025-01-01,12:00,7,0.0,0.0,0.0
2025-01-01,12:00,8,0.0,0.0,0.0
2025-01-01,12:00,9,0.0,0.0,0.0
2025-01-01,12:00,10,0.0,0.0,0.0
2025-01-01,12:00,11,0.0,0.0,0.0
2025-01-01,12:00,12,0.0,0.0,0.0
2025-01-01,18:00,1,0.0,0.0,0.0
2025-01-01,18:00,2,0.0,0.0,0.0
2025-01-01,18:00,3,0.0,0.0,0.0
2025-01-01,18:00,4,0.0,0.0,0.0
2025-01-01,18:00,5,0.0,0.0,0.0
2025-01-01,18:00,6,0.0,0.0,0.0
2025-01-02,0:00,1,0.0,0.0,0.0
2025-01-02,0:00,2,0.0,0.0,0.0
2025-01-02,0:00,3,0.0,0.0,0.0
2025-01-02,0:00,4,0.0,0.0,0.0
2025-01-02,0:00,5,0.0,0.0,0.0
2025-01-02,0:00,6,0.0,0.0,0.0
2025-01-02,0:00,7,6.3604,6.6375,0.2770999999999999
2025-01-02,0:00,8,1424.7328,1536.3375,111.6047000000001
2025-01-02,0:00,9,2844.2052,3267.2625,423.05729999999994
2025-01-02,0:00,10,3600.2106,4356.1125,755.9019000000003
2025-01-02,0:00,11,4746.2786,5277.5625,531.2839000000004
2025-01-02,0:00,12,4915.505,5328.3,412.7950000000001
2025-01-02,0:00,13,5251.6498,5393.2875,141.63770000000022
2025-01-02,0:00,14,4965.3525,4791.45,173.90250000000015
2025-01-02,0:00,15,3588.0375,3140.175,447.8624999999997
2025-01-02,0:00,16,1839.6,1662.6,177.0
2025-01-02,0:00,17,8.0706,6.675,1.3956000000000008
2025-01-02,0:00,18,0.0,0.0,0.0
2025-01-02,0:00,19,0.0,0.0,0.0
2025-01-02,0:00,20,0.0,0.0,0.0
2025-01-02,0:00,21,0.0,0.0,0.0
2025-01-02,0:00,22,0.0,0.0,0.0
2025-01-02,0:00,23,0.0,0.0,0.0
2025-01-02,0:00,24,0.0,0.0,0.0
2025-01-02,6:00,1,6.5122,6.6375,0.1253000000000002
2025-01-02,6:00,2,1453.1843,1536.3375,83.1532000000002
2025-01-02,6:00,3,3099.4257,3267.2625,167.83680000000004
2025-01-02,6:00,4,4269.3966,4356.1125,86.71590000000015
2025-01-02,6:00,5,5146.0167,5277.5625,131.54579999999987
2025-01-02,6:00,6,5556.849,5328.3,228.54899999999998
2025-01-02,6:00,7,5946.4073,5393.2875,553.1197999999995
2025-01-02,6:00,8,5359.9875,4791.45,568.5375000000004
2025-01-02,6:00,9,3342.8554,3140.175,202.68039999999974
2025-01-02,6:00,10,1758.32,1662.6,95.72000000000003
2025-01-02,6:00,11,6.5192,6.675,0.15580000000000016
2025-01-02,6:00,12,0.0,0.0,0.0
2025-01-02,6:00,13,0.0,0.0,0.0
2025-01-02,6:00,14,0.0,0.0,0.0
2025-01-02,6:00,15,0.0,0.0,0.0
2025-01-02,6:00,16,0.0,0.0,0.0
2025-01-02,6:00,17,0.0,0.0,0.0
2025-01-02,6:00,18,0.0,0.0,0.0
2025-01-02,12:00,1,5392.7373,5393.2875,0.5502000000005864
2025-01-02,12:00,2,4793.417,4791.45,1.967000000000553
2025-01-02,12:00,3,3115.7896,3140.175,24.385400000000118
2025-01-02,12:00,4,1653.8059,1662.6,8.794099999999844
2025-01-02,12:00,5,6.4763,6.675,0.19869999999999965
2025-01-02,12:00,6,0.0,0.0,0.0
2025-01-02,12:00,7,0.0,0.0,0.0
2025-01-02,12:00,8,0.0,0.0,0.0
2025-01-02,12:00,9,0.0,0.0,0.0
2025-01-02,12:00,10,0.0,0.0,0.0
2025-01-02,12:00,11,0.0,0.0,0.0
2025-01-02,12:00,12,0.0,0.0,0.0
2025-01-02,18:00,1,0.0,0.0,0.0
2025-01-02,18:00,2,0.0,0.0,0.0
2025-01-02,18:00,3,0.0,0.0,0.0
2025-01-02,18:00,4,0.0,0.0,0.0
2025-01-02,18:00,5,0.0,0.0,0.0
2025-01-02,18:00,6,0.0,0.0,0.0
2025-01-03,0:00,1,0.0,0.0,0.0
2025-01-03,0:00,2,0.0,0.0,0.0
2025-01-03,0:00,3,0.0,0.0,0.0
2025-01-03,0:00,4,0.0,0.0,0.0
2025-01-03,0:00,5,0.0,0.0,0.0
2025-01-03,0:00,6,0.0,0.0,0.0
2025-01-03,0:00,7,9.2912,10.1625,0.8712999999999997
2025-01-03,0:00,8,1514.0314,1529.2875,15.256099999999833
2025-01-03,0:00,9,3078.4182,3263.25,184.83179999999993
2025-01-03,0:00,10,4510.5495,4799.25,288.7004999999999
2025-01-03,0:00,11,5403.0295,5189.7375,213.29199999999946
2025-01-03,0:00,12,6228.0795,6232.0875,4.007999999999811
2025-01-03,0:00,13,5051.5846,5384.3625,332.77790000000005
2025-01-03,0:00,14,5134.1073,4870.5,263.60729999999967
2025-01-03,0:00,15,3661.5375,3262.425,399.1124999999997
2025-01-03,0:00,16,1457.3727,1480.1625,22.789800000000014
2025-01-03,0:00,17,10.9081,9.75,1.1580999999999992
2025-01-03,0:00,18,0.0,0.0,0.0
2025-01-03,0:00,19,0.0,0.0,0.0
2025-01-03,0:00,20,0.0,0.0,0.0
2025-01-03,0:00,21,0.0,0.0,0.0
2025-01-03,0:00,22,0.0,0.0,0.0
2025-01-03,0:00,23,0.0,0.0,0.0
2025-01-03,0:00,24,0.0,0.0,0.0
2025-01-03,6:00,1,10.1517,10.1625,0.010799999999999699
2025-01-03,6:00,2,1543.8265,1529.2875,14.538999999999987
2025-01-03,6:00,3,3340.5575,3263.25,77.30749999999989
2025-01-03,6:00,4,4903.35,4799.25,104.10000000000036
2025-01-03,6:00,5,5614.4735,5189.7375,424.7359999999999
2025-01-03,6:00,6,6339.1125,6232.0875,107.02500000000055
2025-01-03,6:00,7,5537.59,5384.3625,153.22749999999996
2025-01-03,6:00,8,4719.9642,4870.5,150.53579999999965
2025-01-03,6:00,9,3200.0998,3262.425,62.32520000000022
2025-01-03,6:00,10,1337.2871,1480.1625,142.8753999999999
2025-01-03,6:00,11,10.2099,9.75,0.4598999999999993
2025-01-03,6:00,12,0.0,0.0,0.0
2025-01-03,6:00,13,0.0,0.0,0.0
2025-01-03,6:00,14,0.0,0.0,0.0
2025-01-03,6:00,15,0.0,0.0,0.0
2025-01-03,6:00,16,0.0,0.0,0.0
2025-01-03,6:00,17,0.0,0.0,0.0
2025-01-03,6:00,18,0.0,0.0,0.0
2025-01-03,12:00,1,5352.8521,5384.3625,31.510400000000118
2025-01-03,12:00,2,4911.3123,4870.5,40.812299999999595
2025-01-03,12:00,3,3255.4369,3262.425,6.988100000000031
2025-01-03,12:00,4,1521.1799,1480.1625,41.01740000000018
2025-01-03,12:00,5,10.2119,9.75,0.4619
2025-01-03,12:00,6,0.0,0.0,0.0
2025-01-03,12:00,7,0.0,0.0,0.0
2025-01-03,12:00,8,0.0,0.0,0.0
2025-01-03,12:00,9,0.0,0.0,0.0
2025-01-03,12:00,10,0.0,0.0,0.0
2025-01-03,12:00,11,0.0,0.0,0.0
2025-01-03,12:00,12,0.0,0.0,0.0
2025-01-03,18:00,1,0.0,0.0,0.0
2025-01-03,18:00,2,0.0,0.0,0.0
2025-01-03,18:00,3,0.0,0.0,0.0
2025-01-03,18:00,4,0.0,0.0,0.0
2025-01-03,18:00,5,0.0,0.0,0.0
2025-01-03,18:00,6,0.0,0.0,0.0
2025-01-04,0:00,1,0.0,0.0,0.0
2025-01-04,0:00,2,0.0,0.0,0.0
2025-01-04,0:00,3,0.0,0.0,0.0
2025-01-04,0:00,4,0.0,0.0,0.0
2025-01-04,0:00,5,0.0,0.0,0.0
2025-01-04,0:00,6,0.0,0.0,0.0
2025-01-04,0:00,7,16.3286,15.6375,0.6911000000000023
2025-01-04,0:00,8,1721.9148,1621.0875,100.82729999999992
2025-01-04,0:00,9,3653.775,3318.1875,335.5875000000001
2025-01-04,0:00,10,4903.35,4492.7625,410.58750000000055
2025-01-04,0:00,11,6040.8,5702.1,338.6999999999998
2025-01-04,0:00,12,6339.1125,6339.1125,0.0
2025-01-04,0:00,13,6134.9039,5575.05,559.8539000000001
2025-01-04,0:00,14,4720.5012,4835.9625,115.46129999999994
2025-01-04,0:00,15,2820.1758,3287.4,467.2242000000001
2025-01-04,0:00,16,1364.0018,1495.5,131.4982
2025-01-04,0:00,17,11.6166,13.5375,1.9208999999999996
2025-01-04,0:00,18,0.0,0.0,0.0
2025-01-04,0:00,19,0.0,0.0,0.0
2025-01-04,0:00,20,0.0,0.0,0.0
2025-01-04,0:00,21,0.0,0.0,0.0
2025-01-04,0:00,22,0.0,0.0,0.0
2025-01-04,0:00,23,0.0,0.0,0.0
2025-01-04,0:00,24,0.0,0.0,0.0
2025-01-04,6:00,1,15.1787,15.6375,0.4588000000000001
2025-01-04,6:00,2,1546.9471,1621.0875,74.1404
2025-01-04,6:00,3,3178.9721,3318.1875,139.21540000000005
2025-01-04,6:00,4,4226.7413,4492.7625,266.02120000000014
2025-01-04,6:00,5,5399.7799,5702.1,302.3200999999999
2025-01-04,6:00,6,6339.1125,6339.1125,0.0
2025-01-04,6:00,7,5886.5064,5575.05,311.45640000000003
2025-01-04,6:00,8,5024.0453,4835.9625,188.08280000000013
2025-01-04,6:00,9,3643.9998,3287.4,356.59979999999996
2025-01-04,6:00,10,1620.9771,1495.5,125.47710000000006
2025-01-04,6:00,11,13.7697,13.5375,0.23220000000000063
2025-01-04,6:00,12,0.0,0.0,0.0
2025-01-04,6:00,13,0.0,0.0,0.0
2025-01-04,6:00,14,0.0,0.0,0.0
2025-01-04,6:00,15,0.0,0.0,0.0
2025-01-04,6:00,16,0.0,0.0,0.0
2025-01-04,6:00,17,0.0,0.0,0.0
2025-01-04,6:00,18,0.0,0.0,0.0
2025-01-04,12:00,1,5586.926,5575.05,11.876000000000204
2025-01-04,12:00,2,4966.0167,4835.9625,130.0542000000005
2025-01-04,12:00,3,3376.2331,3287.4,88.83309999999983
2025-01-04,12:00,4,1555.6215,1495.5,60.12149999999997
2025-01-04,12:00,5,14.1685,13.5375,0.6310000000000002
2025-01-04,12:00,6,0.0,0.0,0.0
2025-01-04,12:00,7,0.0,0.0,0.0
2025-01-04,12:00,8,0.0,0.0,0.0
2025-01-04,12:00,9,0.0,0.0,0.0
2025-01-04,12:00,10,0.0,0.0,0.0
2025-01-04,12:00,11,0.0,0.0,0.0
2025-01-04,12:00,12,0.0,0.0,0.0
2025-01-04,18:00,1,0.0,0.0,0.0
2025-01-04,18:00,2,0.0,0.0,0.0
2025-01-04,18:00,3,0.0,0.0,0.0
2025-01-04,18:00,4,0.0,0.0,0.0
2025-01-04,18:00,5,0.0,0.0,0.0
2025-01-04,18:00,6,0.0,0.0,0.0
2025-01-05,0:00,1,0.0,0.0,0.0
2025-01-05,0:00,2,0.0,0.0,0.0
2025-01-05,0:00,3,0.0,0.0,0.0
2025-01-05,0:00,4,0.0,0.0,0.0
2025-01-05,0:00,5,0.0,0.0,0.0
2025-01-05,0:00,6,0.0,0.0,0.0
2025-01-05,0:00,7,16.9052,16.275,0.6302000000000021
2025-01-05,0:00,8,1655.0272,1523.925,131.10220000000004
2025-01-05,0:00,9,3653.775,3334.875,318.9000000000001
2025-01-05,0:00,10,4866.0553,4831.425,34.63029999999981
2025-01-05,0:00,11,5301.0764,5286.6375,14.438900000000103
2025-01-05,0:00,12,6381.155,6130.3875,250.76749999999993
2025-01-05,0:00,13,5495.4459,5912.3625,416.91660000000047
2025-01-05,0:00,14,4480.8732,4667.55,186.67680000000018
2025-01-05,0:00,15,3644.3571,3322.9875,321.3696
2025-01-05,0:00,16,1688.3847,1652.0625,36.322200000000066
2025-01-05,0:00,17,20.0313,18.15,1.881300000000003
2025-01-05,0:00,18,0.0,0.0,0.0
2025-01-05,0:00,19,0.0,0.0,0.0
2025-01-05,0:00,20,0.0,0.0,0.0
2025-01-05,0:00,21,0.0,0.0,0.0
2025-01-05,0:00,22,0.0,0.0,0.0
2025-01-05,0:00,23,0.0,0.0,0.0
2025-01-05,0:00,24,0.0,0.0,0.0
2025-01-05,6:00,1,16.1989,16.275,0.07610000000000028
2025-01-05,6:00,2,1532.6257,1523.925,8.700700000000097
2025-01-05,6:00,3,3344.4775,3334.875,9.602499999999964
2025-01-05,6:00,4,4829.1293,4831.425,2.295700000000579
2025-01-05,6:00,5,5337.5946,5286.6375,50.95710000000054
2025-01-05,6:00,6,6032.7656,6130.3875,97.6219000000001
2025-01-05,6:00,7,5494.4364,5912.3625,417.9261000000006
2025-01-05,6:00,8,4369.4286,4667.55,298.1214
2025-01-05,6:00,9,3435.7918,3322.9875,112.80429999999978
2025-01-05,6:00,10,1657.493,1652.0625,5.430499999999938
2025-01-05,6:00,11,19.8569,18.15,1.706900000000001
2025-01-05,6:00,12,0.0,0.0,0.0
2025-01-05,6:00,13,0.0,0.0,0.0
2025-01-05,6:00,14,0.0,0.0,0.0
2025-01-05,6:00,15,0.0,0.0,0.0
2025-01-05,6:00,16,0.0,0.0,0.0
2025-01-05,6:00,17,0.0,0.0,0.0
2025-01-05,6:00,18,0.0,0.0,0.0
2025-01-05,12:00,1,5891.6875,5912.3625,20.675000000000182
2025-01-05,12:00,2,4720.1907,4667.55,52.640699999999924
2025-01-05,12:00,3,3258.0582,3322.9875,64.92930000000024
2025-01-05,12:00,4,1629.2517,1652.0625,22.810799999999972
2025-01-05,12:00,5,18.4124,18.15,0.2624000000000031
2025-01-05,12:00,6,0.0,0.0,0.0
2025-01-05,12:00,7,0.0,0.0,0.0
2025-01-05,12:00,8,0.0,0.0,0.0
2025-01-05,12:00,9,0.0,0.0,0.0
2025-01-05,12:00,10,0.0,0.0,0.0
2025-01-05,12:00,11,0.0,0.0,0.0
2025-01-05,12:00,12,0.0,0.0,0.0
2025-01-05,18:00,1,0.0,0.0,0.0
2025-01-05,18:00,2,0.0,0.0,0.0
2025-01-05,18:00,3,0.0,0.0,0.0
2025-01-05,18:00,4,0.0,0.0,0.0
2025-01-05,18:00,5,0.0,0.0,0.0
2025-01-05,18:00,6,0.0,0.0,0.0
2025-01-06,0:00,1,0.0,0.0,0.0
2025-01-06,0:00,2,0.0,0.0,0.0
2025-01-06,0:00,3,0.0,0.0,0.0
2025-01-06,0:00,4,0.0,0.0,0.0
2025-01-06,0:00,5,0.0,0.0,0.0
2025-01-06,0:00,6,0.0,0.0,0.0
2025-01-06,0:00,7,23.6378,22.7625,0.8752999999999993
2025-01-06,0:00,8,1507.2524,1502.775,4.477399999999989
2025-01-06,0:00,9,3097.9352,3097.7625,0.17270000000007713
2025-01-06,0:00,10,4735.7858,4534.3875,201.39829999999984
2025-01-06,0:00,11,5352.1719,5278.8375,73.33440000000064
2025-01-06,0:00,12,5912.0824,5824.6875,87.39490000000023
2025-01-06,0:00,13,6055.461,5907.5625,147.89850000000024
2025-01-06,0:00,14,4977.9359,4770.6,207.33590000000004
2025-01-06,0:00,15,3150.0692,3420.4875,270.4183000000003
2025-01-06,0:00,16,1349.6412,1733.85,384.2087999999999
2025-01-06,0:00,17,19.9711,26.2125,6.241399999999999
2025-01-06,0:00,18,0.0,0.0,0.0
2025-01-06,0:00,19,0.0,0.0,0.0
2025-01-06,0:00,20,0.0,0.0,0.0
2025-01-06,0:00,21,0.0,0.0,0.0
2025-01-06,0:00,22,0.0,0.0,0.0
2025-01-06,0:00,23,0.0,0.0,0.0
2025-01-06,0:00,24,0.0,0.0,0.0
2025-01-06,6:00,1,22.4689,22.7625,0.29359999999999786
2025-01-06,6:00,2,1480.905,1502.775,21.87000000000012
2025-01-06,6:00,3,3021.0544,3097.7625,76.70809999999983
2025-01-06,6:00,4,4432.1021,4534.3875,102.28539999999975
2025-01-06,6:00,5,5097.5677,5278.8375,181.26980000000003
2025-01-06,6:00,6,6105.638,5824.6875,280.9504999999999
2025-01-06,6:00,7,6179.2848,5907.5625,271.72230000000036
2025-01-06,6:00,8,5239.0912,4770.6,468.4911999999995
2025-01-06,6:00,9,3711.8414,3420.4875,291.3538999999996
2025-01-06,6:00,10,1880.0625,1733.85,146.2125000000001
2025-01-06,6:00,11,28.526,26.2125,2.3135000000000012
2025-01-06,6:00,12,0.0,0.0,0.0
2025-01-06,6:00,13,0.0,0.0,0.0
2025-01-06,6:00,14,0.0,0.0,0.0
2025-01-06,6:00,15,0.0,0.0,0.0
2025-01-06,6:00,16,0.0,0.0,0.0
2025-01-06,6:00,17,0.0,0.0,0.0
2025-01-06,6:00,18,0.0,0.0,0.0
2025-01-06,12:00,1,5851.5526,5907.5625,56.009900000000016
2025-01-06,12:00,2,4745.5234,4770.6,25.076600000000326
2025-01-06,12:00,3,3473.8785,3420.4875,53.39099999999962
2025-01-06,12:00,4,1755.1709,1733.85,21.320900000000165
2025-01-06,12:00,5,25.8113,26.2125,0.40119999999999933
2025-01-06,12:00,6,0.0,0.0,0.0
2025-01-06,12:00,7,0.0,0.0,0.0
2025-01-06,12:00,8,0.0,0.0,0.0
2025-01-06,12:00,9,0.0,0.0,0.0
2025-01-06,12:00,10,0.0,0.0,0.0
2025-01-06,12:00,11,0.0,0.0,0.0
2025-01-06,12:00,12,0.0,0.0,0.0
2025-01-06,18:00,1,0.0,0.0,0.0
2025-01-06,18:00,2,0.0,0.0,0.0
2025-01-06,18:00,3,0.0,0.0,0.0
2025-01-06,18:00,4,0.0,0.0,0.0
2025-01-06,18:00,5,0.0,0.0,0.0
2025-01-06,18:00,6,0.0,0.0,0.0
2025-01-07,0:00,1,0.0,0.0,0.0
2025-01-07,0:00,2,0.0,0.0,0.0
2025-01-07,0:00,3,0.0,0.0,0.0
2025-01-07,0:00,4,0.0,0.0,0.0
2025-01-07,0:00,5,0.0,0.0,0.0
2025-01-07,0:00,6,0.0,0.0,0.0
2025-01-07,0:00,7,31.1167,29.475,1.6417000000000002
2025-01-07,0:00,8,1599.2177,1593.8625,5.355199999999968
2025-01-07,0:00,9,3358.1262,3345.3,12.826199999999972
2025-01-07,0:00,10,4549.3673,4497.8625,51.504799999999705
2025-01-07,0:00,11,5538.1398,5270.85,267.28979999999956
2025-01-07,0:00,12,5971.7466,5426.8125,544.9341000000004
2025-01-07,0:00,13,5971.2505,4792.575,1178.6755000000003
2025-01-07,0:00,14,5303.5818,4371.15,932.4318000000003
2025-01-07,0:00,15,3762.3,3147.45,614.8500000000004
2025-01-07,0:00,16,1871.1356,1639.05,232.0856000000001
2025-01-07,0:00,17,34.2102,31.6125,2.5976999999999997
2025-01-07,0:00,18,0.0,0.0,0.0
2025-01-07,0:00,19,0.0,0.0,0.0
2025-01-07,0:00,20,0.0,0.0,0.0
2025-01-07,0:00,21,0.0,0.0,0.0
2025-01-07,0:00,22,0.0,0.0,0.0
2025-01-07,0:00,23,0.0,0.0,0.0
2025-01-07,0:00,24,0.0,0.0,0.0
2025-01-07,6:00,1,29.5637,29.475,0.08869999999999933
2025-01-07,6:00,2,1601.7472,1593.8625,7.884700000000066
2025-01-07,6:00,3,3348.0117,3345.3,2.711699999999837
2025-01-07,6:00,4,4459.8026,4497.8625,38.0599000000002
2025-01-07,6:00,5,5153.0523,5270.85,117.79770000000008
2025-01-07,6:00,6,5445.5666,5426.8125,18.754100000000108
2025-01-07,6:00,7,4941.9505,4792.575,149.3755000000001
2025-01-07,6:00,8,4264.1819,4371.15,106.96810000000005
2025-01-07,6:00,9,3059.032,3147.45,88.41799999999967
2025-01-07,6:00,10,1525.8494,1639.05,113.2005999999999
2025-01-07,6:00,11,29.2442,31.6125,2.3683000000000014
2025-01-07,6:00,12,0.0,0.0,0.0
2025-01-07,6:00,13,0.0,0.0,0.0
2025-01-07,6:00,14,0.0,0.0,0.0
2025-01-07,6:00,15,0.0,0.0,0.0
2025-01-07,6:00,16,0.0,0.0,0.0
2025-01-07,6:00,17,0.0,0.0,0.0
2025-01-07,6:00,18,0.0,0.0,0.0
2025-01-07,12:00,1,4733.697,4792.575,58.8779999999997
2025-01-07,12:00,2,4306.7372,4371.15,64.41280000000006
2025-01-07,12:00,3,3108.2855,3147.45,39.16449999999986
2025-01-07,12:00,4,1594.352,1639.05,44.697999999999865
2025-01-07,12:00,5,32.1168,31.6125,0.5042999999999971
2025-01-07,12:00,6,0.0,0.0,0.0
2025-01-07,12:00,7,0.0,0.0,0.0
2025-01-07,12:00,8,0.0,0.0,0.0
2025-01-07,12:00,9,0.0,0.0,0.0
2025-01-07,12:00,10,0.0,0.0,0.0
2025-01-07,12:00,11,0.0,0.0,0.0
2025-01-07,12:00,12,0.0,0.0,0.0
2025-01-07,18:00,1,0.0,0.0,0.0
2025-01-07,18:00,2,0.0,0.0,0.0
2025-01-07,18:00,3,0.0,0.0,0.0
2025-01-07,18:00,4,0.0,0.0,0.0
2025-01-07,18:00,5,0.0,0.0,0.0
2025-01-07,18:00,6,0.0,0.0,0.0
2025-01-08,0:00,1,0.0,0.0,0.0
2025-01-08,0:00,2,0.0,0.0,0.0
2025-01-08,0:00,3,0.0,0.0,0.0
2025-01-08,0:00,4,0.0,0.0,0.0
2025-01-08,0:00,5,0.0,0.0,0.0
2025-01-08,0:00,6,0.0,0.0,0.0
2025-01-08,0:00,7,32.1456,33.15,1.0043999999999969
2025-01-08,0:00,8,1459.9498,1567.2375,107.28769999999986
2025-01-08,0:00,9,3291.4196,3297.15,5.730399999999918
2025-01-08,0:00,10,4216.1628,4439.6625,223.4997000000003
2025-01-08,0:00,11,4826.1249,5486.4,660.2750999999998
2025-01-08,0:00,12,4700.1515,6267.9375,1567.786
2025-01-08,0:00,13,4891.3577,6200.025,1308.6673
2025-01-08,0:00,14,3523.7726,4836.375,1312.6024000000002
2025-01-08,0:00,15,2209.3596,3298.8375,1089.4779000000003
2025-01-08,0:00,16,1187.4846,1585.05,397.56539999999995
2025-01-08,0:00,17,33.4412,38.4,4.9587999999999965
2025-01-08,0:00,18,0.0,0.0,0.0
2025-01-08,0:00,19,0.0,0.0,0.0
2025-01-08,0:00,20,0.0,0.0,0.0
2025-01-08,0:00,21,0.0,0.0,0.0
2025-01-08,0:00,22,0.0,0.0,0.0
2025-01-08,0:00,23,0.0,0.0,0.0
2025-01-08,0:00,24,0.0,0.0,0.0
2025-01-08,6:00,1,33.4276,33.15,0.2775999999999996
2025-01-08,6:00,2,1584.6514,1567.2375,17.413900000000012
2025-01-08,6:00,3,3373.0385,3297.15,75.88850000000002
2025-01-08,6:00,4,4497.2957,4439.6625,57.633199999999306
2025-01-08,6:00,5,5507.4129,5486.4,21.012900000000627
2025-01-08,6:00,6,6081.418,6267.9375,186.51950000000033
2025-01-08,6:00,7,6271.1618,6200.025,71.13680000000022
2025-01-08,6:00,8,4905.0037,4836.375,68.62870000000021
2025-01-08,6:00,9,3394.5513,3298.8375,95.71379999999999
2025-01-08,6:00,10,1612.8052,1585.05,27.75520000000006
2025-01-08,6:00,11,42.1244,38.4,3.724400000000003
2025-01-08,6:00,12,0.0,0.0,0.0
2025-01-08,6:00,13,0.0,0.0,0.0
2025-01-08,6:00,14,0.0,0.0,0.0
2025-01-08,6:00,15,0.0,0.0,0.0
2025-01-08,6:00,16,0.0,0.0,0.0
2025-01-08,6:00,17,0.0,0.0,0.0
2025-01-08,6:00,18,0.0,0.0,0.0
2025-01-08,12:00,1,6183.0111,6200.025,17.01389999999992
2025-01-08,12:00,2,4825.3667,4836.375,11.008300000000418
2025-01-08,12:00,3,3229.98,3298.8375,68.85750000000007
2025-01-08,12:00,4,1598.9537,1585.05,13.903700000000072
2025-01-08,12:00,5,38.5437,38.4,0.1437000000000026
2025-01-08,12:00,6,0.0,0.0,0.0
2025-01-08,12:00,7,0.0,0.0,0.0
2025-01-08,12:00,8,0.0,0.0,0.0
2025-01-08,12:00,9,0.0,0.0,0.0
2025-01-08,12:00,10,0.0,0.0,0.0
2025-01-08,12:00,11,0.0,0.0,0.0
2025-01-08,12:00,12,0.0,0.0,0.0
2025-01-08,18:00,1,0.0,0.0,0.0
2025-01-08,18:00,2,0.0,0.0,0.0
2025-01-08,18:00,3,0.0,0.0,0.0
2025-01-08,18:00,4,0.0,0.0,0.0
2025-01-08,18:00,5,0.0,0.0,0.0
2025-01-08,18:00,6,0.0,0.0,0.0
2025-01-09,0:00,1,0.0,0.0,0.0
2025-01-09,0:00,2,0.0,0.0,0.0
2025-01-09,0:00,3,0.0,0.0,0.0
2025-01-09,0:00,4,0.0,0.0,0.0
2025-01-09,0:00,5,0.0,0.0,0.0
2025-01-09,0:00,6,0.0,0.0,0.0
2025-01-09,0:00,7,40.8309,42.4125,1.5816000000000017
2025-01-09,0:00,8,1541.56,1584.45,42.8900000000001
2025-01-09,0:00,9,3138.7608,3361.9125,223.1516999999999
2025-01-09,0:00,10,4554.1517,4477.5375,76.61419999999998
2025-01-09,0:00,11,6175.5659,6040.8,134.76589999999942
2025-01-09,0:00,12,5958.5736,6089.8125,131.23890000000029
2025-01-09,0:00,13,5293.915,5214.45,79.46500000000015
2025-01-09,0:00,14,5429.8626,4405.3875,1024.4751000000006
2025-01-09,0:00,15,3231.3657,3061.125,170.24069999999983
2025-01-09,0:00,16,1619.5696,1581.45,38.11959999999999
2025-01-09,0:00,17,47.2705,43.4625,3.808
2025-01-09,0:00,18,0.0,0.0,0.0
2025-01-09,0:00,19,0.0,0.0,0.0
2025-01-09,0:00,20,0.0,0.0,0.0
2025-01-09,0:00,21,0.0,0.0,0.0
2025-01-09,0:00,22,0.0,0.0,0.0
2025-01-09,0:00,23,0.0,0.0,0.0
2025-01-09,0:00,24,0.0,0.0,0.0
2025-01-09,6:00,1,42.7072,42.4125,0.29469999999999885
2025-01-09,6:00,2,1625.1229,1584.45,40.67290000000003
2025-01-09,6:00,3,3458.2522,3361.9125,96.3397
2025-01-09,6:00,4,4620.4705,4477.5375,142.933
2025-01-09,6:00,5,6319.3981,6040.8,278.59810000000016
2025-01-09,6:00,6,6458.4765,6089.8125,368.66399999999976
2025-01-09,6:00,7,5281.0634,5214.45,66.61340000000018
2025-01-09,6:00,8,4437.9021,4405.3875,32.51460000000043
2025-01-09,6:00,9,3132.9391,3061.125,71.81410000000005
2025-01-09,6:00,10,1626.2187,1581.45,44.76869999999985
2025-01-09,6:00,11,44.1429,43.4625,0.6803999999999988
2025-01-09,6:00,12,0.0,0.0,0.0
2025-01-09,6:00,13,0.0,0.0,0.0
2025-01-09,6:00,14,0.0,0.0,0.0
2025-01-09,6:00,15,0.0,0.0,0.0
2025-01-09,6:00,16,0.0,0.0,0.0
2025-01-09,6:00,17,0.0,0.0,0.0
2025-01-09,6:00,18,0.0,0.0,0.0
2025-01-09,12:00,1,5174.2242,5214.45,40.22580000000016
2025-01-09,12:00,2,4316.5438,4405.3875,88.84369999999944
2025-01-09,12:00,3,2980.9103,3061.125,80.2147
2025-01-09,12:00,4,1540.9866,1581.45,40.46340000000009
2025-01-09,12:00,5,41.3647,43.4625,2.0977999999999994
2025-01-09,12:00,6,0.0,0.0,0.0
2025-01-09,12:00,7,0.0,0.0,0.0
2025-01-09,12:00,8,0.0,0.0,0.0
2025-01-09,12:00,9,0.0,0.0,0.0
2025-01-09,12:00,10,0.0,0.0,0.0
2025-01-09,12:00,11,0.0,0.0,0.0
2025-01-09,12:00,12,0.0,0.0,0.0
2025-01-09,18:00,1,0.0,0.0,0.0
2025-01-09,18:00,2,0.0,0.0,0.0
2025-01-09,18:00,3,0.0,0.0,0.0
2025-01-09,18:00,4,0.0,0.0,0.0
2025-01-09,18:00,5,0.0,0.0,0.0
2025-01-09,18:00,6,0.0,0.0,0.0
2025-01-10,0:00,1,0.0,0.0,0.0
2025-01-10,0:00,2,0.0,0.0,0.0
2025-01-10,0:00,3,0.0,0.0,0.0
2025-01-10,0:00,4,0.0,0.0,0.0
2025-01-10,0:00,5,0.0,0.0,0.0
2025-01-10,0:00,6,0.0,0.0,0.0
2025-01-10,0:00,7,45.5543,55.275,9.7207
2025-01-10,0:00,8,1549.0099,1826.8875,277.87760000000003
2025-01-10,0:00,9,2530.0557,3379.275,849.2193000000002
2025-01-10,0:00,10,3859.3998,4761.1125,901.7127
2025-01-10,0:00,11,5065.7192,5592.45,526.7308000000003
2025-01-10,0:00,12,5362.2242,5632.8375,270.6133
2025-01-10,0:00,13,4449.015,5584.9125,1135.8975
2025-01-10,0:00,14,4013.3438,4300.6875,287.3436999999999
2025-01-10,0:00,15,2820.109,3175.8375,355.72850000000017
2025-01-10,0:00,16,1550.7917,1689.3,138.50829999999996
2025-01-10,0:00,17,49.008,50.7375,1.7294999999999945
2025-01-10,0:00,18,0.0,0.0,0.0
2025-01-10,0:00,19,0.0,0.0,0.0
2025-01-10,0:00,20,0.0,0.0,0.0
2025-01-10,0:00,21,0.0,0.0,0.0
2025-01-10,0:00,22,0.0,0.0,0.0
2025-01-10,0:00,23,0.0,0.0,0.0
2025-01-10,0:00,24,0.0,0.0,0.0
2025-01-10,6:00,1,54.8198,55.275,0.45519999999999783
2025-01-10,6:00,2,1837.6513,1826.8875,10.763799999999947
2025-01-10,6:00,3,3402.3201,3379.275,23.04509999999982
2025-01-10,6:00,4,4843.6498,4761.1125,82.53729999999996
2025-01-10,6:00,5,5717.4342,5592.45,124.98419999999987
2025-01-10,6:00,6,6073.3963,5632.8375,440.5588000000007
2025-01-10,6:00,7,6103.4051,5584.9125,518.4925999999996
2025-01-10,6:00,8,4844.7633,4300.6875,544.0757999999996
2025-01-10,6:00,9,3570.744,3175.8375,394.90650000000005
2025-01-10,6:00,10,1770.9662,1689.3,81.66620000000012
2025-01-10,6:00,11,52.1023,50.7375,1.3648000000000025
2025-01-10,6:00,12,0.0,0.0,0.0
2025-01-10,6:00,13,0.0,0.0,0.0
2025-01-10,6:00,14,0.0,0.0,0.0
2025-01-10,6:00,15,0.0,0.0,0.0
2025-01-10,6:00,16,0.0,0.0,0.0
2025-01-10,6:00,17,0.0,0.0,0.0
2025-01-10,6:00,18,0.0,0.0,0.0
2025-01-10,12:00,1,5701.8741,5584.9125,116.96159999999963
2025-01-10,12:00,2,4522.3477,4300.6875,221.66020000000026
2025-01-10,12:00,3,3408.0672,3175.8375,232.22969999999987
2025-01-10,12:00,4,1863.5412,1689.3,174.24119999999994
2025-01-10,12:00,5,56.2154,50.7375,5.477900000000005
2025-01-10,12:00,6,0.0,0.0,0.0
2025-01-10,12:00,7,0.0,0.0,0.0
2025-01-10,12:00,8,0.0,0.0,0.0
2025-01-10,12:00,9,0.0,0.0,0.0
2025-01-10,12:00,10,0.0,0.0,0.0
2025-01-10,12:00,11,0.0,0.0,0.0
2025-01-10,12:00,12,0.0,0.0,0.0
2025-01-10,18:00,1,0.0,0.0,0.0
2025-01-10,18:00,2,0.0,0.0,0.0
2025-01-10,18:00,3,0.0,0.0,0.0
2025-01-10,18:00,4,0.0,0.0,0.0
2025-01-10,18:00,5,0.0,0.0,0.0
2025-01-10,18:00,6,0.0,0.0,0.0
2025-01-11,0:00,1,0.0,0.0,0.0
2025-01-11,0:00,2,0.0,0.0,0.0
2025-01-11,0:00,3,0.0,0.0,0.0
2025-01-11,0:00,4,0.0,0.0,0.0
2025-01-11,0:00,5,0.0,0.0,0.0
2025-01-11,0:00,6,0.0,0.0,0.0
2025-01-11,0:00,7,58.8402,57.3,1.5402000000000058
2025-01-11,0:00,8,1513.409,1517.7375,4.328499999999849
2025-01-11,0:00,9,3276.7769,3440.625,163.84810000000016
2025-01-11,0:00,10,4110.2431,4611.825,501.58190000000013
2025-01-11,0:00,11,5733.2479,5901.1875,167.9395999999997
2025-01-11,0:00,12,6009.1817,5996.4375,12.744200000000092
2025-01-11,0:00,13,5974.0065,5919.7125,54.29400000000078
2025-01-11,0:00,14,5217.5904,4694.325,523.2654000000002
2025-01-11,0:00,15,3521.5757,3151.4625,370.1131999999998
2025-01-11,0:00,16,1644.9273,1718.925,73.9976999999999
2025-01-11,0:00,17,56.1073,62.55,6.442699999999995
2025-01-11,0:00,18,0.0,0.0,0.0
2025-01-11,0:00,19,0.0,0.0,0.0
2025-01-11,0:00,20,0.0,0.0,0.0
2025-01-11,0:00,21,0.0,0.0,0.0
2025-01-11,0:00,22,0.0,0.0,0.0
2025-01-11,0:00,23,0.0,0.0,0.0
2025-01-11,0:00,24,0.0,0.0,0.0
2025-01-11,6:00,1,57.3964,57.3,0.0964000000000027
2025-01-11,6:00,2,1510.5631,1517.7375,7.174399999999878
2025-01-11,6:00,3,3452.0359,3440.625,11.410899999999856
2025-01-11,6:00,4,4643.5314,4611.825,31.70640000000003
2025-01-11,6:00,5,6219.9528,5901.1875,318.7653
2025-01-11,6:00,6,5862.3068,5996.4375,134.1306999999997
2025-01-11,6:00,7,5798.4766,5919.7125,121.23589999999967
2025-01-11,6:00,8,4293.8178,4694.325,400.5072
2025-01-11,6:00,9,2748.4627,3151.4625,402.99980000000005
2025-01-11,6:00,10,1356.0066,1718.925,362.9184
2025-01-11,6:00,11,54.8782,62.55,7.6717999999999975
2025-01-11,6:00,12,0.0,0.0,0.0
2025-01-11,6:00,13,0.0,0.0,0.0
2025-01-11,6:00,14,0.0,0.0,0.0
2025-01-11,6:00,15,0.0,0.0,0.0
2025-01-11,6:00,16,0.0,0.0,0.0
2025-01-11,6:00,17,0.0,0.0,0.0
2025-01-11,6:00,18,0.0,0.0,0.0
2025-01-11,12:00,1,5966.8997,5919.7125,47.1872000000003
2025-01-11,12:00,2,4720.7744,4694.325,26.449400000000423
2025-01-11,12:00,3,3136.1432,3151.4625,15.319300000000112
2025-01-11,12:00,4,1655.7237,1718.925,63.20129999999995
2025-01-11,12:00,5,59.7587,62.55,2.7912999999999997
2025-01-11,12:00,6,0.0,0.0,0.0
2025-01-11,12:00,7,0.0,0.0,0.0
2025-01-11,12:00,8,0.0,0.0,0.0
2025-01-11,12:00,9,0.0,0.0,0.0
2025-01-11,12:00,10,0.0,0.0,0.0
2025-01-11,12:00,11,0.0,0.0,0.0
2025-01-11,12:00,12,0.0,0.0,0.0
2025-01-11,18:00,1,0.0,0.0,0.0
2025-01-11,18:00,2,0.0,0.0,0.0
2025-01-11,18:00,3,0.0,0.0,0.0
2025-01-11,18:00,4,0.0,0.0,0.0
2025-01-11,18:00,5,0.0,0.0,0.0
2025-01-11,18:00,6,0.0,0.0,0.0
2025-01-12,0:00,1,0.0,0.0,0.0
2025-01-12,0:00,2,0.0,0.0,0.0
2025-01-12,0:00,3,0.0,0.0,0.0
2025-01-12,0:00,4,0.0,0.0,0.0
2025-01-12,0:00,5,0.0,0.0,0.0
2025-01-12,0:00,6,0.0,0.0,0.0
2025-01-12,0:00,7,65.4335,67.125,1.6915000000000049
2025-01-12,0:00,8,1703.538,1638.45,65.08799999999997
2025-01-12,0:00,9,3494.9851,3241.65,253.33509999999978
2025-01-12,0:00,10,4842.5394,4292.85,549.6893999999993
2025-01-12,0:00,11,5357.771,5136.5625,221.20849999999973
2025-01-12,0:00,12,5677.8076,5561.6625,116.14509999999973
2025-01-12,0:00,13,4998.3291,5511.1125,512.7834000000003
2025-01-12,0:00,14,4183.6243,4653.375,469.7506999999996
2025-01-12,0:00,15,2754.9776,3287.9625,532.9848999999999
2025-01-12,0:00,16,1777.7304,1731.525,46.20539999999983
2025-01-12,0:00,17,72.9622,70.6125,2.3496999999999986
2025-01-12,0:00,18,0.0,0.0,0.0
2025-01-12,0:00,19,0.0,0.0,0.0
2025-01-12,0:00,20,0.0,0.0,0.0
2025-01-12,0:00,21,0.0,0.0,0.0
2025-01-12,0:00,22,0.0,0.0,0.0
2025-01-12,0:00,23,0.0,0.0,0.0
2025-01-12,0:00,24,0.0,0.0,0.0
2025-01-12,6:00,1,66.1736,67.125,0.9514000000000067
2025-01-12,6:00,2,1570.0073,1638.45,68.44270000000006
2025-01-12,6:00,3,3086.827,3241.65,154.82299999999987
2025-01-12,6:00,4,3911.3267,4292.85,381.5233000000003
2025-01-12,6:00,5,4456.9185,5136.5625,679.6440000000002
2025-01-12,6:00,6,4953.1688,5561.6625,608.4937
2025-01-12,6:00,7,5099.6919,5511.1125,411.4206000000004
2025-01-12,6:00,8,4312.0028,4653.375,341.3721999999998
2025-01-12,6:00,9,3199.5399,3287.9625,88.42259999999987
2025-01-12,6:00,10,1682.6391,1731.525,48.88589999999999
2025-01-12,6:00,11,66.2099,70.6125,4.4025999999999925
2025-01-12,6:00,12,0.0,0.0,0.0
2025-01-12,6:00,13,0.0,0.0,0.0
2025-01-12,6:00,14,0.0,0.0,0.0
2025-01-12,6:00,15,0.0,0.0,0.0
2025-01-12,6:00,16,0.0,0.0,0.0
2025-01-12,6:00,17,0.0,0.0,0.0
2025-01-12,6:00,18,0.0,0.0,0.0
2025-01-12,12:00,1,5494.8579,5511.1125,16.25460000000021
2025-01-12,12:00,2,4670.6872,4653.375,17.312200000000303
2025-01-12,12:00,3,3327.1173,3287.9625,39.154799999999796
2025-01-12,12:00,4,1741.767,1731.525,10.241999999999962
2025-01-12,12:00,5,70.8238,70.6125,0.21130000000000848
2025-01-12,12:00,6,0.0,0.0,0.0
2025-01-12,12:00,7,0.0,0.0,0.0
2025-01-12,12:00,8,0.0,0.0,0.0
2025-01-12,12:00,9,0.0,0.0,0.0
2025-01-12,12:00,10,0.0,0.0,0.0
2025-01-12,12:00,11,0.0,0.0,0.0
2025-01-12,12:00,12,0.0,0.0,0.0
2025-01-12,18:00,1,0.0,0.0,0.0
2025-01-12,18:00,2,0.0,0.0,0.0
2025-01-12,18:00,3,0.0,0.0,0.0
2025-01-12,18:00,4,0.0,0.0,0.0
2025-01-12,18:00,5,0.0,0.0,0.0
2025-01-12,18:00,6,0.0,0.0,0.0
2025-01-13,0:00,1,0.0,0.0,0.0
2025-01-13,0:00,2,0.0,0.0,0.0
2025-01-13,0:00,3,0.0,0.0,0.0
2025-01-13,0:00,4,0.0,0.0,0.0
2025-01-13,0:00,5,0.0,0.0,0.0
2025-01-13,0:00,6,0.0,0.0,0.0
2025-01-13,0:00,7,73.711,78.975,5.263999999999996
2025-01-13,0:00,8,1633.1168,1886.25,253.1332
2025-01-13,0:00,9,3184.7409,3653.775,469.0341000000003
2025-01-13,0:00,10,4539.9711,4871.2875,331.3164000000006
2025-01-13,0:00,11,5487.4391,5490.975,3.5359000000007654
2025-01-13,0:00,12,5716.406,6028.65,312.2439999999997
2025-01-13,0:00,13,5713.8773,6136.8375,422.96019999999953
2025-01-13,0:00,14,4179.4286,4875.525,696.0963999999994
2025-01-13,0:00,15,2896.8859,3350.475,453.5890999999997
2025-01-13,0:00,16,1392.6498,1839.6,446.9502
2025-01-13,0:00,17,58.1602,75.3375,17.177300000000002
2025-01-13,0:00,18,0.0,0.0,0.0
2025-01-13,0:00,19,0.0,0.0,0.0
2025-01-13,0:00,20,0.0,0.0,0.0
2025-01-13,0:00,21,0.0,0.0,0.0
2025-01-13,0:00,22,0.0,0.0,0.0
2025-01-13,0:00,23,0.0,0.0,0.0
2025-01-13,0:00,24,0.0,0.0,0.0
2025-01-13,6:00,1,78.164,78.975,0.8109999999999928
2025-01-13,6:00,2,1882.6071,1886.25,3.642900000000054
2025-01-13,6:00,3,3578.2975,3653.775,75.47749999999996
2025-01-13,6:00,4,4543.5861,4871.2875,327.7013999999999
2025-01-13,6:00,5,4825.5677,5490.975,665.4073000000008
2025-01-13,6:00,6,5333.1297,6028.65,695.5202999999992
2025-01-13,6:00,7,5309.5729,6136.8375,827.2645999999995
2025-01-13,6:00,8,4310.9099,4875.525,564.6151
2025-01-13,6:00,9,3369.2914,3350.475,18.816400000000158
2025-01-13,6:00,10,2052.3244,1839.6,212.72440000000006
2025-01-13,6:00,11,84.0558,75.3375,8.7183
2025-01-13,6:00,12,0.0,0.0,0.0
2025-01-13,6:00,13,0.0,0.0,0.0
2025-01-13,6:00,14,0.0,0.0,0.0
2025-01-13,6:00,15,0.0,0.0,0.0
2025-01-13,6:00,16,0.0,0.0,0.0
2025-01-13,6:00,17,0.0,0.0,0.0
2025-01-13,6:00,18,0.0,0.0,0.0
2025-01-13,12:00,1,6092.8134,6136.8375,44.024099999999635
2025-01-13,12:00,2,4840.3524,4875.525,35.172599999999875
2025-01-13,12:00,3,3361.423,3350.475,10.947999999999865
2025-01-13,12:00,4,1795.5368,1839.6,44.063199999999824
2025-01-13,12:00,5,74.8704,75.3375,0.46710000000000207
2025-01-13,12:00,6,0.0,0.0,0.0
2025-01-13,12:00,7,0.0,0.0,0.0
2025-01-13,12:00,8,0.0,0.0,0.0
2025-01-13,12:00,9,0.0,0.0,0.0
2025-01-13,12:00,10,0.0,0.0,0.0
2025-01-13,12:00,11,0.0,0.0,0.0
2025-01-13,12:00,12,0.0,0.0,0.0
2025-01-13,18:00,1,0.0,0.0,0.0
2025-01-13,18:00,2,0.0,0.0,0.0
2025-01-13,18:00,3,0.0,0.0,0.0
2025-01-13,18:00,4,0.0,0.0,0.0
2025-01-13,18:00,5,0.0,0.0,0.0
2025-01-13,18:00,6,0.0,0.0,0.0
2025-01-14,0:00,1,0.0,0.0,0.0
2025-01-14,0:00,2,0.0,0.0,0.0
2025-01-14,0:00,3,0.0,0.0,0.0
2025-01-14,0:00,4,0.0,0.0,0.0
2025-01-14,0:00,5,0.0,0.0,0.0
2025-01-14,0:00,6,0.0,0.0,0.0
2025-01-14,0:00,7,78.7767,76.725,2.051700000000011
2025-01-14,0:00,8,1788.6949,1794.4125,5.717599999999948
2025-01-14,0:00,9,3158.2753,3333.075,174.79970000000003
2025-01-14,0:00,10,4490.1135,4693.6125,203.4989999999998
2025-01-14,0:00,11,5766.9101,5975.775,208.86489999999958
2025-01-14,0:00,12,6071.9127,6219.525,147.61229999999978
2025-01-14,0:00,13,5627.272,5906.2875,279.01550000000043
2025-01-14,0:00,14,4447.6846,4712.8125,265.1279000000004
2025-01-14,0:00,15,3437.0207,3308.625,128.39570000000003
2025-01-14,0:00,16,1718.9797,1736.7,17.720299999999952
2025-01-14,0:00,17,82.6473,91.1625,8.515199999999993
2025-01-14,0:00,18,0.0,0.0,0.0
2025-01-14,0:00,19,0.0,0.0,0.0
2025-01-14,0:00,20,0.0,0.0,0.0
2025-01-14,0:00,21,0.0,0.0,0.0
2025-01-14,0:00,22,0.0,0.0,0.0
2025-01-14,0:00,23,0.0,0.0,0.0
2025-01-14,0:00,24,0.0,0.0,0.0
2025-01-14,6:00,1,76.2837,76.725,0.44129999999999825
2025-01-14,6:00,2,1783.6218,1794.4125,10.790700000000015
2025-01-14,6:00,3,3310.8826,3333.075,22.192399999999907
2025-01-14,6:00,4,4737.9385,4693.6125,44.32600000000002
2025-01-14,6:00,5,6030.2445,5975.775,54.46950000000015
2025-01-14,6:00,6,6265.5331,6219.525,46.00810000000001
2025-01-14,6:00,7,5822.0006,5906.2875,84.28690000000006
2025-01-14,6:00,8,4459.7587,4712.8125,253.05379999999968
2025-01-14,6:00,9,2893.7738,3308.625,414.85120000000006
2025-01-14,6:00,10,1444.4476,1736.7,292.2524000000001
2025-01-14,6:00,11,77.8559,91.1625,13.306599999999989
2025-01-14,6:00,12,0.0,0.0,0.0
2025-01-14,6:00,13,0.0,0.0,0.0
2025-01-14,6:00,14,0.0,0.0,0.0
2025-01-14,6:00,15,0.0,0.0,0.0
2025-01-14,6:00,16,0.0,0.0,0.0
2025-01-14,6:00,17,0.0,0.0,0.0
2025-01-14,6:00,18,0.0,0.0,0.0
2025-01-14,12:00,1,5783.1051,5906.2875,123.1824000000006
2025-01-14,12:00,2,4578.5137,4712.8125,134.29879999999957
2025-01-14,12:00,3,3212.6611,3308.625,95.9639000000002
2025-01-14,12:00,4,1638.4923,1736.7,98.20770000000016
2025-01-14,12:00,5,87.4595,91.1625,3.7029999999999887
2025-01-14,12:00,6,0.0,0.0,0.0
2025-01-14,12:00,7,0.0,0.0,0.0
2025-01-14,12:00,8,0.0,0.0,0.0
2025-01-14,12:00,9,0.0,0.0,0.0
2025-01-14,12:00,10,0.0,0.0,0.0
2025-01-14,12:00,11,0.0,0.0,0.0
2025-01-14,12:00,12,0.0,0.0,0.0
2025-01-14,18:00,1,0.0,0.0,0.0
2025-01-14,18:00,2,0.0,0.0,0.0
2025-01-14,18:00,3,0.0,0.0,0.0
2025-01-14,18:00,4,0.0,0.0,0.0
2025-01-14,18:00,5,0.0,0.0,0.0
2025-01-14,18:00,6,0.0,0.0,0.0
2025-01-15,0:00,1,0.0,0.0,0.0
2025-01-15,0:00,2,0.0,0.0,0.0
2025-01-15,0:00,3,0.0,0.0,0.0
2025-01-15,0:00,4,0.0,0.0,0.0
2025-01-15,0:00,5,0.0,0.0,0.0
2025-01-15,0:00,6,0.0,0.0,0.0
2025-01-15,0:00,7,83.4459,89.85,6.4041
2025-01-15,0:00,8,1577.9604,1647.675,69.71460000000002
2025-01-15,0:00,9,2993.0442,3168.825,175.7808
2025-01-15,0:00,10,4788.627,4747.0125,41.61450000000059
2025-01-15,0:00,11,5452.1776,5499.7875,47.60990000000038
2025-01-15,0:00,12,6178.9023,5887.35,291.5522999999994
2025-01-15,0:00,13,6726.3009,5799.45,926.8509000000004
2025-01-15,0:00,14,5672.7661,4427.775,1244.9911000000002
2025-01-15,0:00,15,4173.675,3388.125,785.5500000000002
2025-01-15,0:00,16,2163.375,1769.4375,393.9375
2025-01-15,0:00,17,116.1001,98.1375,17.962599999999995
2025-01-15,0:00,18,0.0,0.0,0.0
2025-01-15,0:00,19,0.0,0.0,0.0
2025-01-15,0:00,20,0.0,0.0,0.0
2025-01-15,0:00,21,0.0,0.0,0.0
2025-01-15,0:00,22,0.0,0.0,0.0
2025-01-15,0:00,23,0.0,0.0,0.0
2025-01-15,0:00,24,0.0,0.0,0.0
2025-01-15,6:00,1,89.8957,89.85,0.04570000000001073
2025-01-15,6:00,2,1644.4484,1647.675,3.226599999999962
2025-01-15,6:00,3,3193.9097,3168.825,25.08470000000034
2025-01-15,6:00,4,4697.9216,4747.0125,49.09090000000015
2025-01-15,6:00,5,5410.8954,5499.7875,88.89210000000003
2025-01-15,6:00,6,5734.3957,5887.35,152.95430000000033
2025-01-15,6:00,7,5742.8208,5799.45,56.6291999999994
2025-01-15,6:00,8,4144.5114,4427.775,283.2635999999993
2025-01-15,6:00,9,3167.3196,3388.125,220.8054000000002
2025-01-15,6:00,10,1591.3889,1769.4375,178.04860000000008
2025-01-15,6:00,11,77.0403,98.1375,21.0972
2025-01-15,6:00,12,0.0,0.0,0.0
2025-01-15,6:00,13,0.0,0.0,0.0
2025-01-15,6:00,14,0.0,0.0,0.0
2025-01-15,6:00,15,0.0,0.0,0.0
2025-01-15,6:00,16,0.0,0.0,0.0
2025-01-15,6:00,17,0.0,0.0,0.0
2025-01-15,6:00,18,0.0,0.0,0.0
2025-01-15,12:00,1,5824.4643,5799.45,25.01429999999982
2025-01-15,12:00,2,4491.2202,4427.775,63.44520000000011
2025-01-15,12:00,3,3463.836,3388.125,75.71099999999979
2025-01-15,12:00,4,1843.0793,1769.4375,73.6418000000001
2025-01-15,12:00,5,100.4376,98.1375,2.3001000000000005
2025-01-15,12:00,6,0.0,0.0,0.0
2025-01-15,12:00,7,0.0,0.0,0.0
2025-01-15,12:00,8,0.0,0.0,0.0
2025-01-15,12:00,9,0.0,0.0,0.0
2025-01-15,12:00,10,0.0,0.0,0.0
2025-01-15,12:00,11,0.0,0.0,0.0
2025-01-15,12:00,12,0.0,0.0,0.0
2025-01-15,18:00,1,0.0,0.0,0.0
2025-01-15,18:00,2,0.0,0.0,0.0
2025-01-15,18:00,3,0.0,0.0,0.0
2025-01-15,18:00,4,0.0,0.0,0.0
2025-01-15,18:00,5,0.0,0.0,0.0
2025-01-15,18:00,6,0.0,0.0,0.0
2025-01-16,0:00,1,0.0,0.0,0.0
2025-01-16,0:00,2,0.0,0.0,0.0
2025-01-16,0:00,3,0.0,0.0,0.0
2025-01-16,0:00,4,0.0,0.0,0.0
2025-01-16,0:00,5,0.0,0.0,0.0
2025-01-16,0:00,6,0.0,0.0,0.0
2025-01-16,0:00,7,111.4667,97.65,13.816699999999997
2025-01-16,0:00,8,1704.3088,1562.9625,141.34629999999993
2025-01-16,0:00,9,3512.2018,3237.5625,274.6392999999998
2025-01-16,0:00,10,4444.3097,4375.6875,68.6221999999998
2025-01-16,0:00,11,5624.2383,5732.025,107.78669999999966
2025-01-16,0:00,12,6501.4448,6074.475,426.96979999999985
2025-01-16,0:00,13,6505.1695,5803.875,701.2945
2025-01-16,0:00,14,5808.6,5359.9875,448.6125000000002
2025-01-16,0:00,15,4173.675,3588.0375,585.6375000000003
2025-01-16,0:00,16,1912.6453,1730.55,182.09529999999995
2025-01-16,0:00,17,102.9758,110.775,7.799199999999999
2025-01-16,0:00,18,0.0,0.0,0.0
2025-01-16,0:00,19,0.0,0.0,0.0
2025-01-16,0:00,20,0.0,0.0,0.0
2025-01-16,0:00,21,0.0,0.0,0.0
2025-01-16,0:00,22,0.0,0.0,0.0
2025-01-16,0:00,23,0.0,0.0,0.0
2025-01-16,0:00,24,0.0,0.0,0.0
2025-01-16,6:00,1,96.3078,97.65,1.3422000000000054
2025-01-16,6:00,2,1521.3198,1562.9625,41.642700000000104
2025-01-16,6:00,3,3187.0135,3237.5625,50.54899999999998
2025-01-16,6:00,4,4351.553,4375.6875,24.134500000000116
2025-01-16,6:00,5,5761.4452,5732.025,29.420200000000477
2025-01-16,6:00,6,6445.6592,6074.475,371.1841999999997
2025-01-16,6:00,7,5983.901,5803.875,180.02599999999984
2025-01-16,6:00,8,5207.7766,5359.9875,152.21090000000004
2025-01-16,6:00,9,3501.0042,3588.0375,87.03330000000005
2025-01-16,6:00,10,1617.9203,1730.55,112.62969999999996
2025-01-16,6:00,11,98.0489,110.775,12.726100000000002
2025-01-16,6:00,12,0.0,0.0,0.0
2025-01-16,6:00,13,0.0,0.0,0.0
2025-01-16,6:00,14,0.0,0.0,0.0
2025-01-16,6:00,15,0.0,0.0,0.0
2025-01-16,6:00,16,0.0,0.0,0.0
2025-01-16,6:00,17,0.0,0.0,0.0
2025-01-16,6:00,18,0.0,0.0,0.0
2025-01-16,12:00,1,5883.2059,5803.875,79.33089999999993
2025-01-16,12:00,2,5552.1487,5359.9875,192.16119999999955
2025-01-16,12:00,3,3789.9505,3588.0375,201.913
2025-01-16,12:00,4,1844.204,1730.55,113.654
2025-01-16,12:00,5,124.8534,110.775,14.078399999999988
2025-01-16,12:00,6,0.0,0.0,0.0
2025-01-16,12:00,7,0.0,0.0,0.0
2025-01-16,12:00,8,0.0,0.0,0.0
2025-01-16,12:00,9,0.0,0.0,0.0
2025-01-16,12:00,10,0.0,0.0,0.0
2025-01-16,12:00,11,0.0,0.0,0.0
2025-01-16,12:00,12,0.0,0.0,0.0
2025-01-16,18:00,1,0.0,0.0,0.0
2025-01-16,18:00,2,0.0,0.0,0.0
2025-01-16,18:00,3,0.0,0.0,0.0
2025-01-16,18:00,4,0.0,0.0,0.0
2025-01-16,18:00,5,0.0,0.0,0.0
2025-01-16,18:00,6,0.0,0.0,0.0
2025-01-17,0:00,1,0.0,0.0,0.0
2025-01-17,0:00,2,0.0,0.0,0.0
2025-01-17,0:00,3,0.0,0.0,0.0
2025-01-17,0:00,4,0.0,0.0,0.0
2025-01-17,0:00,5,0.0,0.0,0.0
2025-01-17,0:00,6,0.0,0.0,0.0
2025-01-17,0:00,7,117.8954,121.3875,3.4921000000000078
2025-01-17,0:00,8,1661.269,1809.0,147.731
2025-01-17,0:00,9,3086.3998,3463.2,376.8001999999997
2025-01-17,0:00,10,4760.8025,4903.35,142.54750000000058
2025-01-17,0:00,11,6192.2123,5727.075,465.1373000000003
2025-01-17,0:00,12,5800.6452,5830.2,29.554799999999886
2025-01-17,0:00,13,5885.3875,5753.5125,131.875
2025-01-17,0:00,14,5090.5769,4785.6,304.97689999999966
2025-01-17,0:00,15,3532.5405,3522.9375,9.603000000000065
2025-01-17,0:00,16,1646.6936,1801.8,155.1063999999999
2025-01-17,0:00,17,123.7775,129.45,5.672499999999985
2025-01-17,0:00,18,0.0,0.0,0.0
2025-01-17,0:00,19,0.0,0.0,0.0
2025-01-17,0:00,20,0.0,0.0,0.0
2025-01-17,0:00,21,0.0,0.0,0.0
2025-01-17,0:00,22,0.0,0.0,0.0
2025-01-17,0:00,23,0.0,0.0,0.0
2025-01-17,0:00,24,0.0,0.0,0.0
2025-01-17,6:00,1,119.3017,121.3875,2.085800000000006
2025-01-17,6:00,2,1735.5658,1809.0,73.43419999999992
2025-01-17,6:00,3,3292.1383,3463.2,171.06169999999975
2025-01-17,6:00,4,4868.947,4903.35,34.40300000000025
2025-01-17,6:00,5,5788.8378,5727.075,61.762800000000425
2025-01-17,6:00,6,5775.7658,5830.2,54.43419999999969
2025-01-17,6:00,7,6105.6077,5753.5125,352.09519999999975
2025-01-17,6:00,8,5058.9747,4785.6,273.3746999999994
2025-01-17,6:00,9,3583.2078,3522.9375,60.270300000000134
2025-01-17,6:00,10,1754.9054,1801.8,46.894599999999855
2025-01-17,6:00,11,135.5062,129.45,6.056200000000018
2025-01-17,6:00,12,0.0,0.0,0.0
2025-01-17,6:00,13,0.0,0.0,0.0
2025-01-17,6:00,14,0.0,0.0,0.0
2025-01-17,6:00,15,0.0,0.0,0.0
2025-01-17,6:00,16,0.0,0.0,0.0
2025-01-17,6:00,17,0.0,0.0,0.0
2025-01-17,6:00,18,0.0,0.0,0.0
2025-01-17,12:00,1,5792.5855,5753.5125,39.07300000000032
2025-01-17,12:00,2,4821.0284,4785.6,35.42839999999978
2025-01-17,12:00,3,3627.0041,3522.9375,104.06660000000011
2025-01-17,12:00,4,1861.7308,1801.8,59.93080000000009
2025-01-17,12:00,5,131.7454,129.45,2.2954000000000008
2025-01-17,12:00,6,0.0,0.0,0.0
2025-01-17,12:00,7,0.0,0.0,0.0
2025-01-17,12:00,8,0.0,0.0,0.0
2025-01-17,12:00,9,0.0,0.0,0.0
2025-01-17,12:00,10,0.0,0.0,0.0
2025-01-17,12:00,11,0.0,0.0,0.0
2025-01-17,12:00,12,0.0,0.0,0.0
2025-01-17,18:00,1,0.0,0.0,0.0
2025-01-17,18:00,2,0.0,0.0,0.0
2025-01-17,18:00,3,0.0,0.0,0.0
2025-01-17,18:00,4,0.0,0.0,0.0
2025-01-17,18:00,5,0.0,0.0,0.0
2025-01-17,18:00,6,0.0,0.0,0.0
2025-01-18,0:00,1,0.0,0.0,0.0
2025-01-18,0:00,2,0.0,0.0,0.0
2025-01-18,0:00,3,0.0,0.0,0.0
2025-01-18,0:00,4,0.0,0.0,0.0
2025-01-18,0:00,5,0.0,0.0,0.0
2025-01-18,0:00,6,0.0,0.0,0.0
2025-01-18,0:00,7,131.8329,136.575,4.7420999999999935
2025-01-18,0:00,8,1842.2182,1867.125,24.906799999999976
2025-01-18,0:00,9,3432.9866,3453.7875,20.80089999999973
2025-01-18,0:00,10,4436.2956,4584.45,148.15439999999944
2025-01-18,0:00,11,5084.6787,5214.6375,129.95879999999943
2025-01-18,0:00,12,5459.361,5697.675,238.3140000000003
2025-01-18,0:00,13,4921.1843,5979.1875,1058.0032
2025-01-18,0:00,14,4351.686,4979.925,628.2390000000005
2025-01-18,0:00,15,3063.0578,3661.5375,598.4796999999999
2025-01-18,0:00,16,1663.4021,1747.3875,83.98540000000003
2025-01-18,0:00,17,108.467,120.6,12.132999999999996
2025-01-18,0:00,18,0.0,0.0,0.0
2025-01-18,0:00,19,0.0,0.0,0.0
2025-01-18,0:00,20,0.0,0.0,0.0
2025-01-18,0:00,21,0.0,0.0,0.0
2025-01-18,0:00,22,0.0,0.0,0.0
2025-01-18,0:00,23,0.0,0.0,0.0
2025-01-18,0:00,24,0.0,0.0,0.0
2025-01-18,6:00,1,137.2759,136.575,0.7009000000000185
2025-01-18,6:00,2,1887.1784,1867.125,20.05340000000001
2025-01-18,6:00,3,3505.4818,3453.7875,51.69430000000011
2025-01-18,6:00,4,4504.5847,4584.45,79.86529999999948
2025-01-18,6:00,5,5148.8508,5214.6375,65.78669999999966
2025-01-18,6:00,6,5383.6437,5697.675,314.03130000000056
2025-01-18,6:00,7,5335.8285,5979.1875,643.3590000000004
2025-01-18,6:00,8,4410.8816,4979.925,569.0434000000005
2025-01-18,6:00,9,3097.1577,3661.5375,564.3797999999997
2025-01-18,6:00,10,1587.5792,1747.3875,159.80830000000014
2025-01-18,6:00,11,110.0689,120.6,10.531099999999995
2025-01-18,6:00,12,0.0,0.0,0.0
2025-01-18,6:00,13,0.0,0.0,0.0
2025-01-18,6:00,14,0.0,0.0,0.0
2025-01-18,6:00,15,0.0,0.0,0.0
2025-01-18,6:00,16,0.0,0.0,0.0
2025-01-18,6:00,17,0.0,0.0,0.0
2025-01-18,6:00,18,0.0,0.0,0.0
2025-01-18,12:00,1,6091.4009,5979.1875,112.21339999999964
2025-01-18,12:00,2,5121.5512,4979.925,141.6261999999997
2025-01-18,12:00,3,3775.3099,3661.5375,113.77240000000029
2025-01-18,12:00,4,1856.8872,1747.3875,109.49969999999985
2025-01-18,12:00,5,122.2847,120.6,1.6847000000000065
2025-01-18,12:00,6,0.0,0.0,0.0
2025-01-18,12:00,7,0.0,0.0,0.0
2025-01-18,12:00,8,0.0,0.0,0.0
2025-01-18,12:00,9,0.0,0.0,0.0
2025-01-18,12:00,10,0.0,0.0,0.0
2025-01-18,12:00,11,0.0,0.0,0.0
2025-01-18,12:00,12,0.0,0.0,0.0
2025-01-18,18:00,1,0.0,0.0,0.0
2025-01-18,18:00,2,0.0,0.0,0.0
2025-01-18,18:00,3,0.0,0.0,0.0
2025-01-18,18:00,4,0.0,0.0,0.0
2025-01-18,18:00,5,0.0,0.0,0.0
2025-01-18,18:00,6,0.0,0.0,0.0
2025-01-19,0:00,1,0.0,0.0,0.0
2025-01-19,0:00,2,0.0,0.0,0.0
2025-01-19,0:00,3,0.0,0.0,0.0
2025-01-19,0:00,4,0.0,0.0,0.0
2025-01-19,0:00,5,0.0,0.0,0.0
2025-01-19,0:00,6,0.0,0.0,0.0
2025-01-19,0:00,7,142.7708,143.8125,1.0416999999999916
2025-01-19,0:00,8,1792.7992,1690.3875,102.41169999999988
2025-01-19,0:00,9,3803.3997,3619.125,184.27469999999994
2025-01-19,0:00,10,4756.1733,4742.5125,13.660800000000563
2025-01-19,0:00,11,6111.217,5909.775,201.442
2025-01-19,0:00,12,6774.1836,6244.425,529.7586000000001
2025-01-19,0:00,13,6105.4882,5521.3125,584.1756999999998
2025-01-19,0:00,14,5326.6258,4545.4875,781.1382999999996
2025-01-19,0:00,15,3857.581,3178.3875,679.1935000000003
2025-01-19,0:00,16,1942.5399,1728.0375,214.50240000000008
2025-01-19,0:00,17,174.1709,139.875,34.29589999999999
2025-01-19,0:00,18,0.0,0.0,0.0
2025-01-19,0:00,19,0.0,0.0,0.0
2025-01-19,0:00,20,0.0,0.0,0.0
2025-01-19,0:00,21,0.0,0.0,0.0
2025-01-19,0:00,22,0.0,0.0,0.0
2025-01-19,0:00,23,0.0,0.0,0.0
2025-01-19,0:00,24,0.0,0.0,0.0
2025-01-19,6:00,1,144.1846,143.8125,0.372099999999989
2025-01-19,6:00,2,1698.6034,1690.3875,8.21589999999992
2025-01-19,6:00,3,3601.2451,3619.125,17.879899999999907
2025-01-19,6:00,4,4652.8691,4742.5125,89.64339999999993
2025-01-19,6:00,5,5708.6802,5909.775,201.09479999999985
2025-01-19,6:00,6,6371.9996,6244.425,127.57459999999992
2025-01-19,6:00,7,5682.4303,5521.3125,161.1178
2025-01-19,6:00,8,5146.7528,4545.4875,601.2653
2025-01-19,6:00,9,3450.5517,3178.3875,272.16420000000016
2025-01-19,6:00,10,1910.9854,1728.0375,182.94790000000012
2025-01-19,6:00,11,148.9938,139.875,9.118799999999993
2025-01-19,6:00,12,0.0,0.0,0.0
2025-01-19,6:00,13,0.0,0.0,0.0
2025-01-19,6:00,14,0.0,0.0,0.0
2025-01-19,6:00,15,0.0,0.0,0.0
2025-01-19,6:00,16,0.0,0.0,0.0
2025-01-19,6:00,17,0.0,0.0,0.0
2025-01-19,6:00,18,0.0,0.0,0.0
2025-01-19,12:00,1,5483.3293,5521.3125,37.98319999999967
2025-01-19,12:00,2,4491.1012,4545.4875,54.38630000000012
2025-01-19,12:00,3,3100.5046,3178.3875,77.88289999999961
2025-01-19,12:00,4,1653.667,1728.0375,74.37049999999999
2025-01-19,12:00,5,129.9625,139.875,9.912499999999994
2025-01-19,12:00,6,0.0,0.0,0.0
2025-01-19,12:00,7,0.0,0.0,0.0
2025-01-19,12:00,8,0.0,0.0,0.0
2025-01-19,12:00,9,0.0,0.0,0.0
2025-01-19,12:00,10,0.0,0.0,0.0
2025-01-19,12:00,11,0.0,0.0,0.0
2025-01-19,12:00,12,0.0,0.0,0.0
2025-01-19,18:00,1,0.0,0.0,0.0
2025-01-19,18:00,2,0.0,0.0,0.0
2025-01-19,18:00,3,0.0,0.0,0.0
2025-01-19,18:00,4,0.0,0.0,0.0
2025-01-19,18:00,5,0.0,0.0,0.0
2025-01-19,18:00,6,0.0,0.0,0.0
2025-01-20,0:00,1,0.0,0.0,0.0
2025-01-20,0:00,2,0.0,0.0,0.0
2025-01-20,0:00,3,0.0,0.0,0.0
2025-01-20,0:00,4,0.0,0.0,0.0
2025-01-20,0:00,5,0.0,0.0,0.0
2025-01-20,0:00,6,0.0,0.0,0.0
2025-01-20,0:00,7,147.0784,150.6,3.5216000000000065
2025-01-20,0:00,8,1460.5077,1543.2,82.69229999999993
2025-01-20,0:00,9,3310.4649,3223.2,87.26490000000013
2025-01-20,0:00,10,5324.6395,4953.1875,371.4520000000002
2025-01-20,0:00,11,6288.0424,5823.8625,464.1799000000001
2025-01-20,0:00,12,6975.5625,6597.6375,377.9250000000002
2025-01-20,0:00,13,6636.007,5975.175,660.8319999999994
2025-01-20,0:00,14,5305.3252,4925.7375,379.58770000000004
2025-01-20,0:00,15,3307.699,3517.9875,210.2885000000001
2025-01-20,0:00,16,1581.3908,1880.0625,298.6717000000001
2025-01-20,0:00,17,121.5983,152.3625,30.764200000000017
2025-01-20,0:00,18,0.0,0.0,0.0
2025-01-20,0:00,19,0.0,0.0,0.0
2025-01-20,0:00,20,0.0,0.0,0.0
2025-01-20,0:00,21,0.0,0.0,0.0
2025-01-20,0:00,22,0.0,0.0,0.0
2025-01-20,0:00,23,0.0,0.0,0.0
2025-01-20,0:00,24,0.0,0.0,0.0
2025-01-20,6:00,1,150.0484,150.6,0.5516000000000076
2025-01-20,6:00,2,1545.2272,1543.2,2.0271999999999935
2025-01-20,6:00,3,3318.4282,3223.2,95.22820000000002
2025-01-20,6:00,4,5108.613,4953.1875,155.42550000000028
2025-01-20,6:00,5,5979.9537,5823.8625,156.09119999999984
2025-01-20,6:00,6,6967.5897,6597.6375,369.95220000000063
2025-01-20,6:00,7,6185.9791,5975.175,210.80409999999938
2025-01-20,6:00,8,4853.7511,4925.7375,71.98639999999978
2025-01-20,6:00,9,3497.6624,3517.9875,20.32510000000002
2025-01-20,6:00,10,1680.9276,1880.0625,199.13490000000002
2025-01-20,6:00,11,126.9531,152.3625,25.409400000000005
2025-01-20,6:00,12,0.0,0.0,0.0
2025-01-20,6:00,13,0.0,0.0,0.0
2025-01-20,6:00,14,0.0,0.0,0.0
2025-01-20,6:00,15,0.0,0.0,0.0
2025-01-20,6:00,16,0.0,0.0,0.0
2025-01-20,6:00,17,0.0,0.0,0.0
2025-01-20,6:00,18,0.0,0.0,0.0
2025-01-20,12:00,1,6043.4107,5975.175,68.23570000000018
2025-01-20,12:00,2,4937.6851,4925.7375,11.947599999999511
2025-01-20,12:00,3,3473.2497,3517.9875,44.737800000000334
2025-01-20,12:00,4,1849.7496,1880.0625,30.3128999999999
2025-01-20,12:00,5,146.5386,152.3625,5.823900000000009
2025-01-20,12:00,6,0.0,0.0,0.0
2025-01-20,12:00,7,0.0,0.0,0.0
2025-01-20,12:00,8,0.0,0.0,0.0
2025-01-20,12:00,9,0.0,0.0,0.0
2025-01-20,12:00,10,0.0,0.0,0.0
2025-01-20,12:00,11,0.0,0.0,0.0
2025-01-20,12:00,12,0.0,0.0,0.0
2025-01-20,18:00,1,0.0,0.0,0.0
2025-01-20,18:00,2,0.0,0.0,0.0
2025-01-20,18:00,3,0.0,0.0,0.0
2025-01-20,18:00,4,0.0,0.0,0.0
2025-01-20,18:00,5,0.0,0.0,0.0
2025-01-20,18:00,6,0.0,0.0,0.0
2025-01-21,0:00,1,0.0,0.0,0.0
2025-01-21,0:00,2,0.0,0.0,0.0
2025-01-21,0:00,3,0.0,0.0,0.0
2025-01-21,0:00,4,0.0,0.0,0.0
2025-01-21,0:00,5,0.0,0.0,0.0
2025-01-21,0:00,6,0.0,0.0,0.0
2025-01-21,0:00,7,155.3595,159.0,3.640500000000003
2025-01-21,0:00,8,1775.9592,1865.9625,90.00330000000008
2025-01-21,0:00,9,3601.9807,3803.5125,201.53179999999975
2025-01-21,0:00,10,5099.6959,5320.875,221.1791000000003
2025-01-21,0:00,11,6062.9211,6464.7375,401.8164000000006
2025-01-21,0:00,12,6500.0344,6975.5625,475.52810000000045
2025-01-21,0:00,13,6357.0083,6549.7125,192.70419999999922
2025-01-21,0:00,14,5146.2079,5504.475,358.2671
2025-01-21,0:00,15,3502.7815,3762.3,259.51850000000013
2025-01-21,0:00,16,1802.94,1704.225,98.71500000000015
2025-01-21,0:00,17,162.9751,163.5,0.5249000000000024
2025-01-21,0:00,18,0.0,0.0,0.0
2025-01-21,0:00,19,0.0,0.0,0.0
2025-01-21,0:00,20,0.0,0.0,0.0
2025-01-21,0:00,21,0.0,0.0,0.0
2025-01-21,0:00,22,0.0,0.0,0.0
2025-01-21,0:00,23,0.0,0.0,0.0
2025-01-21,0:00,24,0.0,0.0,0.0
2025-01-21,6:00,1,158.9448,159.0,0.05520000000001346
2025-01-21,6:00,2,1820.6275,1865.9625,45.335000000000036
2025-01-21,6:00,3,3667.0846,3803.5125,136.42789999999968
2025-01-21,6:00,4,5156.0592,5320.875,164.8158000000003
2025-01-21,6:00,5,6415.8542,6464.7375,48.88330000000042
2025-01-21,6:00,6,6568.0591,6975.5625,407.5033999999996
2025-01-21,6:00,7,6655.46,6549.7125,105.7475000000004
2025-01-21,6:00,8,5808.6,5504.475,304.125
2025-01-21,6:00,9,4089.9624,3762.3,327.6623999999997
2025-01-21,6:00,10,1857.5651,1704.225,153.34010000000012
2025-01-21,6:00,11,178.7968,163.5,15.29679999999999
2025-01-21,6:00,12,0.0,0.0,0.0
2025-01-21,6:00,13,0.0,0.0,0.0
2025-01-21,6:00,14,0.0,0.0,0.0
2025-01-21,6:00,15,0.0,0.0,0.0
2025-01-21,6:00,16,0.0,0.0,0.0
2025-01-21,6:00,17,0.0,0.0,0.0
2025-01-21,6:00,18,0.0,0.0,0.0
2025-01-21,12:00,1,6510.6053,6549.7125,39.107199999999466
2025-01-21,12:00,2,5395.7151,5504.475,108.75990000000002
2025-01-21,12:00,3,3583.7302,3762.3,178.5698000000002
2025-01-21,12:00,4,1616.7212,1704.225,87.50379999999996
2025-01-21,12:00,5,155.2716,163.5,8.228399999999993
2025-01-21,12:00,6,0.0,0.0,0.0
2025-01-21,12:00,7,0.0,0.0,0.0
2025-01-21,12:00,8,0.0,0.0,0.0
2025-01-21,12:00,9,0.0,0.0,0.0
2025-01-21,12:00,10,0.0,0.0,0.0
2025-01-21,12:00,11,0.0,0.0,0.0
2025-01-21,12:00,12,0.0,0.0,0.0
2025-01-21,18:00,1,0.0,0.0,0.0
2025-01-21,18:00,2,0.0,0.0,0.0
2025-01-21,18:00,3,0.0,0.0,0.0
2025-01-21,18:00,4,0.0,0.0,0.0
2025-01-21,18:00,5,0.0,0.0,0.0
2025-01-21,18:00,6,0.0,0.0,0.0
2025-01-22,0:00,1,0.0,0.0,0.0
2025-01-22,0:00,2,0.0,0.0,0.0
2025-01-22,0:00,3,0.0,0.0,0.0
2025-01-22,0:00,4,0.0,0.0,0.0
2025-01-22,0:00,5,0.0,0.0,0.0
2025-01-22,0:00,6,0.0,0.0,0.0
2025-01-22,0:00,7,184.1307,178.2,5.930700000000002
2025-01-22,0:00,8,2035.1593,1895.55,139.60930000000008
2025-01-22,0:00,9,3749.616,3484.95,264.66600000000017
2025-01-22,0:00,10,4788.1978,4637.9625,150.23530000000028
2025-01-22,0:00,11,5409.057,5643.9,234.84299999999985
2025-01-22,0:00,12,5856.4145,5911.9875,55.57300000000032
2025-01-22,0:00,13,5143.3439,5693.175,549.8311000000003
2025-01-22,0:00,14,4183.7261,4337.325,153.59889999999996
2025-01-22,0:00,15,3598.1639,3674.2875,76.1235999999999
2025-01-22,0:00,16,1778.3597,1951.9875,173.62779999999998
2025-01-22,0:00,17,173.6182,187.8,14.18180000000001
2025-01-22,0:00,18,0.0,0.0,0.0
2025-01-22,0:00,19,0.0,0.0,0.0
2025-01-22,0:00,20,0.0,0.0,0.0
2025-01-22,0:00,21,0.0,0.0,0.0
2025-01-22,0:00,22,0.0,0.0,0.0
2025-01-22,0:00,23,0.0,0.0,0.0
2025-01-22,0:00,24,0.0,0.0,0.0
2025-01-22,6:00,1,179.6503,178.2,1.4502999999999986
2025-01-22,6:00,2,1915.7853,1895.55,20.235300000000052
2025-01-22,6:00,3,3505.7268,3484.95,20.776800000000094
2025-01-22,6:00,4,4810.2929,4637.9625,172.33040000000074
2025-01-22,6:00,5,5452.7807,5643.9,191.11929999999938
2025-01-22,6:00,6,5509.2464,5911.9875,402.7411000000002
2025-01-22,6:00,7,5371.7041,5693.175,321.47090000000026
2025-01-22,6:00,8,4295.7033,4337.325,41.62169999999969
2025-01-22,6:00,9,3489.7892,3674.2875,184.49829999999974
2025-01-22,6:00,10,1843.6361,1951.9875,108.35140000000001
2025-01-22,6:00,11,202.9261,187.8,15.12609999999998
2025-01-22,6:00,12,0.0,0.0,0.0
2025-01-22,6:00,13,0.0,0.0,0.0
2025-01-22,6:00,14,0.0,0.0,0.0
2025-01-22,6:00,15,0.0,0.0,0.0
2025-01-22,6:00,16,0.0,0.0,0.0
2025-01-22,6:00,17,0.0,0.0,0.0
2025-01-22,6:00,18,0.0,0.0,0.0
2025-01-22,12:00,1,5606.4319,5693.175,86.7431000000006
2025-01-22,12:00,2,4226.9029,4337.325,110.42209999999977
2025-01-22,12:00,3,3572.7256,3674.2875,101.5618999999997
2025-01-22,12:00,4,1971.091,1951.9875,19.10349999999994
2025-01-22,12:00,5,186.2135,187.8,1.586500000000001
2025-01-22,12:00,6,0.0,0.0,0.0
2025-01-22,12:00,7,0.0,0.0,0.0
2025-01-22,12:00,8,0.0,0.0,0.0
2025-01-22,12:00,9,0.0,0.0,0.0
2025-01-22,12:00,10,0.0,0.0,0.0
2025-01-22,12:00,11,0.0,0.0,0.0
2025-01-22,12:00,12,0.0,0.0,0.0
2025-01-22,18:00,1,0.0,0.0,0.0
2025-01-22,18:00,2,0.0,0.0,0.0
2025-01-22,18:00,3,0.0,0.0,0.0
2025-01-22,18:00,4,0.0,0.0,0.0
2025-01-22,18:00,5,0.0,0.0,0.0
2025-01-22,18:00,6,0.0,0.0,0.0
2025-01-23,0:00,1,0.0,0.0,0.0
2025-01-23,0:00,2,0.0,0.0,0.0
2025-01-23,0:00,3,0.0,0.0,0.0
2025-01-23,0:00,4,0.0,0.0,0.0
2025-01-23,0:00,5,0.0,0.0,0.0
2025-01-23,0:00,6,0.0,0.0,0.0
2025-01-23,0:00,7,186.2805,188.475,2.194500000000005
2025-01-23,0:00,8,1796.9131,1783.725,13.188100000000077
2025-01-23,0:00,9,3670.2938,3212.9625,457.3312999999998
2025-01-23,0:00,10,5683.425,4710.525,972.9000000000005
2025-01-23,0:00,11,6464.7375,5595.5625,869.1750000000002
2025-01-23,0:00,12,6178.6277,5685.8625,492.7651999999998
2025-01-23,0:00,13,5928.0268,5443.575,484.4517999999998
2025-01-23,0:00,14,4697.6942,4754.3625,56.66830000000027
2025-01-23,0:00,15,3208.9282,3319.05,110.12180000000035
2025-01-23,0:00,16,1914.2814,1906.9875,7.2939000000001215
2025-01-23,0:00,17,192.4357,188.8125,3.623199999999997
2025-01-23,0:00,18,0.0,0.0,0.0
2025-01-23,0:00,19,0.0,0.0,0.0
2025-01-23,0:00,20,0.0,0.0,0.0
2025-01-23,0:00,21,0.0,0.0,0.0
2025-01-23,0:00,22,0.0,0.0,0.0
2025-01-23,0:00,23,0.0,0.0,0.0
2025-01-23,0:00,24,0.0,0.0,0.0
2025-01-23,6:00,1,185.9706,188.475,2.504400000000004
2025-01-23,6:00,2,1731.8411,1783.725,51.88389999999981
2025-01-23,6:00,3,3180.7758,3212.9625,32.1867000000002
2025-01-23,6:00,4,4762.6331,4710.525,52.10810000000038
2025-01-23,6:00,5,5977.7968,5595.5625,382.2343000000001
2025-01-23,6:00,6,6008.8025,5685.8625,322.9399999999996
2025-01-23,6:00,7,6245.9364,5443.575,802.3613999999998
2025-01-23,6:00,8,5029.2553,4754.3625,274.8927999999996
2025-01-23,6:00,9,3542.6371,3319.05,223.58709999999974
2025-01-23,6:00,10,1926.3683,1906.9875,19.380800000000136
2025-01-23,6:00,11,194.149,188.8125,5.336500000000001
2025-01-23,6:00,12,0.0,0.0,0.0
2025-01-23,6:00,13,0.0,0.0,0.0
2025-01-23,6:00,14,0.0,0.0,0.0
2025-01-23,6:00,15,0.0,0.0,0.0
2025-01-23,6:00,16,0.0,0.0,0.0
2025-01-23,6:00,17,0.0,0.0,0.0
2025-01-23,6:00,18,0.0,0.0,0.0
2025-01-23,12:00,1,5470.7906,5443.575,27.21560000000045
2025-01-23,12:00,2,4719.9861,4754.3625,34.3764000000001
2025-01-23,12:00,3,3313.3189,3319.05,5.731099999999969
2025-01-23,12:00,4,1914.0953,1906.9875,7.1077999999999975
2025-01-23,12:00,5,186.4386,188.8125,2.373899999999992
2025-01-23,12:00,6,0.0,0.0,0.0
2025-01-23,12:00,7,0.0,0.0,0.0
2025-01-23,12:00,8,0.0,0.0,0.0
2025-01-23,12:00,9,0.0,0.0,0.0
2025-01-23,12:00,10,0.0,0.0,0.0
2025-01-23,12:00,11,0.0,0.0,0.0
2025-01-23,12:00,12,0.0,0.0,0.0
2025-01-23,18:00,1,0.0,0.0,0.0
2025-01-23,18:00,2,0.0,0.0,0.0
2025-01-23,18:00,3,0.0,0.0,0.0
2025-01-23,18:00,4,0.0,0.0,0.0
2025-01-23,18:00,5,0.0,0.0,0.0
2025-01-23,18:00,6,0.0,0.0,0.0
2025-01-24,0:00,1,0.0,0.0,0.0
2025-01-24,0:00,2,0.0,0.0,0.0
2025-01-24,0:00,3,0.0,0.0,0.0
2025-01-24,0:00,4,0.0,0.0,0.0
2025-01-24,0:00,5,0.0,0.0,0.0
2025-01-24,0:00,6,0.0,0.0,0.0
2025-01-24,0:00,7,231.3724,208.4625,22.909899999999993
2025-01-24,0:00,8,1919.4144,1806.9,112.5143999999998
2025-01-24,0:00,9,3573.7701,3434.7,139.07010000000037
2025-01-24,0:00,10,5264.0777,5177.25,86.82769999999982
2025-01-24,0:00,11,6504.1866,6425.775,78.41160000000036
2025-01-24,0:00,12,6942.5502,6696.675,245.8751999999995
2025-01-24,0:00,13,6629.2768,6132.6,496.6767999999993
2025-01-24,0:00,14,5668.8129,4948.2375,720.5753999999997
2025-01-24,0:00,15,3945.2215,3633.3,311.9214999999999
2025-01-24,0:00,16,1846.2657,1794.9,51.36569999999983
2025-01-24,0:00,17,199.3029,221.2125,21.90960000000001
2025-01-24,0:00,18,0.0,0.0,0.0
2025-01-24,0:00,19,0.0,0.0,0.0
2025-01-24,0:00,20,0.0,0.0,0.0
2025-01-24,0:00,21,0.0,0.0,0.0
2025-01-24,0:00,22,0.0,0.0,0.0
2025-01-24,0:00,23,0.0,0.0,0.0
2025-01-24,0:00,24,0.0,0.0,0.0
2025-01-24,6:00,1,208.1432,208.4625,0.31929999999999836
2025-01-24,6:00,2,1805.0477,1806.9,1.8523000000000138
2025-01-24,6:00,3,3474.0988,3434.7,39.39880000000039
2025-01-24,6:00,4,5199.7497,5177.25,22.499700000000303
2025-01-24,6:00,5,6524.7103,6425.775,98.9353000000001
2025-01-24,6:00,6,6865.1614,6696.675,168.48639999999978
2025-01-24,6:00,7,6453.794,6132.6,321.1939999999995
2025-01-24,6:00,8,5148.2863,4948.2375,200.04879999999957
2025-01-24,6:00,9,4157.3357,3633.3,524.0356999999995
2025-01-24,6:00,10,2089.3147,1794.9,294.4146999999998
2025-01-24,6:00,11,255.0301,221.2125,33.8176
2025-01-24,6:00,12,0.0,0.0,0.0
2025-01-24,6:00,13,0.0,0.0,0.0
2025-01-24,6:00,14,0.0,0.0,0.0
2025-01-24,6:00,15,0.0,0.0,0.0
2025-01-24,6:00,16,0.0,0.0,0.0
2025-01-24,6:00,17,0.0,0.0,0.0
2025-01-24,6:00,18,0.0,0.0,0.0
2025-01-24,12:00,1,6096.1842,6132.6,36.41580000000067
2025-01-24,12:00,2,4825.3658,4948.2375,122.8717000000006
2025-01-24,12:00,3,3562.1403,3633.3,71.15970000000016
2025-01-24,12:00,4,1756.0338,1794.9,38.86620000000016
2025-01-24,12:00,5,210.609,221.2125,10.603499999999997
2025-01-24,12:00,6,0.0,0.0,0.0
2025-01-24,12:00,7,0.0,0.0,0.0
2025-01-24,12:00,8,0.0,0.0,0.0
2025-01-24,12:00,9,0.0,0.0,0.0
2025-01-24,12:00,10,0.0,0.0,0.0
2025-01-24,12:00,11,0.0,0.0,0.0
2025-01-24,12:00,12,0.0,0.0,0.0
2025-01-24,18:00,1,0.0,0.0,0.0
2025-01-24,18:00,2,0.0,0.0,0.0
2025-01-24,18:00,3,0.0,0.0,0.0
2025-01-24,18:00,4,0.0,0.0,0.0
2025-01-24,18:00,5,0.0,0.0,0.0
2025-01-24,18:00,6,0.0,0.0,0.0
2025-01-25,0:00,1,0.0,0.0,0.0
2025-01-25,0:00,2,0.0,0.0,0.0
2025-01-25,0:00,3,0.0,0.0,0.0
2025-01-25,0:00,4,0.0,0.0,0.0
2025-01-25,0:00,5,0.0,0.0,0.0
2025-01-25,0:00,6,0.0,0.0,0.0
2025-01-25,0:00,7,175.2836,214.275,38.9914
2025-01-25,0:00,8,1674.899,1827.8625,152.96350000000007
2025-01-25,0:00,9,3369.1981,3647.325,278.12689999999975
2025-01-25,0:00,10,5081.7565,5169.075,87.3184999999994
2025-01-25,0:00,11,6416.7544,6231.075,185.6794
2025-01-25,0:00,12,6975.5625,6677.6625,297.89999999999964
2025-01-25,0:00,13,7157.625,6893.025,264.60000000000036
2025-01-25,0:00,14,6088.05,5508.3375,579.7125000000005
2025-01-25,0:00,15,4173.675,3753.7875,419.8875000000003
2025-01-25,0:00,16,2159.9978,1918.05,241.94780000000014
2025-01-25,0:00,17,243.5256,233.8875,9.638100000000009
2025-01-25,0:00,18,0.0,0.0,0.0
2025-01-25,0:00,19,0.0,0.0,0.0
2025-01-25,0:00,20,0.0,0.0,0.0
2025-01-25,0:00,21,0.0,0.0,0.0
2025-01-25,0:00,22,0.0,0.0,0.0
2025-01-25,0:00,23,0.0,0.0,0.0
2025-01-25,0:00,24,0.0,0.0,0.0
2025-01-25,6:00,1,212.2885,214.275,1.9865000000000066
2025-01-25,6:00,2,1794.5835,1827.8625,33.278999999999996
2025-01-25,6:00,3,3562.8019,3647.325,84.52309999999989
2025-01-25,6:00,4,4880.8984,5169.075,288.1765999999998
2025-01-25,6:00,5,5657.6672,6231.075,573.4078
2025-01-25,6:00,6,6023.6399,6677.6625,654.0226000000002
2025-01-25,6:00,7,6534.0195,6893.025,359.0054999999993
2025-01-25,6:00,8,5144.3609,5508.3375,363.97659999999996
2025-01-25,6:00,9,3524.2279,3753.7875,229.55960000000005
2025-01-25,6:00,10,1900.6039,1918.05,17.446099999999888
2025-01-25,6:00,11,239.5057,233.8875,5.618200000000002
2025-01-25,6:00,12,0.0,0.0,0.0
2025-01-25,6:00,13,0.0,0.0,0.0
2025-01-25,6:00,14,0.0,0.0,0.0
2025-01-25,6:00,15,0.0,0.0,0.0
2025-01-25,6:00,16,0.0,0.0,0.0
2025-01-25,6:00,17,0.0,0.0,0.0
2025-01-25,6:00,18,0.0,0.0,0.0
2025-01-25,12:00,1,6917.7005,6893.025,24.675500000000284
2025-01-25,12:00,2,5476.1267,5508.3375,32.210799999999836
2025-01-25,12:00,3,3755.3179,3753.7875,1.5304000000000997
2025-01-25,12:00,4,1922.1557,1918.05,4.10570000000007
2025-01-25,12:00,5,233.3475,233.8875,0.539999999999992
2025-01-25,12:00,6,0.0,0.0,0.0
2025-01-25,12:00,7,0.0,0.0,0.0
2025-01-25,12:00,8,0.0,0.0,0.0
2025-01-25,12:00,9,0.0,0.0,0.0
2025-01-25,12:00,10,0.0,0.0,0.0
2025-01-25,12:00,11,0.0,0.0,0.0
2025-01-25,12:00,12,0.0,0.0,0.0
2025-01-25,18:00,1,0.0,0.0,0.0
2025-01-25,18:00,2,0.0,0.0,0.0
2025-01-25,18:00,3,0.0,0.0,0.0
2025-01-25,18:00,4,0.0,0.0,0.0
2025-01-25,18:00,5,0.0,0.0,0.0
2025-01-25,18:00,6,0.0,0.0,0.0
2025-01-26,0:00,1,0.0,0.0,0.0
2025-01-26,0:00,2,0.0,0.0,0.0
2025-01-26,0:00,3,0.0,0.0,0.0
2025-01-26,0:00,4,0.0,0.0,0.0
2025-01-26,0:00,5,0.0,0.0,0.0
2025-01-26,0:00,6,0.0,0.0,0.0
2025-01-26,0:00,7,221.6881,230.175,8.48690000000002
2025-01-26,0:00,8,1863.3382,1889.1375,25.79930000000013
2025-01-26,0:00,9,3433.2557,3724.7625,291.50679999999966
2025-01-26,0:00,10,4624.5663,4960.8,336.23369999999977
2025-01-26,0:00,11,4913.119,5930.5875,1017.4685
2025-01-26,0:00,12,4842.3016,5924.4,1082.0983999999999
2025-01-26,0:00,13,4214.5725,5137.6875,923.1149999999998
2025-01-26,0:00,14,4297.9339,4830.075,532.1410999999998
2025-01-26,0:00,15,2993.955,3322.4625,328.50750000000016
2025-01-26,0:00,16,1946.5518,1901.325,45.22679999999991
2025-01-26,0:00,17,260.3611,248.325,12.036100000000033
2025-01-26,0:00,18,0.0,0.0,0.0
2025-01-26,0:00,19,0.0,0.0,0.0
2025-01-26,0:00,20,0.0,0.0,0.0
2025-01-26,0:00,21,0.0,0.0,0.0
2025-01-26,0:00,22,0.0,0.0,0.0
2025-01-26,0:00,23,0.0,0.0,0.0
2025-01-26,0:00,24,0.0,0.0,0.0
2025-01-26,6:00,1,227.0846,230.175,3.0904000000000167
2025-01-26,6:00,2,1814.5359,1889.1375,74.60159999999996
2025-01-26,6:00,3,3546.4906,3724.7625,178.27189999999973
2025-01-26,6:00,4,4826.1244,4960.8,134.6756000000005
2025-01-26,6:00,5,5814.2478,5930.5875,116.33969999999954
2025-01-26,6:00,6,5698.9032,5924.4,225.4967999999999
2025-01-26,6:00,7,5184.1275,5137.6875,46.4399999999996
2025-01-26,6:00,8,5105.3334,4830.075,275.2584000000006
2025-01-26,6:00,9,3651.5949,3322.4625,329.13239999999996
2025-01-26,6:00,10,1979.8583,1901.325,78.53330000000005
2025-01-26,6:00,11,241.2852,248.325,7.039799999999985
2025-01-26,6:00,12,0.0,0.0,0.0
2025-01-26,6:00,13,0.0,0.0,0.0
2025-01-26,6:00,14,0.0,0.0,0.0
2025-01-26,6:00,15,0.0,0.0,0.0
2025-01-26,6:00,16,0.0,0.0,0.0
2025-01-26,6:00,17,0.0,0.0,0.0
2025-01-26,6:00,18,0.0,0.0,0.0
2025-01-26,12:00,1,5157.4853,5137.6875,19.79780000000028
2025-01-26,12:00,2,4840.937,4830.075,10.86200000000008
2025-01-26,12:00,3,3274.7015,3322.4625,47.76099999999997
2025-01-26,12:00,4,1871.525,1901.325,29.799999999999955
2025-01-26,12:00,5,239.6486,248.325,8.676400000000001
2025-01-26,12:00,6,0.0,0.0,0.0
2025-01-26,12:00,7,0.0,0.0,0.0
2025-01-26,12:00,8,0.0,0.0,0.0
2025-01-26,12:00,9,0.0,0.0,0.0
2025-01-26,12:00,10,0.0,0.0,0.0
2025-01-26,12:00,11,0.0,0.0,0.0
2025-01-26,12:00,12,0.0,0.0,0.0
2025-01-26,18:00,1,0.0,0.0,0.0
2025-01-26,18:00,2,0.0,0.0,0.0
2025-01-26,18:00,3,0.0,0.0,0.0
2025-01-26,18:00,4,0.0,0.0,0.0
2025-01-26,18:00,5,0.0,0.0,0.0
2025-01-26,18:00,6,0.0,0.0,0.0
2025-01-27,0:00,1,0.0,0.0,0.0
2025-01-27,0:00,2,0.0,0.0,0.0
2025-01-27,0:00,3,0.0,0.0,0.0
2025-01-27,0:00,4,0.0,0.0,0.0
2025-01-27,0:00,5,0.0,0.0,0.0
2025-01-27,0:00,6,0.0,0.0,0.0
2025-01-27,0:00,7,246.4932,247.875,1.3817999999999984
2025-01-27,0:00,8,1872.5363,1971.525,98.98870000000011
2025-01-27,0:00,9,3498.5381,3893.1375,394.5993999999996
2025-01-27,0:00,10,5401.3013,5663.85,262.5487000000003
2025-01-27,0:00,11,6043.7248,5940.9,102.82480000000032
2025-01-27,0:00,12,7247.5125,6775.3125,472.1999999999998
2025-01-27,0:00,13,6384.9825,5588.1375,796.8450000000003
2025-01-27,0:00,14,6088.05,5199.6375,888.4125000000004
2025-01-27,0:00,15,4352.7,3619.0875,733.6124999999997
2025-01-27,0:00,16,2482.2,2036.3625,445.83749999999986
2025-01-27,0:00,17,325.1288,268.0125,57.116300000000024
2025-01-27,0:00,18,0.0,0.0,0.0
2025-01-27,0:00,19,0.0,0.0,0.0
2025-01-27,0:00,20,0.0,0.0,0.0
2025-01-27,0:00,21,0.0,0.0,0.0
2025-01-27,0:00,22,0.0,0.0,0.0
2025-01-27,0:00,23,0.0,0.0,0.0
2025-01-27,0:00,24,0.0,0.0,0.0
2025-01-27,6:00,1,244.3844,247.875,3.4906000000000006
2025-01-27,6:00,2,1915.7873,1971.525,55.73770000000013
2025-01-27,6:00,3,3843.8986,3893.1375,49.23889999999983
2025-01-27,6:00,4,5640.7209,5663.85,23.129100000000108
2025-01-27,6:00,5,6126.9387,5940.9,186.03870000000006
2025-01-27,6:00,6,6979.7692,6775.3125,204.45669999999973
2025-01-27,6:00,7,5648.0806,5588.1375,59.94310000000041
2025-01-27,6:00,8,4946.1789,5199.6375,253.45859999999993
2025-01-27,6:00,9,3351.4689,3619.0875,267.61860000000024
2025-01-27,6:00,10,1940.696,2036.3625,95.66650000000004
2025-01-27,6:00,11,271.7645,268.0125,3.7520000000000095
2025-01-27,6:00,12,0.0,0.0,0.0
2025-01-27,6:00,13,0.0,0.0,0.0
2025-01-27,6:00,14,0.0,0.0,0.0
2025-01-27,6:00,15,0.0,0.0,0.0
2025-01-27,6:00,16,0.0,0.0,0.0
2025-01-27,6:00,17,0.0,0.0,0.0
2025-01-27,6:00,18,0.0,0.0,0.0
2025-01-27,12:00,1,5670.8433,5588.1375,82.70580000000064
2025-01-27,12:00,2,5345.4919,5199.6375,145.85440000000017
2025-01-27,12:00,3,3683.7185,3619.0875,64.63099999999986
2025-01-27,12:00,4,2021.3418,2036.3625,15.020700000000033
2025-01-27,12:00,5,279.0688,268.0125,11.056300000000022
2025-01-27,12:00,6,0.0,0.0,0.0
2025-01-27,12:00,7,0.0,0.0,0.0
2025-01-27,12:00,8,0.0,0.0,0.0
2025-01-27,12:00,9,0.0,0.0,0.0
2025-01-27,12:00,10,0.0,0.0,0.0
2025-01-27,12:00,11,0.0,0.0,0.0
2025-01-27,12:00,12,0.0,0.0,0.0
2025-01-27,18:00,1,0.0,0.0,0.0
2025-01-27,18:00,2,0.0,0.0,0.0
2025-01-27,18:00,3,0.0,0.0,0.0
2025-01-27,18:00,4,0.0,0.0,0.0
2025-01-27,18:00,5,0.0,0.0,0.0
2025-01-27,18:00,6,0.0,0.0,0.0
2025-01-28,0:00,1,0.0,0.0,0.0
2025-01-28,0:00,2,0.0,0.0,0.0
2025-01-28,0:00,3,0.0,0.0,0.0
2025-01-28,0:00,4,0.0,0.0,0.0
2025-01-28,0:00,5,0.0,0.0,0.0
2025-01-28,0:00,6,0.0,0.0,0.0
2025-01-28,0:00,7,317.8497,279.675,38.17469999999997
2025-01-28,0:00,8,2080.7957,1888.8375,191.95820000000003
2025-01-28,0:00,9,3665.9685,3623.1,42.86850000000004
2025-01-28,0:00,10,4911.532,5130.525,218.99299999999948
2025-01-28,0:00,11,5868.6455,6368.8875,500.2420000000002
2025-01-28,0:00,12,4888.0971,5954.325,1066.2278999999999
2025-01-28,0:00,13,4900.9878,5579.625,678.6372000000001
2025-01-28,0:00,14,5194.7635,4997.325,197.4385000000002
2025-01-28,0:00,15,3780.3281,3710.7375,69.5906
2025-01-28,0:00,16,2049.8508,2097.975,48.124199999999746
2025-01-28,0:00,17,306.5797,293.7375,12.842199999999991
2025-01-28,0:00,18,0.0,0.0,0.0
2025-01-28,0:00,19,0.0,0.0,0.0
2025-01-28,0:00,20,0.0,0.0,0.0
2025-01-28,0:00,21,0.0,0.0,0.0
2025-01-28,0:00,22,0.0,0.0,0.0
2025-01-28,0:00,23,0.0,0.0,0.0
2025-01-28,0:00,24,0.0,0.0,0.0
2025-01-28,6:00,1,278.9177,279.675,0.7572999999999865
2025-01-28,6:00,2,1868.382,1888.8375,20.45550000000003
2025-01-28,6:00,3,3563.6793,3623.1,59.420700000000124
2025-01-28,6:00,4,4945.806,5130.525,184.71900000000005
2025-01-28,6:00,5,6069.7913,6368.8875,299.09619999999995
2025-01-28,6:00,6,5715.8277,5954.325,238.4973
2025-01-28,6:00,7,5378.2258,5579.625,201.39919999999984
2025-01-28,6:00,8,4657.1246,4997.325,340.2003999999997
2025-01-28,6:00,9,3530.1877,3710.7375,180.54980000000023
2025-01-28,6:00,10,2061.9018,2097.975,36.073199999999815
2025-01-28,6:00,11,297.3392,293.7375,3.601699999999994
2025-01-28,6:00,12,0.0,0.0,0.0
2025-01-28,6:00,13,0.0,0.0,0.0
2025-01-28,6:00,14,0.0,0.0,0.0
2025-01-28,6:00,15,0.0,0.0,0.0
2025-01-28,6:00,16,0.0,0.0,0.0
2025-01-28,6:00,17,0.0,0.0,0.0
2025-01-28,6:00,18,0.0,0.0,0.0
2025-01-28,12:00,1,5646.2983,5579.625,66.67330000000038
2025-01-28,12:00,2,5014.364,4997.325,17.03899999999976
2025-01-28,12:00,3,3779.1455,3710.7375,68.4079999999999
2025-01-28,12:00,4,2158.6447,2097.975,60.66969999999992
2025-01-28,12:00,5,298.9752,293.7375,5.237699999999961
2025-01-28,12:00,6,0.0,0.0,0.0
2025-01-28,12:00,7,0.0,0.0,0.0
2025-01-28,12:00,8,0.0,0.0,0.0
2025-01-28,12:00,9,0.0,0.0,0.0
2025-01-28,12:00,10,0.0,0.0,0.0
2025-01-28,12:00,11,0.0,0.0,0.0
2025-01-28,12:00,12,0.0,0.0,0.0
2025-01-28,18:00,1,0.0,0.0,0.0
2025-01-28,18:00,2,0.0,0.0,0.0
2025-01-28,18:00,3,0.0,0.0,0.0
2025-01-28,18:00,4,0.0,0.0,0.0
2025-01-28,18:00,5,0.0,0.0,0.0
2025-01-28,18:00,6,0.0,0.0,0.0
2025-01-29,0:00,1,0.0,0.0,0.0
2025-01-29,0:00,2,0.0,0.0,0.0
2025-01-29,0:00,3,0.0,0.0,0.0
2025-01-29,0:00,4,0.0,0.0,0.0
2025-01-29,0:00,5,0.0,0.0,0.0
2025-01-29,0:00,6,0.0,0.0,0.0
2025-01-29,0:00,7,351.3224,325.0875,26.23490000000004
2025-01-29,0:00,8,2284.2186,2204.1375,80.08110000000033
2025-01-29,0:00,9,4239.791,4001.7375,238.05349999999999
2025-01-29,0:00,10,5641.6352,5683.425,41.78980000000047
2025-01-29,0:00,11,5940.8807,6377.25,436.3693000000003
2025-01-29,0:00,12,6187.547,6568.2375,380.6905000000006
2025-01-29,0:00,13,6739.1348,6474.6,264.53479999999945
2025-01-29,0:00,14,6088.05,5808.6,279.4499999999998
2025-01-29,0:00,15,4790.25,4173.675,616.5749999999998
2025-01-29,0:00,16,2646.3375,2154.0375,492.3000000000002
2025-01-29,0:00,17,357.8637,299.6625,58.20119999999997
2025-01-29,0:00,18,0.0,0.0,0.0
2025-01-29,0:00,19,0.0,0.0,0.0
2025-01-29,0:00,20,0.0,0.0,0.0
2025-01-29,0:00,21,0.0,0.0,0.0
2025-01-29,0:00,22,0.0,0.0,0.0
2025-01-29,0:00,23,0.0,0.0,0.0
2025-01-29,0:00,24,0.0,0.0,0.0
2025-01-29,6:00,1,322.4017,325.0875,2.685799999999972
2025-01-29,6:00,2,2146.4655,2204.1375,57.672000000000025
2025-01-29,6:00,3,3853.6824,4001.7375,148.05510000000004
2025-01-29,6:00,4,5530.6,5683.425,152.82499999999982
2025-01-29,6:00,5,5905.6436,6377.25,471.60639999999967
2025-01-29,6:00,6,5850.3219,6568.2375,717.9156000000003
2025-01-29,6:00,7,5837.948,6474.6,636.652
2025-01-29,6:00,8,5497.6455,5808.6,310.95450000000073
2025-01-29,6:00,9,4072.3654,4173.675,101.30960000000005
2025-01-29,6:00,10,2059.4745,2154.0375,94.5630000000001
2025-01-29,6:00,11,302.9234,299.6625,3.2608999999999924
2025-01-29,6:00,12,0.0,0.0,0.0
2025-01-29,6:00,13,0.0,0.0,0.0
2025-01-29,6:00,14,0.0,0.0,0.0
2025-01-29,6:00,15,0.0,0.0,0.0
2025-01-29,6:00,16,0.0,0.0,0.0
2025-01-29,6:00,17,0.0,0.0,0.0
2025-01-29,6:00,18,0.0,0.0,0.0
2025-01-29,12:00,1,6681.4268,6474.6,206.82679999999982
2025-01-29,12:00,2,6069.2733,5808.6,260.6732999999995
2025-01-29,12:00,3,4442.8761,4173.675,269.2011000000002
2025-01-29,12:00,4,2301.1621,2154.0375,147.1246000000001
2025-01-29,12:00,5,308.0735,299.6625,8.411000000000001
2025-01-29,12:00,6,0.0,0.0,0.0
2025-01-29,12:00,7,0.0,0.0,0.0
2025-01-29,12:00,8,0.0,0.0,0.0
2025-01-29,12:00,9,0.0,0.0,0.0
2025-01-29,12:00,10,0.0,0.0,0.0
2025-01-29,12:00,11,0.0,0.0,0.0
2025-01-29,12:00,12,0.0,0.0,0.0
2025-01-29,18:00,1,0.0,0.0,0.0
2025-01-29,18:00,2,0.0,0.0,0.0
2025-01-29,18:00,3,0.0,0.0,0.0
2025-01-29,18:00,4,0.0,0.0,0.0
2025-01-29,18:00,5,0.0,0.0,0.0
2025-01-29,18:00,6,0.0,0.0,0.0
2025-01-30,0:00,1,0.0,0.0,0.0
2025-01-30,0:00,2,0.0,0.0,0.0
2025-01-30,0:00,3,0.0,0.0,0.0
2025-01-30,0:00,4,0.0,0.0,0.0
2025-01-30,0:00,5,0.0,0.0,0.0
2025-01-30,0:00,6,0.0,0.0,0.0
2025-01-30,0:00,7,296.7997,301.35,4.55030000000005
2025-01-30,0:00,8,1942.1266,1969.8375,27.710900000000038
2025-01-30,0:00,9,3445.5182,3599.1,153.58179999999993
2025-01-30,0:00,10,4769.3825,5201.7375,432.3550000000005
2025-01-30,0:00,11,6303.3426,6142.8375,160.5051000000003
2025-01-30,0:00,12,6811.9373,6338.9625,472.97479999999996
2025-01-30,0:00,13,7157.625,6698.25,459.375
2025-01-30,0:00,14,6088.05,5255.4375,832.6125000000002
2025-01-30,0:00,15,4790.25,3898.125,892.125
2025-01-30,0:00,16,2747.3625,2163.375,583.9875000000002
2025-01-30,0:00,17,386.693,320.475,66.21799999999996
2025-01-30,0:00,18,0.0,0.0,0.0
2025-01-30,0:00,19,0.0,0.0,0.0
2025-01-30,0:00,20,0.0,0.0,0.0
2025-01-30,0:00,21,0.0,0.0,0.0
2025-01-30,0:00,22,0.0,0.0,0.0
2025-01-30,0:00,23,0.0,0.0,0.0
2025-01-30,0:00,24,0.0,0.0,0.0
2025-01-30,6:00,1,300.1262,301.35,1.2238000000000397
2025-01-30,6:00,2,1914.7101,1969.8375,55.12740000000008
2025-01-30,6:00,3,3522.7265,3599.1,76.3734999999997
2025-01-30,6:00,4,5118.9263,5201.7375,82.8112000000001
2025-01-30,6:00,5,6191.6196,6142.8375,48.782100000000355
2025-01-30,6:00,6,6092.4175,6338.9625,246.54500000000007
2025-01-30,6:00,7,6837.1221,6698.25,138.8720999999996
2025-01-30,6:00,8,4883.3256,5255.4375,372.1118999999999
2025-01-30,6:00,9,3528.7661,3898.125,369.3589000000002
2025-01-30,6:00,10,1927.9531,2163.375,235.42190000000005
2025-01-30,6:00,11,280.6747,320.475,39.80030000000005
2025-01-30,6:00,12,0.0,0.0,0.0
2025-01-30,6:00,13,0.0,0.0,0.0
2025-01-30,6:00,14,0.0,0.0,0.0
2025-01-30,6:00,15,0.0,0.0,0.0
2025-01-30,6:00,16,0.0,0.0,0.0
2025-01-30,6:00,17,0.0,0.0,0.0
2025-01-30,6:00,18,0.0,0.0,0.0
2025-01-30,12:00,1,6599.6089,6698.25,98.64109999999982
2025-01-30,12:00,2,5092.5871,5255.4375,162.85040000000026
2025-01-30,12:00,3,3762.5457,3898.125,135.57929999999988
2025-01-30,12:00,4,2131.7341,2163.375,31.640899999999874
2025-01-30,12:00,5,306.9006,320.475,13.574400000000026
2025-01-30,12:00,6,0.0,0.0,0.0
2025-01-30,12:00,7,0.0,0.0,0.0
2025-01-30,12:00,8,0.0,0.0,0.0
2025-01-30,12:00,9,0.0,0.0,0.0
2025-01-30,12:00,10,0.0,0.0,0.0
2025-01-30,12:00,11,0.0,0.0,0.0
2025-01-30,12:00,12,0.0,0.0,0.0
2025-01-30,18:00,1,0.0,0.0,0.0
2025-01-30,18:00,2,0.0,0.0,0.0
2025-01-30,18:00,3,0.0,0.0,0.0
2025-01-30,18:00,4,0.0,0.0,0.0
2025-01-30,18:00,5,0.0,0.0,0.0
2025-01-30,18:00,6,0.0,0.0,0.0
2025-01-31,0:00,1,0.0,0.0,0.0
2025-01-31,0:00,2,0.0,0.0,0.0
2025-01-31,0:00,3,0.0,0.0,0.0
2025-01-31,0:00,4,0.0,0.0,0.0
2025-01-31,0:00,5,0.0,0.0,0.0
2025-01-31,0:00,6,0.0,0.0,0.0
2025-01-31,0:00,7,333.2584,335.625,2.3666000000000054
2025-01-31,0:00,8,1807.8256,1927.6875,119.8619000000001
2025-01-31,0:00,9,3591.6531,3703.35,111.69689999999991
2025-01-31,0:00,10,5141.7765,5012.625,129.15149999999994
2025-01-31,0:00,11,5789.7238,5789.925,0.20120000000042637
2025-01-31,0:00,12,7296.1671,6337.3875,958.7795999999998
2025-01-31,0:00,13,6647.5229,5927.2875,720.2353999999996
2025-01-31,0:00,14,5982.0057,5683.0125,298.9931999999999
2025-01-31,0:00,15,3967.0815,3921.075,46.00649999999996
2025-01-31,0:00,16,2375.5887,2133.975,241.61369999999988
2025-01-31,0:00,17,403.9901,363.4125,40.57759999999996
2025-01-31,0:00,18,0.0,0.0,0.0
2025-01-31,0:00,19,0.0,0.0,0.0
2025-01-31,0:00,20,0.0,0.0,0.0
2025-01-31,0:00,21,0.0,0.0,0.0
2025-01-31,0:00,22,0.0,0.0,0.0
2025-01-31,0:00,23,0.0,0.0,0.0
2025-01-31,0:00,24,0.0,0.0,0.0
2025-01-31,6:00,1,333.6655,335.625,1.9594999999999914
2025-01-31,6:00,2,1907.1173,1927.6875,20.570200000000114
2025-01-31,6:00,3,3648.3956,3703.35,54.95440000000008
2025-01-31,6:00,4,4953.8379,5012.625,58.787099999999555
2025-01-31,6:00,5,5604.8952,5789.925,185.02980000000025
2025-01-31,6:00,6,6058.3098,6337.3875,279.0776999999998
2025-01-31,6:00,7,5722.9868,5927.2875,204.3007000000007
2025-01-31,6:00,8,5527.7913,5683.0125,155.22119999999995
2025-01-31,6:00,9,3720.7818,3921.075,200.29319999999962
2025-01-31,6:00,10,2042.6465,2133.975,91.32849999999985
2025-01-31,6:00,11,339.6446,363.4125,23.767899999999997
2025-01-31,6:00,12,0.0,0.0,0.0
2025-01-31,6:00,13,0.0,0.0,0.0
2025-01-31,6:00,14,0.0,0.0,0.0
2025-01-31,6:00,15,0.0,0.0,0.0
2025-01-31,6:00,16,0.0,0.0,0.0
2025-01-31,6:00,17,0.0,0.0,0.0
2025-01-31,6:00,18,0.0,0.0,0.0
2025-01-31,12:00,1,5879.2583,5927.2875,48.029199999999946
2025-01-31,12:00,2,5508.2427,5683.0125,174.76980000000003
2025-01-31,12:00,3,3817.8496,3921.075,103.22539999999981
2025-01-31,12:00,4,2088.8759,2133.975,45.09909999999991
2025-01-31,12:00,5,353.2561,363.4125,10.15640000000002
2025-01-31,12:00,6,0.0,0.0,0.0
2025-01-31,12:00,7,0.0,0.0,0.0
2025-01-31,12:00,8,0.0,0.0,0.0
2025-01-31,12:00,9,0.0,0.0,0.0
2025-01-31,12:00,10,0.0,0.0,0.0
2025-01-31,12:00,11,0.0,0.0,0.0
2025-01-31,12:00,12,0.0,0.0,0.0
2025-01-31,18:00,1,0.0,0.0,0.0
2025-01-31,18:00,2,0.0,0.0,0.0
2025-01-31,18:00,3,0.0,0.0,0.0
2025-01-31,18:00,4,0.0,0.0,0.0
2025-01-31,18:00,5,0.0,0.0,0.0
2025-01-31,18:00,6,0.0,0.0,0.0
2025-02-01,0:00,1,0.0,0.0,0.0
2025-02-01,0:00,2,0.0,0.0,0.0
2025-02-01,0:00,3,0.0,0.0,0.0
2025-02-01,0:00,4,0.0,0.0,0.0
2025-02-01,0:00,5,0.0,0.0,0.0
2025-02-01,0:00,6,0.0,0.0,0.0
2025-02-01,0:00,7,351.8186,340.5,11.318600000000004
2025-02-01,0:00,8,2055.0921,2004.1125,50.97959999999989
2025-02-01,0:00,9,3840.8664,3731.7,109.16640000000007
2025-02-01,0:00,10,5817.8346,5364.1125,453.72209999999995
2025-02-01,0:00,11,7046.6046,6361.65,684.9546
2025-02-01,0:00,12,6729.8795,6603.9375,125.94200000000001
2025-02-01,0:00,13,6041.7638,6313.35,271.58620000000064
2025-02-01,0:00,14,5020.7001,5251.125,230.42489999999998
2025-02-01,0:00,15,3272.3774,3688.35,415.97260000000006
2025-02-01,0:00,16,1309.8672,1973.5875,663.7203000000002
2025-02-01,0:00,17,275.2273,358.2375,83.0102
2025-02-01,0:00,18,0.0,0.0,0.0
2025-02-01,0:00,19,0.0,0.0,0.0
2025-02-01,0:00,20,0.0,0.0,0.0
2025-02-01,0:00,21,0.0,0.0,0.0
2025-02-01,0:00,22,0.0,0.0,0.0
2025-02-01,0:00,23,0.0,0.0,0.0
2025-02-01,0:00,24,0.0,0.0,0.0
2025-02-01,6:00,1,346.9466,340.5,6.4465999999999894
2025-02-01,6:00,2,2070.1164,2004.1125,66.00389999999993
2025-02-01,6:00,3,3894.6354,3731.7,162.9354000000003
2025-02-01,6:00,4,5872.2251,5364.1125,508.1125999999995
2025-02-01,6:00,5,6798.0513,6361.65,436.40130000000045
2025-02-01,6:00,6,6974.8083,6603.9375,370.8707999999997
2025-02-01,6:00,7,6980.8006,6313.35,667.4505999999992
2025-02-01,6:00,8,5666.3176,5251.125,415.1926000000003
2025-02-01,6:00,9,3746.5408,3688.35,58.19080000000031
2025-02-01,6:00,10,2112.8236,1973.5875,139.23610000000008
2025-02-01,6:00,11,388.5491,358.2375,30.3116
2025-02-01,6:00,12,0.0,0.0,0.0
2025-02-01,6:00,13,0.0,0.0,0.0
2025-02-01,6:00,14,0.0,0.0,0.0
2025-02-01,6:00,15,0.0,0.0,0.0
2025-02-01,6:00,16,0.0,0.0,0.0
2025-02-01,6:00,17,0.0,0.0,0.0
2025-02-01,6:00,18,0.0,0.0,0.0
2025-02-01,12:00,1,6292.3136,6313.35,21.036399999999958
2025-02-01,12:00,2,5206.092,5251.125,45.03300000000036
2025-02-01,12:00,3,3634.1271,3688.35,54.222899999999754
2025-02-01,12:00,4,1920.1047,1973.5875,53.4828
2025-02-01,12:00,5,335.9676,358.2375,22.269900000000007
2025-02-01,12:00,6,0.0,0.0,0.0
2025-02-01,12:00,7,0.0,0.0,0.0
2025-02-01,12:00,8,0.0,0.0,0.0
2025-02-01,12:00,9,0.0,0.0,0.0
2025-02-01,12:00,10,0.0,0.0,0.0
2025-02-01,12:00,11,0.0,0.0,0.0
2025-02-01,12:00,12,0.0,0.0,0.0
2025-02-01,18:00,1,0.0,0.0,0.0
2025-02-01,18:00,2,0.0,0.0,0.0
2025-02-01,18:00,3,0.0,0.0,0.0
2025-02-01,18:00,4,0.0,0.0,0.0
2025-02-01,18:00,5,0.0,0.0,0.0
2025-02-01,18:00,6,0.0,0.0,0.0
2025-02-02,0:00,1,0.0,0.0,0.0
2025-02-02,0:00,2,0.0,0.0,0.0
2025-02-02,0:00,3,0.0,0.0,0.0
2025-02-02,0:00,4,0.0,0.0,0.0
2025-02-02,0:00,5,0.0,0.0,0.0
2025-02-02,0:00,6,0.0,0.0,0.0
2025-02-02,0:00,7,375.2276,386.0625,10.834900000000005
2025-02-02,0:00,8,2068.4134,1994.925,73.48839999999996
2025-02-02,0:00,9,4083.9989,3830.9625,253.03639999999996
2025-02-02,0:00,10,5106.4019,5427.7125,321.3105999999998
2025-02-02,0:00,11,5942.0848,6330.4875,388.40270000000055
2025-02-02,0:00,12,6336.8078,6888.0375,551.2297000000008
2025-02-02,0:00,13,6020.8029,6407.175,386.3721000000005
2025-02-02,0:00,14,5246.8438,5694.0,447.15620000000035
2025-02-02,0:00,15,4175.6368,3990.7125,184.92430000000013
2025-02-02,0:00,16,2140.0738,2058.375,81.69880000000012
2025-02-02,0:00,17,411.1198,380.5875,30.53230000000002
2025-02-02,0:00,18,0.0,0.0,0.0
2025-02-02,0:00,19,0.0,0.0,0.0
2025-02-02,0:00,20,0.0,0.0,0.0
2025-02-02,0:00,21,0.0,0.0,0.0
2025-02-02,0:00,22,0.0,0.0,0.0
2025-02-02,0:00,23,0.0,0.0,0.0
2025-02-02,0:00,24,0.0,0.0,0.0
2025-02-02,6:00,1,384.2618,386.0625,1.8007000000000062
2025-02-02,6:00,2,1996.0391,1994.925,1.1141000000000076
2025-02-02,6:00,3,3819.9586,3830.9625,11.003900000000158
2025-02-02,6:00,4,5545.8853,5427.7125,118.17280000000028
2025-02-02,6:00,5,6449.2045,6330.4875,118.71699999999964
2025-02-02,6:00,6,7053.2195,6888.0375,165.1819999999998
2025-02-02,6:00,7,6205.08,6407.175,202.09500000000025
2025-02-02,6:00,8,5647.0073,5694.0,46.992699999999786
2025-02-02,6:00,9,3844.7989,3990.7125,145.91360000000032
2025-02-02,6:00,10,2095.5448,2058.375,37.16980000000012
2025-02-02,6:00,11,434.0997,380.5875,53.51220000000001
2025-02-02,6:00,12,0.0,0.0,0.0
2025-02-02,6:00,13,0.0,0.0,0.0
2025-02-02,6:00,14,0.0,0.0,0.0
2025-02-02,6:00,15,0.0,0.0,0.0
2025-02-02,6:00,16,0.0,0.0,0.0
2025-02-02,6:00,17,0.0,0.0,0.0
2025-02-02,6:00,18,0.0,0.0,0.0
2025-02-02,12:00,1,6307.0955,6407.175,100.07949999999983
2025-02-02,12:00,2,5565.3615,5694.0,128.63850000000002
2025-02-02,12:00,3,3872.0385,3990.7125,118.67399999999998
2025-02-02,12:00,4,1995.2786,2058.375,63.0963999999999
2025-02-02,12:00,5,361.7719,380.5875,18.81559999999996
2025-02-02,12:00,6,0.0,0.0,0.0
2025-02-02,12:00,7,0.0,0.0,0.0
2025-02-02,12:00,8,0.0,0.0,0.0
2025-02-02,12:00,9,0.0,0.0,0.0
2025-02-02,12:00,10,0.0,0.0,0.0
2025-02-02,12:00,11,0.0,0.0,0.0
2025-02-02,12:00,12,0.0,0.0,0.0
2025-02-02,18:00,1,0.0,0.0,0.0
2025-02-02,18:00,2,0.0,0.0,0.0
2025-02-02,18:00,3,0.0,0.0,0.0
2025-02-02,18:00,4,0.0,0.0,0.0
2025-02-02,18:00,5,0.0,0.0,0.0
2025-02-02,18:00,6,0.0,0.0,0.0
2025-02-03,0:00,1,0.0,0.0,0.0
2025-02-03,0:00,2,0.0,0.0,0.0
2025-02-03,0:00,3,0.0,0.0,0.0
2025-02-03,0:00,4,0.0,0.0,0.0
2025-02-03,0:00,5,0.0,0.0,0.0
2025-02-03,0:00,6,0.0,0.0,0.0
2025-02-03,0:00,7,408.0103,433.35,25.33970000000005
2025-02-03,0:00,8,2205.3115,2476.0125,270.701
2025-02-03,0:00,9,3914.3949,4054.1625,139.76760000000013
2025-02-03,0:00,10,5138.3128,5366.325,228.01220000000012
2025-02-03,0:00,11,5560.2815,6356.2125,795.9309999999996
2025-02-03,0:00,12,5718.6903,6392.925,674.2347
2025-02-03,0:00,13,5557.5033,5978.475,420.97170000000006
2025-02-03,0:00,14,4633.3349,5316.1125,682.7776000000003
2025-02-03,0:00,15,3703.4216,3956.325,252.9033999999997
2025-02-03,0:00,16,2083.4049,2150.4,66.9951000000001
2025-02-03,0:00,17,362.8687,383.2875,20.418800000000033
2025-02-03,0:00,18,0.0,0.0,0.0
2025-02-03,0:00,19,0.0,0.0,0.0
2025-02-03,0:00,20,0.0,0.0,0.0
2025-02-03,0:00,21,0.0,0.0,0.0
2025-02-03,0:00,22,0.0,0.0,0.0
2025-02-03,0:00,23,0.0,0.0,0.0
2025-02-03,0:00,24,0.0,0.0,0.0
2025-02-03,6:00,1,436.108,433.35,2.7579999999999814
2025-02-03,6:00,2,2505.2194,2476.0125,29.206900000000132
2025-02-03,6:00,3,4080.8733,4054.1625,26.71080000000029
2025-02-03,6:00,4,5365.2102,5366.325,1.1147999999993772
2025-02-03,6:00,5,6311.3684,6356.2125,44.844099999999344
2025-02-03,6:00,6,6424.0303,6392.925,31.10530000000017
2025-02-03,6:00,7,5591.5903,5978.475,386.8847000000005
2025-02-03,6:00,8,5160.418,5316.1125,155.69450000000052
2025-02-03,6:00,9,3980.662,3956.325,24.33699999999999
2025-02-03,6:00,10,2217.5069,2150.4,67.10689999999977
2025-02-03,6:00,11,356.4207,383.2875,26.866800000000012
2025-02-03,6:00,12,0.0,0.0,0.0
2025-02-03,6:00,13,0.0,0.0,0.0
2025-02-03,6:00,14,0.0,0.0,0.0
2025-02-03,6:00,15,0.0,0.0,0.0
2025-02-03,6:00,16,0.0,0.0,0.0
2025-02-03,6:00,17,0.0,0.0,0.0
2025-02-03,6:00,18,0.0,0.0,0.0
2025-02-03,12:00,1,6026.4449,5978.475,47.96990000000005
2025-02-03,12:00,2,5365.985,5316.1125,49.87249999999949
2025-02-03,12:00,3,3990.6185,3956.325,34.29350000000022
2025-02-03,12:00,4,2110.493,2150.4,39.90700000000015
2025-02-03,12:00,5,382.8835,383.2875,0.40399999999999636
2025-02-03,12:00,6,0.0,0.0,0.0
2025-02-03,12:00,7,0.0,0.0,0.0
2025-02-03,12:00,8,0.0,0.0,0.0
2025-02-03,12:00,9,0.0,0.0,0.0
2025-02-03,12:00,10,0.0,0.0,0.0
2025-02-03,12:00,11,0.0,0.0,0.0
2025-02-03,12:00,12,0.0,0.0,0.0
2025-02-03,18:00,1,0.0,0.0,0.0
2025-02-03,18:00,2,0.0,0.0,0.0
2025-02-03,18:00,3,0.0,0.0,0.0
2025-02-03,18:00,4,0.0,0.0,0.0
2025-02-03,18:00,5,0.0,0.0,0.0
2025-02-03,18:00,6,0.0,0.0,0.0
2025-02-04,0:00,1,0.0,0.0,0.0
2025-02-04,0:00,2,0.0,0.0,0.0
2025-02-04,0:00,3,0.0,0.0,0.0
2025-02-04,0:00,4,0.0,0.0,0.0
2025-02-04,0:00,5,0.0,0.0,0.0
2025-02-04,0:00,6,0.0,0.0,0.0
2025-02-04,0:00,7,339.3586,357.1875,17.828899999999976
2025-02-04,0:00,8,2092.0507,2120.2125,28.161800000000312
2025-02-04,0:00,9,3341.4838,3507.075,165.59119999999984
2025-02-04,0:00,10,5258.6925,5172.1125,86.57999999999993
2025-02-04,0:00,11,5833.3069,5979.3375,146.03060000000005
2025-02-04,0:00,12,6061.7863,6731.0625,669.2762000000002
2025-02-04,0:00,13,5419.0642,5978.025,558.9607999999998
2025-02-04,0:00,14,4642.0949,4915.1625,273.0676000000003
2025-02-04,0:00,15,2388.5013,3457.275,1068.7737000000002
2025-02-04,0:00,16,1480.6607,2138.25,657.5893000000001
2025-02-04,0:00,17,301.8229,397.5,95.6771
2025-02-04,0:00,18,0.0,0.0,0.0
2025-02-04,0:00,19,0.0,0.0,0.0
2025-02-04,0:00,20,0.0,0.0,0.0
2025-02-04,0:00,21,0.0,0.0,0.0
2025-02-04,0:00,22,0.0,0.0,0.0
2025-02-04,0:00,23,0.0,0.0,0.0
2025-02-04,0:00,24,0.0,0.0,0.0
2025-02-04,6:00,1,359.3054,357.1875,2.11790000000002
2025-02-04,6:00,2,2096.4623,2120.2125,23.75019999999995
2025-02-04,6:00,3,3471.681,3507.075,35.39399999999978
2025-02-04,6:00,4,5016.8696,5172.1125,155.2429000000002
2025-02-04,6:00,5,5495.295,5979.3375,484.04249999999956
2025-02-04,6:00,6,6308.305,6731.0625,422.7574999999997
2025-02-04,6:00,7,5896.7638,5978.025,81.26119999999992
2025-02-04,6:00,8,4763.0881,4915.1625,152.07440000000042
2025-02-04,6:00,9,3490.9421,3457.275,33.66710000000012
2025-02-04,6:00,10,2207.8235,2138.25,69.57349999999997
2025-02-04,6:00,11,411.3083,397.5,13.808299999999974
2025-02-04,6:00,12,0.0,0.0,0.0
2025-02-04,6:00,13,0.0,0.0,0.0
2025-02-04,6:00,14,0.0,0.0,0.0
2025-02-04,6:00,15,0.0,0.0,0.0
2025-02-04,6:00,16,0.0,0.0,0.0
2025-02-04,6:00,17,0.0,0.0,0.0
2025-02-04,6:00,18,0.0,0.0,0.0
2025-02-04,12:00,1,6034.9021,5978.025,56.87710000000061
2025-02-04,12:00,2,4998.795,4915.1625,83.63249999999971
2025-02-04,12:00,3,3586.907,3457.275,129.63200000000006
2025-02-04,12:00,4,2218.2378,2138.25,79.98779999999988
2025-02-04,12:00,5,403.7672,397.5,6.2672000000000025
2025-02-04,12:00,6,0.0,0.0,0.0
2025-02-04,12:00,7,0.0,0.0,0.0
2025-02-04,12:00,8,0.0,0.0,0.0
2025-02-04,12:00,9,0.0,0.0,0.0
2025-02-04,12:00,10,0.0,0.0,0.0
2025-02-04,12:00,11,0.0,0.0,0.0
2025-02-04,12:00,12,0.0,0.0,0.0
2025-02-04,18:00,1,0.0,0.0,0.0
2025-02-04,18:00,2,0.0,0.0,0.0
2025-02-04,18:00,3,0.0,0.0,0.0
2025-02-04,18:00,4,0.0,0.0,0.0
2025-02-04,18:00,5,0.0,0.0,0.0
2025-02-04,18:00,6,0.0,0.0,0.0
2025-02-05,0:00,1,0.0,0.0,0.0
2025-02-05,0:00,2,0.0,0.0,0.0
2025-02-05,0:00,3,0.0,0.0,0.0
2025-02-05,0:00,4,0.0,0.0,0.0
2025-02-05,0:00,5,0.0,0.0,0.0
2025-02-05,0:00,6,0.0,0.0,0.0
2025-02-05,0:00,7,409.8286,397.9125,11.916099999999972
2025-02-05,0:00,8,2182.9469,2042.9625,139.98439999999982
2025-02-05,0:00,9,3683.7022,3611.25,72.45220000000018
2025-02-05,0:00,10,4987.2986,4981.05,6.248599999999897
2025-02-05,0:00,11,6411.5976,5814.825,596.7726000000002
2025-02-05,0:00,12,6660.5177,6020.7,639.8177000000005
2025-02-05,0:00,13,6172.2878,6181.125,8.837199999999939
2025-02-05,0:00,14,5595.2131,5518.725,76.48809999999958
2025-02-05,0:00,15,3563.6955,3753.1875,189.4920000000002
2025-02-05,0:00,16,1950.5627,2260.2,309.63729999999987
2025-02-05,0:00,17,398.749,439.5375,40.7885
2025-02-05,0:00,18,0.0,0.0,0.0
2025-02-05,0:00,19,0.0,0.0,0.0
2025-02-05,0:00,20,0.0,0.0,0.0
2025-02-05,0:00,21,0.0,0.0,0.0
2025-02-05,0:00,22,0.0,0.0,0.0
2025-02-05,0:00,23,0.0,0.0,0.0
2025-02-05,0:00,24,0.0,0.0,0.0
2025-02-05,6:00,1,398.3616,397.9125,0.4490999999999872
2025-02-05,6:00,2,2032.2656,2042.9625,10.696900000000142
2025-02-05,6:00,3,3621.8897,3611.25,10.639700000000175
2025-02-05,6:00,4,4964.544,4981.05,16.506000000000313
2025-02-05,6:00,5,5708.1363,5814.825,106.6886999999997
2025-02-05,6:00,6,5803.5012,6020.7,217.19880000000012
2025-02-05,6:00,7,6148.228,6181.125,32.896999999999935
2025-02-05,6:00,8,5160.8256,5518.725,357.89940000000024
2025-02-05,6:00,9,3749.5453,3753.1875,3.642199999999775
2025-02-05,6:00,10,2230.1338,2260.2,30.066199999999753
2025-02-05,6:00,11,433.5723,439.5375,5.9652000000000385
2025-02-05,6:00,12,0.0,0.0,0.0
2025-02-05,6:00,13,0.0,0.0,0.0
2025-02-05,6:00,14,0.0,0.0,0.0
2025-02-05,6:00,15,0.0,0.0,0.0
2025-02-05,6:00,16,0.0,0.0,0.0
2025-02-05,6:00,17,0.0,0.0,0.0
2025-02-05,6:00,18,0.0,0.0,0.0
2025-02-05,12:00,1,6249.8767,6181.125,68.7516999999998
2025-02-05,12:00,2,5598.9448,5518.725,80.21979999999985
2025-02-05,12:00,3,3763.6428,3753.1875,10.45530000000008
2025-02-05,12:00,4,2244.3239,2260.2,15.876099999999951
2025-02-05,12:00,5,437.2556,439.5375,2.2819000000000074
2025-02-05,12:00,6,0.0,0.0,0.0
2025-02-05,12:00,7,0.0,0.0,0.0
2025-02-05,12:00,8,0.0,0.0,0.0
2025-02-05,12:00,9,0.0,0.0,0.0
2025-02-05,12:00,10,0.0,0.0,0.0
2025-02-05,12:00,11,0.0,0.0,0.0
2025-02-05,12:00,12,0.0,0.0,0.0
2025-02-05,18:00,1,0.0,0.0,0.0
2025-02-05,18:00,2,0.0,0.0,0.0
2025-02-05,18:00,3,0.0,0.0,0.0
2025-02-05,18:00,4,0.0,0.0,0.0
2025-02-05,18:00,5,0.0,0.0,0.0
2025-02-05,18:00,6,0.0,0.0,0.0
2025-02-06,0:00,1,0.0,0.0,0.0
2025-02-06,0:00,2,0.0,0.0,0.0
2025-02-06,0:00,3,0.0,0.0,0.0
2025-02-06,0:00,4,0.0,0.0,0.0
2025-02-06,0:00,5,0.0,0.0,0.0
2025-02-06,0:00,6,0.0,0.0,0.0
2025-02-06,0:00,7,407.7541,426.7125,18.958399999999983
2025-02-06,0:00,8,1892.1528,1980.975,88.82219999999984
2025-02-06,0:00,9,3837.8519,3984.3375,146.48559999999998
2025-02-06,0:00,10,5021.5974,5458.3125,436.71510000000035
2025-02-06,0:00,11,6131.1625,6347.55,216.38749999999982
2025-02-06,0:00,12,5168.7632,6193.6875,1024.9242999999997
2025-02-06,0:00,13,5220.2868,6471.7125,1251.4256999999998
2025-02-06,0:00,14,4143.8401,5235.1125,1091.2723999999998
2025-02-06,0:00,15,2731.6723,3693.3,961.6277
2025-02-06,0:00,16,1516.8297,2287.4625,770.6328000000001
2025-02-06,0:00,17,374.7695,456.2625,81.493
2025-02-06,0:00,18,0.0,0.0,0.0
2025-02-06,0:00,19,0.0,0.0,0.0
2025-02-06,0:00,20,0.0,0.0,0.0
2025-02-06,0:00,21,0.0,0.0,0.0
2025-02-06,0:00,22,0.0,0.0,0.0
2025-02-06,0:00,23,0.0,0.0,0.0
2025-02-06,0:00,24,0.0,0.0,0.0
2025-02-06,6:00,1,427.6335,426.7125,0.9210000000000491
2025-02-06,6:00,2,1985.2667,1980.975,4.291699999999992
2025-02-06,6:00,3,3959.7551,3984.3375,24.582400000000234
2025-02-06,6:00,4,5247.0679,5458.3125,211.2446
2025-02-06,6:00,5,5960.9446,6347.55,386.6054000000004
2025-02-06,6:00,6,5814.8381,6193.6875,378.84940000000006
2025-02-06,6:00,7,5831.395,6471.7125,640.3174999999992
2025-02-06,6:00,8,4830.3222,5235.1125,404.79030000000057
2025-02-06,6:00,9,3451.3168,3693.3,241.98320000000012
2025-02-06,6:00,10,2152.0778,2287.4625,135.38470000000007
2025-02-06,6:00,11,434.4142,456.2625,21.848299999999995
2025-02-06,6:00,12,0.0,0.0,0.0
2025-02-06,6:00,13,0.0,0.0,0.0
2025-02-06,6:00,14,0.0,0.0,0.0
2025-02-06,6:00,15,0.0,0.0,0.0
2025-02-06,6:00,16,0.0,0.0,0.0
2025-02-06,6:00,17,0.0,0.0,0.0
2025-02-06,6:00,18,0.0,0.0,0.0
2025-02-06,12:00,1,6535.6322,6471.7125,63.919700000000375
2025-02-06,12:00,2,5313.8763,5235.1125,78.76379999999972
2025-02-06,12:00,3,3796.3172,3693.3,103.01719999999978
2025-02-06,12:00,4,2375.7908,2287.4625,88.32830000000013
2025-02-06,12:00,5,462.0529,456.2625,5.790400000000034
2025-02-06,12:00,6,0.0,0.0,0.0
2025-02-06,12:00,7,0.0,0.0,0.0
2025-02-06,12:00,8,0.0,0.0,0.0
2025-02-06,12:00,9,0.0,0.0,0.0
2025-02-06,12:00,10,0.0,0.0,0.0
2025-02-06,12:00,11,0.0,0.0,0.0
2025-02-06,12:00,12,0.0,0.0,0.0
2025-02-06,18:00,1,0.0,0.0,0.0
2025-02-06,18:00,2,0.0,0.0,0.0
2025-02-06,18:00,3,0.0,0.0,0.0
2025-02-06,18:00,4,0.0,0.0,0.0
2025-02-06,18:00,5,0.0,0.0,0.0
2025-02-06,18:00,6,0.0,0.0,0.0
2025-02-07,0:00,1,0.0,0.0,0.0
2025-02-07,0:00,2,0.0,0.0,0.0
2025-02-07,0:00,3,0.0,0.0,0.0
2025-02-07,0:00,4,0.0,0.0,0.0
2025-02-07,0:00,5,0.0,0.0,0.0
2025-02-07,0:00,6,0.0,0.0,0.0
2025-02-07,0:00,7,419.6505,448.1625,28.512
2025-02-07,0:00,8,1967.0255,2051.0625,84.03700000000003
2025-02-07,0:00,9,3274.5078,3340.2,65.69219999999996
2025-02-07,0:00,10,5184.531,5045.7,138.83100000000013
2025-02-07,0:00,11,6175.0004,6178.3875,3.3870999999999185
2025-02-07,0:00,12,6363.6801,6941.25,577.5699000000004
2025-02-07,0:00,13,6140.755,7157.625,1016.8699999999999
2025-02-07,0:00,14,5345.9419,6088.05,742.1081000000004
2025-02-07,0:00,15,3201.3905,4146.675,945.2845000000002
2025-02-07,0:00,16,1637.8845,2255.85,617.9655
2025-02-07,0:00,17,389.2638,476.0625,86.7987
2025-02-07,0:00,18,0.0,0.0,0.0
2025-02-07,0:00,19,0.0,0.0,0.0
2025-02-07,0:00,20,0.0,0.0,0.0
2025-02-07,0:00,21,0.0,0.0,0.0
2025-02-07,0:00,22,0.0,0.0,0.0
2025-02-07,0:00,23,0.0,0.0,0.0
2025-02-07,0:00,24,0.0,0.0,0.0
2025-02-07,6:00,1,443.3872,448.1625,4.775300000000016
2025-02-07,6:00,2,2020.92,2051.0625,30.142499999999927
2025-02-07,6:00,3,3276.7123,3340.2,63.48769999999968
2025-02-07,6:00,4,4916.9419,5045.7,128.7581
2025-02-07,6:00,5,5792.0364,6178.3875,386.35109999999986
2025-02-07,6:00,6,6665.1723,6941.25,276.0776999999998
2025-02-07,6:00,7,6406.7655,7157.625,750.8594999999996
2025-02-07,6:00,8,5507.6395,6088.05,580.4105
2025-02-07,6:00,9,3391.6856,4146.675,754.9894000000004
2025-02-07,6:00,10,1890.9435,2255.85,364.9064999999998
2025-02-07,6:00,11,393.7609,476.0625,82.30160000000001
2025-02-07,6:00,12,0.0,0.0,0.0
2025-02-07,6:00,13,0.0,0.0,0.0
2025-02-07,6:00,14,0.0,0.0,0.0
2025-02-07,6:00,15,0.0,0.0,0.0
2025-02-07,6:00,16,0.0,0.0,0.0
2025-02-07,6:00,17,0.0,0.0,0.0
2025-02-07,6:00,18,0.0,0.0,0.0
2025-02-07,12:00,1,7112.0776,7157.625,45.54740000000038
2025-02-07,12:00,2,5922.7736,6088.05,165.27639999999974
2025-02-07,12:00,3,4086.3122,4146.675,60.362800000000334
2025-02-07,12:00,4,2222.7429,2255.85,33.10709999999972
2025-02-07,12:00,5,471.6055,476.0625,4.456999999999994
2025-02-07,12:00,6,0.0,0.0,0.0
2025-02-07,12:00,7,0.0,0.0,0.0
2025-02-07,12:00,8,0.0,0.0,0.0
2025-02-07,12:00,9,0.0,0.0,0.0
2025-02-07,12:00,10,0.0,0.0,0.0
2025-02-07,12:00,11,0.0,0.0,0.0
2025-02-07,12:00,12,0.0,0.0,0.0
2025-02-07,18:00,1,0.0,0.0,0.0
2025-02-07,18:00,2,0.0,0.0,0.0
2025-02-07,18:00,3,0.0,0.0,0.0
2025-02-07,18:00,4,0.0,0.0,0.0
2025-02-07,18:00,5,0.0,0.0,0.0
2025-02-07,18:00,6,0.0,0.0,0.0
2025-02-08,0:00,1,0.0,0.0,0.0
2025-02-08,0:00,2,0.0,0.0,0.0
2025-02-08,0:00,3,0.0,0.0,0.0
2025-02-08,0:00,4,0.0,0.0,0.0
2025-02-08,0:00,5,0.0,0.0,0.0
2025-02-08,0:00,6,0.0,0.0,0.0
2025-02-08,0:00,7,461.2253,491.6625,30.43720000000002
2025-02-08,0:00,8,2109.2143,2175.6375,66.42319999999972
2025-02-08,0:00,9,4366.506,4146.0,220.5060000000003
2025-02-08,0:00,10,6146.3927,5455.5,690.8927000000003
2025-02-08,0:00,11,7418.0408,7088.1,329.9407999999994
2025-02-08,0:00,12,6901.5537,6527.475,374.0787
2025-02-08,0:00,13,7292.8875,6554.6625,738.2249999999995
2025-02-08,0:00,14,5292.7039,4947.45,345.2539000000006
2025-02-08,0:00,15,4482.1714,3899.625,582.5464000000002
2025-02-08,0:00,16,2746.3353,2302.9875,443.3478
2025-02-08,0:00,17,577.1334,504.675,72.45840000000004
2025-02-08,0:00,18,0.0,0.0,0.0
2025-02-08,0:00,19,0.0,0.0,0.0
2025-02-08,0:00,20,0.0,0.0,0.0
2025-02-08,0:00,21,0.0,0.0,0.0
2025-02-08,0:00,22,0.0,0.0,0.0
2025-02-08,0:00,23,0.0,0.0,0.0
2025-02-08,0:00,24,0.0,0.0,0.0
2025-02-08,6:00,1,498.4461,491.6625,6.7835999999999785
2025-02-08,6:00,2,2206.4015,2175.6375,30.764000000000124
2025-02-08,6:00,3,4174.8386,4146.0,28.838600000000042
2025-02-08,6:00,4,5629.8988,5455.5,174.39879999999994
2025-02-08,6:00,5,7062.6557,7088.1,25.444300000000112
2025-02-08,6:00,6,6475.5287,6527.475,51.94630000000052
2025-02-08,6:00,7,6519.3085,6554.6625,35.35400000000027
2025-02-08,6:00,8,5014.2747,4947.45,66.82470000000012
2025-02-08,6:00,9,3758.203,3899.625,141.42200000000003
2025-02-08,6:00,10,2292.3622,2302.9875,10.625300000000152
2025-02-08,6:00,11,452.3575,504.675,52.317499999999995
2025-02-08,6:00,12,0.0,0.0,0.0
2025-02-08,6:00,13,0.0,0.0,0.0
2025-02-08,6:00,14,0.0,0.0,0.0
2025-02-08,6:00,15,0.0,0.0,0.0
2025-02-08,6:00,16,0.0,0.0,0.0
2025-02-08,6:00,17,0.0,0.0,0.0
2025-02-08,6:00,18,0.0,0.0,0.0
2025-02-08,12:00,1,6602.7482,6554.6625,48.08569999999963
2025-02-08,12:00,2,4963.6908,4947.45,16.24080000000049
2025-02-08,12:00,3,3967.624,3899.625,67.9989999999998
2025-02-08,12:00,4,2379.3466,2302.9875,76.35909999999967
2025-02-08,12:00,5,525.2095,504.675,20.534500000000037
2025-02-08,12:00,6,0.0,0.0,0.0
2025-02-08,12:00,7,0.0,0.0,0.0
2025-02-08,12:00,8,0.0,0.0,0.0
2025-02-08,12:00,9,0.0,0.0,0.0
2025-02-08,12:00,10,0.0,0.0,0.0
2025-02-08,12:00,11,0.0,0.0,0.0
2025-02-08,12:00,12,0.0,0.0,0.0
2025-02-08,18:00,1,0.0,0.0,0.0
2025-02-08,18:00,2,0.0,0.0,0.0
2025-02-08,18:00,3,0.0,0.0,0.0
2025-02-08,18:00,4,0.0,0.0,0.0
2025-02-08,18:00,5,0.0,0.0,0.0
2025-02-08,18:00,6,0.0,0.0,0.0
2025-02-09,0:00,1,0.0,0.0,0.0
2025-02-09,0:00,2,0.0,0.0,0.0
2025-02-09,0:00,3,0.0,0.0,0.0
2025-02-09,0:00,4,0.0,0.0,0.0
2025-02-09,0:00,5,0.0,0.0,0.0
2025-02-09,0:00,6,0.0,0.0,0.0
2025-02-09,0:00,7,470.0248,529.95,59.92520000000002
2025-02-09,0:00,8,2103.5986,2431.8,328.2014000000004
2025-02-09,0:00,9,3461.9893,4015.6125,553.6232
2025-02-09,0:00,10,4356.1358,5180.5125,824.3766999999998
2025-02-09,0:00,11,4756.147,5477.325,721.1779999999999
2025-02-09,0:00,12,6060.2166,6192.1875,131.97090000000026
2025-02-09,0:00,13,6302.6899,5826.225,476.46489999999994
2025-02-09,0:00,14,5343.1949,5149.2375,193.95740000000023
2025-02-09,0:00,15,4424.0543,4122.1125,301.9417999999996
2025-02-09,0:00,16,2461.8836,2463.225,1.341399999999794
2025-02-09,0:00,17,501.6554,509.8875,8.232100000000003
2025-02-09,0:00,18,0.0,0.0,0.0
2025-02-09,0:00,19,0.0,0.0,0.0
2025-02-09,0:00,20,0.0,0.0,0.0
2025-02-09,0:00,21,0.0,0.0,0.0
2025-02-09,0:00,22,0.0,0.0,0.0
2025-02-09,0:00,23,0.0,0.0,0.0
2025-02-09,0:00,24,0.0,0.0,0.0
2025-02-09,6:00,1,527.9239,529.95,2.026100000000042
2025-02-09,6:00,2,2379.4589,2431.8,52.3411000000001
2025-02-09,6:00,3,3892.482,4015.6125,123.13050000000021
2025-02-09,6:00,4,4929.7109,5180.5125,250.80159999999978
2025-02-09,6:00,5,5253.9301,5477.325,223.39490000000023
2025-02-09,6:00,6,5673.3079,6192.1875,518.8796000000002
2025-02-09,6:00,7,5416.0531,5826.225,410.1719000000003
2025-02-09,6:00,8,4762.9473,5149.2375,386.29020000000037
2025-02-09,6:00,9,3801.3784,4122.1125,320.7341000000001
2025-02-09,6:00,10,2323.0535,2463.225,140.17149999999992
2025-02-09,6:00,11,486.0872,509.8875,23.800299999999993
2025-02-09,6:00,12,0.0,0.0,0.0
2025-02-09,6:00,13,0.0,0.0,0.0
2025-02-09,6:00,14,0.0,0.0,0.0
2025-02-09,6:00,15,0.0,0.0,0.0
2025-02-09,6:00,16,0.0,0.0,0.0
2025-02-09,6:00,17,0.0,0.0,0.0
2025-02-09,6:00,18,0.0,0.0,0.0
2025-02-09,12:00,1,5771.7823,5826.225,54.442700000000514
2025-02-09,12:00,2,5051.6926,5149.2375,97.54489999999987
2025-02-09,12:00,3,3996.4246,4122.1125,125.68790000000035
2025-02-09,12:00,4,2365.7654,2463.225,97.45959999999968
2025-02-09,12:00,5,499.0937,509.8875,10.793799999999976
2025-02-09,12:00,6,0.0,0.0,0.0
2025-02-09,12:00,7,0.0,0.0,0.0
2025-02-09,12:00,8,0.0,0.0,0.0
2025-02-09,12:00,9,0.0,0.0,0.0
2025-02-09,12:00,10,0.0,0.0,0.0
2025-02-09,12:00,11,0.0,0.0,0.0
2025-02-09,12:00,12,0.0,0.0,0.0
2025-02-09,18:00,1,0.0,0.0,0.0
2025-02-09,18:00,2,0.0,0.0,0.0
2025-02-09,18:00,3,0.0,0.0,0.0
2025-02-09,18:00,4,0.0,0.0,0.0
2025-02-09,18:00,5,0.0,0.0,0.0
2025-02-09,18:00,6,0.0,0.0,0.0
2025-02-10,0:00,1,0.0,0.0,0.0
2025-02-10,0:00,2,0.0,0.0,0.0
2025-02-10,0:00,3,0.0,0.0,0.0
2025-02-10,0:00,4,0.0,0.0,0.0
2025-02-10,0:00,5,0.0,0.0,0.0
2025-02-10,0:00,6,0.0,0.0,0.0
2025-02-10,0:00,7,567.7945,551.1375,16.656999999999925
2025-02-10,0:00,8,2396.8808,2442.675,45.794200000000274
2025-02-10,0:00,9,3996.36,4370.1,373.74000000000024
2025-02-10,0:00,10,5379.4182,6084.0,704.5817999999999
2025-02-10,0:00,11,6415.6565,6757.8,342.14350000000013
2025-02-10,0:00,12,6856.7059,7247.5125,390.8065999999999
2025-02-10,0:00,13,6422.9502,6789.4875,366.53729999999996
2025-02-10,0:00,14,5270.666,5430.1125,159.44650000000001
2025-02-10,0:00,15,4142.8768,4166.8875,24.010699999999815
2025-02-10,0:00,16,2354.1216,2310.6375,43.484100000000126
2025-02-10,0:00,17,559.1707,560.8875,1.7168000000000347
2025-02-10,0:00,18,0.0,0.0,0.0
2025-02-10,0:00,19,0.0,0.0,0.0
2025-02-10,0:00,20,0.0,0.0,0.0
2025-02-10,0:00,21,0.0,0.0,0.0
2025-02-10,0:00,22,0.0,0.0,0.0
2025-02-10,0:00,23,0.0,0.0,0.0
2025-02-10,0:00,24,0.0,0.0,0.0
2025-02-10,6:00,1,550.9584,551.1375,0.1791000000000622
2025-02-10,6:00,2,2453.9761,2442.675,11.301099999999678
2025-02-10,6:00,3,4383.2408,4370.1,13.140799999999217
2025-02-10,6:00,4,6127.5288,6084.0,43.52880000000005
2025-02-10,6:00,5,7047.0073,6757.8,289.20730000000003
2025-02-10,6:00,6,7929.075,7247.5125,681.5625
2025-02-10,6:00,7,7437.2516,6789.4875,647.7640999999994
2025-02-10,6:00,8,6223.0266,5430.1125,792.9141
2025-02-10,6:00,9,4914.9375,4166.8875,748.0500000000002
2025-02-10,6:00,10,2564.4109,2310.6375,253.77340000000004
2025-02-10,6:00,11,603.3139,560.8875,42.426399999999944
2025-02-10,6:00,12,0.0,0.0,0.0
2025-02-10,6:00,13,0.0,0.0,0.0
2025-02-10,6:00,14,0.0,0.0,0.0
2025-02-10,6:00,15,0.0,0.0,0.0
2025-02-10,6:00,16,0.0,0.0,0.0
2025-02-10,6:00,17,0.0,0.0,0.0
2025-02-10,6:00,18,0.0,0.0,0.0
2025-02-10,12:00,1,6845.2759,6789.4875,55.788399999999456
2025-02-10,12:00,2,5469.6913,5430.1125,39.57880000000023
2025-02-10,12:00,3,4106.0892,4166.8875,60.79829999999947
2025-02-10,12:00,4,2275.7549,2310.6375,34.88259999999991
2025-02-10,12:00,5,548.7345,560.8875,12.15300000000002
2025-02-10,12:00,6,0.0,0.0,0.0
2025-02-10,12:00,7,0.0,0.0,0.0
2025-02-10,12:00,8,0.0,0.0,0.0
2025-02-10,12:00,9,0.0,0.0,0.0
2025-02-10,12:00,10,0.0,0.0,0.0
2025-02-10,12:00,11,0.0,0.0,0.0
2025-02-10,12:00,12,0.0,0.0,0.0
2025-02-10,18:00,1,0.0,0.0,0.0
2025-02-10,18:00,2,0.0,0.0,0.0
2025-02-10,18:00,3,0.0,0.0,0.0
2025-02-10,18:00,4,0.0,0.0,0.0
2025-02-10,18:00,5,0.0,0.0,0.0
2025-02-10,18:00,6,0.0,0.0,0.0
2025-02-11,0:00,1,0.0,0.0,0.0
2025-02-11,0:00,2,0.0,0.0,0.0
2025-02-11,0:00,3,0.0,0.0,0.0
2025-02-11,0:00,4,0.0,0.0,0.0
2025-02-11,0:00,5,0.0,0.0,0.0
2025-02-11,0:00,6,0.0,0.0,0.0
2025-02-11,0:00,7,569.6029,561.375,8.227899999999977
2025-02-11,0:00,8,2553.795,2295.0,258.7950000000001
2025-02-11,0:00,9,4254.8007,4021.2,233.60069999999996
2025-02-11,0:00,10,5649.0714,5584.6125,64.45889999999963
2025-02-11,0:00,11,7015.5996,6835.8375,179.76209999999992
2025-02-11,0:00,12,7381.0729,7003.275,377.7979000000005
2025-02-11,0:00,13,6111.9524,6882.2625,770.3100999999997
2025-02-11,0:00,14,4522.3058,6022.8375,1500.5316999999995
2025-02-11,0:00,15,3481.5581,4352.7,871.1418999999996
2025-02-11,0:00,16,1588.433,2482.2,893.7669999999998
2025-02-11,0:00,17,306.6722,557.475,250.80280000000005
2025-02-11,0:00,18,0.0,0.0,0.0
2025-02-11,0:00,19,0.0,0.0,0.0
2025-02-11,0:00,20,0.0,0.0,0.0
2025-02-11,0:00,21,0.0,0.0,0.0
2025-02-11,0:00,22,0.0,0.0,0.0
2025-02-11,0:00,23,0.0,0.0,0.0
2025-02-11,0:00,24,0.0,0.0,0.0
2025-02-11,6:00,1,566.9474,561.375,5.572400000000016
2025-02-11,6:00,2,2332.5442,2295.0,37.54419999999982
2025-02-11,6:00,3,4152.0506,4021.2,130.85059999999976
2025-02-11,6:00,4,5841.1758,5584.6125,256.5632999999998
2025-02-11,6:00,5,7082.906,6835.8375,247.0685000000003
2025-02-11,6:00,6,7123.0942,7003.275,119.81919999999991
2025-02-11,6:00,7,7052.2057,6882.2625,169.94320000000062
2025-02-11,6:00,8,6036.092,6022.8375,13.254500000000007
2025-02-11,6:00,9,3956.8536,4352.7,395.8463999999999
2025-02-11,6:00,10,2029.4049,2482.2,452.7950999999998
2025-02-11,6:00,11,463.1008,557.475,94.37420000000003
2025-02-11,6:00,12,0.0,0.0,0.0
2025-02-11,6:00,13,0.0,0.0,0.0
2025-02-11,6:00,14,0.0,0.0,0.0
2025-02-11,6:00,15,0.0,0.0,0.0
2025-02-11,6:00,16,0.0,0.0,0.0
2025-02-11,6:00,17,0.0,0.0,0.0
2025-02-11,6:00,18,0.0,0.0,0.0
2025-02-11,12:00,1,6785.0938,6882.2625,97.16870000000017
2025-02-11,12:00,2,5948.8473,6022.8375,73.99019999999928
2025-02-11,12:00,3,4333.5039,4352.7,19.196100000000115
2025-02-11,12:00,4,2514.5305,2482.2,32.33050000000003
2025-02-11,12:00,5,588.1454,557.475,30.670399999999972
2025-02-11,12:00,6,0.0,0.0,0.0
2025-02-11,12:00,7,0.0,0.0,0.0
2025-02-11,12:00,8,0.0,0.0,0.0
2025-02-11,12:00,9,0.0,0.0,0.0
2025-02-11,12:00,10,0.0,0.0,0.0
2025-02-11,12:00,11,0.0,0.0,0.0
2025-02-11,12:00,12,0.0,0.0,0.0
2025-02-11,18:00,1,0.0,0.0,0.0
2025-02-11,18:00,2,0.0,0.0,0.0
2025-02-11,18:00,3,0.0,0.0,0.0
2025-02-11,18:00,4,0.0,0.0,0.0
2025-02-11,18:00,5,0.0,0.0,0.0
2025-02-11,18:00,6,0.0,0.0,0.0
2025-02-12,0:00,1,0.0,0.0,0.0
2025-02-12,0:00,2,0.0,0.0,0.0
2025-02-12,0:00,3,0.0,0.0,0.0
2025-02-12,0:00,4,0.0,0.0,0.0
2025-02-12,0:00,5,0.0,0.0,0.0
2025-02-12,0:00,6,0.0,0.0,0.0
2025-02-12,0:00,7,518.6901,573.0375,54.34739999999999
2025-02-12,0:00,8,2097.6836,2346.8625,249.17890000000034
2025-02-12,0:00,9,4158.8206,4400.9625,242.14189999999962
2025-02-12,0:00,10,5320.5714,5787.3375,466.7660999999998
2025-02-12,0:00,11,6017.3815,6562.0875,544.7059999999992
2025-02-12,0:00,12,6967.2691,7301.025,333.7558999999992
2025-02-12,0:00,13,6704.8883,6846.1875,141.29920000000038
2025-02-12,0:00,14,5375.1732,5596.6125,221.4393
2025-02-12,0:00,15,3683.4577,4285.5375,602.0798000000004
2025-02-12,0:00,16,1985.034,2287.05,302.0160000000001
2025-02-12,0:00,17,509.5699,592.9125,83.3426
2025-02-12,0:00,18,0.0,0.0,0.0
2025-02-12,0:00,19,0.0,0.0,0.0
2025-02-12,0:00,20,0.0,0.0,0.0
2025-02-12,0:00,21,0.0,0.0,0.0
2025-02-12,0:00,22,0.0,0.0,0.0
2025-02-12,0:00,23,0.0,0.0,0.0
2025-02-12,0:00,24,0.0,0.0,0.0
2025-02-12,6:00,1,573.4985,573.0375,0.46100000000001273
2025-02-12,6:00,2,2375.9663,2346.8625,29.103799999999865
2025-02-12,6:00,3,4547.756,4400.9625,146.79350000000068
2025-02-12,6:00,4,5970.5912,5787.3375,183.2537000000002
2025-02-12,6:00,5,6888.2022,6562.0875,326.1147000000001
2025-02-12,6:00,6,7673.3732,7301.025,372.34820000000036
2025-02-12,6:00,7,6863.0643,6846.1875,16.876800000000003
2025-02-12,6:00,8,5380.8214,5596.6125,215.79110000000037
2025-02-12,6:00,9,4372.57,4285.5375,87.03249999999935
2025-02-12,6:00,10,2363.3559,2287.05,76.30589999999984
2025-02-12,6:00,11,623.8793,592.9125,30.96679999999992
2025-02-12,6:00,12,0.0,0.0,0.0
2025-02-12,6:00,13,0.0,0.0,0.0
2025-02-12,6:00,14,0.0,0.0,0.0
2025-02-12,6:00,15,0.0,0.0,0.0
2025-02-12,6:00,16,0.0,0.0,0.0
2025-02-12,6:00,17,0.0,0.0,0.0
2025-02-12,6:00,18,0.0,0.0,0.0
2025-02-12,12:00,1,6802.8008,6846.1875,43.38670000000002
2025-02-12,12:00,2,5563.645,5596.6125,32.967499999999745
2025-02-12,12:00,3,4258.1978,4285.5375,27.339700000000448
2025-02-12,12:00,4,2358.1409,2287.05,71.09089999999969
2025-02-12,12:00,5,618.6546,592.9125,25.742099999999937
2025-02-12,12:00,6,0.0,0.0,0.0
2025-02-12,12:00,7,0.0,0.0,0.0
2025-02-12,12:00,8,0.0,0.0,0.0
2025-02-12,12:00,9,0.0,0.0,0.0
2025-02-12,12:00,10,0.0,0.0,0.0
2025-02-12,12:00,11,0.0,0.0,0.0
2025-02-12,12:00,12,0.0,0.0,0.0
2025-02-12,18:00,1,0.0,0.0,0.0
2025-02-12,18:00,2,0.0,0.0,0.0
2025-02-12,18:00,3,0.0,0.0,0.0
2025-02-12,18:00,4,0.0,0.0,0.0
2025-02-12,18:00,5,0.0,0.0,0.0
2025-02-12,18:00,6,0.0,0.0,0.0
2025-02-13,0:00,1,0.0,0.0,0.0
2025-02-13,0:00,2,0.0,0.0,0.0
2025-02-13,0:00,3,0.0,0.0,0.0
2025-02-13,0:00,4,0.0,0.0,0.0
2025-02-13,0:00,5,0.0,0.0,0.0
2025-02-13,0:00,6,0.0,0.0,0.0
2025-02-13,0:00,7,590.0748,617.5875,27.512699999999995
2025-02-13,0:00,8,2212.3664,2324.8875,112.52109999999993
2025-02-13,0:00,9,4360.7071,4659.8625,299.15540000000055
2025-02-13,0:00,10,6070.8836,6619.8375,548.9538999999995
2025-02-13,0:00,11,6747.0221,7575.225,828.2029000000002
2025-02-13,0:00,12,7012.7354,7444.3125,431.5771000000004
2025-02-13,0:00,13,6516.6058,6777.5625,260.9566999999997
2025-02-13,0:00,14,6168.6701,5880.7125,287.95760000000064
2025-02-13,0:00,15,5001.0,4790.25,210.75
2025-02-13,0:00,16,2885.3391,2747.3625,137.97659999999996
2025-02-13,0:00,17,746.6508,695.8125,50.838300000000004
2025-02-13,0:00,18,0.0,0.0,0.0
2025-02-13,0:00,19,0.0,0.0,0.0
2025-02-13,0:00,20,0.0,0.0,0.0
2025-02-13,0:00,21,0.0,0.0,0.0
2025-02-13,0:00,22,0.0,0.0,0.0
2025-02-13,0:00,23,0.0,0.0,0.0
2025-02-13,0:00,24,0.0,0.0,0.0
2025-02-13,6:00,1,618.0644,617.5875,0.47690000000000055
2025-02-13,6:00,2,2351.6829,2324.8875,26.795399999999972
2025-02-13,6:00,3,4736.694,4659.8625,76.83150000000023
2025-02-13,6:00,4,6779.3163,6619.8375,159.47880000000077
2025-02-13,6:00,5,7590.9654,7575.225,15.740399999999681
2025-02-13,6:00,6,7753.9134,7444.3125,309.60090000000037
2025-02-13,6:00,7,7175.0401,6777.5625,397.47760000000017
2025-02-13,6:00,8,6260.9104,5880.7125,380.1979000000001
2025-02-13,6:00,9,4790.2869,4790.25,0.03690000000005966
2025-02-13,6:00,10,2851.3669,2747.3625,104.0043999999998
2025-02-13,6:00,11,757.6054,695.8125,61.79290000000003
2025-02-13,6:00,12,0.0,0.0,0.0
2025-02-13,6:00,13,0.0,0.0,0.0
2025-02-13,6:00,14,0.0,0.0,0.0
2025-02-13,6:00,15,0.0,0.0,0.0
2025-02-13,6:00,16,0.0,0.0,0.0
2025-02-13,6:00,17,0.0,0.0,0.0
2025-02-13,6:00,18,0.0,0.0,0.0
2025-02-13,12:00,1,6708.1974,6777.5625,69.36509999999998
2025-02-13,12:00,2,5763.9393,5880.7125,116.77319999999963
2025-02-13,12:00,3,4676.9915,4790.25,113.25849999999991
2025-02-13,12:00,4,2645.4992,2747.3625,101.86329999999998
2025-02-13,12:00,5,686.2368,695.8125,9.575699999999983
2025-02-13,12:00,6,0.0,0.0,0.0
2025-02-13,12:00,7,0.0,0.0,0.0
2025-02-13,12:00,8,0.0,0.0,0.0
2025-02-13,12:00,9,0.0,0.0,0.0
2025-02-13,12:00,10,0.0,0.0,0.0
2025-02-13,12:00,11,0.0,0.0,0.0
2025-02-13,12:00,12,0.0,0.0,0.0
2025-02-13,18:00,1,0.0,0.0,0.0
2025-02-13,18:00,2,0.0,0.0,0.0
2025-02-13,18:00,3,0.0,0.0,0.0
2025-02-13,18:00,4,0.0,0.0,0.0
2025-02-13,18:00,5,0.0,0.0,0.0
2025-02-13,18:00,6,0.0,0.0,0.0
2025-02-14,0:00,1,0.0,0.0,0.0
2025-02-14,0:00,2,0.0,0.0,0.0
2025-02-14,0:00,3,0.0,0.0,0.0
2025-02-14,0:00,4,0.0,0.0,0.0
2025-02-14,0:00,5,0.0,0.0,0.0
2025-02-14,0:00,6,0.0,0.0,0.0
2025-02-14,0:00,7,536.4362,614.1,77.66380000000004
2025-02-14,0:00,8,2284.0351,2585.2875,301.25239999999985
2025-02-14,0:00,9,3921.6519,4453.0875,531.4355999999998
2025-02-14,0:00,10,4801.0387,5537.3625,736.3238000000001
2025-02-14,0:00,11,5400.9959,6202.425,801.4291000000003
2025-02-14,0:00,12,6259.7736,6608.025,348.2513999999992
2025-02-14,0:00,13,7332.6856,6916.1625,416.52309999999943
2025-02-14,0:00,14,6676.4327,6086.7,589.7327000000005
2025-02-14,0:00,15,5001.0,4565.9625,435.03750000000036
2025-02-14,0:00,16,2806.0187,2445.75,360.2687000000001
2025-02-14,0:00,17,686.2602,613.8,72.4602000000001
2025-02-14,0:00,18,0.0,0.0,0.0
2025-02-14,0:00,19,0.0,0.0,0.0
2025-02-14,0:00,20,0.0,0.0,0.0
2025-02-14,0:00,21,0.0,0.0,0.0
2025-02-14,0:00,22,0.0,0.0,0.0
2025-02-14,0:00,23,0.0,0.0,0.0
2025-02-14,0:00,24,0.0,0.0,0.0
2025-02-14,6:00,1,617.0677,614.1,2.9676999999999225
2025-02-14,6:00,2,2584.7586,2585.2875,0.5288999999997941
2025-02-14,6:00,3,4453.6586,4453.0875,0.571100000000115
2025-02-14,6:00,4,5544.3199,5537.3625,6.957400000000234
2025-02-14,6:00,5,6265.5391,6202.425,63.11409999999978
2025-02-14,6:00,6,6409.4305,6608.025,198.59449999999924
2025-02-14,6:00,7,6697.3431,6916.1625,218.81940000000031
2025-02-14,6:00,8,5999.5474,6086.7,87.15259999999944
2025-02-14,6:00,9,4542.6998,4565.9625,23.262699999999313
2025-02-14,6:00,10,2220.3905,2445.75,225.35950000000003
2025-02-14,6:00,11,587.3546,613.8,26.44539999999995
2025-02-14,6:00,12,0.0,0.0,0.0
2025-02-14,6:00,13,0.0,0.0,0.0
2025-02-14,6:00,14,0.0,0.0,0.0
2025-02-14,6:00,15,0.0,0.0,0.0
2025-02-14,6:00,16,0.0,0.0,0.0
2025-02-14,6:00,17,0.0,0.0,0.0
2025-02-14,6:00,18,0.0,0.0,0.0
2025-02-14,12:00,1,6809.3607,6916.1625,106.80180000000018
2025-02-14,12:00,2,5942.3911,6086.7,144.3089
2025-02-14,12:00,3,4417.6692,4565.9625,148.29329999999936
2025-02-14,12:00,4,2284.5703,2445.75,161.17970000000014
2025-02-14,12:00,5,549.3542,613.8,64.44579999999996
2025-02-14,12:00,6,0.0,0.0,0.0
2025-02-14,12:00,7,0.0,0.0,0.0
2025-02-14,12:00,8,0.0,0.0,0.0
2025-02-14,12:00,9,0.0,0.0,0.0
2025-02-14,12:00,10,0.0,0.0,0.0
2025-02-14,12:00,11,0.0,0.0,0.0
2025-02-14,12:00,12,0.0,0.0,0.0
2025-02-14,18:00,1,0.0,0.0,0.0
2025-02-14,18:00,2,0.0,0.0,0.0
2025-02-14,18:00,3,0.0,0.0,0.0
2025-02-14,18:00,4,0.0,0.0,0.0
2025-02-14,18:00,5,0.0,0.0,0.0
2025-02-14,18:00,6,0.0,0.0,0.0
2025-02-15,0:00,1,0.0,0.0,0.0
2025-02-15,0:00,2,0.0,0.0,0.0
2025-02-15,0:00,3,0.0,0.0,0.0
2025-02-15,0:00,4,0.0,0.0,0.0
2025-02-15,0:00,5,0.0,0.0,0.0
2025-02-15,0:00,6,0.0,0.0,0.0
2025-02-15,0:00,7,654.861,621.375,33.48599999999999
2025-02-15,0:00,8,2755.7897,2629.7625,126.0272
2025-02-15,0:00,9,4804.1668,4410.2625,393.90430000000015
2025-02-15,0:00,10,5750.1657,5833.95,83.78430000000026
2025-02-15,0:00,11,5958.7644,6671.4375,712.6731
2025-02-15,0:00,12,6091.7797,6763.8,672.0203000000001
2025-02-15,0:00,13,6473.8761,7133.5125,659.6363999999994
2025-02-15,0:00,14,5062.8203,5959.65,896.8296999999993
2025-02-15,0:00,15,4008.9972,4403.85,394.85280000000057
2025-02-15,0:00,16,2091.5039,2314.8375,223.33359999999993
2025-02-15,0:00,17,580.4406,660.975,80.5344
2025-02-15,0:00,18,0.0,0.0,0.0
2025-02-15,0:00,19,0.0,0.0,0.0
2025-02-15,0:00,20,0.0,0.0,0.0
2025-02-15,0:00,21,0.0,0.0,0.0
2025-02-15,0:00,22,0.0,0.0,0.0
2025-02-15,0:00,23,0.0,0.0,0.0
2025-02-15,0:00,24,0.0,0.0,0.0
2025-02-15,6:00,1,625.5138,621.375,4.1387999999999465
2025-02-15,6:00,2,2648.4477,2629.7625,18.68520000000035
2025-02-15,6:00,3,4443.6282,4410.2625,33.36570000000029
2025-02-15,6:00,4,5885.9961,5833.95,52.04610000000048
2025-02-15,6:00,5,6575.6045,6671.4375,95.83299999999963
2025-02-15,6:00,6,6892.0846,6763.8,128.28459999999995
2025-02-15,6:00,7,7451.6444,7133.5125,318.1319000000003
2025-02-15,6:00,8,6543.4107,5959.65,583.7607000000007
2025-02-15,6:00,9,4646.2545,4403.85,242.40449999999964
2025-02-15,6:00,10,2526.7151,2314.8375,211.8775999999998
2025-02-15,6:00,11,671.2419,660.975,10.266899999999964
2025-02-15,6:00,12,0.0,0.0,0.0
2025-02-15,6:00,13,0.0,0.0,0.0
2025-02-15,6:00,14,0.0,0.0,0.0
2025-02-15,6:00,15,0.0,0.0,0.0
2025-02-15,6:00,16,0.0,0.0,0.0
2025-02-15,6:00,17,0.0,0.0,0.0
2025-02-15,6:00,18,0.0,0.0,0.0
2025-02-15,12:00,1,7250.5511,7133.5125,117.03859999999986
2025-02-15,12:00,2,6167.8452,5959.65,208.1952000000001
2025-02-15,12:00,3,4521.7796,4403.85,117.92959999999948
2025-02-15,12:00,4,2315.9658,2314.8375,1.1282999999998538
2025-02-15,12:00,5,649.3068,660.975,11.66820000000007
2025-02-15,12:00,6,0.0,0.0,0.0
2025-02-15,12:00,7,0.0,0.0,0.0
2025-02-15,12:00,8,0.0,0.0,0.0
2025-02-15,12:00,9,0.0,0.0,0.0
2025-02-15,12:00,10,0.0,0.0,0.0
2025-02-15,12:00,11,0.0,0.0,0.0
2025-02-15,12:00,12,0.0,0.0,0.0
2025-02-15,18:00,1,0.0,0.0,0.0
2025-02-15,18:00,2,0.0,0.0,0.0
2025-02-15,18:00,3,0.0,0.0,0.0
2025-02-15,18:00,4,0.0,0.0,0.0
2025-02-15,18:00,5,0.0,0.0,0.0
2025-02-15,18:00,6,0.0,0.0,0.0
2025-02-16,0:00,1,0.0,0.0,0.0
2025-02-16,0:00,2,0.0,0.0,0.0
2025-02-16,0:00,3,0.0,0.0,0.0
2025-02-16,0:00,4,0.0,0.0,0.0
2025-02-16,0:00,5,0.0,0.0,0.0
2025-02-16,0:00,6,0.0,0.0,0.0
2025-02-16,0:00,7,611.1382,644.2125,33.074299999999994
2025-02-16,0:00,8,2392.6212,2577.0375,184.41629999999986
2025-02-16,0:00,9,4158.941,4375.0875,216.14649999999983
2025-02-16,0:00,10,5337.1336,5252.0625,85.07110000000011
2025-02-16,0:00,11,5649.4051,6028.725,379.3199000000004
2025-02-16,0:00,12,6308.7407,6746.625,437.8842999999997
2025-02-16,0:00,13,6088.3985,6611.5875,523.1889999999994
2025-02-16,0:00,14,5319.9609,5911.8,591.8391000000001
2025-02-16,0:00,15,3514.8981,4596.4125,1081.5144000000005
2025-02-16,0:00,16,2137.4768,2667.7125,530.2357000000002
2025-02-16,0:00,17,485.6056,613.5375,127.93190000000004
2025-02-16,0:00,18,0.0,0.0,0.0
2025-02-16,0:00,19,0.0,0.0,0.0
2025-02-16,0:00,20,0.0,0.0,0.0
2025-02-16,0:00,21,0.0,0.0,0.0
2025-02-16,0:00,22,0.0,0.0,0.0
2025-02-16,0:00,23,0.0,0.0,0.0
2025-02-16,0:00,24,0.0,0.0,0.0
2025-02-16,6:00,1,647.5576,644.2125,3.345100000000002
2025-02-16,6:00,2,2634.6055,2577.0375,57.56800000000021
2025-02-16,6:00,3,4525.1614,4375.0875,150.07390000000032
2025-02-16,6:00,4,5562.4859,5252.0625,310.4233999999997
2025-02-16,6:00,5,6391.4211,6028.725,362.6960999999992
2025-02-16,6:00,6,7190.6617,6746.625,444.03669999999966
2025-02-16,6:00,7,6772.1321,6611.5875,160.54460000000017
2025-02-16,6:00,8,6217.6735,5911.8,305.8734999999997
2025-02-16,6:00,9,4813.0567,4596.4125,216.64419999999973
2025-02-16,6:00,10,2748.579,2667.7125,80.86650000000009
2025-02-16,6:00,11,666.2006,613.5375,52.663099999999986
2025-02-16,6:00,12,0.0,0.0,0.0
2025-02-16,6:00,13,0.0,0.0,0.0
2025-02-16,6:00,14,0.0,0.0,0.0
2025-02-16,6:00,15,0.0,0.0,0.0
2025-02-16,6:00,16,0.0,0.0,0.0
2025-02-16,6:00,17,0.0,0.0,0.0
2025-02-16,6:00,18,0.0,0.0,0.0
2025-02-16,12:00,1,6698.2353,6611.5875,86.64780000000064
2025-02-16,12:00,2,6194.6669,5911.8,282.8669
2025-02-16,12:00,3,4976.5823,4596.4125,380.16979999999967
2025-02-16,12:00,4,2861.2738,2667.7125,193.56129999999985
2025-02-16,12:00,5,661.531,613.5375,47.993499999999926
2025-02-16,12:00,6,0.0,0.0,0.0
2025-02-16,12:00,7,0.0,0.0,0.0
2025-02-16,12:00,8,0.0,0.0,0.0
2025-02-16,12:00,9,0.0,0.0,0.0
2025-02-16,12:00,10,0.0,0.0,0.0
2025-02-16,12:00,11,0.0,0.0,0.0
2025-02-16,12:00,12,0.0,0.0,0.0
2025-02-16,18:00,1,0.0,0.0,0.0
2025-02-16,18:00,2,0.0,0.0,0.0
2025-02-16,18:00,3,0.0,0.0,0.0
2025-02-16,18:00,4,0.0,0.0,0.0
2025-02-16,18:00,5,0.0,0.0,0.0
2025-02-16,18:00,6,0.0,0.0,0.0
2025-02-17,0:00,1,0.0,0.0,0.0
2025-02-17,0:00,2,0.0,0.0,0.0
2025-02-17,0:00,3,0.0,0.0,0.0
2025-02-17,0:00,4,0.0,0.0,0.0
2025-02-17,0:00,5,0.0,0.0,0.0
2025-02-17,0:00,6,0.0,0.0,0.0
2025-02-17,0:00,7,704.075,768.225,64.14999999999998
2025-02-17,0:00,8,2585.4472,2832.6375,247.19029999999975
2025-02-17,0:00,9,3959.9918,4750.0875,790.0956999999999
2025-02-17,0:00,10,5534.3467,6097.2,562.8532999999998
2025-02-17,0:00,11,5337.3282,7102.8,1765.4718000000003
2025-02-17,0:00,12,5463.8997,7230.75,1766.8503
2025-02-17,0:00,13,4956.2601,6976.95,2020.6898999999994
2025-02-17,0:00,14,5798.1722,6519.6,721.4278000000004
2025-02-17,0:00,15,4245.1372,4511.325,266.1877999999997
2025-02-17,0:00,16,2846.1186,2681.0625,165.0560999999998
2025-02-17,0:00,17,577.1852,675.3375,98.15229999999997
2025-02-17,0:00,18,0.0,0.0,0.0
2025-02-17,0:00,19,0.0,0.0,0.0
2025-02-17,0:00,20,0.0,0.0,0.0
2025-02-17,0:00,21,0.0,0.0,0.0
2025-02-17,0:00,22,0.0,0.0,0.0
2025-02-17,0:00,23,0.0,0.0,0.0
2025-02-17,0:00,24,0.0,0.0,0.0
2025-02-17,6:00,1,764.0839,768.225,4.141100000000051
2025-02-17,6:00,2,2795.6432,2832.6375,36.99429999999984
2025-02-17,6:00,3,4694.3529,4750.0875,55.73459999999977
2025-02-17,6:00,4,6048.7451,6097.2,48.454899999999725
2025-02-17,6:00,5,7090.245,7102.8,12.555000000000291
2025-02-17,6:00,6,7129.6425,7230.75,101.10750000000007
2025-02-17,6:00,7,6974.2917,6976.95,2.658300000000054
2025-02-17,6:00,8,6263.6779,6519.6,255.92210000000068
2025-02-17,6:00,9,4244.9202,4511.325,266.40480000000025
2025-02-17,6:00,10,2550.3141,2681.0625,130.74839999999995
2025-02-17,6:00,11,655.8093,675.3375,19.52819999999997
2025-02-17,6:00,12,0.0,0.0,0.0
2025-02-17,6:00,13,0.0,0.0,0.0
2025-02-17,6:00,14,0.0,0.0,0.0
2025-02-17,6:00,15,0.0,0.0,0.0
2025-02-17,6:00,16,0.0,0.0,0.0
2025-02-17,6:00,17,0.0,0.0,0.0
2025-02-17,6:00,18,0.0,0.0,0.0
2025-02-17,12:00,1,7061.7376,6976.95,84.78760000000057
2025-02-17,12:00,2,6658.5351,6519.6,138.9350999999997
2025-02-17,12:00,3,4680.2421,4511.325,168.91710000000057
2025-02-17,12:00,4,2792.1432,2681.0625,111.08069999999998
2025-02-17,12:00,5,707.7239,675.3375,32.38639999999998
2025-02-17,12:00,6,0.0,0.0,0.0
2025-02-17,12:00,7,0.0,0.0,0.0
2025-02-17,12:00,8,0.0,0.0,0.0
2025-02-17,12:00,9,0.0,0.0,0.0
2025-02-17,12:00,10,0.0,0.0,0.0
2025-02-17,12:00,11,0.0,0.0,0.0
2025-02-17,12:00,12,0.0,0.0,0.0
2025-02-17,18:00,1,0.0,0.0,0.0
2025-02-17,18:00,2,0.0,0.0,0.0
2025-02-17,18:00,3,0.0,0.0,0.0
2025-02-17,18:00,4,0.0,0.0,0.0
2025-02-17,18:00,5,0.0,0.0,0.0
2025-02-17,18:00,6,0.0,0.0,0.0
2025-02-18,0:00,1,0.0,0.0,0.0
2025-02-18,0:00,2,0.0,0.0,0.0
2025-02-18,0:00,3,0.0,0.0,0.0
2025-02-18,0:00,4,0.0,0.0,0.0
2025-02-18,0:00,5,0.0,0.0,0.0
2025-02-18,0:00,6,0.0,0.0,0.0
2025-02-18,0:00,7,799.5842,785.5875,13.996700000000033
2025-02-18,0:00,8,2681.6534,2669.1375,12.515900000000329
2025-02-18,0:00,9,4285.392,4596.8625,311.47050000000036
2025-02-18,0:00,10,5898.0,6502.7625,604.7624999999998
2025-02-18,0:00,11,6749.6929,6682.35,67.34289999999964
2025-02-18,0:00,12,8212.9471,7269.225,943.722099999999
2025-02-18,0:00,13,7188.1284,6553.9875,634.1408999999994
2025-02-18,0:00,14,6683.775,6096.6,587.1749999999993
2025-02-18,0:00,15,5001.0,4516.65,484.35000000000036
2025-02-18,0:00,16,2721.2573,2804.175,82.91769999999997
2025-02-18,0:00,17,591.4928,793.1625,201.66970000000003
2025-02-18,0:00,18,0.0,0.0,0.0
2025-02-18,0:00,19,0.0,0.0,0.0
2025-02-18,0:00,20,0.0,0.0,0.0
2025-02-18,0:00,21,0.0,0.0,0.0
2025-02-18,0:00,22,0.0,0.0,0.0
2025-02-18,0:00,23,0.0,0.0,0.0
2025-02-18,0:00,24,0.0,0.0,0.0
2025-02-18,6:00,1,768.8985,785.5875,16.688999999999965
2025-02-18,6:00,2,2551.0826,2669.1375,118.05489999999963
2025-02-18,6:00,3,4292.4332,4596.8625,304.4292999999998
2025-02-18,6:00,4,6083.6229,6502.7625,419.1395999999995
2025-02-18,6:00,5,6375.1755,6682.35,307.1745000000001
2025-02-18,6:00,6,7476.1866,7269.225,206.96159999999963
2025-02-18,6:00,7,6797.525,6553.9875,243.53749999999945
2025-02-18,6:00,8,6671.307,6096.6,574.7069999999994
2025-02-18,6:00,9,4998.6834,4516.65,482.03340000000026
2025-02-18,6:00,10,2737.5275,2804.175,66.64750000000004
2025-02-18,6:00,11,775.6462,793.1625,17.5163
2025-02-18,6:00,12,0.0,0.0,0.0
2025-02-18,6:00,13,0.0,0.0,0.0
2025-02-18,6:00,14,0.0,0.0,0.0
2025-02-18,6:00,15,0.0,0.0,0.0
2025-02-18,6:00,16,0.0,0.0,0.0
2025-02-18,6:00,17,0.0,0.0,0.0
2025-02-18,6:00,18,0.0,0.0,0.0
2025-02-18,12:00,1,6640.0044,6553.9875,86.01689999999962
2025-02-18,12:00,2,6148.5513,6096.6,51.95129999999972
2025-02-18,12:00,3,4622.3725,4516.65,105.72250000000076
2025-02-18,12:00,4,2997.6093,2804.175,193.4342999999999
2025-02-18,12:00,5,798.8331,793.1625,5.670599999999922
2025-02-18,12:00,6,0.0,0.0,0.0
2025-02-18,12:00,7,0.0,0.0,0.0
2025-02-18,12:00,8,0.0,0.0,0.0
2025-02-18,12:00,9,0.0,0.0,0.0
2025-02-18,12:00,10,0.0,0.0,0.0
2025-02-18,12:00,11,0.0,0.0,0.0
2025-02-18,12:00,12,0.0,0.0,0.0
2025-02-18,18:00,1,0.0,0.0,0.0
2025-02-18,18:00,2,0.0,0.0,0.0
2025-02-18,18:00,3,0.0,0.0,0.0
2025-02-18,18:00,4,0.0,0.0,0.0
2025-02-18,18:00,5,0.0,0.0,0.0
2025-02-18,18:00,6,0.0,0.0,0.0
2025-02-19,0:00,1,0.0,0.0,0.0
2025-02-19,0:00,2,0.0,0.0,0.0
2025-02-19,0:00,3,0.0,0.0,0.0
2025-02-19,0:00,4,0.0,0.0,0.0
2025-02-19,0:00,5,0.0,0.0,0.0
2025-02-19,0:00,6,0.0,0.0,0.0
2025-02-19,0:00,7,717.9258,725.3625,7.436699999999973
2025-02-19,0:00,8,2724.7644,2711.9625,12.801899999999932
2025-02-19,0:00,9,4102.0926,4248.7125,146.6198999999997
2025-02-19,0:00,10,5847.4277,5714.25,133.1777000000002
2025-02-19,0:00,11,7558.6904,7007.925,550.7654000000002
2025-02-19,0:00,12,8059.648,7833.7125,225.9355000000005
2025-02-19,0:00,13,7556.5139,7016.5125,540.0014000000001
2025-02-19,0:00,14,6147.0731,5900.925,246.14809999999943
2025-02-19,0:00,15,4120.3661,4150.2375,29.871399999999994
2025-02-19,0:00,16,2958.4561,2760.6375,197.81860000000006
2025-02-19,0:00,17,880.6372,824.1375,56.49969999999996
2025-02-19,0:00,18,0.0,0.0,0.0
2025-02-19,0:00,19,0.0,0.0,0.0
2025-02-19,0:00,20,0.0,0.0,0.0
2025-02-19,0:00,21,0.0,0.0,0.0
2025-02-19,0:00,22,0.0,0.0,0.0
2025-02-19,0:00,23,0.0,0.0,0.0
2025-02-19,0:00,24,0.0,0.0,0.0
2025-02-19,6:00,1,726.9212,725.3625,1.5587000000000444
2025-02-19,6:00,2,2767.8926,2711.9625,55.93010000000004
2025-02-19,6:00,3,4458.2803,4248.7125,209.56780000000072
2025-02-19,6:00,4,5974.7106,5714.25,260.46060000000034
2025-02-19,6:00,5,7439.384,7007.925,431.45899999999983
2025-02-19,6:00,6,8340.4778,7833.7125,506.76530000000093
2025-02-19,6:00,7,7254.3695,7016.5125,237.85699999999997
2025-02-19,6:00,8,5827.1559,5900.925,73.76910000000044
2025-02-19,6:00,9,4531.0256,4150.2375,380.78809999999976
2025-02-19,6:00,10,2835.8772,2760.6375,75.23970000000008
2025-02-19,6:00,11,897.1235,824.1375,72.98599999999999
2025-02-19,6:00,12,0.0,0.0,0.0
2025-02-19,6:00,13,0.0,0.0,0.0
2025-02-19,6:00,14,0.0,0.0,0.0
2025-02-19,6:00,15,0.0,0.0,0.0
2025-02-19,6:00,16,0.0,0.0,0.0
2025-02-19,6:00,17,0.0,0.0,0.0
2025-02-19,6:00,18,0.0,0.0,0.0
2025-02-19,12:00,1,6931.7027,7016.5125,84.8098
2025-02-19,12:00,2,5730.0532,5900.925,170.8717999999999
2025-02-19,12:00,3,4039.876,4150.2375,110.36149999999998
2025-02-19,12:00,4,2743.9067,2760.6375,16.730799999999817
2025-02-19,12:00,5,862.563,824.1375,38.42549999999994
2025-02-19,12:00,6,0.0,0.0,0.0
2025-02-19,12:00,7,0.0,0.0,0.0
2025-02-19,12:00,8,0.0,0.0,0.0
2025-02-19,12:00,9,0.0,0.0,0.0
2025-02-19,12:00,10,0.0,0.0,0.0
2025-02-19,12:00,11,0.0,0.0,0.0
2025-02-19,12:00,12,0.0,0.0,0.0
2025-02-19,18:00,1,0.0,0.0,0.0
2025-02-19,18:00,2,0.0,0.0,0.0
2025-02-19,18:00,3,0.0,0.0,0.0
2025-02-19,18:00,4,0.0,0.0,0.0
2025-02-19,18:00,5,0.0,0.0,0.0
2025-02-19,18:00,6,0.0,0.0,0.0
2025-02-20,0:00,1,0.0,0.0,0.0
2025-02-20,0:00,2,0.0,0.0,0.0
2025-02-20,0:00,3,0.0,0.0,0.0
2025-02-20,0:00,4,0.0,0.0,0.0
2025-02-20,0:00,5,0.0,0.0,0.0
2025-02-20,0:00,6,0.0,0.0,0.0
2025-02-20,0:00,7,848.1275,885.825,37.69749999999999
2025-02-20,0:00,8,2564.7045,2610.375,45.670500000000175
2025-02-20,0:00,9,4533.5175,4717.8,184.28250000000025
2025-02-20,0:00,10,5519.5073,5958.7125,439.2051999999994
2025-02-20,0:00,11,5679.0937,6548.475,869.3813
2025-02-20,0:00,12,6690.9675,7062.975,372.0075000000006
2025-02-20,0:00,13,6343.1283,6970.725,627.5967
2025-02-20,0:00,14,6434.1386,6398.325,35.813600000000406
2025-02-20,0:00,15,4856.5938,4914.9375,58.343700000000354
2025-02-20,0:00,16,3213.5625,3049.05,164.51249999999982
2025-02-20,0:00,17,864.4773,748.5375,115.93979999999999
2025-02-20,0:00,18,0.0,0.0,0.0
2025-02-20,0:00,19,0.0,0.0,0.0
2025-02-20,0:00,20,0.0,0.0,0.0
2025-02-20,0:00,21,0.0,0.0,0.0
2025-02-20,0:00,22,0.0,0.0,0.0
2025-02-20,0:00,23,0.0,0.0,0.0
2025-02-20,0:00,24,0.0,0.0,0.0
2025-02-20,6:00,1,882.9428,885.825,2.8822000000000116
2025-02-20,6:00,2,2610.8701,2610.375,0.49510000000009313
2025-02-20,6:00,3,4720.4193,4717.8,2.6192999999993845
2025-02-20,6:00,4,6108.1707,5958.7125,149.45820000000003
2025-02-20,6:00,5,6673.4766,6548.475,125.0015999999996
2025-02-20,6:00,6,7431.085,7062.975,368.1099999999997
2025-02-20,6:00,7,7132.5253,6970.725,161.80029999999988
2025-02-20,6:00,8,6161.3802,6398.325,236.9448000000002
2025-02-20,6:00,9,4257.5677,4914.9375,657.3698000000004
2025-02-20,6:00,10,2589.85,3049.05,459.2000000000003
2025-02-20,6:00,11,644.4618,748.5375,104.07569999999998
2025-02-20,6:00,12,0.0,0.0,0.0
2025-02-20,6:00,13,0.0,0.0,0.0
2025-02-20,6:00,14,0.0,0.0,0.0
2025-02-20,6:00,15,0.0,0.0,0.0
2025-02-20,6:00,16,0.0,0.0,0.0
2025-02-20,6:00,17,0.0,0.0,0.0
2025-02-20,6:00,18,0.0,0.0,0.0
2025-02-20,12:00,1,6956.6411,6970.725,14.08390000000054
2025-02-20,12:00,2,6403.0174,6398.325,4.692399999999907
2025-02-20,12:00,3,4986.2745,4914.9375,71.33700000000044
2025-02-20,12:00,4,3085.6414,3049.05,36.591399999999794
2025-02-20,12:00,5,759.1283,748.5375,10.590799999999945
2025-02-20,12:00,6,0.0,0.0,0.0
2025-02-20,12:00,7,0.0,0.0,0.0
2025-02-20,12:00,8,0.0,0.0,0.0
2025-02-20,12:00,9,0.0,0.0,0.0
2025-02-20,12:00,10,0.0,0.0,0.0
2025-02-20,12:00,11,0.0,0.0,0.0
2025-02-20,12:00,12,0.0,0.0,0.0
2025-02-20,18:00,1,0.0,0.0,0.0
2025-02-20,18:00,2,0.0,0.0,0.0
2025-02-20,18:00,3,0.0,0.0,0.0
2025-02-20,18:00,4,0.0,0.0,0.0
2025-02-20,18:00,5,0.0,0.0,0.0
2025-02-20,18:00,6,0.0,0.0,0.0
2025-02-21,0:00,1,0.0,0.0,0.0
2025-02-21,0:00,2,0.0,0.0,0.0
2025-02-21,0:00,3,0.0,0.0,0.0
2025-02-21,0:00,4,0.0,0.0,0.0
2025-02-21,0:00,5,0.0,0.0,0.0
2025-02-21,0:00,6,0.0,0.0,0.0
2025-02-21,0:00,7,860.0715,849.0,11.071500000000015
2025-02-21,0:00,8,2566.5526,2667.3375,100.7849000000001
2025-02-21,0:00,9,4111.7383,4410.0,298.2617
2025-02-21,0:00,10,4969.867,5918.1,948.2330000000002
2025-02-21,0:00,11,6082.2076,6907.5375,825.3299000000006
2025-02-21,0:00,12,6898.4389,7337.0625,438.6235999999999
2025-02-21,0:00,13,7501.3478,7292.8875,208.46029999999973
2025-02-21,0:00,14,6683.775,6242.9625,440.8125
2025-02-21,0:00,15,5245.3322,4603.875,641.4571999999998
2025-02-21,0:00,16,3140.9373,2997.225,143.71230000000014
2025-02-21,0:00,17,949.715,861.2625,88.45249999999999
2025-02-21,0:00,18,0.0,0.0,0.0
2025-02-21,0:00,19,0.0,0.0,0.0
2025-02-21,0:00,20,0.0,0.0,0.0
2025-02-21,0:00,21,0.0,0.0,0.0
2025-02-21,0:00,22,0.0,0.0,0.0
2025-02-21,0:00,23,0.0,0.0,0.0
2025-02-21,0:00,24,0.0,0.0,0.0
2025-02-21,6:00,1,822.5407,849.0,26.459299999999985
2025-02-21,6:00,2,2547.4821,2667.3375,119.85539999999992
2025-02-21,6:00,3,4194.3647,4410.0,215.63529999999992
2025-02-21,6:00,4,5632.5133,5918.1,285.58670000000075
2025-02-21,6:00,5,6781.6416,6907.5375,125.89590000000044
2025-02-21,6:00,6,7187.1174,7337.0625,149.9450999999999
2025-02-21,6:00,7,6869.3407,7292.8875,423.5468000000001
2025-02-21,6:00,8,5633.0066,6242.9625,609.9558999999999
2025-02-21,6:00,9,4414.9953,4603.875,188.8797000000004
2025-02-21,6:00,10,3135.8532,2997.225,138.6282000000001
2025-02-21,6:00,11,928.972,861.2625,67.70949999999993
2025-02-21,6:00,12,0.0,0.0,0.0
2025-02-21,6:00,13,0.0,0.0,0.0
2025-02-21,6:00,14,0.0,0.0,0.0
2025-02-21,6:00,15,0.0,0.0,0.0
2025-02-21,6:00,16,0.0,0.0,0.0
2025-02-21,6:00,17,0.0,0.0,0.0
2025-02-21,6:00,18,0.0,0.0,0.0
2025-02-21,12:00,1,7223.4339,7292.8875,69.45359999999982
2025-02-21,12:00,2,6244.3248,6242.9625,1.3623000000006869
2025-02-21,12:00,3,4598.6976,4603.875,5.1773999999995794
2025-02-21,12:00,4,3060.1896,2997.225,62.964600000000246
2025-02-21,12:00,5,878.4387,861.2625,17.176199999999994
2025-02-21,12:00,6,0.0,0.0,0.0
2025-02-21,12:00,7,0.0,0.0,0.0
2025-02-21,12:00,8,0.0,0.0,0.0
2025-02-21,12:00,9,0.0,0.0,0.0
2025-02-21,12:00,10,0.0,0.0,0.0
2025-02-21,12:00,11,0.0,0.0,0.0
2025-02-21,12:00,12,0.0,0.0,0.0
2025-02-21,18:00,1,0.0,0.0,0.0
2025-02-21,18:00,2,0.0,0.0,0.0
2025-02-21,18:00,3,0.0,0.0,0.0
2025-02-21,18:00,4,0.0,0.0,0.0
2025-02-21,18:00,5,0.0,0.0,0.0
2025-02-21,18:00,6,0.0,0.0,0.0
2025-02-22,0:00,1,0.0,0.0,0.0
2025-02-22,0:00,2,0.0,0.0,0.0
2025-02-22,0:00,3,0.0,0.0,0.0
2025-02-22,0:00,4,0.0,0.0,0.0
2025-02-22,0:00,5,0.0,0.0,0.0
2025-02-22,0:00,6,0.0,0.0,0.0
2025-02-22,0:00,7,955.8252,898.0125,57.81269999999995
2025-02-22,0:00,8,2769.4118,2736.45,32.96180000000004
2025-02-22,0:00,9,4444.0336,4447.725,3.6914000000006126
2025-02-22,0:00,10,5895.8248,5799.2625,96.5623000000005
2025-02-22,0:00,11,6307.5396,6665.25,357.71039999999994
2025-02-22,0:00,12,6905.9079,6945.0,39.092099999999846
2025-02-22,0:00,13,7042.2106,6638.4,403.8106000000007
2025-02-22,0:00,14,5697.1037,5870.625,173.52130000000034
2025-02-22,0:00,15,3555.8601,4348.7625,792.9024
2025-02-22,0:00,16,2842.408,2602.7625,239.64550000000008
2025-02-22,0:00,17,783.0742,838.425,55.350799999999936
2025-02-22,0:00,18,0.0,0.0,0.0
2025-02-22,0:00,19,0.0,0.0,0.0
2025-02-22,0:00,20,0.0,0.0,0.0
2025-02-22,0:00,21,0.0,0.0,0.0
2025-02-22,0:00,22,0.0,0.0,0.0
2025-02-22,0:00,23,0.0,0.0,0.0
2025-02-22,0:00,24,0.0,0.0,0.0
2025-02-22,6:00,1,902.2661,898.0125,4.253600000000006
2025-02-22,6:00,2,2770.0181,2736.45,33.56809999999996
2025-02-22,6:00,3,4475.6337,4447.725,27.908699999999953
2025-02-22,6:00,4,5824.5401,5799.2625,25.277600000000348
2025-02-22,6:00,5,6833.4729,6665.25,168.22289999999975
2025-02-22,6:00,6,6890.2444,6945.0,54.75560000000041
2025-02-22,6:00,7,6381.9436,6638.4,256.45640000000003
2025-02-22,6:00,8,5665.7866,5870.625,204.83839999999964
2025-02-22,6:00,9,4130.4111,4348.7625,218.35139999999956
2025-02-22,6:00,10,2375.4962,2602.7625,227.26629999999977
2025-02-22,6:00,11,744.6669,838.425,93.7580999999999
2025-02-22,6:00,12,0.0,0.0,0.0
2025-02-22,6:00,13,0.0,0.0,0.0
2025-02-22,6:00,14,0.0,0.0,0.0
2025-02-22,6:00,15,0.0,0.0,0.0
2025-02-22,6:00,16,0.0,0.0,0.0
2025-02-22,6:00,17,0.0,0.0,0.0
2025-02-22,6:00,18,0.0,0.0,0.0
2025-02-22,12:00,1,6687.1474,6638.4,48.7474000000002
2025-02-22,12:00,2,6061.8966,5870.625,191.27160000000003
2025-02-22,12:00,3,4469.1342,4348.7625,120.3717000000006
2025-02-22,12:00,4,2640.4063,2602.7625,37.64380000000028
2025-02-22,12:00,5,866.9857,838.425,28.560699999999997
2025-02-22,12:00,6,0.0,0.0,0.0
2025-02-22,12:00,7,0.0,0.0,0.0
2025-02-22,12:00,8,0.0,0.0,0.0
2025-02-22,12:00,9,0.0,0.0,0.0
2025-02-22,12:00,10,0.0,0.0,0.0
2025-02-22,12:00,11,0.0,0.0,0.0
2025-02-22,12:00,12,0.0,0.0,0.0
2025-02-22,18:00,1,0.0,0.0,0.0
2025-02-22,18:00,2,0.0,0.0,0.0
2025-02-22,18:00,3,0.0,0.0,0.0
2025-02-22,18:00,4,0.0,0.0,0.0
2025-02-22,18:00,5,0.0,0.0,0.0
2025-02-22,18:00,6,0.0,0.0,0.0
2025-02-23,0:00,1,0.0,0.0,0.0
2025-02-23,0:00,2,0.0,0.0,0.0
2025-02-23,0:00,3,0.0,0.0,0.0
2025-02-23,0:00,4,0.0,0.0,0.0
2025-02-23,0:00,5,0.0,0.0,0.0
2025-02-23,0:00,6,0.0,0.0,0.0
2025-02-23,0:00,7,841.4891,842.1375,0.6484000000000378
2025-02-23,0:00,8,2623.738,2596.95,26.78800000000001
2025-02-23,0:00,9,5101.5339,5031.9,69.63390000000072
2025-02-23,0:00,10,5927.3374,5673.6,253.73739999999998
2025-02-23,0:00,11,7279.6862,7179.45,100.23620000000028
2025-02-23,0:00,12,6673.4737,6985.7625,312.28880000000026
2025-02-23,0:00,13,6254.5462,7067.0625,812.5163000000002
2025-02-23,0:00,14,5563.7245,5874.6375,310.91299999999956
2025-02-23,0:00,15,4215.2218,4772.7,557.4781999999996
2025-02-23,0:00,16,2548.7767,2954.4,405.6233000000002
2025-02-23,0:00,17,1045.0588,1029.6375,15.421299999999974
2025-02-23,0:00,18,0.0,0.0,0.0
2025-02-23,0:00,19,0.0,0.0,0.0
2025-02-23,0:00,20,0.0,0.0,0.0
2025-02-23,0:00,21,0.0,0.0,0.0
2025-02-23,0:00,22,0.0,0.0,0.0
2025-02-23,0:00,23,0.0,0.0,0.0
2025-02-23,0:00,24,0.0,0.0,0.0
2025-02-23,6:00,1,837.5359,842.1375,4.601600000000076
2025-02-23,6:00,2,2598.9926,2596.95,2.0426000000002205
2025-02-23,6:00,3,5011.7287,5031.9,20.171299999999974
2025-02-23,6:00,4,5666.9859,5673.6,6.61410000000069
2025-02-23,6:00,5,7126.1983,7179.45,53.2516999999998
2025-02-23,6:00,6,6873.9174,6985.7625,111.84509999999955
2025-02-23,6:00,7,6846.0275,7067.0625,221.03499999999985
2025-02-23,6:00,8,5402.1738,5874.6375,472.46370000000024
2025-02-23,6:00,9,4122.7369,4772.7,649.9630999999999
2025-02-23,6:00,10,2579.1344,2954.4,375.2656000000002
2025-02-23,6:00,11,902.0243,1029.6375,127.6132
2025-02-23,6:00,12,0.0,0.0,0.0
2025-02-23,6:00,13,0.0,0.0,0.0
2025-02-23,6:00,14,0.0,0.0,0.0
2025-02-23,6:00,15,0.0,0.0,0.0
2025-02-23,6:00,16,0.0,0.0,0.0
2025-02-23,6:00,17,0.0,0.0,0.0
2025-02-23,6:00,18,0.0,0.0,0.0
2025-02-23,12:00,1,7152.7266,7067.0625,85.66409999999996
2025-02-23,12:00,2,6078.2431,5874.6375,203.60559999999987
2025-02-23,12:00,3,5006.158,4772.7,233.45800000000054
2025-02-23,12:00,4,3092.8784,2954.4,138.47839999999997
2025-02-23,12:00,5,1044.4039,1029.6375,14.766399999999976
2025-02-23,12:00,6,0.0,0.0,0.0
2025-02-23,12:00,7,0.0,0.0,0.0
2025-02-23,12:00,8,0.0,0.0,0.0
2025-02-23,12:00,9,0.0,0.0,0.0
2025-02-23,12:00,10,0.0,0.0,0.0
2025-02-23,12:00,11,0.0,0.0,0.0
2025-02-23,12:00,12,0.0,0.0,0.0
2025-02-23,18:00,1,0.0,0.0,0.0
2025-02-23,18:00,2,0.0,0.0,0.0
2025-02-23,18:00,3,0.0,0.0,0.0
2025-02-23,18:00,4,0.0,0.0,0.0
2025-02-23,18:00,5,0.0,0.0,0.0
2025-02-23,18:00,6,0.0,0.0,0.0
2025-02-24,0:00,1,0.0,0.0,0.0
2025-02-24,0:00,2,0.0,0.0,0.0
2025-02-24,0:00,3,0.0,0.0,0.0
2025-02-24,0:00,4,0.0,0.0,0.0
2025-02-24,0:00,5,0.0,0.0,0.0
2025-02-24,0:00,6,0.0,0.0,0.0
2025-02-24,0:00,7,855.2942,947.475,92.18079999999998
2025-02-24,0:00,8,2491.529,2883.1875,391.6585
2025-02-24,0:00,9,4705.3769,5258.55,553.1731
2025-02-24,0:00,10,5829.2698,6335.6625,506.39270000000033
2025-02-24,0:00,11,7933.0875,7288.6125,644.4749999999995
2025-02-24,0:00,12,8126.6517,7506.5625,620.0892000000003
2025-02-24,0:00,13,8068.951,7292.2125,776.7385000000004
2025-02-24,0:00,14,6683.775,6683.775,0.0
2025-02-24,0:00,15,3935.5235,4561.6125,626.0890000000004
2025-02-24,0:00,16,1990.5683,2794.3125,803.7442000000001
2025-02-24,0:00,17,699.7025,888.375,188.6725
2025-02-24,0:00,18,0.0,0.0,0.0
2025-02-24,0:00,19,0.0,0.0,0.0
2025-02-24,0:00,20,0.0,0.0,0.0
2025-02-24,0:00,21,0.0,0.0,0.0
2025-02-24,0:00,22,0.0,0.0,0.0
2025-02-24,0:00,23,0.0,0.0,0.0
2025-02-24,0:00,24,0.0,0.0,0.0
2025-02-24,6:00,1,940.0509,947.475,7.424100000000067
2025-02-24,6:00,2,2828.9603,2883.1875,54.22719999999981
2025-02-24,6:00,3,5121.1295,5258.55,137.42050000000017
2025-02-24,6:00,4,5972.8721,6335.6625,362.7904000000008
2025-02-24,6:00,5,6764.734,7288.6125,523.8784999999998
2025-02-24,6:00,6,6810.3106,7506.5625,696.2519000000002
2025-02-24,6:00,7,6748.5498,7292.2125,543.6626999999999
2025-02-24,6:00,8,6467.9801,6683.775,215.79489999999987
2025-02-24,6:00,9,4551.0968,4561.6125,10.515699999999924
2025-02-24,6:00,10,2866.8385,2794.3125,72.52599999999984
2025-02-24,6:00,11,978.4649,888.375,90.08989999999994
2025-02-24,6:00,12,0.0,0.0,0.0
2025-02-24,6:00,13,0.0,0.0,0.0
2025-02-24,6:00,14,0.0,0.0,0.0
2025-02-24,6:00,15,0.0,0.0,0.0
2025-02-24,6:00,16,0.0,0.0,0.0
2025-02-24,6:00,17,0.0,0.0,0.0
2025-02-24,6:00,18,0.0,0.0,0.0
2025-02-24,12:00,1,7251.5513,7292.2125,40.66119999999955
2025-02-24,12:00,2,6589.5885,6683.775,94.1864999999998
2025-02-24,12:00,3,4567.5186,4561.6125,5.906100000000151
2025-02-24,12:00,4,2862.3784,2794.3125,68.06590000000006
2025-02-24,12:00,5,923.3491,888.375,34.97410000000002
2025-02-24,12:00,6,0.0,0.0,0.0
2025-02-24,12:00,7,0.0,0.0,0.0
2025-02-24,12:00,8,0.0,0.0,0.0
2025-02-24,12:00,9,0.0,0.0,0.0
2025-02-24,12:00,10,0.0,0.0,0.0
2025-02-24,12:00,11,0.0,0.0,0.0
2025-02-24,12:00,12,0.0,0.0,0.0
2025-02-24,18:00,1,0.0,0.0,0.0
2025-02-24,18:00,2,0.0,0.0,0.0
2025-02-24,18:00,3,0.0,0.0,0.0
2025-02-24,18:00,4,0.0,0.0,0.0
2025-02-24,18:00,5,0.0,0.0,0.0
2025-02-24,18:00,6,0.0,0.0,0.0
2025-02-25,0:00,1,0.0,0.0,0.0
2025-02-25,0:00,2,0.0,0.0,0.0
2025-02-25,0:00,3,0.0,0.0,0.0
2025-02-25,0:00,4,0.0,0.0,0.0
2025-02-25,0:00,5,0.0,0.0,0.0
2025-02-25,0:00,6,0.0,0.0,0.0
2025-02-25,0:00,7,938.9164,1048.35,109.43359999999996
2025-02-25,0:00,8,2432.8542,2914.6875,481.8332999999998
2025-02-25,0:00,9,4437.0555,5350.4625,913.4069999999992
2025-02-25,0:00,10,5963.4692,6971.2125,1007.7433000000001
2025-02-25,0:00,11,6827.5274,7687.2375,859.7101000000002
2025-02-25,0:00,12,6784.0553,7929.075,1145.0196999999998
2025-02-25,0:00,13,7181.6216,7672.5375,490.91589999999997
2025-02-25,0:00,14,5908.1448,6624.525,716.3801999999996
2025-02-25,0:00,15,4345.6537,4883.85,538.1963000000005
2025-02-25,0:00,16,2915.379,3011.3625,95.98350000000028
2025-02-25,0:00,17,988.8566,972.0375,16.819099999999935
2025-02-25,0:00,18,0.0,0.0,0.0
2025-02-25,0:00,19,0.0,0.0,0.0
2025-02-25,0:00,20,0.0,0.0,0.0
2025-02-25,0:00,21,0.0,0.0,0.0
2025-02-25,0:00,22,0.0,0.0,0.0
2025-02-25,0:00,23,0.0,0.0,0.0
2025-02-25,0:00,24,0.0,0.0,0.0
2025-02-25,6:00,1,1067.133,1048.35,18.78300000000013
2025-02-25,6:00,2,2983.522,2914.6875,68.83449999999993
2025-02-25,6:00,3,5350.4625,5350.4625,0.0
2025-02-25,6:00,4,6989.775,6971.2125,18.5625
2025-02-25,6:00,5,7386.8901,7687.2375,300.34740000000056
2025-02-25,6:00,6,7183.3195,7929.075,745.7555000000002
2025-02-25,6:00,7,6830.3325,7672.5375,842.2049999999999
2025-02-25,6:00,8,5347.7372,6624.525,1276.7878
2025-02-25,6:00,9,4387.6611,4883.85,496.1889000000001
2025-02-25,6:00,10,2815.8721,3011.3625,195.49040000000014
2025-02-25,6:00,11,902.5419,972.0375,69.49559999999997
2025-02-25,6:00,12,0.0,0.0,0.0
2025-02-25,6:00,13,0.0,0.0,0.0
2025-02-25,6:00,14,0.0,0.0,0.0
2025-02-25,6:00,15,0.0,0.0,0.0
2025-02-25,6:00,16,0.0,0.0,0.0
2025-02-25,6:00,17,0.0,0.0,0.0
2025-02-25,6:00,18,0.0,0.0,0.0
2025-02-25,12:00,1,7856.1198,7672.5375,183.58230000000003
2025-02-25,12:00,2,6683.775,6624.525,59.25
2025-02-25,12:00,3,4988.8272,4883.85,104.97719999999936
2025-02-25,12:00,4,3130.164,3011.3625,118.80150000000003
2025-02-25,12:00,5,992.4984,972.0375,20.460899999999924
2025-02-25,12:00,6,0.0,0.0,0.0
2025-02-25,12:00,7,0.0,0.0,0.0
2025-02-25,12:00,8,0.0,0.0,0.0
2025-02-25,12:00,9,0.0,0.0,0.0
2025-02-25,12:00,10,0.0,0.0,0.0
2025-02-25,12:00,11,0.0,0.0,0.0
2025-02-25,12:00,12,0.0,0.0,0.0
2025-02-25,18:00,1,0.0,0.0,0.0
2025-02-25,18:00,2,0.0,0.0,0.0
2025-02-25,18:00,3,0.0,0.0,0.0
2025-02-25,18:00,4,0.0,0.0,0.0
2025-02-25,18:00,5,0.0,0.0,0.0
2025-02-25,18:00,6,0.0,0.0,0.0
2025-02-26,0:00,1,0.0,0.0,0.0
2025-02-26,0:00,2,0.0,0.0,0.0
2025-02-26,0:00,3,0.0,0.0,0.0
2025-02-26,0:00,4,0.0,0.0,0.0
2025-02-26,0:00,5,0.0,0.0,0.0
2025-02-26,0:00,6,0.0,0.0,0.0
2025-02-26,0:00,7,1033.207,1034.8875,1.6804999999999382
2025-02-26,0:00,8,3061.4343,3182.2125,120.7782000000002
2025-02-26,0:00,9,5313.5728,5075.325,238.2478000000001
2025-02-26,0:00,10,6989.775,6730.65,259.125
2025-02-26,0:00,11,7569.8156,7021.35,548.4655999999995
2025-02-26,0:00,12,7841.071,7340.775,500.2960000000003
2025-02-26,0:00,13,8229.6313,7045.9125,1183.7187999999987
2025-02-26,0:00,14,6226.3894,5986.7625,239.6269000000002
2025-02-26,0:00,15,5158.9495,4540.3875,618.5619999999999
2025-02-26,0:00,16,3016.3679,2717.0625,299.3054000000002
2025-02-26,0:00,17,1070.322,941.0625,129.2594999999999
2025-02-26,0:00,18,0.0,0.0,0.0
2025-02-26,0:00,19,0.0,0.0,0.0
2025-02-26,0:00,20,0.0,0.0,0.0
2025-02-26,0:00,21,0.0,0.0,0.0
2025-02-26,0:00,22,0.0,0.0,0.0
2025-02-26,0:00,23,0.0,0.0,0.0
2025-02-26,0:00,24,0.0,0.0,0.0
2025-02-26,6:00,1,1031.795,1034.8875,3.0924999999999727
2025-02-26,6:00,2,3224.3577,3182.2125,42.14519999999993
2025-02-26,6:00,3,5171.041,5075.325,95.71600000000035
2025-02-26,6:00,4,6932.0995,6730.65,201.44950000000063
2025-02-26,6:00,5,7312.4921,7021.35,291.1421
2025-02-26,6:00,6,7841.0495,7340.775,500.27450000000044
2025-02-26,6:00,7,7170.9622,7045.9125,125.04969999999958
2025-02-26,6:00,8,6253.4061,5986.7625,266.64360000000033
2025-02-26,6:00,9,4954.4506,4540.3875,414.0631000000003
2025-02-26,6:00,10,2945.8198,2717.0625,228.7573000000002
2025-02-26,6:00,11,1020.5125,941.0625,79.45000000000005
2025-02-26,6:00,12,0.0,0.0,0.0
2025-02-26,6:00,13,0.0,0.0,0.0
2025-02-26,6:00,14,0.0,0.0,0.0
2025-02-26,6:00,15,0.0,0.0,0.0
2025-02-26,6:00,16,0.0,0.0,0.0
2025-02-26,6:00,17,0.0,0.0,0.0
2025-02-26,6:00,18,0.0,0.0,0.0
2025-02-26,12:00,1,7036.5709,7045.9125,9.341600000000653
2025-02-26,12:00,2,5957.3341,5986.7625,29.428399999999783
2025-02-26,12:00,3,4548.9108,4540.3875,8.523299999999836
2025-02-26,12:00,4,2812.6795,2717.0625,95.61700000000019
2025-02-26,12:00,5,964.0447,941.0625,22.982200000000034
2025-02-26,12:00,6,0.0,0.0,0.0
2025-02-26,12:00,7,0.0,0.0,0.0
2025-02-26,12:00,8,0.0,0.0,0.0
2025-02-26,12:00,9,0.0,0.0,0.0
2025-02-26,12:00,10,0.0,0.0,0.0
2025-02-26,12:00,11,0.0,0.0,0.0
2025-02-26,12:00,12,0.0,0.0,0.0
2025-02-26,18:00,1,0.0,0.0,0.0
2025-02-26,18:00,2,0.0,0.0,0.0
2025-02-26,18:00,3,0.0,0.0,0.0
2025-02-26,18:00,4,0.0,0.0,0.0
2025-02-26,18:00,5,0.0,0.0,0.0
2025-02-26,18:00,6,0.0,0.0,0.0
2025-02-27,0:00,1,0.0,0.0,0.0
2025-02-27,0:00,2,0.0,0.0,0.0
2025-02-27,0:00,3,0.0,0.0,0.0
2025-02-27,0:00,4,0.0,0.0,0.0
2025-02-27,0:00,5,0.0,0.0,0.0
2025-02-27,0:00,6,0.0,0.0,0.0
2025-02-27,0:00,7,896.0011,1020.225,124.22390000000007
2025-02-27,0:00,8,2784.6041,2840.7375,56.133400000000165
2025-02-27,0:00,9,4767.9273,4466.25,301.6773000000003
2025-02-27,0:00,10,6172.6048,6002.4375,170.16730000000007
2025-02-27,0:00,11,7574.9343,7933.0875,358.15319999999974
2025-02-27,0:00,12,7977.0157,8344.725,367.70930000000044
2025-02-27,0:00,13,7979.325,7829.925,149.39999999999964
2025-02-27,0:00,14,6683.775,6281.7,402.0749999999998
2025-02-27,0:00,15,5134.3544,4660.3875,473.96690000000035
2025-02-27,0:00,16,3156.753,3034.8,121.95299999999997
2025-02-27,0:00,17,1066.2305,993.75,72.48049999999989
2025-02-27,0:00,18,0.0,0.0,0.0
2025-02-27,0:00,19,0.0,0.0,0.0
2025-02-27,0:00,20,0.0,0.0,0.0
2025-02-27,0:00,21,0.0,0.0,0.0
2025-02-27,0:00,22,0.0,0.0,0.0
2025-02-27,0:00,23,0.0,0.0,0.0
2025-02-27,0:00,24,0.0,0.0,0.0
2025-02-27,6:00,1,1013.944,1020.225,6.281000000000063
2025-02-27,6:00,2,2837.8224,2840.7375,2.915100000000166
2025-02-27,6:00,3,4549.9,4466.25,83.64999999999964
2025-02-27,6:00,4,6362.8794,6002.4375,360.4418999999998
2025-02-27,6:00,5,7933.0875,7933.0875,0.0
2025-02-27,6:00,6,8344.725,8344.725,0.0
2025-02-27,6:00,7,8180.2511,7829.925,350.3261000000002
2025-02-27,6:00,8,6388.9602,6281.7,107.26020000000062
2025-02-27,6:00,9,4616.3215,4660.3875,44.0659999999998
2025-02-27,6:00,10,3162.5776,3034.8,127.7775999999999
2025-02-27,6:00,11,995.1604,993.75,1.4103999999999814
2025-02-27,6:00,12,0.0,0.0,0.0
2025-02-27,6:00,13,0.0,0.0,0.0
2025-02-27,6:00,14,0.0,0.0,0.0
2025-02-27,6:00,15,0.0,0.0,0.0
2025-02-27,6:00,16,0.0,0.0,0.0
2025-02-27,6:00,17,0.0,0.0,0.0
2025-02-27,6:00,18,0.0,0.0,0.0
2025-02-27,12:00,1,7813.7373,7829.925,16.187700000000405
2025-02-27,12:00,2,6265.4466,6281.7,16.2533999999996
2025-02-27,12:00,3,4769.4918,4660.3875,109.10429999999997
2025-02-27,12:00,4,3085.2201,3034.8,50.42009999999982
2025-02-27,12:00,5,1008.1967,993.75,14.446699999999964
2025-02-27,12:00,6,0.0,0.0,0.0
2025-02-27,12:00,7,0.0,0.0,0.0
2025-02-27,12:00,8,0.0,0.0,0.0
2025-02-27,12:00,9,0.0,0.0,0.0
2025-02-27,12:00,10,0.0,0.0,0.0
2025-02-27,12:00,11,0.0,0.0,0.0
2025-02-27,12:00,12,0.0,0.0,0.0
2025-02-27,18:00,1,0.0,0.0,0.0
2025-02-27,18:00,2,0.0,0.0,0.0
2025-02-27,18:00,3,0.0,0.0,0.0
2025-02-27,18:00,4,0.0,0.0,0.0
2025-02-27,18:00,5,0.0,0.0,0.0
2025-02-27,18:00,6,0.0,0.0,0.0
2025-02-28,0:00,1,0.0,0.0,0.0
2025-02-28,0:00,2,0.0,0.0,0.0
2025-02-28,0:00,3,0.0,0.0,0.0
2025-02-28,0:00,4,0.0,0.0,0.0
2025-02-28,0:00,5,0.0,0.0,0.0
2025-02-28,0:00,6,0.0,0.0,0.0
2025-02-28,0:00,7,1082.3801,1008.8625,73.51760000000013
2025-02-28,0:00,8,3155.0978,3015.2625,139.8353000000002
2025-02-28,0:00,9,5130.3137,4840.0125,290.3011999999999
2025-02-28,0:00,10,7015.0875,6941.2875,73.79999999999927
2025-02-28,0:00,11,6933.3759,7133.8875,200.51159999999982
2025-02-28,0:00,12,7715.4883,7383.75,331.7383
2025-02-28,0:00,13,7574.5109,6836.2875,738.2233999999999
2025-02-28,0:00,14,6042.3922,6060.975,18.582800000000134
2025-02-28,0:00,15,4950.6183,5001.0,50.38169999999991
2025-02-28,0:00,16,3177.6541,3063.2625,114.39160000000038
2025-02-28,0:00,17,761.7323,1020.4125,258.6802
2025-02-28,0:00,18,0.0,0.0,0.0
2025-02-28,0:00,19,0.0,0.0,0.0
2025-02-28,0:00,20,0.0,0.0,0.0
2025-02-28,0:00,21,0.0,0.0,0.0
2025-02-28,0:00,22,0.0,0.0,0.0
2025-02-28,0:00,23,0.0,0.0,0.0
2025-02-28,0:00,24,0.0,0.0,0.0
2025-02-28,6:00,1,1002.0517,1008.8625,6.810799999999972
2025-02-28,6:00,2,2980.4783,3015.2625,34.7841999999996
2025-02-28,6:00,3,4768.5944,4840.0125,71.41809999999987
2025-02-28,6:00,4,6705.1535,6941.2875,236.13400000000001
2025-02-28,6:00,5,6725.4102,7133.8875,408.47729999999956
2025-02-28,6:00,6,7074.0686,7383.75,309.6814000000004
2025-02-28,6:00,7,6771.8303,6836.2875,64.45720000000074
2025-02-28,6:00,8,6037.6131,6060.975,23.361900000000787
2025-02-28,6:00,9,5270.8875,5001.0,269.8874999999998
2025-02-28,6:00,10,3377.8131,3063.2625,314.55060000000003
2025-02-28,6:00,11,1064.5266,1020.4125,44.114099999999894
2025-02-28,6:00,12,0.0,0.0,0.0
2025-02-28,6:00,13,0.0,0.0,0.0
2025-02-28,6:00,14,0.0,0.0,0.0
2025-02-28,6:00,15,0.0,0.0,0.0
2025-02-28,6:00,16,0.0,0.0,0.0
2025-02-28,6:00,17,0.0,0.0,0.0
2025-02-28,6:00,18,0.0,0.0,0.0
2025-02-28,12:00,1,7022.8176,6836.2875,186.53009999999995
2025-02-28,12:00,2,6242.2363,6060.975,181.2612999999992
2025-02-28,12:00,3,5165.7588,5001.0,164.7587999999996
2025-02-28,12:00,4,3053.1075,3063.2625,10.154999999999745
2025-02-28,12:00,5,1026.8168,1020.4125,6.404300000000035
2025-02-28,12:00,6,0.0,0.0,0.0
2025-02-28,12:00,7,0.0,0.0,0.0
2025-02-28,12:00,8,0.0,0.0,0.0
2025-02-28,12:00,9,0.0,0.0,0.0
2025-02-28,12:00,10,0.0,0.0,0.0
2025-02-28,12:00,11,0.0,0.0,0.0
2025-02-28,12:00,12,0.0,0.0,0.0
2025-02-28,18:00,1,0.0,0.0,0.0
2025-02-28,18:00,2,0.0,0.0,0.0
2025-02-28,18:00,3,0.0,0.0,0.0
2025-02-28,18:00,4,0.0,0.0,0.0
2025-02-28,18:00,5,0.0,0.0,0.0
2025-02-28,18:00,6,0.0,0.0,0.0
2025-03-01,0:00,1,0.0,0.0,0.0
2025-03-01,0:00,2,0.0,0.0,0.0
2025-03-01,0:00,3,0.0,0.0,0.0
2025-03-01,0:00,4,0.0,0.0,0.0
2025-03-01,0:00,5,0.0,0.0,0.0
2025-03-01,0:00,6,0.0,0.0,0.0
2025-03-01,0:00,7,909.6285,972.225,62.59649999999999
2025-03-01,0:00,8,2661.0697,2665.0125,3.9427999999998065
2025-03-01,0:00,9,3964.2304,4043.7,79.4695999999999
2025-03-01,0:00,10,5133.8466,5381.625,247.77840000000015
2025-03-01,0:00,11,5525.0933,6306.9375,781.8441999999995
2025-03-01,0:00,12,6761.2539,7470.2625,709.0086000000001
2025-03-01,0:00,13,5460.5808,7251.9,1791.3192
2025-03-01,0:00,14,4931.868,5927.1375,995.2694999999994
2025-03-01,0:00,15,4274.5779,4726.95,452.3720999999996
2025-03-01,0:00,16,2406.9779,2868.825,461.84709999999995
2025-03-01,0:00,17,902.456,1010.625,108.16899999999998
2025-03-01,0:00,18,0.0,0.0,0.0
2025-03-01,0:00,19,0.0,0.0,0.0
2025-03-01,0:00,20,0.0,0.0,0.0
2025-03-01,0:00,21,0.0,0.0,0.0
2025-03-01,0:00,22,0.0,0.0,0.0
2025-03-01,0:00,23,0.0,0.0,0.0
2025-03-01,0:00,24,0.0,0.0,0.0
2025-03-01,6:00,1,976.0978,972.225,3.872799999999984
2025-03-01,6:00,2,2697.4825,2665.0125,32.470000000000255
2025-03-01,6:00,3,4173.7536,4043.7,130.0536000000002
2025-03-01,6:00,4,5775.9041,5381.625,394.27909999999974
2025-03-01,6:00,5,6803.5153,6306.9375,496.5778
2025-03-01,6:00,6,8232.7323,7470.2625,762.4697999999999
2025-03-01,6:00,7,8027.7384,7251.9,775.8384000000005
2025-03-01,6:00,8,6291.6494,5927.1375,364.5119000000004
2025-03-01,6:00,9,4790.065,4726.95,63.11499999999978
2025-03-01,6:00,10,2850.697,2868.825,18.1279999999997
2025-03-01,6:00,11,962.6409,1010.625,47.98410000000001
2025-03-01,6:00,12,0.0,0.0,0.0
2025-03-01,6:00,13,0.0,0.0,0.0
2025-03-01,6:00,14,0.0,0.0,0.0
2025-03-01,6:00,15,0.0,0.0,0.0
2025-03-01,6:00,16,0.0,0.0,0.0
2025-03-01,6:00,17,0.0,0.0,0.0
2025-03-01,6:00,18,0.0,0.0,0.0
2025-03-01,12:00,1,7250.1701,7251.9,1.7298999999993612
2025-03-01,12:00,2,5900.1919,5927.1375,26.945600000000013
2025-03-01,12:00,3,4656.0971,4726.95,70.85289999999986
2025-03-01,12:00,4,2821.7367,2868.825,47.08829999999989
2025-03-01,12:00,5,1020.2917,1010.625,9.666699999999992
2025-03-01,12:00,6,0.0,0.0,0.0
2025-03-01,12:00,7,0.0,0.0,0.0
2025-03-01,12:00,8,0.0,0.0,0.0
2025-03-01,12:00,9,0.0,0.0,0.0
2025-03-01,12:00,10,0.0,0.0,0.0
2025-03-01,12:00,11,0.0,0.0,0.0
2025-03-01,12:00,12,0.0,0.0,0.0
2025-03-01,18:00,1,0.0,0.0,0.0
2025-03-01,18:00,2,0.0,0.0,0.0
2025-03-01,18:00,3,0.0,0.0,0.0
2025-03-01,18:00,4,0.0,0.0,0.0
2025-03-01,18:00,5,0.0,0.0,0.0
2025-03-01,18:00,6,0.0,0.0,0.0
2025-03-02,0:00,1,0.0,0.0,0.0
2025-03-02,0:00,2,0.0,0.0,0.0
2025-03-02,0:00,3,0.0,0.0,0.0
2025-03-02,0:00,4,0.0,0.0,0.0
2025-03-02,0:00,5,0.0,0.0,0.0
2025-03-02,0:00,6,0.0,0.0,0.0
2025-03-02,0:00,7,1100.1572,1065.9,34.25720000000001
2025-03-02,0:00,8,3146.2131,2912.4375,233.77559999999994
2025-03-02,0:00,9,4770.4317,4621.2,149.23170000000027
2025-03-02,0:00,10,6130.3336,5679.4875,450.84609999999975
2025-03-02,0:00,11,6966.3113,6430.9875,535.3238000000001
2025-03-02,0:00,12,6327.8636,6085.35,242.51359999999931
2025-03-02,0:00,13,5269.7272,5783.25,513.5227999999997
2025-03-02,0:00,14,4758.6798,4996.1625,237.48270000000048
2025-03-02,0:00,15,3568.2115,4160.85,592.6385000000005
2025-03-02,0:00,16,2317.4875,2733.225,415.7374999999997
2025-03-02,0:00,17,779.9053,972.2625,192.35720000000003
2025-03-02,0:00,18,0.0,0.0,0.0
2025-03-02,0:00,19,0.0,0.0,0.0
2025-03-02,0:00,20,0.0,0.0,0.0
2025-03-02,0:00,21,0.0,0.0,0.0
2025-03-02,0:00,22,0.0,0.0,0.0
2025-03-02,0:00,23,0.0,0.0,0.0
2025-03-02,0:00,24,0.0,0.0,0.0
2025-03-02,6:00,1,1050.5768,1065.9,15.323200000000043
2025-03-02,6:00,2,2886.5998,2912.4375,25.83770000000004
2025-03-02,6:00,3,4504.6613,4621.2,116.53870000000006
2025-03-02,6:00,4,5518.3649,5679.4875,161.1226000000006
2025-03-02,6:00,5,6362.1998,6430.9875,68.78769999999986
2025-03-02,6:00,6,6105.6707,6085.35,20.320699999999306
2025-03-02,6:00,7,5398.3771,5783.25,384.8729000000003
2025-03-02,6:00,8,4940.0709,4996.1625,56.09160000000065
2025-03-02,6:00,9,4331.8423,4160.85,170.9922999999999
2025-03-02,6:00,10,2581.5846,2733.225,151.64039999999977
2025-03-02,6:00,11,930.0853,972.2625,42.177200000000084
2025-03-02,6:00,12,0.0,0.0,0.0
2025-03-02,6:00,13,0.0,0.0,0.0
2025-03-02,6:00,14,0.0,0.0,0.0
2025-03-02,6:00,15,0.0,0.0,0.0
2025-03-02,6:00,16,0.0,0.0,0.0
2025-03-02,6:00,17,0.0,0.0,0.0
2025-03-02,6:00,18,0.0,0.0,0.0
2025-03-02,12:00,1,5841.4712,5783.25,58.22119999999995
2025-03-02,12:00,2,4932.9139,4996.1625,63.248600000000806
2025-03-02,12:00,3,4054.1964,4160.85,106.65360000000055
2025-03-02,12:00,4,2584.2501,2733.225,148.9748999999997
2025-03-02,12:00,5,871.7607,972.2625,100.5018
2025-03-02,12:00,6,0.0,0.0,0.0
2025-03-02,12:00,7,0.0,0.0,0.0
2025-03-02,12:00,8,0.0,0.0,0.0
2025-03-02,12:00,9,0.0,0.0,0.0
2025-03-02,12:00,10,0.0,0.0,0.0
2025-03-02,12:00,11,0.0,0.0,0.0
2025-03-02,12:00,12,0.0,0.0,0.0
2025-03-02,18:00,1,0.0,0.0,0.0
2025-03-02,18:00,2,0.0,0.0,0.0
2025-03-02,18:00,3,0.0,0.0,0.0
2025-03-02,18:00,4,0.0,0.0,0.0
2025-03-02,18:00,5,0.0,0.0,0.0
2025-03-02,18:00,6,0.0,0.0,0.0
2025-03-03,0:00,1,0.0,0.0,0.0
2025-03-03,0:00,2,0.0,0.0,0.0
2025-03-03,0:00,3,0.0,0.0,0.0
2025-03-03,0:00,4,0.0,0.0,0.0
2025-03-03,0:00,5,0.0,0.0,0.0
2025-03-03,0:00,6,0.0,0.0,0.0
2025-03-03,0:00,7,1036.3322,985.4625,50.86970000000008
2025-03-03,0:00,8,2658.6133,2661.6375,3.024199999999837
2025-03-03,0:00,9,3944.4886,4053.8625,109.37390000000005
2025-03-03,0:00,10,4991.6654,5057.4,65.73459999999977
2025-03-03,0:00,11,5544.1505,6510.45,966.2995000000001
2025-03-03,0:00,12,5613.0456,6537.7125,924.6668999999993
2025-03-03,0:00,13,5511.9989,6719.55,1207.5511000000006
2025-03-03,0:00,14,5189.8661,5941.5375,751.6714000000002
2025-03-03,0:00,15,3788.4353,3939.75,151.3146999999999
2025-03-03,0:00,16,3115.2906,2617.5,497.7905999999998
2025-03-03,0:00,17,1265.9666,989.85,276.11659999999995
2025-03-03,0:00,18,0.0,0.0,0.0
2025-03-03,0:00,19,0.0,0.0,0.0
2025-03-03,0:00,20,0.0,0.0,0.0
2025-03-03,0:00,21,0.0,0.0,0.0
2025-03-03,0:00,22,0.0,0.0,0.0
2025-03-03,0:00,23,0.0,0.0,0.0
2025-03-03,0:00,24,0.0,0.0,0.0
2025-03-03,6:00,1,1003.0064,985.4625,17.543900000000008
2025-03-03,6:00,2,2743.0439,2661.6375,81.4064000000003
2025-03-03,6:00,3,4262.8475,4053.8625,208.98499999999967
2025-03-03,6:00,4,5354.6611,5057.4,297.2611000000006
2025-03-03,6:00,5,6741.9389,6510.45,231.48890000000029
2025-03-03,6:00,6,7104.3003,6537.7125,566.5878000000002
2025-03-03,6:00,7,7463.328,6719.55,743.7780000000002
2025-03-03,6:00,8,6112.1458,5941.5375,170.60829999999987
2025-03-03,6:00,9,3896.0057,3939.75,43.74429999999984
2025-03-03,6:00,10,2495.574,2617.5,121.92599999999993
2025-03-03,6:00,11,865.1564,989.85,124.69360000000006
2025-03-03,6:00,12,0.0,0.0,0.0
2025-03-03,6:00,13,0.0,0.0,0.0
2025-03-03,6:00,14,0.0,0.0,0.0
2025-03-03,6:00,15,0.0,0.0,0.0
2025-03-03,6:00,16,0.0,0.0,0.0
2025-03-03,6:00,17,0.0,0.0,0.0
2025-03-03,6:00,18,0.0,0.0,0.0
2025-03-03,12:00,1,6701.7089,6719.55,17.84110000000055
2025-03-03,12:00,2,5920.5595,5941.5375,20.978000000000065
2025-03-03,12:00,3,3957.1218,3939.75,17.371799999999894
2025-03-03,12:00,4,2572.6841,2617.5,44.815900000000056
2025-03-03,12:00,5,958.2769,989.85,31.573100000000068
2025-03-03,12:00,6,0.0,0.0,0.0
2025-03-03,12:00,7,0.0,0.0,0.0
2025-03-03,12:00,8,0.0,0.0,0.0
2025-03-03,12:00,9,0.0,0.0,0.0
2025-03-03,12:00,10,0.0,0.0,0.0
2025-03-03,12:00,11,0.0,0.0,0.0
2025-03-03,12:00,12,0.0,0.0,0.0
2025-03-03,18:00,1,0.0,0.0,0.0
2025-03-03,18:00,2,0.0,0.0,0.0
2025-03-03,18:00,3,0.0,0.0,0.0
2025-03-03,18:00,4,0.0,0.0,0.0
2025-03-03,18:00,5,0.0,0.0,0.0
2025-03-03,18:00,6,0.0,0.0,0.0
2025-03-04,0:00,1,0.0,0.0,0.0
2025-03-04,0:00,2,0.0,0.0,0.0
2025-03-04,0:00,3,0.0,0.0,0.0
2025-03-04,0:00,4,0.0,0.0,0.0
2025-03-04,0:00,5,0.0,0.0,0.0
2025-03-04,0:00,6,0.0,0.0,0.0
2025-03-04,0:00,7,1118.306,1121.0625,2.75649999999996
2025-03-04,0:00,8,2503.4657,2623.4625,119.9967999999999
2025-03-04,0:00,9,4555.729,4387.6875,168.04150000000027
2025-03-04,0:00,10,6082.8561,6009.525,73.33110000000033
2025-03-04,0:00,11,6926.7066,6605.0625,321.64410000000044
2025-03-04,0:00,12,7597.47,7066.3875,531.0825000000004
2025-03-04,0:00,13,7435.9066,7028.625,407.28160000000025
2025-03-04,0:00,14,6695.5774,6042.225,653.3523999999998
2025-03-04,0:00,15,5297.3988,4944.1875,353.21129999999994
2025-03-04,0:00,16,2486.4418,2690.5125,204.07069999999976
2025-03-04,0:00,17,917.1654,1044.7875,127.62209999999993
2025-03-04,0:00,18,0.0,0.0,0.0
2025-03-04,0:00,19,0.0,0.0,0.0
2025-03-04,0:00,20,0.0,0.0,0.0
2025-03-04,0:00,21,0.0,0.0,0.0
2025-03-04,0:00,22,0.0,0.0,0.0
2025-03-04,0:00,23,0.0,0.0,0.0
2025-03-04,0:00,24,0.0,0.0,0.0
2025-03-04,6:00,1,1115.0562,1121.0625,6.00630000000001
2025-03-04,6:00,2,2605.6062,2623.4625,17.85629999999992
2025-03-04,6:00,3,4300.6175,4387.6875,87.06999999999971
2025-03-04,6:00,4,5742.4562,6009.525,267.0688
2025-03-04,6:00,5,6628.6308,6605.0625,23.56829999999991
2025-03-04,6:00,6,7140.1548,7066.3875,73.76730000000043
2025-03-04,6:00,7,7280.8853,7028.625,252.26029999999992
2025-03-04,6:00,8,6162.5496,6042.225,120.32459999999992
2025-03-04,6:00,9,5416.6956,4944.1875,472.5081
2025-03-04,6:00,10,2829.7433,2690.5125,139.23080000000027
2025-03-04,6:00,11,1077.9604,1044.7875,33.17290000000003
2025-03-04,6:00,12,0.0,0.0,0.0
2025-03-04,6:00,13,0.0,0.0,0.0
2025-03-04,6:00,14,0.0,0.0,0.0
2025-03-04,6:00,15,0.0,0.0,0.0
2025-03-04,6:00,16,0.0,0.0,0.0
2025-03-04,6:00,17,0.0,0.0,0.0
2025-03-04,6:00,18,0.0,0.0,0.0
2025-03-04,12:00,1,7060.2758,7028.625,31.650800000000345
2025-03-04,12:00,2,6197.0259,6042.225,154.80089999999927
2025-03-04,12:00,3,5143.0646,4944.1875,198.8770999999997
2025-03-04,12:00,4,2776.4097,2690.5125,85.89720000000034
2025-03-04,12:00,5,1072.8911,1044.7875,28.103600000000142
2025-03-04,12:00,6,0.0,0.0,0.0
2025-03-04,12:00,7,0.0,0.0,0.0
2025-03-04,12:00,8,0.0,0.0,0.0
2025-03-04,12:00,9,0.0,0.0,0.0
2025-03-04,12:00,10,0.0,0.0,0.0
2025-03-04,12:00,11,0.0,0.0,0.0
2025-03-04,12:00,12,0.0,0.0,0.0
2025-03-04,18:00,1,0.0,0.0,0.0
2025-03-04,18:00,2,0.0,0.0,0.0
2025-03-04,18:00,3,0.0,0.0,0.0
2025-03-04,18:00,4,0.0,0.0,0.0
2025-03-04,18:00,5,0.0,0.0,0.0
2025-03-04,18:00,6,0.0,0.0,0.0
2025-03-05,0:00,1,0.0,0.0,0.0
2025-03-05,0:00,2,0.0,0.0,0.0
2025-03-05,0:00,3,0.0,0.0,0.0
2025-03-05,0:00,4,0.0,0.0,0.0
2025-03-05,0:00,5,0.0,0.0,0.0
2025-03-05,0:00,6,0.0,0.0,0.0
2025-03-05,0:00,7,1133.0256,1103.8125,29.21309999999994
2025-03-05,0:00,8,2983.3059,2962.0875,21.218399999999747
2025-03-05,0:00,9,4705.6137,4865.0625,159.44880000000012
2025-03-05,0:00,10,5865.9981,6615.9375,749.9394000000002
2025-03-05,0:00,11,6931.4108,7579.2375,647.8267000000005
2025-03-05,0:00,12,6743.3984,7656.3375,912.9390999999996
2025-03-05,0:00,13,5742.4427,6748.2,1005.7573000000002
2025-03-05,0:00,14,5102.3846,5687.0625,584.6778999999997
2025-03-05,0:00,15,4760.951,4862.4,101.44899999999961
2025-03-05,0:00,16,2881.722,3213.5625,331.8404999999998
2025-03-05,0:00,17,1232.9564,1182.7875,50.16890000000012
2025-03-05,0:00,18,0.0,0.0,0.0
2025-03-05,0:00,19,0.0,0.0,0.0
2025-03-05,0:00,20,0.0,0.0,0.0
2025-03-05,0:00,21,0.0,0.0,0.0
2025-03-05,0:00,22,0.0,0.0,0.0
2025-03-05,0:00,23,0.0,0.0,0.0
2025-03-05,0:00,24,0.0,0.0,0.0
2025-03-05,6:00,1,1113.5745,1103.8125,9.761999999999944
2025-03-05,6:00,2,2964.2939,2962.0875,2.2064000000000306
2025-03-05,6:00,3,4723.1611,4865.0625,141.90139999999974
2025-03-05,6:00,4,6366.6295,6615.9375,249.308
2025-03-05,6:00,5,7372.9678,7579.2375,206.26969999999983
2025-03-05,6:00,6,7533.0102,7656.3375,123.32729999999992
2025-03-05,6:00,7,6353.6625,6748.2,394.53749999999945
2025-03-05,6:00,8,6007.8149,5687.0625,320.7524000000003
2025-03-05,6:00,9,4970.6815,4862.4,108.28150000000005
2025-03-05,6:00,10,2864.5394,3213.5625,349.0230999999999
2025-03-05,6:00,11,1051.77,1182.7875,131.01749999999993
2025-03-05,6:00,12,0.0,0.0,0.0
2025-03-05,6:00,13,0.0,0.0,0.0
2025-03-05,6:00,14,0.0,0.0,0.0
2025-03-05,6:00,15,0.0,0.0,0.0
2025-03-05,6:00,16,0.0,0.0,0.0
2025-03-05,6:00,17,0.0,0.0,0.0
2025-03-05,6:00,18,0.0,0.0,0.0
2025-03-05,12:00,1,6945.7865,6748.2,197.58650000000034
2025-03-05,12:00,2,5913.3572,5687.0625,226.29470000000038
2025-03-05,12:00,3,5141.4331,4862.4,279.03310000000056
2025-03-05,12:00,4,3497.106,3213.5625,283.5435000000002
2025-03-05,12:00,5,1226.7121,1182.7875,43.924600000000055
2025-03-05,12:00,6,0.0,0.0,0.0
2025-03-05,12:00,7,0.0,0.0,0.0
2025-03-05,12:00,8,0.0,0.0,0.0
2025-03-05,12:00,9,0.0,0.0,0.0
2025-03-05,12:00,10,0.0,0.0,0.0
2025-03-05,12:00,11,0.0,0.0,0.0
2025-03-05,12:00,12,0.0,0.0,0.0
2025-03-05,18:00,1,0.0,0.0,0.0
2025-03-05,18:00,2,0.0,0.0,0.0
2025-03-05,18:00,3,0.0,0.0,0.0
2025-03-05,18:00,4,0.0,0.0,0.0
2025-03-05,18:00,5,0.0,0.0,0.0
2025-03-05,18:00,6,0.0,0.0,0.0
2025-03-06,0:00,1,0.0,0.0,0.0
2025-03-06,0:00,2,0.0,0.0,0.0
2025-03-06,0:00,3,0.0,0.0,0.0
2025-03-06,0:00,4,0.0,0.0,0.0
2025-03-06,0:00,5,0.0,0.0,0.0
2025-03-06,0:00,6,0.0,0.0,0.0
2025-03-06,0:00,7,1210.2066,1244.1,33.89339999999993
2025-03-06,0:00,8,3173.3181,3293.5125,120.19439999999986
2025-03-06,0:00,9,5194.8272,4931.2125,263.6147000000001
2025-03-06,0:00,10,6769.4943,6323.7375,445.7568000000001
2025-03-06,0:00,11,7652.5301,7213.8,438.73009999999977
2025-03-06,0:00,12,7280.4962,7369.575,89.07880000000023
2025-03-06,0:00,13,7458.1542,7205.2875,252.86669999999958
2025-03-06,0:00,14,5860.0041,5947.725,87.72090000000026
2025-03-06,0:00,15,4129.5539,4519.9125,390.3586000000005
2025-03-06,0:00,16,2786.6007,2853.7875,67.18679999999995
2025-03-06,0:00,17,1159.3404,1181.7375,22.39709999999991
2025-03-06,0:00,18,0.0,0.0,0.0
2025-03-06,0:00,19,0.0,0.0,0.0
2025-03-06,0:00,20,0.0,0.0,0.0
2025-03-06,0:00,21,0.0,0.0,0.0
2025-03-06,0:00,22,0.0,0.0,0.0
2025-03-06,0:00,23,0.0,0.0,0.0
2025-03-06,0:00,24,0.0,0.0,0.0
2025-03-06,6:00,1,1243.1077,1244.1,0.9922999999998865
2025-03-06,6:00,2,3343.0259,3293.5125,49.513400000000274
2025-03-06,6:00,3,4941.9059,4931.2125,10.69340000000011
2025-03-06,6:00,4,6283.8463,6323.7375,39.891200000000026
2025-03-06,6:00,5,7388.3091,7213.8,174.50910000000022
2025-03-06,6:00,6,7803.0836,7369.575,433.5086000000001
2025-03-06,6:00,7,7264.4088,7205.2875,59.12129999999979
2025-03-06,6:00,8,6173.3721,5947.725,225.64709999999923
2025-03-06,6:00,9,4805.8365,4519.9125,285.924
2025-03-06,6:00,10,2896.5758,2853.7875,42.78830000000016
2025-03-06,6:00,11,1245.9179,1181.7375,64.18039999999996
2025-03-06,6:00,12,0.0,0.0,0.0
2025-03-06,6:00,13,0.0,0.0,0.0
2025-03-06,6:00,14,0.0,0.0,0.0
2025-03-06,6:00,15,0.0,0.0,0.0
2025-03-06,6:00,16,0.0,0.0,0.0
2025-03-06,6:00,17,0.0,0.0,0.0
2025-03-06,6:00,18,0.0,0.0,0.0
2025-03-06,12:00,1,7150.768,7205.2875,54.519500000000335
2025-03-06,12:00,2,5873.8047,5947.725,73.92030000000068
2025-03-06,12:00,3,4488.4808,4519.9125,31.43170000000009
2025-03-06,12:00,4,2884.6477,2853.7875,30.860200000000077
2025-03-06,12:00,5,1190.0239,1181.7375,8.286399999999958
2025-03-06,12:00,6,0.0,0.0,0.0
2025-03-06,12:00,7,0.0,0.0,0.0
2025-03-06,12:00,8,0.0,0.0,0.0
2025-03-06,12:00,9,0.0,0.0,0.0
2025-03-06,12:00,10,0.0,0.0,0.0
2025-03-06,12:00,11,0.0,0.0,0.0
2025-03-06,12:00,12,0.0,0.0,0.0
2025-03-06,18:00,1,0.0,0.0,0.0
2025-03-06,18:00,2,0.0,0.0,0.0
2025-03-06,18:00,3,0.0,0.0,0.0
2025-03-06,18:00,4,0.0,0.0,0.0
2025-03-06,18:00,5,0.0,0.0,0.0
2025-03-06,18:00,6,0.0,0.0,0.0
2025-03-07,0:00,1,0.0,0.0,0.0
2025-03-07,0:00,2,0.0,0.0,0.0
2025-03-07,0:00,3,0.0,0.0,0.0
2025-03-07,0:00,4,0.0,0.0,0.0
2025-03-07,0:00,5,0.0,0.0,0.0
2025-03-07,0:00,6,0.0,0.0,0.0
2025-03-07,0:00,7,1093.895,1101.075,7.180000000000064
2025-03-07,0:00,8,3067.2069,3223.8375,156.63059999999996
2025-03-07,0:00,9,4680.5884,4539.45,141.13839999999982
2025-03-07,0:00,10,6445.9696,6190.5,255.46960000000036
2025-03-07,0:00,11,7016.5564,7509.9375,493.3810999999996
2025-03-07,0:00,12,7304.5249,7543.425,238.90009999999984
2025-03-07,0:00,13,5851.0148,6636.8625,785.8477000000003
2025-03-07,0:00,14,4946.045,5510.625,564.5799999999999
2025-03-07,0:00,15,3358.7061,4552.5375,1193.8314000000005
2025-03-07,0:00,16,2435.6285,2916.2625,480.634
2025-03-07,0:00,17,887.8001,1128.0375,240.23739999999987
2025-03-07,0:00,18,0.0,0.0,0.0
2025-03-07,0:00,19,0.0,0.0,0.0
2025-03-07,0:00,20,0.0,0.0,0.0
2025-03-07,0:00,21,0.0,0.0,0.0
2025-03-07,0:00,22,0.0,0.0,0.0
2025-03-07,0:00,23,0.0,0.0,0.0
2025-03-07,0:00,24,0.0,0.0,0.0
2025-03-07,6:00,1,1098.4606,1101.075,2.6143999999999323
2025-03-07,6:00,2,3191.8961,3223.8375,31.941400000000158
2025-03-07,6:00,3,4546.5682,4539.45,7.118199999999888
2025-03-07,6:00,4,6085.2733,6190.5,105.22670000000016
2025-03-07,6:00,5,7582.0264,7509.9375,72.08889999999974
2025-03-07,6:00,6,7808.5745,7543.425,265.14949999999953
2025-03-07,6:00,7,7086.1343,6636.8625,449.27179999999953
2025-03-07,6:00,8,5936.7318,5510.625,426.10679999999957
2025-03-07,6:00,9,4981.9982,4552.5375,429.46069999999963
2025-03-07,6:00,10,3031.9808,2916.2625,115.7183
2025-03-07,6:00,11,1095.4961,1128.0375,32.54139999999984
2025-03-07,6:00,12,0.0,0.0,0.0
2025-03-07,6:00,13,0.0,0.0,0.0
2025-03-07,6:00,14,0.0,0.0,0.0
2025-03-07,6:00,15,0.0,0.0,0.0
2025-03-07,6:00,16,0.0,0.0,0.0
2025-03-07,6:00,17,0.0,0.0,0.0
2025-03-07,6:00,18,0.0,0.0,0.0
2025-03-07,12:00,1,6797.9761,6636.8625,161.11359999999968
2025-03-07,12:00,2,5766.1265,5510.625,255.5015000000003
2025-03-07,12:00,3,4774.8716,4552.5375,222.33410000000003
2025-03-07,12:00,4,3049.6307,2916.2625,133.36820000000034
2025-03-07,12:00,5,1150.4091,1128.0375,22.37160000000017
2025-03-07,12:00,6,0.0,0.0,0.0
2025-03-07,12:00,7,0.0,0.0,0.0
2025-03-07,12:00,8,0.0,0.0,0.0
2025-03-07,12:00,9,0.0,0.0,0.0
2025-03-07,12:00,10,0.0,0.0,0.0
2025-03-07,12:00,11,0.0,0.0,0.0
2025-03-07,12:00,12,0.0,0.0,0.0
2025-03-07,18:00,1,0.0,0.0,0.0
2025-03-07,18:00,2,0.0,0.0,0.0
2025-03-07,18:00,3,0.0,0.0,0.0
2025-03-07,18:00,4,0.0,0.0,0.0
2025-03-07,18:00,5,0.0,0.0,0.0
2025-03-07,18:00,6,0.0,0.0,0.0
2025-03-08,0:00,1,0.0,0.0,0.0
2025-03-08,0:00,2,0.0,0.0,0.0
2025-03-08,0:00,3,0.0,0.0,0.0
2025-03-08,0:00,4,0.0,0.0,0.0
2025-03-08,0:00,5,0.0,0.0,0.0
2025-03-08,0:00,6,0.0,0.0,0.0
2025-03-08,0:00,7,1074.6674,1085.1,10.432599999999866
2025-03-08,0:00,8,3293.9922,3048.7125,245.27970000000005
2025-03-08,0:00,9,5674.1433,5242.875,431.2682999999997
2025-03-08,0:00,10,6798.3573,6358.95,439.40729999999985
2025-03-08,0:00,11,6997.2746,7158.975,161.70040000000063
2025-03-08,0:00,12,7418.159,7495.1625,77.00350000000071
2025-03-08,0:00,13,6796.8429,7381.3125,584.4696000000004
2025-03-08,0:00,14,5617.2465,6074.325,457.0784999999996
2025-03-08,0:00,15,4891.633,5270.8875,379.2545
2025-03-08,0:00,16,3172.5094,3225.6,53.090599999999995
2025-03-08,0:00,17,1134.4728,1223.8125,89.3397
2025-03-08,0:00,18,0.0,0.0,0.0
2025-03-08,0:00,19,0.0,0.0,0.0
2025-03-08,0:00,20,0.0,0.0,0.0
2025-03-08,0:00,21,0.0,0.0,0.0
2025-03-08,0:00,22,0.0,0.0,0.0
2025-03-08,0:00,23,0.0,0.0,0.0
2025-03-08,0:00,24,0.0,0.0,0.0
2025-03-08,6:00,1,1096.8205,1085.1,11.72050000000013
2025-03-08,6:00,2,3132.4181,3048.7125,83.70559999999978
2025-03-08,6:00,3,5260.5744,5242.875,17.699400000000423
2025-03-08,6:00,4,6237.7391,6358.95,121.21090000000004
2025-03-08,6:00,5,7136.0924,7158.975,22.88259999999991
2025-03-08,6:00,6,7489.8689,7495.1625,5.293599999999969
2025-03-08,6:00,7,7287.4022,7381.3125,93.91029999999955
2025-03-08,6:00,8,6469.187,6074.325,394.8620000000001
2025-03-08,6:00,9,5590.1182,5270.8875,319.23070000000007
2025-03-08,6:00,10,3289.2525,3225.6,63.652500000000146
2025-03-08,6:00,11,1198.1727,1223.8125,25.639799999999923
2025-03-08,6:00,12,0.0,0.0,0.0
2025-03-08,6:00,13,0.0,0.0,0.0
2025-03-08,6:00,14,0.0,0.0,0.0
2025-03-08,6:00,15,0.0,0.0,0.0
2025-03-08,6:00,16,0.0,0.0,0.0
2025-03-08,6:00,17,0.0,0.0,0.0
2025-03-08,6:00,18,0.0,0.0,0.0
2025-03-08,12:00,1,7268.2195,7381.3125,113.09299999999985
2025-03-08,12:00,2,5902.591,6074.325,171.73399999999947
2025-03-08,12:00,3,5142.5822,5270.8875,128.3053
2025-03-08,12:00,4,3121.0499,3225.6,104.55009999999993
2025-03-08,12:00,5,1171.6295,1223.8125,52.18299999999999
2025-03-08,12:00,6,0.0,0.0,0.0
2025-03-08,12:00,7,0.0,0.0,0.0
2025-03-08,12:00,8,0.0,0.0,0.0
2025-03-08,12:00,9,0.0,0.0,0.0
2025-03-08,12:00,10,0.0,0.0,0.0
2025-03-08,12:00,11,0.0,0.0,0.0
2025-03-08,12:00,12,0.0,0.0,0.0
2025-03-08,18:00,1,0.0,0.0,0.0
2025-03-08,18:00,2,0.0,0.0,0.0
2025-03-08,18:00,3,0.0,0.0,0.0
2025-03-08,18:00,4,0.0,0.0,0.0
2025-03-08,18:00,5,0.0,0.0,0.0
2025-03-08,18:00,6,0.0,0.0,0.0
2025-03-09,0:00,1,0.0,0.0,0.0
2025-03-09,0:00,2,0.0,0.0,0.0
2025-03-09,0:00,3,0.0,0.0,0.0
2025-03-09,0:00,4,0.0,0.0,0.0
2025-03-09,0:00,5,0.0,0.0,0.0
2025-03-09,0:00,6,0.0,0.0,0.0
2025-03-09,0:00,7,1226.9988,1220.7375,6.261300000000119
2025-03-09,0:00,8,3384.108,3107.775,276.3330000000001
2025-03-09,0:00,9,5212.555,4990.4625,222.09250000000065
2025-03-09,0:00,10,5891.276,6182.025,290.7489999999998
2025-03-09,0:00,11,6074.5755,6992.55,917.9745000000003
2025-03-09,0:00,12,6337.2656,7859.8875,1522.6219
2025-03-09,0:00,13,6665.4958,8501.7,1836.204200000001
2025-03-09,0:00,14,4765.4019,6064.35,1298.9481000000005
2025-03-09,0:00,15,4412.7982,4855.9125,443.1143000000002
2025-03-09,0:00,16,3225.2918,3401.55,176.25820000000022
2025-03-09,0:00,17,1430.0147,1450.2,20.185300000000097
2025-03-09,0:00,18,0.0,0.0,0.0
2025-03-09,0:00,19,0.0,0.0,0.0
2025-03-09,0:00,20,0.0,0.0,0.0
2025-03-09,0:00,21,0.0,0.0,0.0
2025-03-09,0:00,22,0.0,0.0,0.0
2025-03-09,0:00,23,0.0,0.0,0.0
2025-03-09,0:00,24,0.0,0.0,0.0
2025-03-09,6:00,1,1225.6467,1220.7375,4.909200000000055
2025-03-09,6:00,2,3099.2995,3107.775,8.475500000000011
2025-03-09,6:00,3,4998.3389,4990.4625,7.876400000000103
2025-03-09,6:00,4,6223.2423,6182.025,41.21730000000025
2025-03-09,6:00,5,7125.793,6992.55,133.24299999999948
2025-03-09,6:00,6,8287.6043,7859.8875,427.71680000000106
2025-03-09,6:00,7,8501.7,8501.7,0.0
2025-03-09,6:00,8,6792.0009,6064.35,727.6508999999996
2025-03-09,6:00,9,5478.6843,4855.9125,622.7717999999995
2025-03-09,6:00,10,3824.6939,3401.55,423.14390000000003
2025-03-09,6:00,11,1619.3053,1450.2,169.10529999999994
2025-03-09,6:00,12,0.0,0.0,0.0
2025-03-09,6:00,13,0.0,0.0,0.0
2025-03-09,6:00,14,0.0,0.0,0.0
2025-03-09,6:00,15,0.0,0.0,0.0
2025-03-09,6:00,16,0.0,0.0,0.0
2025-03-09,6:00,17,0.0,0.0,0.0
2025-03-09,6:00,18,0.0,0.0,0.0
2025-03-09,12:00,1,8501.7,8501.7,0.0
2025-03-09,12:00,2,5974.1623,6064.35,90.1877000000004
2025-03-09,12:00,3,4771.7598,4855.9125,84.15270000000055
2025-03-09,12:00,4,3358.0516,3401.55,43.4984000000004
2025-03-09,12:00,5,1419.5351,1450.2,30.66489999999999
2025-03-09,12:00,6,0.0,0.0,0.0
2025-03-09,12:00,7,0.0,0.0,0.0
2025-03-09,12:00,8,0.0,0.0,0.0
2025-03-09,12:00,9,0.0,0.0,0.0
2025-03-09,12:00,10,0.0,0.0,0.0
2025-03-09,12:00,11,0.0,0.0,0.0
2025-03-09,12:00,12,0.0,0.0,0.0
2025-03-09,18:00,1,0.0,0.0,0.0
2025-03-09,18:00,2,0.0,0.0,0.0
2025-03-09,18:00,3,0.0,0.0,0.0
2025-03-09,18:00,4,0.0,0.0,0.0
2025-03-09,18:00,5,0.0,0.0,0.0
2025-03-09,18:00,6,0.0,0.0,0.0
2025-03-10,0:00,1,0.0,0.0,0.0
2025-03-10,0:00,2,0.0,0.0,0.0
2025-03-10,0:00,3,0.0,0.0,0.0
2025-03-10,0:00,4,0.0,0.0,0.0
2025-03-10,0:00,5,0.0,0.0,0.0
2025-03-10,0:00,6,0.0,0.0,0.0
2025-03-10,0:00,7,1219.6516,1257.675,38.02340000000004
2025-03-10,0:00,8,3156.8177,3060.675,96.14269999999988
2025-03-10,0:00,9,5043.2742,4667.5125,375.7617
2025-03-10,0:00,10,6786.7083,5986.875,799.8333000000002
2025-03-10,0:00,11,6720.5811,6280.05,440.53110000000015
2025-03-10,0:00,12,6496.5378,6573.6375,77.09969999999976
2025-03-10,0:00,13,6579.4162,6502.5375,76.8786999999993
2025-03-10,0:00,14,6191.6486,5995.425,196.22360000000026
2025-03-10,0:00,15,4634.2737,4712.625,78.35130000000026
2025-03-10,0:00,16,3258.1389,3327.825,69.6860999999999
2025-03-10,0:00,17,1357.4303,1299.8625,57.567800000000034
2025-03-10,0:00,18,0.0,0.0,0.0
2025-03-10,0:00,19,0.0,0.0,0.0
2025-03-10,0:00,20,0.0,0.0,0.0
2025-03-10,0:00,21,0.0,0.0,0.0
2025-03-10,0:00,22,0.0,0.0,0.0
2025-03-10,0:00,23,0.0,0.0,0.0
2025-03-10,0:00,24,0.0,0.0,0.0
2025-03-10,6:00,1,1273.5381,1257.675,15.863100000000031
2025-03-10,6:00,2,3059.0497,3060.675,1.625300000000152
2025-03-10,6:00,3,4668.5484,4667.5125,1.035899999999856
2025-03-10,6:00,4,6188.7823,5986.875,201.90729999999985
2025-03-10,6:00,5,6542.9015,6280.05,262.85149999999976
2025-03-10,6:00,6,6520.7024,6573.6375,52.93509999999969
2025-03-10,6:00,7,6629.6739,6502.5375,127.13639999999941
2025-03-10,6:00,8,6467.7485,5995.425,472.3234999999995
2025-03-10,6:00,9,5210.8745,4712.625,498.2494999999999
2025-03-10,6:00,10,3525.6528,3327.825,197.82780000000002
2025-03-10,6:00,11,1502.9091,1299.8625,203.04660000000013
2025-03-10,6:00,12,0.0,0.0,0.0
2025-03-10,6:00,13,0.0,0.0,0.0
2025-03-10,6:00,14,0.0,0.0,0.0
2025-03-10,6:00,15,0.0,0.0,0.0
2025-03-10,6:00,16,0.0,0.0,0.0
2025-03-10,6:00,17,0.0,0.0,0.0
2025-03-10,6:00,18,0.0,0.0,0.0
2025-03-10,12:00,1,6590.3783,6502.5375,87.84079999999994
2025-03-10,12:00,2,6075.9072,5995.425,80.48219999999947
2025-03-10,12:00,3,4733.5867,4712.625,20.961699999999837
2025-03-10,12:00,4,3396.477,3327.825,68.65200000000004
2025-03-10,12:00,5,1313.3989,1299.8625,13.536399999999958
2025-03-10,12:00,6,0.0,0.0,0.0
2025-03-10,12:00,7,0.0,0.0,0.0
2025-03-10,12:00,8,0.0,0.0,0.0
2025-03-10,12:00,9,0.0,0.0,0.0
2025-03-10,12:00,10,0.0,0.0,0.0
2025-03-10,12:00,11,0.0,0.0,0.0
2025-03-10,12:00,12,0.0,0.0,0.0
2025-03-10,18:00,1,0.0,0.0,0.0
2025-03-10,18:00,2,0.0,0.0,0.0
2025-03-10,18:00,3,0.0,0.0,0.0
2025-03-10,18:00,4,0.0,0.0,0.0
2025-03-10,18:00,5,0.0,0.0,0.0
2025-03-10,18:00,6,0.0,0.0,0.0
2025-03-11,0:00,1,0.0,0.0,0.0
2025-03-11,0:00,2,0.0,0.0,0.0
2025-03-11,0:00,3,0.0,0.0,0.0
2025-03-11,0:00,4,0.0,0.0,0.0
2025-03-11,0:00,5,0.0,0.0,0.0
2025-03-11,0:00,6,0.0,0.0,0.0
2025-03-11,0:00,7,1357.3205,1310.475,46.84550000000013
2025-03-11,0:00,8,3488.217,3344.175,144.04199999999992
2025-03-11,0:00,9,6017.9625,5216.4375,801.5249999999996
2025-03-11,0:00,10,7585.1625,6842.5125,742.6500000000005
2025-03-11,0:00,11,8519.582,7135.95,1383.6320000000005
2025-03-11,0:00,12,8906.5125,7385.4,1521.112500000001
2025-03-11,0:00,13,8452.891,6781.875,1671.0159999999996
2025-03-11,0:00,14,6911.4032,6479.5125,431.8906999999999
2025-03-11,0:00,15,4711.3816,4534.725,176.65659999999934
2025-03-11,0:00,16,3004.4555,2821.05,183.40549999999985
2025-03-11,0:00,17,1182.6668,1216.65,33.983200000000124
2025-03-11,0:00,18,0.0,0.0,0.0
2025-03-11,0:00,19,0.0,0.0,0.0
2025-03-11,0:00,20,0.0,0.0,0.0
2025-03-11,0:00,21,0.0,0.0,0.0
2025-03-11,0:00,22,0.0,0.0,0.0
2025-03-11,0:00,23,0.0,0.0,0.0
2025-03-11,0:00,24,0.0,0.0,0.0
2025-03-11,6:00,1,1312.5188,1310.475,2.0438000000001466
2025-03-11,6:00,2,3354.409,3344.175,10.233999999999924
2025-03-11,6:00,3,5294.9793,5216.4375,78.54179999999997
2025-03-11,6:00,4,7004.3714,6842.5125,161.85890000000018
2025-03-11,6:00,5,7294.8865,7135.95,158.9364999999998
2025-03-11,6:00,6,7429.597,7385.4,44.197000000000116
2025-03-11,6:00,7,6863.5866,6781.875,81.71159999999963
2025-03-11,6:00,8,6131.3763,6479.5125,348.1361999999999
2025-03-11,6:00,9,3914.5773,4534.725,620.1477000000004
2025-03-11,6:00,10,2583.6696,2821.05,237.3804
2025-03-11,6:00,11,1108.5803,1216.65,108.06970000000001
2025-03-11,6:00,12,0.0,0.0,0.0
2025-03-11,6:00,13,0.0,0.0,0.0
2025-03-11,6:00,14,0.0,0.0,0.0
2025-03-11,6:00,15,0.0,0.0,0.0
2025-03-11,6:00,16,0.0,0.0,0.0
2025-03-11,6:00,17,0.0,0.0,0.0
2025-03-11,6:00,18,0.0,0.0,0.0
2025-03-11,12:00,1,6836.2853,6781.875,54.41029999999955
2025-03-11,12:00,2,6612.4697,6479.5125,132.95719999999983
2025-03-11,12:00,3,4705.9785,4534.725,171.2534999999998
2025-03-11,12:00,4,3033.375,2821.05,212.32499999999982
2025-03-11,12:00,5,1269.4316,1216.65,52.7815999999998
2025-03-11,12:00,6,0.0,0.0,0.0
2025-03-11,12:00,7,0.0,0.0,0.0
2025-03-11,12:00,8,0.0,0.0,0.0
2025-03-11,12:00,9,0.0,0.0,0.0
2025-03-11,12:00,10,0.0,0.0,0.0
2025-03-11,12:00,11,0.0,0.0,0.0
2025-03-11,12:00,12,0.0,0.0,0.0
2025-03-11,18:00,1,0.0,0.0,0.0
2025-03-11,18:00,2,0.0,0.0,0.0
2025-03-11,18:00,3,0.0,0.0,0.0
2025-03-11,18:00,4,0.0,0.0,0.0
2025-03-11,18:00,5,0.0,0.0,0.0
2025-03-11,18:00,6,0.0,0.0,0.0
2025-03-12,0:00,1,0.0,0.0,0.0
2025-03-12,0:00,2,0.0,0.0,0.0
2025-03-12,0:00,3,0.0,0.0,0.0
2025-03-12,0:00,4,0.0,0.0,0.0
2025-03-12,0:00,5,0.0,0.0,0.0
2025-03-12,0:00,6,0.0,0.0,0.0
2025-03-12,0:00,7,1372.3971,1426.0875,53.69040000000018
2025-03-12,0:00,8,3354.21,3491.55,137.34000000000015
2025-03-12,0:00,9,5272.292,5297.9625,25.670499999999265
2025-03-12,0:00,10,6662.3022,6989.775,327.47279999999955
2025-03-12,0:00,11,6583.4266,7269.525,686.0983999999999
2025-03-12,0:00,12,7160.8352,7892.4,731.5647999999992
2025-03-12,0:00,13,7147.505,7709.8875,562.3824999999997
2025-03-12,0:00,14,5376.5595,6342.75,966.1904999999997
2025-03-12,0:00,15,4297.1904,4820.2125,523.0220999999992
2025-03-12,0:00,16,2536.0404,3046.3875,510.34709999999995
2025-03-12,0:00,17,969.3447,1168.9875,199.64279999999997
2025-03-12,0:00,18,0.0,0.0,0.0
2025-03-12,0:00,19,0.0,0.0,0.0
2025-03-12,0:00,20,0.0,0.0,0.0
2025-03-12,0:00,21,0.0,0.0,0.0
2025-03-12,0:00,22,0.0,0.0,0.0
2025-03-12,0:00,23,0.0,0.0,0.0
2025-03-12,0:00,24,0.0,0.0,0.0
2025-03-12,6:00,1,1416.0319,1426.0875,10.05560000000014
2025-03-12,6:00,2,3428.6233,3491.55,62.92669999999998
2025-03-12,6:00,3,5200.2094,5297.9625,97.7530999999999
2025-03-12,6:00,4,7149.7274,6989.775,159.95240000000013
2025-03-12,6:00,5,7497.0165,7269.525,227.4915000000001
2025-03-12,6:00,6,8150.6997,7892.4,258.2997000000005
2025-03-12,6:00,7,8275.3106,7709.8875,565.4231000000009
2025-03-12,6:00,8,7177.9397,6342.75,835.1896999999999
2025-03-12,6:00,9,5425.2166,4820.2125,605.0041000000001
2025-03-12,6:00,10,3580.3473,3046.3875,533.9598000000001
2025-03-12,6:00,11,1500.3223,1168.9875,331.3348000000001
2025-03-12,6:00,12,0.0,0.0,0.0
2025-03-12,6:00,13,0.0,0.0,0.0
2025-03-12,6:00,14,0.0,0.0,0.0
2025-03-12,6:00,15,0.0,0.0,0.0
2025-03-12,6:00,16,0.0,0.0,0.0
2025-03-12,6:00,17,0.0,0.0,0.0
2025-03-12,6:00,18,0.0,0.0,0.0
2025-03-12,12:00,1,7845.3118,7709.8875,135.42430000000058
2025-03-12,12:00,2,6454.1158,6342.75,111.36579999999958
2025-03-12,12:00,3,4920.9279,4820.2125,100.71540000000005
2025-03-12,12:00,4,3023.8774,3046.3875,22.510099999999966
2025-03-12,12:00,5,1181.454,1168.9875,12.466499999999996
2025-03-12,12:00,6,0.0,0.0,0.0
2025-03-12,12:00,7,0.0,0.0,0.0
2025-03-12,12:00,8,0.0,0.0,0.0
2025-03-12,12:00,9,0.0,0.0,0.0
2025-03-12,12:00,10,0.0,0.0,0.0
2025-03-12,12:00,11,0.0,0.0,0.0
2025-03-12,12:00,12,0.0,0.0,0.0
2025-03-12,18:00,1,0.0,0.0,0.0
2025-03-12,18:00,2,0.0,0.0,0.0
2025-03-12,18:00,3,0.0,0.0,0.0
2025-03-12,18:00,4,0.0,0.0,0.0
2025-03-12,18:00,5,0.0,0.0,0.0
2025-03-12,18:00,6,0.0,0.0,0.0
2025-03-13,0:00,1,0.0,0.0,0.0
2025-03-13,0:00,2,0.0,0.0,0.0
2025-03-13,0:00,3,0.0,0.0,0.0
2025-03-13,0:00,4,0.0,0.0,0.0
2025-03-13,0:00,5,0.0,0.0,0.0
2025-03-13,0:00,6,0.0,0.0,0.0
2025-03-13,0:00,7,1611.7008,1570.5375,41.16330000000016
2025-03-13,0:00,8,3260.4461,3414.75,154.30389999999989
2025-03-13,0:00,9,4587.3783,5146.2375,558.8591999999999
2025-03-13,0:00,10,5113.1134,5590.575,477.46159999999963
2025-03-13,0:00,11,5717.0145,6083.925,366.91049999999996
2025-03-13,0:00,12,6268.8881,6580.65,311.7618999999995
2025-03-13,0:00,13,7037.8854,6478.05,559.8353999999999
2025-03-13,0:00,14,7209.7166,6216.45,993.2665999999999
2025-03-13,0:00,15,5006.1266,5175.1125,168.98590000000058
2025-03-13,0:00,16,3428.463,3276.7125,151.7505000000001
2025-03-13,0:00,17,1206.1968,1242.075,35.878200000000106
2025-03-13,0:00,18,0.0,0.0,0.0
2025-03-13,0:00,19,0.0,0.0,0.0
2025-03-13,0:00,20,0.0,0.0,0.0
2025-03-13,0:00,21,0.0,0.0,0.0
2025-03-13,0:00,22,0.0,0.0,0.0
2025-03-13,0:00,23,0.0,0.0,0.0
2025-03-13,0:00,24,0.0,0.0,0.0
2025-03-13,6:00,1,1589.5043,1570.5375,18.96680000000015
2025-03-13,6:00,2,3422.159,3414.75,7.4090000000001055
2025-03-13,6:00,3,5217.4983,5146.2375,71.26080000000002
2025-03-13,6:00,4,5565.564,5590.575,25.010999999999513
2025-03-13,6:00,5,5995.4444,6083.925,88.48059999999987
2025-03-13,6:00,6,6434.8213,6580.65,145.82870000000003
2025-03-13,6:00,7,6587.0053,6478.05,108.95529999999962
2025-03-13,6:00,8,6111.956,6216.45,104.49399999999969
2025-03-13,6:00,9,5213.8504,5175.1125,38.73790000000008
2025-03-13,6:00,10,3174.8507,3276.7125,101.86180000000013
2025-03-13,6:00,11,1081.7226,1242.075,160.3524
2025-03-13,6:00,12,0.0,0.0,0.0
2025-03-13,6:00,13,0.0,0.0,0.0
2025-03-13,6:00,14,0.0,0.0,0.0
2025-03-13,6:00,15,0.0,0.0,0.0
2025-03-13,6:00,16,0.0,0.0,0.0
2025-03-13,6:00,17,0.0,0.0,0.0
2025-03-13,6:00,18,0.0,0.0,0.0
2025-03-13,12:00,1,6346.8931,6478.05,131.15689999999995
2025-03-13,12:00,2,6045.7291,6216.45,170.72090000000026
2025-03-13,12:00,3,5007.1199,5175.1125,167.9926000000005
2025-03-13,12:00,4,3206.432,3276.7125,70.2805000000003
2025-03-13,12:00,5,1263.6118,1242.075,21.536799999999857
2025-03-13,12:00,6,0.0,0.0,0.0
2025-03-13,12:00,7,0.0,0.0,0.0
2025-03-13,12:00,8,0.0,0.0,0.0
2025-03-13,12:00,9,0.0,0.0,0.0
2025-03-13,12:00,10,0.0,0.0,0.0
2025-03-13,12:00,11,0.0,0.0,0.0
2025-03-13,12:00,12,0.0,0.0,0.0
2025-03-13,18:00,1,0.0,0.0,0.0
2025-03-13,18:00,2,0.0,0.0,0.0
2025-03-13,18:00,3,0.0,0.0,0.0
2025-03-13,18:00,4,0.0,0.0,0.0
2025-03-13,18:00,5,0.0,0.0,0.0
2025-03-13,18:00,6,0.0,0.0,0.0
2025-03-14,0:00,1,0.0,0.0,0.0
2025-03-14,0:00,2,0.0,0.0,0.0
2025-03-14,0:00,3,0.0,0.0,0.0
2025-03-14,0:00,4,0.0,0.0,0.0
2025-03-14,0:00,5,0.0,0.0,0.0
2025-03-14,0:00,6,0.0,0.0,0.0
2025-03-14,0:00,7,1318.3862,1378.2375,59.85130000000004
2025-03-14,0:00,8,3138.0123,3336.975,198.96270000000004
2025-03-14,0:00,9,5417.8006,5471.025,53.22440000000006
2025-03-14,0:00,10,7029.5,7015.0875,14.412500000000364
2025-03-14,0:00,11,8078.2723,7548.8625,529.4097999999994
2025-03-14,0:00,12,8530.3388,8114.7375,415.60129999999936
2025-03-14,0:00,13,8522.6625,7642.275,880.3875000000007
2025-03-14,0:00,14,6562.8782,6475.2375,87.64069999999992
2025-03-14,0:00,15,4672.7779,4516.4625,156.3154000000004
2025-03-14,0:00,16,3180.0849,3177.7125,2.372399999999743
2025-03-14,0:00,17,1568.6169,1459.725,108.89190000000008
2025-03-14,0:00,18,0.0,0.0,0.0
2025-03-14,0:00,19,0.0,0.0,0.0
2025-03-14,0:00,20,0.0,0.0,0.0
2025-03-14,0:00,21,0.0,0.0,0.0
2025-03-14,0:00,22,0.0,0.0,0.0
2025-03-14,0:00,23,0.0,0.0,0.0
2025-03-14,0:00,24,0.0,0.0,0.0
2025-03-14,6:00,1,1392.1368,1378.2375,13.89930000000004
2025-03-14,6:00,2,3439.8717,3336.975,102.89670000000024
2025-03-14,6:00,3,5785.322,5471.025,314.2970000000005
2025-03-14,6:00,4,7585.1625,7015.0875,570.0750000000007
2025-03-14,6:00,5,8360.4747,7548.8625,811.6122000000005
2025-03-14,6:00,6,8825.7749,8114.7375,711.0374000000002
2025-03-14,6:00,7,7951.1833,7642.275,308.90830000000005
2025-03-14,6:00,8,6346.4062,6475.2375,128.83129999999983
2025-03-14,6:00,9,4254.4754,4516.4625,261.9870999999994
2025-03-14,6:00,10,2808.0262,3177.7125,369.6863000000003
2025-03-14,6:00,11,1403.4927,1459.725,56.232299999999896
2025-03-14,6:00,12,0.0,0.0,0.0
2025-03-14,6:00,13,0.0,0.0,0.0
2025-03-14,6:00,14,0.0,0.0,0.0
2025-03-14,6:00,15,0.0,0.0,0.0
2025-03-14,6:00,16,0.0,0.0,0.0
2025-03-14,6:00,17,0.0,0.0,0.0
2025-03-14,6:00,18,0.0,0.0,0.0
2025-03-14,12:00,1,7553.8871,7642.275,88.38789999999972
2025-03-14,12:00,2,6323.0109,6475.2375,152.22659999999996
2025-03-14,12:00,3,4351.5193,4516.4625,164.9431999999997
2025-03-14,12:00,4,3040.2879,3177.7125,137.42460000000028
2025-03-14,12:00,5,1350.9135,1459.725,108.8114999999998
2025-03-14,12:00,6,0.0,0.0,0.0
2025-03-14,12:00,7,0.0,0.0,0.0
2025-03-14,12:00,8,0.0,0.0,0.0
2025-03-14,12:00,9,0.0,0.0,0.0
2025-03-14,12:00,10,0.0,0.0,0.0
2025-03-14,12:00,11,0.0,0.0,0.0
2025-03-14,12:00,12,0.0,0.0,0.0
2025-03-14,18:00,1,0.0,0.0,0.0
2025-03-14,18:00,2,0.0,0.0,0.0
2025-03-14,18:00,3,0.0,0.0,0.0
2025-03-14,18:00,4,0.0,0.0,0.0
2025-03-14,18:00,5,0.0,0.0,0.0
2025-03-14,18:00,6,0.0,0.0,0.0
2025-03-15,0:00,1,0.0,0.0,0.0
2025-03-15,0:00,2,0.0,0.0,0.0
2025-03-15,0:00,3,0.0,0.0,0.0
2025-03-15,0:00,4,0.0,0.0,0.0
2025-03-15,0:00,5,0.0,0.0,0.0
2025-03-15,0:00,6,0.0,0.0,0.0
2025-03-15,0:00,7,1245.8154,1341.4125,95.59709999999995
2025-03-15,0:00,8,3194.9284,3271.6125,76.6841000000004
2025-03-15,0:00,9,5180.7537,5122.5,58.25370000000021
2025-03-15,0:00,10,5191.2684,5472.15,280.8815999999997
2025-03-15,0:00,11,6293.3148,6545.6625,252.34770000000026
2025-03-15,0:00,12,6575.1149,6520.3125,54.80239999999958
2025-03-15,0:00,13,6326.3075,6850.8375,524.5299999999997
2025-03-15,0:00,14,6157.8347,6332.2125,174.3777999999993
2025-03-15,0:00,15,5366.2022,5178.15,188.05220000000008
2025-03-15,0:00,16,3829.3784,3569.1375,260.24090000000024
2025-03-15,0:00,17,1584.7865,1492.8,91.98649999999998
2025-03-15,0:00,18,0.0,0.0,0.0
2025-03-15,0:00,19,0.0,0.0,0.0
2025-03-15,0:00,20,0.0,0.0,0.0
2025-03-15,0:00,21,0.0,0.0,0.0
2025-03-15,0:00,22,0.0,0.0,0.0
2025-03-15,0:00,23,0.0,0.0,0.0
2025-03-15,0:00,24,0.0,0.0,0.0
2025-03-15,6:00,1,1323.7759,1341.4125,17.636599999999817
2025-03-15,6:00,2,3224.1194,3271.6125,47.49310000000014
2025-03-15,6:00,3,5032.3986,5122.5,90.10139999999956
2025-03-15,6:00,4,5269.2072,5472.15,202.9427999999998
2025-03-15,6:00,5,6143.8996,6545.6625,401.7629000000006
2025-03-15,6:00,6,5985.4576,6520.3125,534.8549000000003
2025-03-15,6:00,7,6018.5139,6850.8375,832.3235999999997
2025-03-15,6:00,8,5300.0503,6332.2125,1032.1621999999998
2025-03-15,6:00,9,4442.7361,5178.15,735.4138999999996
2025-03-15,6:00,10,3061.3853,3569.1375,507.7521999999999
2025-03-15,6:00,11,1392.4361,1492.8,100.36390000000006
2025-03-15,6:00,12,0.0,0.0,0.0
2025-03-15,6:00,13,0.0,0.0,0.0
2025-03-15,6:00,14,0.0,0.0,0.0
2025-03-15,6:00,15,0.0,0.0,0.0
2025-03-15,6:00,16,0.0,0.0,0.0
2025-03-15,6:00,17,0.0,0.0,0.0
2025-03-15,6:00,18,0.0,0.0,0.0
2025-03-15,12:00,1,6836.1285,6850.8375,14.708999999999833
2025-03-15,12:00,2,6153.165,6332.2125,179.04749999999967
2025-03-15,12:00,3,4977.7069,5178.15,200.4430999999995
2025-03-15,12:00,4,3383.0912,3569.1375,186.04629999999997
2025-03-15,12:00,5,1347.5709,1492.8,145.22910000000002
2025-03-15,12:00,6,0.0,0.0,0.0
2025-03-15,12:00,7,0.0,0.0,0.0
2025-03-15,12:00,8,0.0,0.0,0.0
2025-03-15,12:00,9,0.0,0.0,0.0
2025-03-15,12:00,10,0.0,0.0,0.0
2025-03-15,12:00,11,0.0,0.0,0.0
2025-03-15,12:00,12,0.0,0.0,0.0
2025-03-15,18:00,1,0.0,0.0,0.0
2025-03-15,18:00,2,0.0,0.0,0.0
2025-03-15,18:00,3,0.0,0.0,0.0
2025-03-15,18:00,4,0.0,0.0,0.0
2025-03-15,18:00,5,0.0,0.0,0.0
2025-03-15,18:00,6,0.0,0.0,0.0
2025-03-16,0:00,1,0.0,0.0,0.0
2025-03-16,0:00,2,0.0,0.0,0.0
2025-03-16,0:00,3,0.0,0.0,0.0
2025-03-16,0:00,4,0.0,0.0,0.0
2025-03-16,0:00,5,0.0,0.0,0.0
2025-03-16,0:00,6,0.0,0.0,0.0
2025-03-16,0:00,7,1252.6004,1297.6125,45.01209999999992
2025-03-16,0:00,8,2925.399,2961.4875,36.088500000000295
2025-03-16,0:00,9,5405.1241,5398.3875,6.73660000000018
2025-03-16,0:00,10,7293.7716,6909.4125,384.35909999999967
2025-03-16,0:00,11,8057.3118,7615.7625,441.5493000000006
2025-03-16,0:00,12,7870.0606,7541.3625,328.6980999999996
2025-03-16,0:00,13,7276.255,7016.1375,260.1175000000003
2025-03-16,0:00,14,5124.8329,6026.475,901.6421
2025-03-16,0:00,15,4130.1729,4960.7625,830.5896000000002
2025-03-16,0:00,16,2933.7453,3226.8,293.05470000000014
2025-03-16,0:00,17,1393.4104,1305.375,88.03539999999998
2025-03-16,0:00,18,0.0,0.0,0.0
2025-03-16,0:00,19,0.0,0.0,0.0
2025-03-16,0:00,20,0.0,0.0,0.0
2025-03-16,0:00,21,0.0,0.0,0.0
2025-03-16,0:00,22,0.0,0.0,0.0
2025-03-16,0:00,23,0.0,0.0,0.0
2025-03-16,0:00,24,0.0,0.0,0.0
2025-03-16,6:00,1,1300.4543,1297.6125,2.8418000000001484
2025-03-16,6:00,2,2997.2847,2961.4875,35.797199999999975
2025-03-16,6:00,3,5399.2898,5398.3875,0.902299999999741
2025-03-16,6:00,4,6882.293,6909.4125,27.1195000000007
2025-03-16,6:00,5,7464.5896,7615.7625,151.17289999999957
2025-03-16,6:00,6,7108.5467,7541.3625,432.8158000000003
2025-03-16,6:00,7,6432.4721,7016.1375,583.6653999999999
2025-03-16,6:00,8,5439.4203,6026.475,587.0547000000006
2025-03-16,6:00,9,4517.2242,4960.7625,443.53830000000016
2025-03-16,6:00,10,2942.0226,3226.8,284.7774000000004
2025-03-16,6:00,11,1253.5877,1305.375,51.78729999999996
2025-03-16,6:00,12,0.0,0.0,0.0
2025-03-16,6:00,13,0.0,0.0,0.0
2025-03-16,6:00,14,0.0,0.0,0.0
2025-03-16,6:00,15,0.0,0.0,0.0
2025-03-16,6:00,16,0.0,0.0,0.0
2025-03-16,6:00,17,0.0,0.0,0.0
2025-03-16,6:00,18,0.0,0.0,0.0
2025-03-16,12:00,1,6944.5776,7016.1375,71.5599000000002
2025-03-16,12:00,2,5906.4742,6026.475,120.00080000000071
2025-03-16,12:00,3,4812.9179,4960.7625,147.84459999999945
2025-03-16,12:00,4,3175.7507,3226.8,51.04930000000013
2025-03-16,12:00,5,1311.43,1305.375,6.055000000000064
2025-03-16,12:00,6,0.0,0.0,0.0
2025-03-16,12:00,7,0.0,0.0,0.0
2025-03-16,12:00,8,0.0,0.0,0.0
2025-03-16,12:00,9,0.0,0.0,0.0
2025-03-16,12:00,10,0.0,0.0,0.0
2025-03-16,12:00,11,0.0,0.0,0.0
2025-03-16,12:00,12,0.0,0.0,0.0
2025-03-16,18:00,1,0.0,0.0,0.0
2025-03-16,18:00,2,0.0,0.0,0.0
2025-03-16,18:00,3,0.0,0.0,0.0
2025-03-16,18:00,4,0.0,0.0,0.0
2025-03-16,18:00,5,0.0,0.0,0.0
2025-03-16,18:00,6,0.0,0.0,0.0
2025-03-17,0:00,1,0.0,0.0,0.0
2025-03-17,0:00,2,0.0,0.0,0.0
2025-03-17,0:00,3,0.0,0.0,0.0
2025-03-17,0:00,4,0.0,0.0,0.0
2025-03-17,0:00,5,0.0,0.0,0.0
2025-03-17,0:00,6,0.0,0.0,0.0
2025-03-17,0:00,7,1883.5493,1718.5125,165.03679999999986
2025-03-17,0:00,8,3912.2475,3718.2,194.04750000000013
2025-03-17,0:00,9,6135.375,6017.9625,117.41250000000036
2025-03-17,0:00,10,6872.697,7303.05,430.35300000000007
2025-03-17,0:00,11,6905.5056,7605.675,700.1693999999998
2025-03-17,0:00,12,7351.9599,8292.4875,940.5275999999994
2025-03-17,0:00,13,7117.7335,7395.7875,278.0540000000001
2025-03-17,0:00,14,6345.4589,6986.6625,641.2036000000007
2025-03-17,0:00,15,5740.5637,5510.8125,229.7511999999997
2025-03-17,0:00,16,3711.7186,3354.1875,357.53110000000015
2025-03-17,0:00,17,1526.0804,1425.2625,100.81790000000001
2025-03-17,0:00,18,0.0,0.0,0.0
2025-03-17,0:00,19,0.0,0.0,0.0
2025-03-17,0:00,20,0.0,0.0,0.0
2025-03-17,0:00,21,0.0,0.0,0.0
2025-03-17,0:00,22,0.0,0.0,0.0
2025-03-17,0:00,23,0.0,0.0,0.0
2025-03-17,0:00,24,0.0,0.0,0.0
2025-03-17,6:00,1,1708.8738,1718.5125,9.638699999999972
2025-03-17,6:00,2,3741.0132,3718.2,22.81320000000005
2025-03-17,6:00,3,6135.375,6017.9625,117.41250000000036
2025-03-17,6:00,4,7585.1625,7303.05,282.1125000000002
2025-03-17,6:00,5,8142.7055,7605.675,537.0304999999998
2025-03-17,6:00,6,8906.5125,8292.4875,614.0250000000015
2025-03-17,6:00,7,8030.4255,7395.7875,634.6379999999999
2025-03-17,6:00,8,7732.1131,6986.6625,745.4505999999992
2025-03-17,6:00,9,5982.6175,5510.8125,471.8050000000003
2025-03-17,6:00,10,3981.749,3354.1875,627.5614999999998
2025-03-17,6:00,11,1705.8351,1425.2625,280.57259999999997
2025-03-17,6:00,12,0.0,0.0,0.0
2025-03-17,6:00,13,0.0,0.0,0.0
2025-03-17,6:00,14,0.0,0.0,0.0
2025-03-17,6:00,15,0.0,0.0,0.0
2025-03-17,6:00,16,0.0,0.0,0.0
2025-03-17,6:00,17,0.0,0.0,0.0
2025-03-17,6:00,18,0.0,0.0,0.0
2025-03-17,12:00,1,7471.1026,7395.7875,75.3150999999998
2025-03-17,12:00,2,7055.8869,6986.6625,69.22440000000006
2025-03-17,12:00,3,5574.2459,5510.8125,63.43339999999989
2025-03-17,12:00,4,3372.9072,3354.1875,18.719700000000103
2025-03-17,12:00,5,1380.9596,1425.2625,44.302900000000136
2025-03-17,12:00,6,0.0,0.0,0.0
2025-03-17,12:00,7,0.0,0.0,0.0
2025-03-17,12:00,8,0.0,0.0,0.0
2025-03-17,12:00,9,0.0,0.0,0.0
2025-03-17,12:00,10,0.0,0.0,0.0
2025-03-17,12:00,11,0.0,0.0,0.0
2025-03-17,12:00,12,0.0,0.0,0.0
2025-03-17,18:00,1,0.0,0.0,0.0
2025-03-17,18:00,2,0.0,0.0,0.0
2025-03-17,18:00,3,0.0,0.0,0.0
2025-03-17,18:00,4,0.0,0.0,0.0
2025-03-17,18:00,5,0.0,0.0,0.0
2025-03-17,18:00,6,0.0,0.0,0.0
2025-03-18,0:00,1,0.0,0.0,0.0
2025-03-18,0:00,2,0.0,0.0,0.0
2025-03-18,0:00,3,0.0,0.0,0.0
2025-03-18,0:00,4,0.0,0.0,0.0
2025-03-18,0:00,5,0.0,0.0,0.0
2025-03-18,0:00,6,0.0,0.0,0.0
2025-03-18,0:00,7,1449.5228,1547.175,97.6522
2025-03-18,0:00,8,3177.0625,3290.175,113.11250000000018
2025-03-18,0:00,9,4308.8499,4860.225,551.3751000000002
2025-03-18,0:00,10,4662.7352,6085.4625,1422.7272999999996
2025-03-18,0:00,11,6433.9403,7550.1375,1116.1971999999996
2025-03-18,0:00,12,6733.7584,7836.375,1102.6166000000003
2025-03-18,0:00,13,6378.5266,7822.0875,1443.5608999999995
2025-03-18,0:00,14,6004.0865,6747.0,742.9134999999997
2025-03-18,0:00,15,5236.3721,5212.4625,23.909599999999955
2025-03-18,0:00,16,3432.8281,3640.95,208.12189999999964
2025-03-18,0:00,17,1353.4328,1470.3375,116.90470000000005
2025-03-18,0:00,18,0.0,0.0,0.0
2025-03-18,0:00,19,0.0,0.0,0.0
2025-03-18,0:00,20,0.0,0.0,0.0
2025-03-18,0:00,21,0.0,0.0,0.0
2025-03-18,0:00,22,0.0,0.0,0.0
2025-03-18,0:00,23,0.0,0.0,0.0
2025-03-18,0:00,24,0.0,0.0,0.0
2025-03-18,6:00,1,1537.8284,1547.175,9.346599999999853
2025-03-18,6:00,2,3312.9593,3290.175,22.784299999999803
2025-03-18,6:00,3,4901.0817,4860.225,40.856699999999364
2025-03-18,6:00,4,6229.503,6085.4625,144.04050000000007
2025-03-18,6:00,5,7350.377,7550.1375,199.7604999999994
2025-03-18,6:00,6,7746.5981,7836.375,89.77689999999984
2025-03-18,6:00,7,7206.693,7822.0875,615.3944999999994
2025-03-18,6:00,8,6069.569,6747.0,677.4309999999996
2025-03-18,6:00,9,4717.4405,5212.4625,495.02199999999993
2025-03-18,6:00,10,3255.4911,3640.95,385.45889999999963
2025-03-18,6:00,11,1418.3241,1470.3375,52.01340000000005
2025-03-18,6:00,12,0.0,0.0,0.0
2025-03-18,6:00,13,0.0,0.0,0.0
2025-03-18,6:00,14,0.0,0.0,0.0
2025-03-18,6:00,15,0.0,0.0,0.0
2025-03-18,6:00,16,0.0,0.0,0.0
2025-03-18,6:00,17,0.0,0.0,0.0
2025-03-18,6:00,18,0.0,0.0,0.0
2025-03-18,12:00,1,7728.9913,7822.0875,93.09619999999995
2025-03-18,12:00,2,6614.9815,6747.0,132.01850000000013
2025-03-18,12:00,3,5132.8458,5212.4625,79.61669999999958
2025-03-18,12:00,4,3639.3253,3640.95,1.624699999999848
2025-03-18,12:00,5,1522.1698,1470.3375,51.832299999999805
2025-03-18,12:00,6,0.0,0.0,0.0
2025-03-18,12:00,7,0.0,0.0,0.0
2025-03-18,12:00,8,0.0,0.0,0.0
2025-03-18,12:00,9,0.0,0.0,0.0
2025-03-18,12:00,10,0.0,0.0,0.0
2025-03-18,12:00,11,0.0,0.0,0.0
2025-03-18,12:00,12,0.0,0.0,0.0
2025-03-18,18:00,1,0.0,0.0,0.0
2025-03-18,18:00,2,0.0,0.0,0.0
2025-03-18,18:00,3,0.0,0.0,0.0
2025-03-18,18:00,4,0.0,0.0,0.0
2025-03-18,18:00,5,0.0,0.0,0.0
2025-03-18,18:00,6,0.0,0.0,0.0
2025-03-19,0:00,1,0.0,0.0,0.0
2025-03-19,0:00,2,0.0,0.0,0.0
2025-03-19,0:00,3,0.0,0.0,0.0
2025-03-19,0:00,4,0.0,0.0,0.0
2025-03-19,0:00,5,0.0,0.0,0.0
2025-03-19,0:00,6,0.0,0.0,0.0
2025-03-19,0:00,7,1750.979,1643.8875,107.0915
2025-03-19,0:00,8,3643.7668,3339.9375,303.8292999999999
2025-03-19,0:00,9,4890.5914,4631.2125,259.3789000000006
2025-03-19,0:00,10,7296.1348,6891.525,404.6098000000002
2025-03-19,0:00,11,8674.8235,7889.7,785.1235000000006
2025-03-19,0:00,12,8906.5125,8015.4375,891.0750000000007
2025-03-19,0:00,13,8852.925,8001.8625,851.0624999999991
2025-03-19,0:00,14,7700.7398,6693.1875,1007.5523000000003
2025-03-19,0:00,15,5568.1194,5305.2375,262.8818999999994
2025-03-19,0:00,16,3829.1183,3796.9125,32.20580000000018
2025-03-19,0:00,17,1398.5689,1642.05,243.48109999999997
2025-03-19,0:00,18,0.0,0.0,0.0
2025-03-19,0:00,19,0.0,0.0,0.0
2025-03-19,0:00,20,0.0,0.0,0.0
2025-03-19,0:00,21,0.0,0.0,0.0
2025-03-19,0:00,22,0.0,0.0,0.0
2025-03-19,0:00,23,0.0,0.0,0.0
2025-03-19,0:00,24,0.0,0.0,0.0
2025-03-19,6:00,1,1634.6211,1643.8875,9.266399999999976
2025-03-19,6:00,2,3374.6213,3339.9375,34.68379999999979
2025-03-19,6:00,3,4692.9828,4631.2125,61.770300000000134
2025-03-19,6:00,4,7074.0758,6891.525,182.55079999999998
2025-03-19,6:00,5,8452.7313,7889.7,563.0312999999996
2025-03-19,6:00,6,8495.7701,8015.4375,480.33259999999973
2025-03-19,6:00,7,7868.499,8001.8625,133.36350000000039
2025-03-19,6:00,8,6434.6564,6693.1875,258.53110000000015
2025-03-19,6:00,9,4779.5405,5305.2375,525.6970000000001
2025-03-19,6:00,10,3210.3737,3796.9125,586.5387999999998
2025-03-19,6:00,11,1216.7433,1642.05,425.30669999999986
2025-03-19,6:00,12,0.0,0.0,0.0
2025-03-19,6:00,13,0.0,0.0,0.0
2025-03-19,6:00,14,0.0,0.0,0.0
2025-03-19,6:00,15,0.0,0.0,0.0
2025-03-19,6:00,16,0.0,0.0,0.0
2025-03-19,6:00,17,0.0,0.0,0.0
2025-03-19,6:00,18,0.0,0.0,0.0
2025-03-19,12:00,1,7824.3884,8001.8625,177.47410000000036
2025-03-19,12:00,2,6393.0132,6693.1875,300.1742999999997
2025-03-19,12:00,3,5008.4156,5305.2375,296.8218999999999
2025-03-19,12:00,4,3594.2828,3796.9125,202.62969999999996
2025-03-19,12:00,5,1615.0747,1642.05,26.97530000000006
2025-03-19,12:00,6,0.0,0.0,0.0
2025-03-19,12:00,7,0.0,0.0,0.0
2025-03-19,12:00,8,0.0,0.0,0.0
2025-03-19,12:00,9,0.0,0.0,0.0
2025-03-19,12:00,10,0.0,0.0,0.0
2025-03-19,12:00,11,0.0,0.0,0.0
2025-03-19,12:00,12,0.0,0.0,0.0
2025-03-19,18:00,1,0.0,0.0,0.0
2025-03-19,18:00,2,0.0,0.0,0.0
2025-03-19,18:00,3,0.0,0.0,0.0
2025-03-19,18:00,4,0.0,0.0,0.0
2025-03-19,18:00,5,0.0,0.0,0.0
2025-03-19,18:00,6,0.0,0.0,0.0
2025-03-20,0:00,1,0.0,0.0,0.0
2025-03-20,0:00,2,0.0,0.0,0.0
2025-03-20,0:00,3,0.0,0.0,0.0
2025-03-20,0:00,4,0.0,0.0,0.0
2025-03-20,0:00,5,0.0,0.0,0.0
2025-03-20,0:00,6,0.0,0.0,0.0
2025-03-20,0:00,7,1744.4593,1693.2375,51.22180000000003
2025-03-20,0:00,8,3799.7469,3476.5125,323.2344000000003
2025-03-20,0:00,9,5542.9795,5180.8875,362.09200000000055
2025-03-20,0:00,10,7336.285,6426.1875,910.0974999999999
2025-03-20,0:00,11,8249.9904,7263.0,986.9904000000006
2025-03-20,0:00,12,7846.9398,7818.45,28.489800000000287
2025-03-20,0:00,13,6342.6733,7525.8,1183.1266999999998
2025-03-20,0:00,14,5887.2321,6799.95,912.7178999999996
2025-03-20,0:00,15,3900.1545,5072.775,1172.6204999999995
2025-03-20,0:00,16,2353.3917,3156.225,802.8332999999998
2025-03-20,0:00,17,1249.5376,1377.7125,128.17489999999998
2025-03-20,0:00,18,0.0,0.0,0.0
2025-03-20,0:00,19,0.0,0.0,0.0
2025-03-20,0:00,20,0.0,0.0,0.0
2025-03-20,0:00,21,0.0,0.0,0.0
2025-03-20,0:00,22,0.0,0.0,0.0
2025-03-20,0:00,23,0.0,0.0,0.0
2025-03-20,0:00,24,0.0,0.0,0.0
2025-03-20,6:00,1,1727.4881,1693.2375,34.25060000000008
2025-03-20,6:00,2,3564.5197,3476.5125,88.00720000000001
2025-03-20,6:00,3,5464.1198,5180.8875,283.2323000000006
2025-03-20,6:00,4,6778.2246,6426.1875,352.03709999999955
2025-03-20,6:00,5,7787.0157,7263.0,524.0156999999999
2025-03-20,6:00,6,8429.153,7818.45,610.7030000000004
2025-03-20,6:00,7,8650.9692,7525.8,1125.1691999999994
2025-03-20,6:00,8,7692.5743,6799.95,892.6243000000004
2025-03-20,6:00,9,5648.2918,5072.775,575.5168000000003
2025-03-20,6:00,10,3471.9998,3156.225,315.77480000000014
2025-03-20,6:00,11,1550.0119,1377.7125,172.29939999999988
2025-03-20,6:00,12,0.0,0.0,0.0
2025-03-20,6:00,13,0.0,0.0,0.0
2025-03-20,6:00,14,0.0,0.0,0.0
2025-03-20,6:00,15,0.0,0.0,0.0
2025-03-20,6:00,16,0.0,0.0,0.0
2025-03-20,6:00,17,0.0,0.0,0.0
2025-03-20,6:00,18,0.0,0.0,0.0
2025-03-20,12:00,1,7621.8427,7525.8,96.04269999999997
2025-03-20,12:00,2,6888.1777,6799.95,88.22770000000037
2025-03-20,12:00,3,5205.121,5072.775,132.34600000000046
2025-03-20,12:00,4,3256.946,3156.225,100.721
2025-03-20,12:00,5,1395.6276,1377.7125,17.91509999999994
2025-03-20,12:00,6,0.0,0.0,0.0
2025-03-20,12:00,7,0.0,0.0,0.0
2025-03-20,12:00,8,0.0,0.0,0.0
2025-03-20,12:00,9,0.0,0.0,0.0
2025-03-20,12:00,10,0.0,0.0,0.0
2025-03-20,12:00,11,0.0,0.0,0.0
2025-03-20,12:00,12,0.0,0.0,0.0
2025-03-20,18:00,1,0.0,0.0,0.0
2025-03-20,18:00,2,0.0,0.0,0.0
2025-03-20,18:00,3,0.0,0.0,0.0
2025-03-20,18:00,4,0.0,0.0,0.0
2025-03-20,18:00,5,0.0,0.0,0.0
2025-03-20,18:00,6,0.0,0.0,0.0
2025-03-21,0:00,1,0.0,0.0,0.0
2025-03-21,0:00,2,0.0,0.0,0.0
2025-03-21,0:00,3,0.0,0.0,0.0
2025-03-21,0:00,4,0.0,0.0,0.0
2025-03-21,0:00,5,0.0,0.0,0.0
2025-03-21,0:00,6,0.0,0.0,0.0
2025-03-21,0:00,7,1620.963,1515.15,105.81299999999987
2025-03-21,0:00,8,4128.375,3927.9,200.4749999999999
2025-03-21,0:00,9,6135.375,5463.7125,671.6625000000004
2025-03-21,0:00,10,7393.8974,6699.975,693.9223999999995
2025-03-21,0:00,11,7989.108,8135.175,146.067
2025-03-21,0:00,12,7652.6572,8906.5125,1253.855300000001
2025-03-21,0:00,13,6891.3979,7995.75,1104.3521
2025-03-21,0:00,14,5660.5609,7246.8375,1586.2765999999992
2025-03-21,0:00,15,3992.7391,5468.2125,1475.4733999999999
2025-03-21,0:00,16,3446.0599,4046.0625,600.0025999999998
2025-03-21,0:00,17,1652.1933,1612.725,39.4683
2025-03-21,0:00,18,0.0,0.0,0.0
2025-03-21,0:00,19,0.0,0.0,0.0
2025-03-21,0:00,20,0.0,0.0,0.0
2025-03-21,0:00,21,0.0,0.0,0.0
2025-03-21,0:00,22,0.0,0.0,0.0
2025-03-21,0:00,23,0.0,0.0,0.0
2025-03-21,0:00,24,0.0,0.0,0.0
2025-03-21,6:00,1,1521.3908,1515.15,6.240799999999808
2025-03-21,6:00,2,3973.3146,3927.9,45.414600000000064
2025-03-21,6:00,3,5640.331,5463.7125,176.6185000000005
2025-03-21,6:00,4,6868.0709,6699.975,168.09589999999935
2025-03-21,6:00,5,8356.4263,8135.175,221.251299999999
2025-03-21,6:00,6,8906.5125,8906.5125,0.0
2025-03-21,6:00,7,8327.4351,7995.75,331.6851000000006
2025-03-21,6:00,8,6976.2122,7246.8375,270.6252999999997
2025-03-21,6:00,9,5644.9135,5468.2125,176.70100000000002
2025-03-21,6:00,10,4314.975,4046.0625,268.91250000000036
2025-03-21,6:00,11,1952.729,1612.725,340.00400000000013
2025-03-21,6:00,12,0.0,0.0,0.0
2025-03-21,6:00,13,0.0,0.0,0.0
2025-03-21,6:00,14,0.0,0.0,0.0
2025-03-21,6:00,15,0.0,0.0,0.0
2025-03-21,6:00,16,0.0,0.0,0.0
2025-03-21,6:00,17,0.0,0.0,0.0
2025-03-21,6:00,18,0.0,0.0,0.0
2025-03-21,12:00,1,7980.2505,7995.75,15.499499999999898
2025-03-21,12:00,2,7186.9141,7246.8375,59.923399999999674
2025-03-21,12:00,3,5485.4359,5468.2125,17.223400000000765
2025-03-21,12:00,4,4067.2882,4046.0625,21.22569999999996
2025-03-21,12:00,5,1587.3817,1612.725,25.3433
2025-03-21,12:00,6,0.0,0.0,0.0
2025-03-21,12:00,7,0.0,0.0,0.0
2025-03-21,12:00,8,0.0,0.0,0.0
2025-03-21,12:00,9,0.0,0.0,0.0
2025-03-21,12:00,10,0.0,0.0,0.0
2025-03-21,12:00,11,0.0,0.0,0.0
2025-03-21,12:00,12,0.0,0.0,0.0
2025-03-21,18:00,1,0.0,0.0,0.0
2025-03-21,18:00,2,0.0,0.0,0.0
2025-03-21,18:00,3,0.0,0.0,0.0
2025-03-21,18:00,4,0.0,0.0,0.0
2025-03-21,18:00,5,0.0,0.0,0.0
2025-03-21,18:00,6,0.0,0.0,0.0
2025-03-22,0:00,1,0.0,0.0,0.0
2025-03-22,0:00,2,0.0,0.0,0.0
2025-03-22,0:00,3,0.0,0.0,0.0
2025-03-22,0:00,4,0.0,0.0,0.0
2025-03-22,0:00,5,0.0,0.0,0.0
2025-03-22,0:00,6,0.0,0.0,0.0
2025-03-22,0:00,7,1557.2742,1691.625,134.35079999999994
2025-03-22,0:00,8,3301.2244,3458.8875,157.66309999999976
2025-03-22,0:00,9,5164.8059,4897.425,267.3809000000001
2025-03-22,0:00,10,6261.4924,6226.5,34.99240000000009
2025-03-22,0:00,11,7595.4771,7732.8,137.32290000000012
2025-03-22,0:00,12,8195.1124,8191.1625,3.949899999999616
2025-03-22,0:00,13,7029.4757,7687.0875,657.6117999999997
2025-03-22,0:00,14,5240.3274,6294.7875,1054.4601000000002
2025-03-22,0:00,15,4706.0811,5211.0375,504.95640000000003
2025-03-22,0:00,16,3067.4943,3389.25,321.75570000000016
2025-03-22,0:00,17,1427.7234,1671.6,243.87659999999983
2025-03-22,0:00,18,0.0,0.0,0.0
2025-03-22,0:00,19,0.0,0.0,0.0
2025-03-22,0:00,20,0.0,0.0,0.0
2025-03-22,0:00,21,0.0,0.0,0.0
2025-03-22,0:00,22,0.0,0.0,0.0
2025-03-22,0:00,23,0.0,0.0,0.0
2025-03-22,0:00,24,0.0,0.0,0.0
2025-03-22,6:00,1,1687.8469,1691.625,3.778099999999995
2025-03-22,6:00,2,3372.3054,3458.8875,86.58209999999963
2025-03-22,6:00,3,4849.4812,4897.425,47.94380000000001
2025-03-22,6:00,4,6237.3155,6226.5,10.815499999999702
2025-03-22,6:00,5,7875.8429,7732.8,143.04289999999946
2025-03-22,6:00,6,8905.6012,8191.1625,714.4386999999988
2025-03-22,6:00,7,8748.3812,7687.0875,1061.2937000000002
2025-03-22,6:00,8,6726.7084,6294.7875,431.9209000000001
2025-03-22,6:00,9,5435.6648,5211.0375,224.6272999999992
2025-03-22,6:00,10,3374.076,3389.25,15.173999999999978
2025-03-22,6:00,11,1572.0836,1671.6,99.51639999999998
2025-03-22,6:00,12,0.0,0.0,0.0
2025-03-22,6:00,13,0.0,0.0,0.0
2025-03-22,6:00,14,0.0,0.0,0.0
2025-03-22,6:00,15,0.0,0.0,0.0
2025-03-22,6:00,16,0.0,0.0,0.0
2025-03-22,6:00,17,0.0,0.0,0.0
2025-03-22,6:00,18,0.0,0.0,0.0
2025-03-22,12:00,1,7674.3948,7687.0875,12.692699999999604
2025-03-22,12:00,2,6200.0933,6294.7875,94.69419999999991
2025-03-22,12:00,3,4959.839,5211.0375,251.19850000000042
2025-03-22,12:00,4,3303.1035,3389.25,86.14649999999983
2025-03-22,12:00,5,1602.8055,1671.6,68.79449999999997
2025-03-22,12:00,6,0.0,0.0,0.0
2025-03-22,12:00,7,0.0,0.0,0.0
2025-03-22,12:00,8,0.0,0.0,0.0
2025-03-22,12:00,9,0.0,0.0,0.0
2025-03-22,12:00,10,0.0,0.0,0.0
2025-03-22,12:00,11,0.0,0.0,0.0
2025-03-22,12:00,12,0.0,0.0,0.0
2025-03-22,18:00,1,0.0,0.0,0.0
2025-03-22,18:00,2,0.0,0.0,0.0
2025-03-22,18:00,3,0.0,0.0,0.0
2025-03-22,18:00,4,0.0,0.0,0.0
2025-03-22,18:00,5,0.0,0.0,0.0
2025-03-22,18:00,6,0.0,0.0,0.0
2025-03-23,0:00,1,0.0,0.0,0.0
2025-03-23,0:00,2,0.0,0.0,0.0
2025-03-23,0:00,3,0.0,0.0,0.0
2025-03-23,0:00,4,0.0,0.0,0.0
2025-03-23,0:00,5,0.0,0.0,0.0
2025-03-23,0:00,6,11.9566,11.625,0.3315999999999999
2025-03-23,0:00,7,1677.3921,1677.3,0.09210000000007312
2025-03-23,0:00,8,2965.3411,3476.85,511.5088999999998
2025-03-23,0:00,9,4756.4446,5402.8125,646.3679000000002
2025-03-23,0:00,10,6095.6502,6303.6375,207.98729999999978
2025-03-23,0:00,11,6819.003,6985.4625,166.45949999999993
2025-03-23,0:00,12,7758.0148,8043.9375,285.9227000000001
2025-03-23,0:00,13,7076.4243,7147.875,71.45070000000032
2025-03-23,0:00,14,6871.8833,7426.6125,554.7291999999998
2025-03-23,0:00,15,3945.0321,5653.1625,1708.1304000000005
2025-03-23,0:00,16,2876.1626,3794.55,918.3874000000001
2025-03-23,0:00,17,1719.3075,1909.8,190.49250000000006
2025-03-23,0:00,18,11.5175,13.2375,1.7200000000000006
2025-03-23,0:00,19,0.0,0.0,0.0
2025-03-23,0:00,20,0.0,0.0,0.0
2025-03-23,0:00,21,0.0,0.0,0.0
2025-03-23,0:00,22,0.0,0.0,0.0
2025-03-23,0:00,23,0.0,0.0,0.0
2025-03-23,0:00,24,0.0,0.0,0.0
2025-03-23,6:00,1,1662.9445,1677.3,14.355499999999893
2025-03-23,6:00,2,3371.9857,3476.85,104.86429999999973
2025-03-23,6:00,3,5245.32,5402.8125,157.4925000000003
2025-03-23,6:00,4,6246.074,6303.6375,57.563500000000204
2025-03-23,6:00,5,6619.2559,6985.4625,366.2065999999995
2025-03-23,6:00,6,7738.18,8043.9375,305.7574999999997
2025-03-23,6:00,7,7187.3878,7147.875,39.512800000000425
2025-03-23,6:00,8,7081.1366,7426.6125,345.47590000000037
2025-03-23,6:00,9,5520.4798,5653.1625,132.6827000000003
2025-03-23,6:00,10,3791.335,3794.55,3.2150000000001455
2025-03-23,6:00,11,1762.714,1909.8,147.086
2025-03-23,6:00,12,12.5949,13.2375,0.6425999999999998
2025-03-23,6:00,13,0.0,0.0,0.0
2025-03-23,6:00,14,0.0,0.0,0.0
2025-03-23,6:00,15,0.0,0.0,0.0
2025-03-23,6:00,16,0.0,0.0,0.0
2025-03-23,6:00,17,0.0,0.0,0.0
2025-03-23,6:00,18,0.0,0.0,0.0
2025-03-23,12:00,1,7183.6897,7147.875,35.8146999999999
2025-03-23,12:00,2,7484.4696,7426.6125,57.85710000000017
2025-03-23,12:00,3,5673.5787,5653.1625,20.416199999999662
2025-03-23,12:00,4,3755.9711,3794.55,38.578899999999976
2025-03-23,12:00,5,1931.6327,1909.8,21.83270000000016
2025-03-23,12:00,6,12.8847,13.2375,0.3528000000000002
2025-03-23,12:00,7,0.0,0.0,0.0
2025-03-23,12:00,8,0.0,0.0,0.0
2025-03-23,12:00,9,0.0,0.0,0.0
2025-03-23,12:00,10,0.0,0.0,0.0
2025-03-23,12:00,11,0.0,0.0,0.0
2025-03-23,12:00,12,0.0,0.0,0.0
2025-03-23,18:00,1,0.0,0.0,0.0
2025-03-23,18:00,2,0.0,0.0,0.0
2025-03-23,18:00,3,0.0,0.0,0.0
2025-03-23,18:00,4,0.0,0.0,0.0
2025-03-23,18:00,5,0.0,0.0,0.0
2025-03-23,18:00,6,0.0,0.0,0.0
2025-03-24,0:00,1,0.0,0.0,0.0
2025-03-24,0:00,2,0.0,0.0,0.0
2025-03-24,0:00,3,0.0,0.0,0.0
2025-03-24,0:00,4,0.0,0.0,0.0
2025-03-24,0:00,5,0.0,0.0,0.0
2025-03-24,0:00,6,30.4722,31.35,0.8778000000000006
2025-03-24,0:00,7,1668.7092,1707.075,38.365800000000036
2025-03-24,0:00,8,3353.7087,3508.6875,154.97879999999986
2025-03-24,0:00,9,5050.0297,5414.7,364.67029999999977
2025-03-24,0:00,10,6716.3661,7148.55,432.1839
2025-03-24,0:00,11,6944.6239,7823.6625,879.0386000000008
2025-03-24,0:00,12,7870.1687,8381.175,511.0062999999991
2025-03-24,0:00,13,7959.7295,8392.6125,432.8829999999989
2025-03-24,0:00,14,6222.5752,6632.1,409.52480000000014
2025-03-24,0:00,15,5037.3763,4849.65,187.72630000000026
2025-03-24,0:00,16,3873.1468,3491.025,382.1217999999999
2025-03-24,0:00,17,1756.8672,1694.7,62.167199999999866
2025-03-24,0:00,18,33.0137,28.4625,4.5512000000000015
2025-03-24,0:00,19,0.0,0.0,0.0
2025-03-24,0:00,20,0.0,0.0,0.0
2025-03-24,0:00,21,0.0,0.0,0.0
2025-03-24,0:00,22,0.0,0.0,0.0
2025-03-24,0:00,23,0.0,0.0,0.0
2025-03-24,0:00,24,0.0,0.0,0.0
2025-03-24,6:00,1,1701.3882,1707.075,5.686799999999948
2025-03-24,6:00,2,3536.1297,3508.6875,27.442199999999957
2025-03-24,6:00,3,5457.7155,5414.7,43.01550000000043
2025-03-24,6:00,4,7161.6306,7148.55,13.080600000000231
2025-03-24,6:00,5,7663.7407,7823.6625,159.92180000000008
2025-03-24,6:00,6,8645.9791,8381.175,264.8041000000012
2025-03-24,6:00,7,8219.5765,8392.6125,173.03600000000006
2025-03-24,6:00,8,6354.7218,6632.1,277.3782000000001
2025-03-24,6:00,9,4686.8123,4849.65,162.83770000000004
2025-03-24,6:00,10,3549.9542,3491.025,58.92920000000004
2025-03-24,6:00,11,1742.7408,1694.7,48.04079999999999
2025-03-24,6:00,12,30.4247,28.4625,1.9622000000000028
2025-03-24,6:00,13,0.0,0.0,0.0
2025-03-24,6:00,14,0.0,0.0,0.0
2025-03-24,6:00,15,0.0,0.0,0.0
2025-03-24,6:00,16,0.0,0.0,0.0
2025-03-24,6:00,17,0.0,0.0,0.0
2025-03-24,6:00,18,0.0,0.0,0.0
2025-03-24,12:00,1,8341.7035,8392.6125,50.90899999999965
2025-03-24,12:00,2,6596.586,6632.1,35.514000000000124
2025-03-24,12:00,3,4802.0465,4849.65,47.60349999999926
2025-03-24,12:00,4,3388.8105,3491.025,102.21450000000004
2025-03-24,12:00,5,1684.1721,1694.7,10.527900000000045
2025-03-24,12:00,6,29.3614,28.4625,0.8989000000000011
2025-03-24,12:00,7,0.0,0.0,0.0
2025-03-24,12:00,8,0.0,0.0,0.0
2025-03-24,12:00,9,0.0,0.0,0.0
2025-03-24,12:00,10,0.0,0.0,0.0
2025-03-24,12:00,11,0.0,0.0,0.0
2025-03-24,12:00,12,0.0,0.0,0.0
2025-03-24,18:00,1,0.0,0.0,0.0
2025-03-24,18:00,2,0.0,0.0,0.0
2025-03-24,18:00,3,0.0,0.0,0.0
2025-03-24,18:00,4,0.0,0.0,0.0
2025-03-24,18:00,5,0.0,0.0,0.0
2025-03-24,18:00,6,0.0,0.0,0.0
2025-03-25,0:00,1,0.0,0.0,0.0
2025-03-25,0:00,2,0.0,0.0,0.0
2025-03-25,0:00,3,0.0,0.0,0.0
2025-03-25,0:00,4,0.0,0.0,0.0
2025-03-25,0:00,5,0.0,0.0,0.0
2025-03-25,0:00,6,46.8655,45.375,1.4904999999999973
2025-03-25,0:00,7,1577.6401,1616.5875,38.947400000000016
2025-03-25,0:00,8,3485.2327,3673.2,187.9672999999998
2025-03-25,0:00,9,5039.4857,5104.725,65.23930000000018
2025-03-25,0:00,10,5281.6096,6069.0375,787.4279000000006
2025-03-25,0:00,11,5925.3718,6806.5875,881.2156999999997
2025-03-25,0:00,12,6851.1628,7694.025,842.8621999999996
2025-03-25,0:00,13,5999.1913,7840.3125,1841.1211999999996
2025-03-25,0:00,14,5652.054,7314.975,1662.9210000000003
2025-03-25,0:00,15,4472.8717,5098.725,625.8533000000007
2025-03-25,0:00,16,3322.1796,3750.4125,428.2329
2025-03-25,0:00,17,1577.884,1733.925,156.04099999999994
2025-03-25,0:00,18,47.4081,44.1,3.308099999999996
2025-03-25,0:00,19,0.0,0.0,0.0
2025-03-25,0:00,20,0.0,0.0,0.0
2025-03-25,0:00,21,0.0,0.0,0.0
2025-03-25,0:00,22,0.0,0.0,0.0
2025-03-25,0:00,23,0.0,0.0,0.0
2025-03-25,0:00,24,0.0,0.0,0.0
2025-03-25,6:00,1,1611.8767,1616.5875,4.710800000000063
2025-03-25,6:00,2,3703.6742,3673.2,30.47420000000011
2025-03-25,6:00,3,5210.0351,5104.725,105.3100999999997
2025-03-25,6:00,4,6090.4818,6069.0375,21.444299999999203
2025-03-25,6:00,5,7049.5735,6806.5875,242.9860000000008
2025-03-25,6:00,6,8102.0023,7694.025,407.97730000000047
2025-03-25,6:00,7,8501.301,7840.3125,660.9884999999995
2025-03-25,6:00,8,7993.7961,7314.975,678.8210999999992
2025-03-25,6:00,9,5805.7075,5098.725,706.9825000000001
2025-03-25,6:00,10,4149.3583,3750.4125,398.94579999999996
2025-03-25,6:00,11,1885.8622,1733.925,151.93720000000008
2025-03-25,6:00,12,44.6362,44.1,0.5362000000000009
2025-03-25,6:00,13,0.0,0.0,0.0
2025-03-25,6:00,14,0.0,0.0,0.0
2025-03-25,6:00,15,0.0,0.0,0.0
2025-03-25,6:00,16,0.0,0.0,0.0
2025-03-25,6:00,17,0.0,0.0,0.0
2025-03-25,6:00,18,0.0,0.0,0.0
2025-03-25,12:00,1,8030.3653,7840.3125,190.0528000000004
2025-03-25,12:00,2,7582.0853,7314.975,267.11029999999937
2025-03-25,12:00,3,5258.707,5098.725,159.98199999999997
2025-03-25,12:00,4,3716.6003,3750.4125,33.81219999999985
2025-03-25,12:00,5,1635.4413,1733.925,98.4837
2025-03-25,12:00,6,41.0666,44.1,3.0334000000000003
2025-03-25,12:00,7,0.0,0.0,0.0
2025-03-25,12:00,8,0.0,0.0,0.0
2025-03-25,12:00,9,0.0,0.0,0.0
2025-03-25,12:00,10,0.0,0.0,0.0
2025-03-25,12:00,11,0.0,0.0,0.0
2025-03-25,12:00,12,0.0,0.0,0.0
2025-03-25,18:00,1,0.0,0.0,0.0
2025-03-25,18:00,2,0.0,0.0,0.0
2025-03-25,18:00,3,0.0,0.0,0.0
2025-03-25,18:00,4,0.0,0.0,0.0
2025-03-25,18:00,5,0.0,0.0,0.0
2025-03-25,18:00,6,0.0,0.0,0.0
2025-03-26,0:00,1,0.0,0.0,0.0
2025-03-26,0:00,2,0.0,0.0,0.0
2025-03-26,0:00,3,0.0,0.0,0.0
2025-03-26,0:00,4,0.0,0.0,0.0
2025-03-26,0:00,5,0.0,0.0,0.0
2025-03-26,0:00,6,66.8762,60.7875,6.088699999999996
2025-03-26,0:00,7,1838.1562,1713.9375,124.2186999999999
2025-03-26,0:00,8,3941.7559,3508.9125,432.8434000000002
2025-03-26,0:00,9,5571.6928,5356.3125,215.3802999999998
2025-03-26,0:00,10,7915.9125,7585.1625,330.75
2025-03-26,0:00,11,8768.6625,8768.6625,0.0
2025-03-26,0:00,12,8913.0914,8638.8,274.29140000000007
2025-03-26,0:00,13,6940.5848,8125.2,1184.6152000000002
2025-03-26,0:00,14,6768.9539,7069.6875,300.73359999999957
2025-03-26,0:00,15,4180.0476,5633.85,1453.8024000000005
2025-03-26,0:00,16,2996.277,3861.3375,865.0605
2025-03-26,0:00,17,1625.831,1866.3375,240.5065000000002
2025-03-26,0:00,18,65.5087,67.5375,2.0287999999999897
2025-03-26,0:00,19,0.0,0.0,0.0
2025-03-26,0:00,20,0.0,0.0,0.0
2025-03-26,0:00,21,0.0,0.0,0.0
2025-03-26,0:00,22,0.0,0.0,0.0
2025-03-26,0:00,23,0.0,0.0,0.0
2025-03-26,0:00,24,0.0,0.0,0.0
2025-03-26,6:00,1,1703.6736,1713.9375,10.263899999999921
2025-03-26,6:00,2,3478.1579,3508.9125,30.754599999999755
2025-03-26,6:00,3,5346.1816,5356.3125,10.13090000000011
2025-03-26,6:00,4,7359.7021,7585.1625,225.46039999999994
2025-03-26,6:00,5,8492.0412,8768.6625,276.6213000000007
2025-03-26,6:00,6,8629.9719,8638.8,8.828099999998813
2025-03-26,6:00,7,7814.2386,8125.2,310.96140000000014
2025-03-26,6:00,8,6835.297,7069.6875,234.39050000000043
2025-03-26,6:00,9,5359.7698,5633.85,274.08020000000033
2025-03-26,6:00,10,3434.3745,3861.3375,426.9630000000002
2025-03-26,6:00,11,1735.2883,1866.3375,131.04920000000016
2025-03-26,6:00,12,63.8219,67.5375,3.715599999999995
2025-03-26,6:00,13,0.0,0.0,0.0
2025-03-26,6:00,14,0.0,0.0,0.0
2025-03-26,6:00,15,0.0,0.0,0.0
2025-03-26,6:00,16,0.0,0.0,0.0
2025-03-26,6:00,17,0.0,0.0,0.0
2025-03-26,6:00,18,0.0,0.0,0.0
2025-03-26,12:00,1,8186.4703,8125.2,61.270300000000134
2025-03-26,12:00,2,7101.746,7069.6875,32.058500000000095
2025-03-26,12:00,3,5581.1355,5633.85,52.714500000000044
2025-03-26,12:00,4,3708.9573,3861.3375,152.38020000000006
2025-03-26,12:00,5,1776.2273,1866.3375,90.11020000000008
2025-03-26,12:00,6,65.7754,67.5375,1.7620999999999896
2025-03-26,12:00,7,0.0,0.0,0.0
2025-03-26,12:00,8,0.0,0.0,0.0
2025-03-26,12:00,9,0.0,0.0,0.0
2025-03-26,12:00,10,0.0,0.0,0.0
2025-03-26,12:00,11,0.0,0.0,0.0
2025-03-26,12:00,12,0.0,0.0,0.0
2025-03-26,18:00,1,0.0,0.0,0.0
2025-03-26,18:00,2,0.0,0.0,0.0
2025-03-26,18:00,3,0.0,0.0,0.0
2025-03-26,18:00,4,0.0,0.0,0.0
2025-03-26,18:00,5,0.0,0.0,0.0
2025-03-26,18:00,6,0.0,0.0,0.0
2025-03-27,0:00,1,0.0,0.0,0.0
2025-03-27,0:00,2,0.0,0.0,0.0
2025-03-27,0:00,3,0.0,0.0,0.0
2025-03-27,0:00,4,0.0,0.0,0.0
2025-03-27,0:00,5,0.0,0.0,0.0
2025-03-27,0:00,6,79.4132,85.5375,6.124299999999991
2025-03-27,0:00,7,1589.1107,1706.25,117.13930000000005
2025-03-27,0:00,8,3584.2465,3814.5375,230.2909999999997
2025-03-27,0:00,9,4751.4554,5109.45,357.9946
2025-03-27,0:00,10,6365.5463,6917.4375,551.8912
2025-03-27,0:00,11,7261.1966,7558.65,297.4533999999994
2025-03-27,0:00,12,8785.5787,8662.0125,123.5661999999993
2025-03-27,0:00,13,6965.5241,7408.5,442.97590000000037
2025-03-27,0:00,14,6010.3907,6703.9125,693.5218000000004
2025-03-27,0:00,15,5116.8112,5510.1375,393.3262999999997
2025-03-27,0:00,16,3398.1058,3477.975,79.86920000000009
2025-03-27,0:00,17,1708.0712,1685.5125,22.558700000000044
2025-03-27,0:00,18,83.1224,84.8625,1.7400999999999982
2025-03-27,0:00,19,0.0,0.0,0.0
2025-03-27,0:00,20,0.0,0.0,0.0
2025-03-27,0:00,21,0.0,0.0,0.0
2025-03-27,0:00,22,0.0,0.0,0.0
2025-03-27,0:00,23,0.0,0.0,0.0
2025-03-27,0:00,24,0.0,0.0,0.0
2025-03-27,6:00,1,1725.6972,1706.25,19.447200000000066
2025-03-27,6:00,2,3960.941,3814.5375,146.4034999999999
2025-03-27,6:00,3,5304.4273,5109.45,194.97730000000047
2025-03-27,6:00,4,7298.3512,6917.4375,380.91370000000006
2025-03-27,6:00,5,8006.5268,7558.65,447.8768
2025-03-27,6:00,6,8853.6051,8662.0125,191.59259999999995
2025-03-27,6:00,7,7250.2352,7408.5,158.26479999999992
2025-03-27,6:00,8,6436.4301,6703.9125,267.4824000000008
2025-03-27,6:00,9,4816.3231,5510.1375,693.8144000000002
2025-03-27,6:00,10,3051.6862,3477.975,426.2887999999998
2025-03-27,6:00,11,1420.528,1685.5125,264.9845
2025-03-27,6:00,12,67.5204,84.8625,17.342100000000002
2025-03-27,6:00,13,0.0,0.0,0.0
2025-03-27,6:00,14,0.0,0.0,0.0
2025-03-27,6:00,15,0.0,0.0,0.0
2025-03-27,6:00,16,0.0,0.0,0.0
2025-03-27,6:00,17,0.0,0.0,0.0
2025-03-27,6:00,18,0.0,0.0,0.0
2025-03-27,12:00,1,7475.6289,7408.5,67.1288999999997
2025-03-27,12:00,2,6800.3096,6703.9125,96.39709999999923
2025-03-27,12:00,3,5628.6475,5510.1375,118.51000000000022
2025-03-27,12:00,4,3594.082,3477.975,116.10699999999997
2025-03-27,12:00,5,1722.1398,1685.5125,36.62729999999988
2025-03-27,12:00,6,87.0048,84.8625,2.142300000000006
2025-03-27,12:00,7,0.0,0.0,0.0
2025-03-27,12:00,8,0.0,0.0,0.0
2025-03-27,12:00,9,0.0,0.0,0.0
2025-03-27,12:00,10,0.0,0.0,0.0
2025-03-27,12:00,11,0.0,0.0,0.0
2025-03-27,12:00,12,0.0,0.0,0.0
2025-03-27,18:00,1,0.0,0.0,0.0
2025-03-27,18:00,2,0.0,0.0,0.0
2025-03-27,18:00,3,0.0,0.0,0.0
2025-03-27,18:00,4,0.0,0.0,0.0
2025-03-27,18:00,5,0.0,0.0,0.0
2025-03-27,18:00,6,0.0,0.0,0.0
2025-03-28,0:00,1,0.0,0.0,0.0
2025-03-28,0:00,2,0.0,0.0,0.0
2025-03-28,0:00,3,0.0,0.0,0.0
2025-03-28,0:00,4,0.0,0.0,0.0
2025-03-28,0:00,5,0.0,0.0,0.0
2025-03-28,0:00,6,99.5306,108.45,8.919399999999996
2025-03-28,0:00,7,1532.92,1702.875,169.95499999999993
2025-03-28,0:00,8,2839.5876,3369.75,530.1624000000002
2025-03-28,0:00,9,4457.0265,5381.1375,924.1109999999999
2025-03-28,0:00,10,5569.4272,6877.8,1308.3728
2025-03-28,0:00,11,6892.7403,8179.875,1287.1346999999996
2025-03-28,0:00,12,8439.6609,8901.8625,462.2015999999985
2025-03-28,0:00,13,8142.3184,8031.3,111.01839999999993
2025-03-28,0:00,14,7914.5764,7109.475,805.1013999999996
2025-03-28,0:00,15,6255.8625,5598.0,657.8625000000002
2025-03-28,0:00,16,4127.9536,3887.925,240.02859999999964
2025-03-28,0:00,17,1578.6515,1729.6875,151.03600000000006
2025-03-28,0:00,18,92.0976,109.7625,17.664900000000003
2025-03-28,0:00,19,0.0,0.0,0.0
2025-03-28,0:00,20,0.0,0.0,0.0
2025-03-28,0:00,21,0.0,0.0,0.0
2025-03-28,0:00,22,0.0,0.0,0.0
2025-03-28,0:00,23,0.0,0.0,0.0
2025-03-28,0:00,24,0.0,0.0,0.0
2025-03-28,6:00,1,1687.102,1702.875,15.77299999999991
2025-03-28,6:00,2,3325.2063,3369.75,44.54370000000017
2025-03-28,6:00,3,5282.4753,5381.1375,98.66219999999976
2025-03-28,6:00,4,6930.4076,6877.8,52.607599999999366
2025-03-28,6:00,5,8136.1953,8179.875,43.679699999999684
2025-03-28,6:00,6,8974.575,8901.8625,72.71250000000146
2025-03-28,6:00,7,8693.6414,8031.3,662.3414000000002
2025-03-28,6:00,8,7592.982,7109.475,483.5069999999996
2025-03-28,6:00,9,5650.2209,5598.0,52.220900000000256
2025-03-28,6:00,10,4058.0826,3887.925,170.1576
2025-03-28,6:00,11,1734.578,1729.6875,4.8904999999999745
2025-03-28,6:00,12,110.6636,109.7625,0.9010999999999996
2025-03-28,6:00,13,0.0,0.0,0.0
2025-03-28,6:00,14,0.0,0.0,0.0
2025-03-28,6:00,15,0.0,0.0,0.0
2025-03-28,6:00,16,0.0,0.0,0.0
2025-03-28,6:00,17,0.0,0.0,0.0
2025-03-28,6:00,18,0.0,0.0,0.0
2025-03-28,12:00,1,8100.6035,8031.3,69.30349999999999
2025-03-28,12:00,2,7203.9201,7109.475,94.44509999999991
2025-03-28,12:00,3,5611.1021,5598.0,13.102100000000064
2025-03-28,12:00,4,3984.9178,3887.925,96.99279999999999
2025-03-28,12:00,5,1688.5465,1729.6875,41.141000000000076
2025-03-28,12:00,6,101.2844,109.7625,8.478099999999998
2025-03-28,12:00,7,0.0,0.0,0.0
2025-03-28,12:00,8,0.0,0.0,0.0
2025-03-28,12:00,9,0.0,0.0,0.0
2025-03-28,12:00,10,0.0,0.0,0.0
2025-03-28,12:00,11,0.0,0.0,0.0
2025-03-28,12:00,12,0.0,0.0,0.0
2025-03-28,18:00,1,0.0,0.0,0.0
2025-03-28,18:00,2,0.0,0.0,0.0
2025-03-28,18:00,3,0.0,0.0,0.0
2025-03-28,18:00,4,0.0,0.0,0.0
2025-03-28,18:00,5,0.0,0.0,0.0
2025-03-28,18:00,6,0.0,0.0,0.0
2025-03-29,0:00,1,0.0,0.0,0.0
2025-03-29,0:00,2,0.0,0.0,0.0
2025-03-29,0:00,3,0.0,0.0,0.0
2025-03-29,0:00,4,0.0,0.0,0.0
2025-03-29,0:00,5,0.0,0.0,0.0
2025-03-29,0:00,6,126.2132,131.475,5.261799999999994
2025-03-29,0:00,7,1629.9508,1800.6,170.64919999999984
2025-03-29,0:00,8,3850.3836,3958.0125,107.6288999999997
2025-03-29,0:00,9,4890.9824,5687.8875,796.9051
2025-03-29,0:00,10,6434.914,6987.375,552.4610000000002
2025-03-29,0:00,11,8022.6162,8585.775,563.1587999999992
2025-03-29,0:00,12,8974.575,8863.2375,111.33750000000146
2025-03-29,0:00,13,8750.0286,8522.6625,227.36609999999928
2025-03-29,0:00,14,8125.1625,8057.7,67.46250000000055
2025-03-29,0:00,15,6255.8625,6228.0,27.862500000000182
2025-03-29,0:00,16,4073.6467,3651.0,422.6466999999998
2025-03-29,0:00,17,2046.2531,1765.6875,280.5655999999999
2025-03-29,0:00,18,143.5194,132.0375,11.481899999999996
2025-03-29,0:00,19,0.0,0.0,0.0
2025-03-29,0:00,20,0.0,0.0,0.0
2025-03-29,0:00,21,0.0,0.0,0.0
2025-03-29,0:00,22,0.0,0.0,0.0
2025-03-29,0:00,23,0.0,0.0,0.0
2025-03-29,0:00,24,0.0,0.0,0.0
2025-03-29,6:00,1,1796.7158,1800.6,3.8841999999999643
2025-03-29,6:00,2,3938.7499,3958.0125,19.26260000000002
2025-03-29,6:00,3,5651.6116,5687.8875,36.27589999999964
2025-03-29,6:00,4,6969.0885,6987.375,18.28650000000016
2025-03-29,6:00,5,8678.0017,8585.775,92.22670000000107
2025-03-29,6:00,6,8974.575,8863.2375,111.33750000000146
2025-03-29,6:00,7,9063.7279,8522.6625,541.0653999999995
2025-03-29,6:00,8,8125.1625,8057.7,67.46250000000055
2025-03-29,6:00,9,6255.8625,6228.0,27.862500000000182
2025-03-29,6:00,10,3772.6372,3651.0,121.63720000000012
2025-03-29,6:00,11,1699.6149,1765.6875,66.07259999999997
2025-03-29,6:00,12,117.6351,132.0375,14.4024
2025-03-29,6:00,13,0.0,0.0,0.0
2025-03-29,6:00,14,0.0,0.0,0.0
2025-03-29,6:00,15,0.0,0.0,0.0
2025-03-29,6:00,16,0.0,0.0,0.0
2025-03-29,6:00,17,0.0,0.0,0.0
2025-03-29,6:00,18,0.0,0.0,0.0
2025-03-29,12:00,1,8367.9577,8522.6625,154.70479999999952
2025-03-29,12:00,2,7900.8853,8057.7,156.8146999999999
2025-03-29,12:00,3,6120.2871,6228.0,107.71290000000045
2025-03-29,12:00,4,3602.1085,3651.0,48.89150000000018
2025-03-29,12:00,5,1787.5463,1765.6875,21.858799999999974
2025-03-29,12:00,6,139.7233,132.0375,7.6858
2025-03-29,12:00,7,0.0,0.0,0.0
2025-03-29,12:00,8,0.0,0.0,0.0
2025-03-29,12:00,9,0.0,0.0,0.0
2025-03-29,12:00,10,0.0,0.0,0.0
2025-03-29,12:00,11,0.0,0.0,0.0
2025-03-29,12:00,12,0.0,0.0,0.0
2025-03-29,18:00,1,0.0,0.0,0.0
2025-03-29,18:00,2,0.0,0.0,0.0
2025-03-29,18:00,3,0.0,0.0,0.0
2025-03-29,18:00,4,0.0,0.0,0.0
2025-03-29,18:00,5,0.0,0.0,0.0
2025-03-29,18:00,6,0.0,0.0,0.0
2025-03-30,0:00,1,0.0,0.0,0.0
2025-03-30,0:00,2,0.0,0.0,0.0
2025-03-30,0:00,3,0.0,0.0,0.0
2025-03-30,0:00,4,0.0,0.0,0.0
2025-03-30,0:00,5,0.0,0.0,0.0
2025-03-30,0:00,6,158.2357,142.8375,15.398200000000003
2025-03-30,0:00,7,2274.1535,2021.6625,252.49099999999999
2025-03-30,0:00,8,3918.2456,3862.95,55.29560000000038
2025-03-30,0:00,9,4777.7647,5351.625,573.8603000000003
2025-03-30,0:00,10,6047.3677,7008.7125,961.3447999999999
2025-03-30,0:00,11,6972.9912,8312.4,1339.4087999999992
2025-03-30,0:00,12,6951.6683,8612.625,1660.9566999999997
2025-03-30,0:00,13,7538.5639,8596.95,1058.3861000000006
2025-03-30,0:00,14,7037.8067,7213.1625,175.35580000000027
2025-03-30,0:00,15,5352.6328,5488.5,135.86719999999968
2025-03-30,0:00,16,3552.1544,3965.55,413.3956000000003
2025-03-30,0:00,17,1711.583,1934.8875,223.30449999999996
2025-03-30,0:00,18,155.8162,149.5875,6.2287000000000035
2025-03-30,0:00,19,0.0,0.0,0.0
2025-03-30,0:00,20,0.0,0.0,0.0
2025-03-30,0:00,21,0.0,0.0,0.0
2025-03-30,0:00,22,0.0,0.0,0.0
2025-03-30,0:00,23,0.0,0.0,0.0
2025-03-30,0:00,24,0.0,0.0,0.0
2025-03-30,6:00,1,2013.1694,2021.6625,8.493099999999913
2025-03-30,6:00,2,3835.6923,3862.95,27.25769999999966
2025-03-30,6:00,3,5381.296,5351.625,29.671000000000276
2025-03-30,6:00,4,7327.4292,7008.7125,318.71669999999995
2025-03-30,6:00,5,8575.025,8312.4,262.625
2025-03-30,6:00,6,8749.9259,8612.625,137.30090000000018
2025-03-30,6:00,7,8994.9907,8596.95,398.04069999999956
2025-03-30,6:00,8,7118.5223,7213.1625,94.64020000000073
2025-03-30,6:00,9,5485.6386,5488.5,2.861399999999776
2025-03-30,6:00,10,3957.6324,3965.55,7.9176000000002205
2025-03-30,6:00,11,2053.2264,1934.8875,118.33889999999997
2025-03-30,6:00,12,148.2344,149.5875,1.353100000000012
2025-03-30,6:00,13,0.0,0.0,0.0
2025-03-30,6:00,14,0.0,0.0,0.0
2025-03-30,6:00,15,0.0,0.0,0.0
2025-03-30,6:00,16,0.0,0.0,0.0
2025-03-30,6:00,17,0.0,0.0,0.0
2025-03-30,6:00,18,0.0,0.0,0.0
2025-03-30,12:00,1,8696.7034,8596.95,99.7533999999996
2025-03-30,12:00,2,7440.7106,7213.1625,227.54809999999998
2025-03-30,12:00,3,5764.6394,5488.5,276.1394
2025-03-30,12:00,4,4203.3799,3965.55,237.82989999999972
2025-03-30,12:00,5,2030.1915,1934.8875,95.30399999999986
2025-03-30,12:00,6,164.7639,149.5875,15.176400000000001
2025-03-30,12:00,7,0.0,0.0,0.0
2025-03-30,12:00,8,0.0,0.0,0.0
2025-03-30,12:00,9,0.0,0.0,0.0
2025-03-30,12:00,10,0.0,0.0,0.0
2025-03-30,12:00,11,0.0,0.0,0.0
2025-03-30,12:00,12,0.0,0.0,0.0
2025-03-30,18:00,1,0.0,0.0,0.0
2025-03-30,18:00,2,0.0,0.0,0.0
2025-03-30,18:00,3,0.0,0.0,0.0
2025-03-30,18:00,4,0.0,0.0,0.0
2025-03-30,18:00,5,0.0,0.0,0.0
2025-03-30,18:00,6,0.0,0.0,0.0
2025-03-31,0:00,1,0.0,0.0,0.0
2025-03-31,0:00,2,0.0,0.0,0.0
2025-03-31,0:00,3,0.0,0.0,0.0
2025-03-31,0:00,4,0.0,0.0,0.0
2025-03-31,0:00,5,0.0,0.0,0.0
2025-03-31,0:00,6,183.0874,175.0875,7.999899999999997
2025-03-31,0:00,7,2125.3816,1990.9875,134.3941000000002
2025-03-31,0:00,8,4235.2213,4053.75,181.47130000000016
2025-03-31,0:00,9,6302.6154,6135.375,167.24039999999968
2025-03-31,0:00,10,7720.561,7104.3,616.2609999999995
2025-03-31,0:00,11,8872.8,8267.7,605.0999999999985
2025-03-31,0:00,12,9025.275,8163.6,861.6749999999993
2025-03-31,0:00,13,8099.5004,7206.3375,893.1629000000003
2025-03-31,0:00,14,7318.0388,6193.875,1124.1638000000003
2025-03-31,0:00,15,5643.4244,5151.6,491.8243999999995
2025-03-31,0:00,16,3793.5581,3693.0,100.5581000000002
2025-03-31,0:00,17,1653.8323,1717.5375,63.70519999999988
2025-03-31,0:00,18,159.7266,152.4375,7.289099999999991
2025-03-31,0:00,19,0.0,0.0,0.0
2025-03-31,0:00,20,0.0,0.0,0.0
2025-03-31,0:00,21,0.0,0.0,0.0
2025-03-31,0:00,22,0.0,0.0,0.0
2025-03-31,0:00,23,0.0,0.0,0.0
2025-03-31,0:00,24,0.0,0.0,0.0
2025-03-31,6:00,1,1972.2276,1990.9875,18.759900000000016
2025-03-31,6:00,2,4025.7244,4053.75,28.02559999999994
2025-03-31,6:00,3,6071.8812,6135.375,63.49380000000019
2025-03-31,6:00,4,7142.4487,7104.3,38.148699999999735
2025-03-31,6:00,5,8404.6163,8267.7,136.91629999999896
2025-03-31,6:00,6,8161.508,8163.6,2.092000000000553
2025-03-31,6:00,7,6984.8927,7206.3375,221.4447999999993
2025-03-31,6:00,8,5557.5188,6193.875,636.3562000000002
2025-03-31,6:00,9,4241.6666,5151.6,909.9334000000008
2025-03-31,6:00,10,3047.4728,3693.0,645.5272
2025-03-31,6:00,11,1503.1091,1717.5375,214.4284
2025-03-31,6:00,12,130.4231,152.4375,22.014399999999995
2025-03-31,6:00,13,0.0,0.0,0.0
2025-03-31,6:00,14,0.0,0.0,0.0
2025-03-31,6:00,15,0.0,0.0,0.0
2025-03-31,6:00,16,0.0,0.0,0.0
2025-03-31,6:00,17,0.0,0.0,0.0
2025-03-31,6:00,18,0.0,0.0,0.0
2025-03-31,12:00,1,7354.417,7206.3375,148.07950000000073
2025-03-31,12:00,2,6420.5809,6193.875,226.70589999999993
2025-03-31,12:00,3,5374.7739,5151.6,223.17389999999978
2025-03-31,12:00,4,3926.4147,3693.0,233.4146999999998
2025-03-31,12:00,5,1799.3802,1717.5375,81.84270000000015
2025-03-31,12:00,6,150.2099,152.4375,2.2275999999999954
2025-03-31,12:00,7,0.0,0.0,0.0
2025-03-31,12:00,8,0.0,0.0,0.0
2025-03-31,12:00,9,0.0,0.0,0.0
2025-03-31,12:00,10,0.0,0.0,0.0
2025-03-31,12:00,11,0.0,0.0,0.0
2025-03-31,12:00,12,0.0,0.0,0.0
2025-03-31,18:00,1,0.0,0.0,0.0
2025-03-31,18:00,2,0.0,0.0,0.0
2025-03-31,18:00,3,0.0,0.0,0.0
2025-03-31,18:00,4,0.0,0.0,0.0
2025-03-31,18:00,5,0.0,0.0,0.0
2025-03-31,18:00,6,0.0,0.0,0.0
2025-04-01,0:00,1,0.0,0.0,0.0
2025-04-01,0:00,2,0.0,0.0,0.0
2025-04-01,0:00,3,0.0,0.0,0.0
2025-04-01,0:00,4,0.0,0.0,0.0
2025-04-01,0:00,5,0.0,0.0,0.0
2025-04-01,0:00,6,207.5384,201.9,5.63839999999999
2025-04-01,0:00,7,2031.3438,2048.9625,17.61869999999999
2025-04-01,0:00,8,3989.1199,4128.375,139.25509999999986
2025-04-01,0:00,9,5413.6097,5886.7125,473.10279999999966
2025-04-01,0:00,10,5508.4618,6393.9,885.4381999999996
2025-04-01,0:00,11,5674.5579,7141.3125,1466.7546000000002
2025-04-01,0:00,12,5633.2207,6894.4875,1261.2668000000003
2025-04-01,0:00,13,5730.3706,6900.525,1170.1543999999994
2025-04-01,0:00,14,6737.8032,6907.3125,169.5092999999997
2025-04-01,0:00,15,5836.4182,5625.525,210.89320000000043
2025-04-01,0:00,16,3817.312,3733.275,84.03699999999981
2025-04-01,0:00,17,1763.6894,1775.7,12.010600000000068
2025-04-01,0:00,18,160.1502,187.4625,27.312299999999993
2025-04-01,0:00,19,0.0,0.0,0.0
2025-04-01,0:00,20,0.0,0.0,0.0
2025-04-01,0:00,21,0.0,0.0,0.0
2025-04-01,0:00,22,0.0,0.0,0.0
2025-04-01,0:00,23,0.0,0.0,0.0
2025-04-01,0:00,24,0.0,0.0,0.0
2025-04-01,6:00,1,2036.5532,2048.9625,12.40930000000003
2025-04-01,6:00,2,4126.3477,4128.375,2.027299999999741
2025-04-01,6:00,3,5798.1076,5886.7125,88.60489999999936
2025-04-01,6:00,4,6235.0859,6393.9,158.8140999999996
2025-04-01,6:00,5,7008.8655,7141.3125,132.44700000000012
2025-04-01,6:00,6,6489.7364,6894.4875,404.7511000000004
2025-04-01,6:00,7,6472.4976,6900.525,428.02739999999994
2025-04-01,6:00,8,6056.3994,6907.3125,850.9130999999998
2025-04-01,6:00,9,5191.366,5625.525,434.15899999999965
2025-04-01,6:00,10,3557.5316,3733.275,175.7434000000003
2025-04-01,6:00,11,1822.8312,1775.7,47.131200000000035
2025-04-01,6:00,12,188.1191,187.4625,0.6565999999999974
2025-04-01,6:00,13,0.0,0.0,0.0
2025-04-01,6:00,14,0.0,0.0,0.0
2025-04-01,6:00,15,0.0,0.0,0.0
2025-04-01,6:00,16,0.0,0.0,0.0
2025-04-01,6:00,17,0.0,0.0,0.0
2025-04-01,6:00,18,0.0,0.0,0.0
2025-04-01,12:00,1,6820.5917,6900.525,79.93329999999969
2025-04-01,12:00,2,6749.519,6907.3125,157.79349999999977
2025-04-01,12:00,3,5528.6519,5625.525,96.8730999999998
2025-04-01,12:00,4,3637.9473,3733.275,95.32770000000028
2025-04-01,12:00,5,1829.0046,1775.7,53.30459999999994
2025-04-01,12:00,6,192.9985,187.4625,5.536000000000001
2025-04-01,12:00,7,0.0,0.0,0.0
2025-04-01,12:00,8,0.0,0.0,0.0
2025-04-01,12:00,9,0.0,0.0,0.0
2025-04-01,12:00,10,0.0,0.0,0.0
2025-04-01,12:00,11,0.0,0.0,0.0
2025-04-01,12:00,12,0.0,0.0,0.0
2025-04-01,18:00,1,0.0,0.0,0.0
2025-04-01,18:00,2,0.0,0.0,0.0
2025-04-01,18:00,3,0.0,0.0,0.0
2025-04-01,18:00,4,0.0,0.0,0.0
2025-04-01,18:00,5,0.0,0.0,0.0
2025-04-01,18:00,6,0.0,0.0,0.0
2025-04-02,0:00,1,0.0,0.0,0.0
2025-04-02,0:00,2,0.0,0.0,0.0
2025-04-02,0:00,3,0.0,0.0,0.0
2025-04-02,0:00,4,0.0,0.0,0.0
2025-04-02,0:00,5,0.0,0.0,0.0
2025-04-02,0:00,6,194.554,202.6125,8.05850000000001
2025-04-02,0:00,7,1964.4813,1969.4625,4.981200000000172
2025-04-02,0:00,8,3300.0341,3268.0125,32.021600000000035
2025-04-02,0:00,9,4756.2845,4951.125,194.84050000000025
2025-04-02,0:00,10,4605.6556,5500.6875,895.0319
2025-04-02,0:00,11,6502.7332,7114.05,611.3168000000005
2025-04-02,0:00,12,7092.0212,7425.825,333.8037999999997
2025-04-02,0:00,13,7331.7701,7031.8125,299.95759999999973
2025-04-02,0:00,14,7388.3461,7045.125,343.22109999999975
2025-04-02,0:00,15,6255.8625,5817.975,437.8874999999998
2025-04-02,0:00,16,4481.9625,4314.975,166.98749999999927
2025-04-02,0:00,17,2081.9585,2042.7,39.25850000000014
2025-04-02,0:00,18,246.5309,227.8125,18.718400000000003
2025-04-02,0:00,19,0.0,0.0,0.0
2025-04-02,0:00,20,0.0,0.0,0.0
2025-04-02,0:00,21,0.0,0.0,0.0
2025-04-02,0:00,22,0.0,0.0,0.0
2025-04-02,0:00,23,0.0,0.0,0.0
2025-04-02,0:00,24,0.0,0.0,0.0
2025-04-02,6:00,1,1951.8735,1969.4625,17.58900000000017
2025-04-02,6:00,2,3195.7451,3268.0125,72.26739999999972
2025-04-02,6:00,3,4841.378,4951.125,109.7470000000003
2025-04-02,6:00,4,5325.3598,5500.6875,175.32769999999982
2025-04-02,6:00,5,6909.0888,7114.05,204.96119999999974
2025-04-02,6:00,6,7239.958,7425.825,185.8670000000002
2025-04-02,6:00,7,6948.539,7031.8125,83.27350000000024
2025-04-02,6:00,8,6758.3822,7045.125,286.7428
2025-04-02,6:00,9,5792.5133,5817.975,25.461700000000747
2025-04-02,6:00,10,3888.2942,4314.975,426.68080000000054
2025-04-02,6:00,11,1908.0785,2042.7,134.62149999999997
2025-04-02,6:00,12,204.425,227.8125,23.38749999999999
2025-04-02,6:00,13,0.0,0.0,0.0
2025-04-02,6:00,14,0.0,0.0,0.0
2025-04-02,6:00,15,0.0,0.0,0.0
2025-04-02,6:00,16,0.0,0.0,0.0
2025-04-02,6:00,17,0.0,0.0,0.0
2025-04-02,6:00,18,0.0,0.0,0.0
2025-04-02,12:00,1,7059.7836,7031.8125,27.97109999999975
2025-04-02,12:00,2,7026.2988,7045.125,18.826200000000426
2025-04-02,12:00,3,5897.4929,5817.975,79.51789999999983
2025-04-02,12:00,4,4465.2943,4314.975,150.3192999999992
2025-04-02,12:00,5,2164.6309,2042.7,121.93090000000007
2025-04-02,12:00,6,242.5804,227.8125,14.767899999999997
2025-04-02,12:00,7,0.0,0.0,0.0
2025-04-02,12:00,8,0.0,0.0,0.0
2025-04-02,12:00,9,0.0,0.0,0.0
2025-04-02,12:00,10,0.0,0.0,0.0
2025-04-02,12:00,11,0.0,0.0,0.0
2025-04-02,12:00,12,0.0,0.0,0.0
2025-04-02,18:00,1,0.0,0.0,0.0
2025-04-02,18:00,2,0.0,0.0,0.0
2025-04-02,18:00,3,0.0,0.0,0.0
2025-04-02,18:00,4,0.0,0.0,0.0
2025-04-02,18:00,5,0.0,0.0,0.0
2025-04-02,18:00,6,0.0,0.0,0.0
2025-04-03,0:00,1,0.0,0.0,0.0
2025-04-03,0:00,2,0.0,0.0,0.0
2025-04-03,0:00,3,0.0,0.0,0.0
2025-04-03,0:00,4,0.0,0.0,0.0
2025-04-03,0:00,5,0.0,0.0,0.0
2025-04-03,0:00,6,206.058,219.8625,13.804500000000019
2025-04-03,0:00,7,1773.2064,1847.1375,73.93110000000001
2025-04-03,0:00,8,3180.9327,3432.2625,251.32979999999998
2025-04-03,0:00,9,4458.2687,5127.5625,669.2938000000004
2025-04-03,0:00,10,6311.4409,7224.675,913.2341000000006
2025-04-03,0:00,11,8032.0945,8315.2125,283.1179999999995
2025-04-03,0:00,12,7926.3275,8639.475,713.1475
2025-04-03,0:00,13,7831.2887,8852.925,1021.6362999999992
2025-04-03,0:00,14,5898.6141,6471.3,572.6859000000004
2025-04-03,0:00,15,5095.7849,5694.75,598.9651000000003
2025-04-03,0:00,16,2798.0589,3826.6875,1028.6286
2025-04-03,0:00,17,1520.8055,1960.875,440.06950000000006
2025-04-03,0:00,18,197.163,238.95,41.78699999999998
2025-04-03,0:00,19,0.0,0.0,0.0
2025-04-03,0:00,20,0.0,0.0,0.0
2025-04-03,0:00,21,0.0,0.0,0.0
2025-04-03,0:00,22,0.0,0.0,0.0
2025-04-03,0:00,23,0.0,0.0,0.0
2025-04-03,0:00,24,0.0,0.0,0.0
2025-04-03,6:00,1,1843.5047,1847.1375,3.6328000000000884
2025-04-03,6:00,2,3394.304,3432.2625,37.95849999999973
2025-04-03,6:00,3,5073.3138,5127.5625,54.2487000000001
2025-04-03,6:00,4,7283.9268,7224.675,59.2518
2025-04-03,6:00,5,8184.6509,8315.2125,130.5616
2025-04-03,6:00,6,8236.8527,8639.475,402.6223000000009
2025-04-03,6:00,7,8742.8045,8852.925,110.12049999999908
2025-04-03,6:00,8,6393.6594,6471.3,77.64060000000063
2025-04-03,6:00,9,5759.9182,5694.75,65.16820000000007
2025-04-03,6:00,10,3894.0775,3826.6875,67.38999999999987
2025-04-03,6:00,11,1972.5236,1960.875,11.648599999999988
2025-04-03,6:00,12,240.4557,238.95,1.5057000000000187
2025-04-03,6:00,13,0.0,0.0,0.0
2025-04-03,6:00,14,0.0,0.0,0.0
2025-04-03,6:00,15,0.0,0.0,0.0
2025-04-03,6:00,16,0.0,0.0,0.0
2025-04-03,6:00,17,0.0,0.0,0.0
2025-04-03,6:00,18,0.0,0.0,0.0
2025-04-03,12:00,1,8766.7916,8852.925,86.1333999999988
2025-04-03,12:00,2,6380.6879,6471.3,90.61210000000028
2025-04-03,12:00,3,5538.5692,5694.75,156.1808000000001
2025-04-03,12:00,4,3709.0206,3826.6875,117.66690000000017
2025-04-03,12:00,5,1870.1478,1960.875,90.72720000000004
2025-04-03,12:00,6,235.3875,238.95,3.5625
2025-04-03,12:00,7,0.0,0.0,0.0
2025-04-03,12:00,8,0.0,0.0,0.0
2025-04-03,12:00,9,0.0,0.0,0.0
2025-04-03,12:00,10,0.0,0.0,0.0
2025-04-03,12:00,11,0.0,0.0,0.0
2025-04-03,12:00,12,0.0,0.0,0.0
2025-04-03,18:00,1,0.0,0.0,0.0
2025-04-03,18:00,2,0.0,0.0,0.0
2025-04-03,18:00,3,0.0,0.0,0.0
2025-04-03,18:00,4,0.0,0.0,0.0
2025-04-03,18:00,5,0.0,0.0,0.0
2025-04-03,18:00,6,0.0,0.0,0.0
2025-04-04,0:00,1,0.0,0.0,0.0
2025-04-04,0:00,2,0.0,0.0,0.0
2025-04-04,0:00,3,0.0,0.0,0.0
2025-04-04,0:00,4,0.0,0.0,0.0
2025-04-04,0:00,5,0.0,0.0,0.0
2025-04-04,0:00,6,261.0242,251.4375,9.586700000000008
2025-04-04,0:00,7,1891.7416,1949.925,58.18339999999989
2025-04-04,0:00,8,3759.0319,3834.225,75.19309999999996
2025-04-04,0:00,9,5012.1731,5455.9125,443.7394000000004
2025-04-04,0:00,10,6495.5214,7193.4375,697.9161000000004
2025-04-04,0:00,11,8219.1388,8268.7875,49.648699999999735
2025-04-04,0:00,12,8568.6238,8440.35,128.27379999999903
2025-04-04,0:00,13,9098.625,8824.1625,274.46249999999964
2025-04-04,0:00,14,8230.4625,7948.725,281.7374999999993
2025-04-04,0:00,15,6255.8625,6239.1,16.762499999999818
2025-04-04,0:00,16,3966.0689,4085.4,119.33109999999988
2025-04-04,0:00,17,2091.5184,2029.2,62.31839999999988
2025-04-04,0:00,18,273.9721,290.025,16.052899999999966
2025-04-04,0:00,19,0.0,0.0,0.0
2025-04-04,0:00,20,0.0,0.0,0.0
2025-04-04,0:00,21,0.0,0.0,0.0
2025-04-04,0:00,22,0.0,0.0,0.0
2025-04-04,0:00,23,0.0,0.0,0.0
2025-04-04,0:00,24,0.0,0.0,0.0
2025-04-04,6:00,1,1970.3005,1949.925,20.375500000000102
2025-04-04,6:00,2,3895.0006,3834.225,60.77559999999994
2025-04-04,6:00,3,5585.3507,5455.9125,129.4381999999996
2025-04-04,6:00,4,7473.0921,7193.4375,279.65459999999985
2025-04-04,6:00,5,8872.8,8268.7875,604.0124999999989
2025-04-04,6:00,6,9025.275,8440.35,584.9249999999993
2025-04-04,6:00,7,9098.625,8824.1625,274.46249999999964
2025-04-04,6:00,8,8230.4625,7948.725,281.7374999999993
2025-04-04,6:00,9,6255.8625,6239.1,16.762499999999818
2025-04-04,6:00,10,4481.9625,4085.4,396.56249999999955
2025-04-04,6:00,11,2307.7878,2029.2,278.5878
2025-04-04,6:00,12,335.3615,290.025,45.3365
2025-04-04,6:00,13,0.0,0.0,0.0
2025-04-04,6:00,14,0.0,0.0,0.0
2025-04-04,6:00,15,0.0,0.0,0.0
2025-04-04,6:00,16,0.0,0.0,0.0
2025-04-04,6:00,17,0.0,0.0,0.0
2025-04-04,6:00,18,0.0,0.0,0.0
2025-04-04,12:00,1,8756.6851,8824.1625,67.47739999999976
2025-04-04,12:00,2,7864.2202,7948.725,84.50480000000061
2025-04-04,12:00,3,6168.7475,6239.1,70.35249999999996
2025-04-04,12:00,4,4011.4756,4085.4,73.92439999999988
2025-04-04,12:00,5,2010.2063,2029.2,18.99369999999999
2025-04-04,12:00,6,294.3461,290.025,4.321100000000001
2025-04-04,12:00,7,0.0,0.0,0.0
2025-04-04,12:00,8,0.0,0.0,0.0
2025-04-04,12:00,9,0.0,0.0,0.0
2025-04-04,12:00,10,0.0,0.0,0.0
2025-04-04,12:00,11,0.0,0.0,0.0
2025-04-04,12:00,12,0.0,0.0,0.0
2025-04-04,18:00,1,0.0,0.0,0.0
2025-04-04,18:00,2,0.0,0.0,0.0
2025-04-04,18:00,3,0.0,0.0,0.0
2025-04-04,18:00,4,0.0,0.0,0.0
2025-04-04,18:00,5,0.0,0.0,0.0
2025-04-04,18:00,6,0.0,0.0,0.0
2025-04-05,0:00,1,0.0,0.0,0.0
2025-04-05,0:00,2,0.0,0.0,0.0
2025-04-05,0:00,3,0.0,0.0,0.0
2025-04-05,0:00,4,0.0,0.0,0.0
2025-04-05,0:00,5,0.0,0.0,0.0
2025-04-05,0:00,6,313.9234,289.725,24.198399999999992
2025-04-05,0:00,7,2197.2841,2091.4125,105.87159999999994
2025-04-05,0:00,8,4105.2009,3982.95,122.2509
2025-04-05,0:00,9,5519.9865,5590.4625,70.47599999999966
2025-04-05,0:00,10,6182.5767,6618.75,436.1733000000004
2025-04-05,0:00,11,6830.6002,7001.1375,170.53729999999996
2025-04-05,0:00,12,8102.811,8419.8375,317.02649999999994
2025-04-05,0:00,13,8815.0852,8333.1,481.98519999999917
2025-04-05,0:00,14,8052.2199,7025.1,1027.1198999999997
2025-04-05,0:00,15,6387.6375,5362.9875,1024.6499999999996
2025-04-05,0:00,16,4154.3379,3744.1125,410.22540000000026
2025-04-05,0:00,17,2191.1948,2008.9875,182.20730000000026
2025-04-05,0:00,18,283.9802,279.975,4.005200000000002
2025-04-05,0:00,19,0.0,0.0,0.0
2025-04-05,0:00,20,0.0,0.0,0.0
2025-04-05,0:00,21,0.0,0.0,0.0
2025-04-05,0:00,22,0.0,0.0,0.0
2025-04-05,0:00,23,0.0,0.0,0.0
2025-04-05,0:00,24,0.0,0.0,0.0
2025-04-05,6:00,1,2081.6369,2091.4125,9.77559999999994
2025-04-05,6:00,2,4003.9715,3982.95,21.021500000000287
2025-04-05,6:00,3,5532.6431,5590.4625,57.819399999999405
2025-04-05,6:00,4,6746.9014,6618.75,128.15139999999974
2025-04-05,6:00,5,7284.0976,7001.1375,282.96010000000024
2025-04-05,6:00,6,9025.275,8419.8375,605.4375
2025-04-05,6:00,7,8706.692,8333.1,373.59199999999873
2025-04-05,6:00,8,7294.6498,7025.1,269.5497999999998
2025-04-05,6:00,9,5733.6086,5362.9875,370.6210999999994
2025-04-05,6:00,10,4001.7531,3744.1125,257.6405999999997
2025-04-05,6:00,11,2207.378,2008.9875,198.3905000000002
2025-04-05,6:00,12,316.8042,279.975,36.82919999999996
2025-04-05,6:00,13,0.0,0.0,0.0
2025-04-05,6:00,14,0.0,0.0,0.0
2025-04-05,6:00,15,0.0,0.0,0.0
2025-04-05,6:00,16,0.0,0.0,0.0
2025-04-05,6:00,17,0.0,0.0,0.0
2025-04-05,6:00,18,0.0,0.0,0.0
2025-04-05,12:00,1,8423.5816,8333.1,90.48159999999916
2025-04-05,12:00,2,7314.2575,7025.1,289.15749999999935
2025-04-05,12:00,3,5657.1093,5362.9875,294.1217999999999
2025-04-05,12:00,4,3915.0479,3744.1125,170.93539999999985
2025-04-05,12:00,5,2134.6785,2008.9875,125.69100000000003
2025-04-05,12:00,6,315.1706,279.975,35.195599999999956
2025-04-05,12:00,7,0.0,0.0,0.0
2025-04-05,12:00,8,0.0,0.0,0.0
2025-04-05,12:00,9,0.0,0.0,0.0
2025-04-05,12:00,10,0.0,0.0,0.0
2025-04-05,12:00,11,0.0,0.0,0.0
2025-04-05,12:00,12,0.0,0.0,0.0
2025-04-05,18:00,1,0.0,0.0,0.0
2025-04-05,18:00,2,0.0,0.0,0.0
2025-04-05,18:00,3,0.0,0.0,0.0
2025-04-05,18:00,4,0.0,0.0,0.0
2025-04-05,18:00,5,0.0,0.0,0.0
2025-04-05,18:00,6,0.0,0.0,0.0
2025-04-06,0:00,1,0.0,0.0,0.0
2025-04-06,0:00,2,0.0,0.0,0.0
2025-04-06,0:00,3,0.0,0.0,0.0
2025-04-06,0:00,4,0.0,0.0,0.0
2025-04-06,0:00,5,0.0,0.0,0.0
2025-04-06,0:00,6,314.572,305.0625,9.509500000000003
2025-04-06,0:00,7,1895.575,1955.55,59.97499999999991
2025-04-06,0:00,8,3645.9565,3688.1625,42.20600000000013
2025-04-06,0:00,9,5660.6033,5640.1875,20.415799999999763
2025-04-06,0:00,10,6772.3392,7216.3125,443.97329999999965
2025-04-06,0:00,11,7191.4926,7909.65,718.1574
2025-04-06,0:00,12,6966.6833,8145.15,1178.4667
2025-04-06,0:00,13,7930.1943,8601.1875,670.9931999999999
2025-04-06,0:00,14,6227.1822,7056.2625,829.0802999999996
2025-04-06,0:00,15,5430.8221,5537.7,106.8778999999995
2025-04-06,0:00,16,3928.8826,3932.7375,3.8549000000002707
2025-04-06,0:00,17,2407.879,2110.8,297.0789999999997
2025-04-06,0:00,18,339.6103,297.4125,42.19779999999997
2025-04-06,0:00,19,0.0,0.0,0.0
2025-04-06,0:00,20,0.0,0.0,0.0
2025-04-06,0:00,21,0.0,0.0,0.0
2025-04-06,0:00,22,0.0,0.0,0.0
2025-04-06,0:00,23,0.0,0.0,0.0
2025-04-06,0:00,24,0.0,0.0,0.0
2025-04-06,6:00,1,1972.649,1955.55,17.098999999999933
2025-04-06,6:00,2,3699.4504,3688.1625,11.287900000000263
2025-04-06,6:00,3,5598.6615,5640.1875,41.52599999999984
2025-04-06,6:00,4,7203.4709,7216.3125,12.841599999999744
2025-04-06,6:00,5,8091.6321,7909.65,181.98210000000017
2025-04-06,6:00,6,8376.907,8145.15,231.7569999999996
2025-04-06,6:00,7,9060.1375,8601.1875,458.9500000000007
2025-04-06,6:00,8,7471.31,7056.2625,415.0475000000006
2025-04-06,6:00,9,5682.1558,5537.7,144.45580000000064
2025-04-06,6:00,10,4162.503,3932.7375,229.76549999999952
2025-04-06,6:00,11,2163.7822,2110.8,52.98219999999992
2025-04-06,6:00,12,282.6948,297.4125,14.717700000000036
2025-04-06,6:00,13,0.0,0.0,0.0
2025-04-06,6:00,14,0.0,0.0,0.0
2025-04-06,6:00,15,0.0,0.0,0.0
2025-04-06,6:00,16,0.0,0.0,0.0
2025-04-06,6:00,17,0.0,0.0,0.0
2025-04-06,6:00,18,0.0,0.0,0.0
2025-04-06,12:00,1,8624.586,8601.1875,23.39849999999933
2025-04-06,12:00,2,7018.6952,7056.2625,37.567299999999705
2025-04-06,12:00,3,5436.1723,5537.7,101.52769999999964
2025-04-06,12:00,4,3713.2288,3932.7375,219.50870000000032
2025-04-06,12:00,5,1932.3499,2110.8,178.45010000000025
2025-04-06,12:00,6,276.113,297.4125,21.299500000000023
2025-04-06,12:00,7,0.0,0.0,0.0
2025-04-06,12:00,8,0.0,0.0,0.0
2025-04-06,12:00,9,0.0,0.0,0.0
2025-04-06,12:00,10,0.0,0.0,0.0
2025-04-06,12:00,11,0.0,0.0,0.0
2025-04-06,12:00,12,0.0,0.0,0.0
2025-04-06,18:00,1,0.0,0.0,0.0
2025-04-06,18:00,2,0.0,0.0,0.0
2025-04-06,18:00,3,0.0,0.0,0.0
2025-04-06,18:00,4,0.0,0.0,0.0
2025-04-06,18:00,5,0.0,0.0,0.0
2025-04-06,18:00,6,0.0,0.0,0.0
2025-04-07,0:00,1,0.0,0.0,0.0
2025-04-07,0:00,2,0.0,0.0,0.0
2025-04-07,0:00,3,0.0,0.0,0.0
2025-04-07,0:00,4,0.0,0.0,0.0
2025-04-07,0:00,5,0.0,0.0,0.0
2025-04-07,0:00,6,367.4629,376.3125,8.84960000000001
2025-04-07,0:00,7,1974.8811,2159.2875,184.40639999999985
2025-04-07,0:00,8,3701.3754,3824.2125,122.83710000000019
2025-04-07,0:00,9,5806.1291,6076.8375,270.70839999999953
2025-04-07,0:00,10,7477.7481,7915.9125,438.16440000000057
2025-04-07,0:00,11,8435.6934,8709.375,273.6815999999999
2025-04-07,0:00,12,8487.8912,7822.275,665.6162000000004
2025-04-07,0:00,13,7990.9893,7199.8125,791.1768000000002
2025-04-07,0:00,14,8230.4625,6967.575,1262.8874999999998
2025-04-07,0:00,15,6387.6375,5327.2875,1060.3499999999995
2025-04-07,0:00,16,4585.275,3995.4375,589.8374999999996
2025-04-07,0:00,17,2475.8664,2155.95,319.91640000000007
2025-04-07,0:00,18,313.4846,311.775,1.709600000000023
2025-04-07,0:00,19,0.0,0.0,0.0
2025-04-07,0:00,20,0.0,0.0,0.0
2025-04-07,0:00,21,0.0,0.0,0.0
2025-04-07,0:00,22,0.0,0.0,0.0
2025-04-07,0:00,23,0.0,0.0,0.0
2025-04-07,0:00,24,0.0,0.0,0.0
2025-04-07,6:00,1,2190.8662,2159.2875,31.578700000000026
2025-04-07,6:00,2,3942.3337,3824.2125,118.12120000000004
2025-04-07,6:00,3,6322.3908,6076.8375,245.5533000000005
2025-04-07,6:00,4,8243.9815,7915.9125,328.0689999999995
2025-04-07,6:00,5,8872.8,8709.375,163.42499999999927
2025-04-07,6:00,6,7917.4499,7822.275,95.17489999999998
2025-04-07,6:00,7,7227.8934,7199.8125,28.08089999999993
2025-04-07,6:00,8,6776.9186,6967.575,190.65639999999985
2025-04-07,6:00,9,5200.2044,5327.2875,127.08310000000074
2025-04-07,6:00,10,3746.7618,3995.4375,248.67569999999978
2025-04-07,6:00,11,2116.8653,2155.95,39.084699999999884
2025-04-07,6:00,12,263.1481,311.775,48.62689999999998
2025-04-07,6:00,13,0.0,0.0,0.0
2025-04-07,6:00,14,0.0,0.0,0.0
2025-04-07,6:00,15,0.0,0.0,0.0
2025-04-07,6:00,16,0.0,0.0,0.0
2025-04-07,6:00,17,0.0,0.0,0.0
2025-04-07,6:00,18,0.0,0.0,0.0
2025-04-07,12:00,1,7259.1302,7199.8125,59.317699999999604
2025-04-07,12:00,2,7108.4353,6967.575,140.86030000000028
2025-04-07,12:00,3,5422.8153,5327.2875,95.52779999999984
2025-04-07,12:00,4,4070.3048,3995.4375,74.86729999999989
2025-04-07,12:00,5,2249.926,2155.95,93.97600000000011
2025-04-07,12:00,6,318.8057,311.775,7.030700000000024
2025-04-07,12:00,7,0.0,0.0,0.0
2025-04-07,12:00,8,0.0,0.0,0.0
2025-04-07,12:00,9,0.0,0.0,0.0
2025-04-07,12:00,10,0.0,0.0,0.0
2025-04-07,12:00,11,0.0,0.0,0.0
2025-04-07,12:00,12,0.0,0.0,0.0
2025-04-07,18:00,1,0.0,0.0,0.0
2025-04-07,18:00,2,0.0,0.0,0.0
2025-04-07,18:00,3,0.0,0.0,0.0
2025-04-07,18:00,4,0.0,0.0,0.0
2025-04-07,18:00,5,0.0,0.0,0.0
2025-04-07,18:00,6,0.0,0.0,0.0
2025-04-08,0:00,1,0.0,0.0,0.0
2025-04-08,0:00,2,0.0,0.0,0.0
2025-04-08,0:00,3,0.0,0.0,0.0
2025-04-08,0:00,4,0.0,0.0,0.0
2025-04-08,0:00,5,0.0,0.0,0.0
2025-04-08,0:00,6,299.3125,320.55,21.23750000000001
2025-04-08,0:00,7,1649.7187,1870.5,220.7813000000001
2025-04-08,0:00,8,3408.8421,3740.2875,331.44540000000006
2025-04-08,0:00,9,5003.2672,5457.15,453.8827999999994
2025-04-08,0:00,10,6912.6566,6989.85,77.19340000000011
2025-04-08,0:00,11,8332.0961,8209.875,122.22110000000066
2025-04-08,0:00,12,7824.1237,8678.7375,854.6137999999992
2025-04-08,0:00,13,7547.6016,8609.5875,1061.9858999999997
2025-04-08,0:00,14,6317.921,7337.2125,1019.2914999999994
2025-04-08,0:00,15,4957.5855,6070.7625,1113.1769999999997
2025-04-08,0:00,16,3240.2015,3723.0375,482.8359999999998
2025-04-08,0:00,17,1946.7494,1823.0625,123.68689999999992
2025-04-08,0:00,18,331.8966,318.4125,13.484099999999955
2025-04-08,0:00,19,0.0,0.0,0.0
2025-04-08,0:00,20,0.0,0.0,0.0
2025-04-08,0:00,21,0.0,0.0,0.0
2025-04-08,0:00,22,0.0,0.0,0.0
2025-04-08,0:00,23,0.0,0.0,0.0
2025-04-08,0:00,24,0.0,0.0,0.0
2025-04-08,6:00,1,1872.5261,1870.5,2.026100000000042
2025-04-08,6:00,2,3667.9892,3740.2875,72.29829999999993
2025-04-08,6:00,3,5300.8122,5457.15,156.33779999999933
2025-04-08,6:00,4,6860.0683,6989.85,129.78170000000046
2025-04-08,6:00,5,8058.0059,8209.875,151.8690999999999
2025-04-08,6:00,6,8438.4201,8678.7375,240.3173999999999
2025-04-08,6:00,7,8923.6778,8609.5875,314.09029999999984
2025-04-08,6:00,8,7791.6661,7337.2125,454.45360000000073
2025-04-08,6:00,9,5816.8721,6070.7625,253.89040000000023
2025-04-08,6:00,10,3573.6321,3723.0375,149.4054000000001
2025-04-08,6:00,11,1661.8227,1823.0625,161.23980000000006
2025-04-08,6:00,12,267.786,318.4125,50.62650000000002
2025-04-08,6:00,13,0.0,0.0,0.0
2025-04-08,6:00,14,0.0,0.0,0.0
2025-04-08,6:00,15,0.0,0.0,0.0
2025-04-08,6:00,16,0.0,0.0,0.0
2025-04-08,6:00,17,0.0,0.0,0.0
2025-04-08,6:00,18,0.0,0.0,0.0
2025-04-08,12:00,1,8627.5353,8609.5875,17.947799999999916
2025-04-08,12:00,2,7420.5566,7337.2125,83.34410000000025
2025-04-08,12:00,3,6177.7912,6070.7625,107.02869999999984
2025-04-08,12:00,4,3808.9653,3723.0375,85.92779999999993
2025-04-08,12:00,5,1842.3633,1823.0625,19.30079999999998
2025-04-08,12:00,6,329.7786,318.4125,11.36609999999996
2025-04-08,12:00,7,0.0,0.0,0.0
2025-04-08,12:00,8,0.0,0.0,0.0
2025-04-08,12:00,9,0.0,0.0,0.0
2025-04-08,12:00,10,0.0,0.0,0.0
2025-04-08,12:00,11,0.0,0.0,0.0
2025-04-08,12:00,12,0.0,0.0,0.0
2025-04-08,18:00,1,0.0,0.0,0.0
2025-04-08,18:00,2,0.0,0.0,0.0
2025-04-08,18:00,3,0.0,0.0,0.0
2025-04-08,18:00,4,0.0,0.0,0.0
2025-04-08,18:00,5,0.0,0.0,0.0
2025-04-08,18:00,6,0.0,0.0,0.0
2025-04-09,0:00,1,0.0,0.0,0.0
2025-04-09,0:00,2,0.0,0.0,0.0
2025-04-09,0:00,3,0.0,0.0,0.0
2025-04-09,0:00,4,0.0,0.0,0.0
2025-04-09,0:00,5,0.0,0.0,0.0
2025-04-09,0:00,6,368.6368,362.025,6.6118000000000166
2025-04-09,0:00,7,1980.2125,1997.1,16.887499999999818
2025-04-09,0:00,8,3580.1804,3594.8625,14.682099999999991
2025-04-09,0:00,9,5468.3083,5416.65,51.658300000000054
2025-04-09,0:00,10,7601.83,6874.0875,727.7425000000003
2025-04-09,0:00,11,7990.5282,7341.8625,648.6656999999996
2025-04-09,0:00,12,8162.3885,7426.5375,735.8509999999997
2025-04-09,0:00,13,7400.459,6947.5875,452.8715000000002
2025-04-09,0:00,14,6439.3437,6400.4625,38.88120000000072
2025-04-09,0:00,15,4452.5658,5218.7625,766.1966999999995
2025-04-09,0:00,16,3164.8942,3685.8,520.9058
2025-04-09,0:00,17,2379.7228,2322.075,57.64780000000019
2025-04-09,0:00,18,392.087,387.7125,4.374500000000012
2025-04-09,0:00,19,0.0,0.0,0.0
2025-04-09,0:00,20,0.0,0.0,0.0
2025-04-09,0:00,21,0.0,0.0,0.0
2025-04-09,0:00,22,0.0,0.0,0.0
2025-04-09,0:00,23,0.0,0.0,0.0
2025-04-09,0:00,24,0.0,0.0,0.0
2025-04-09,6:00,1,1996.8023,1997.1,0.29769999999984975
2025-04-09,6:00,2,3585.1439,3594.8625,9.718600000000151
2025-04-09,6:00,3,5490.8545,5416.65,74.20450000000073
2025-04-09,6:00,4,6962.8445,6874.0875,88.75700000000052
2025-04-09,6:00,5,7256.5813,7341.8625,85.28120000000035
2025-04-09,6:00,6,7523.0367,7426.5375,96.49919999999929
2025-04-09,6:00,7,7033.7353,6947.5875,86.14780000000064
2025-04-09,6:00,8,6253.4211,6400.4625,147.04140000000007
2025-04-09,6:00,9,4866.6121,5218.7625,352.15039999999954
2025-04-09,6:00,10,3706.7404,3685.8,20.940399999999954
2025-04-09,6:00,11,2288.341,2322.075,33.733999999999924
2025-04-09,6:00,12,395.8462,387.7125,8.133700000000033
2025-04-09,6:00,13,0.0,0.0,0.0
2025-04-09,6:00,14,0.0,0.0,0.0
2025-04-09,6:00,15,0.0,0.0,0.0
2025-04-09,6:00,16,0.0,0.0,0.0
2025-04-09,6:00,17,0.0,0.0,0.0
2025-04-09,6:00,18,0.0,0.0,0.0
2025-04-09,12:00,1,6974.7182,6947.5875,27.130700000000616
2025-04-09,12:00,2,6399.8047,6400.4625,0.657799999999952
2025-04-09,12:00,3,5260.1097,5218.7625,41.34720000000016
2025-04-09,12:00,4,3725.4765,3685.8,39.67650000000003
2025-04-09,12:00,5,2253.302,2322.075,68.77299999999968
2025-04-09,12:00,6,380.6646,387.7125,7.04789999999997
2025-04-09,12:00,7,0.0,0.0,0.0
2025-04-09,12:00,8,0.0,0.0,0.0
2025-04-09,12:00,9,0.0,0.0,0.0
2025-04-09,12:00,10,0.0,0.0,0.0
2025-04-09,12:00,11,0.0,0.0,0.0
2025-04-09,12:00,12,0.0,0.0,0.0
2025-04-09,18:00,1,0.0,0.0,0.0
2025-04-09,18:00,2,0.0,0.0,0.0
2025-04-09,18:00,3,0.0,0.0,0.0
2025-04-09,18:00,4,0.0,0.0,0.0
2025-04-09,18:00,5,0.0,0.0,0.0
2025-04-09,18:00,6,0.0,0.0,0.0
2025-04-10,0:00,1,0.0,0.0,0.0
2025-04-10,0:00,2,0.0,0.0,0.0
2025-04-10,0:00,3,0.0,0.0,0.0
2025-04-10,0:00,4,0.0,0.0,0.0
2025-04-10,0:00,5,0.0,0.0,0.0
2025-04-10,0:00,6,375.267,373.1625,2.104499999999973
2025-04-10,0:00,7,2179.9231,2149.95,29.97310000000016
2025-04-10,0:00,8,3731.3815,3959.6625,228.28099999999995
2025-04-10,0:00,9,5498.4275,5801.1375,302.71000000000004
2025-04-10,0:00,10,6265.5465,6518.0625,252.51599999999962
2025-04-10,0:00,11,8195.9245,8131.275,64.64949999999953
2025-04-10,0:00,12,8699.2814,8974.575,275.2936000000009
2025-04-10,0:00,13,8398.6861,8026.575,372.111100000001
2025-04-10,0:00,14,7649.4553,7462.425,187.03029999999944
2025-04-10,0:00,15,5513.2826,5657.2875,144.00490000000082
2025-04-10,0:00,16,2903.6948,3679.6875,775.9926999999998
2025-04-10,0:00,17,1379.9731,1966.6125,586.6394
2025-04-10,0:00,18,291.551,368.5125,76.9615
2025-04-10,0:00,19,0.0,0.0,0.0
2025-04-10,0:00,20,0.0,0.0,0.0
2025-04-10,0:00,21,0.0,0.0,0.0
2025-04-10,0:00,22,0.0,0.0,0.0
2025-04-10,0:00,23,0.0,0.0,0.0
2025-04-10,0:00,24,0.0,0.0,0.0
2025-04-10,6:00,1,2166.0485,2149.95,16.098500000000058
2025-04-10,6:00,2,3957.1983,3959.6625,2.4641999999998916
2025-04-10,6:00,3,5736.6321,5801.1375,64.50540000000001
2025-04-10,6:00,4,6307.6231,6518.0625,210.4394000000002
2025-04-10,6:00,5,7661.0697,8131.275,470.2052999999996
2025-04-10,6:00,6,8209.7119,8974.575,764.8631000000005
2025-04-10,6:00,7,7321.8801,8026.575,704.6948999999995
2025-04-10,6:00,8,7129.5163,7462.425,332.90869999999995
2025-04-10,6:00,9,5163.1991,5657.2875,494.08840000000055
2025-04-10,6:00,10,3370.377,3679.6875,309.31050000000005
2025-04-10,6:00,11,1823.1645,1966.6125,143.44799999999987
2025-04-10,6:00,12,362.2386,368.5125,6.273899999999969
2025-04-10,6:00,13,0.0,0.0,0.0
2025-04-10,6:00,14,0.0,0.0,0.0
2025-04-10,6:00,15,0.0,0.0,0.0
2025-04-10,6:00,16,0.0,0.0,0.0
2025-04-10,6:00,17,0.0,0.0,0.0
2025-04-10,6:00,18,0.0,0.0,0.0
2025-04-10,12:00,1,8049.0484,8026.575,22.473399999999856
2025-04-10,12:00,2,7498.1153,7462.425,35.69030000000021
2025-04-10,12:00,3,5736.6339,5657.2875,79.34639999999945
2025-04-10,12:00,4,3845.2041,3679.6875,165.51659999999993
2025-04-10,12:00,5,2091.7481,1966.6125,125.13559999999984
2025-04-10,12:00,6,403.0024,368.5125,34.489900000000034
2025-04-10,12:00,7,0.0,0.0,0.0
2025-04-10,12:00,8,0.0,0.0,0.0
2025-04-10,12:00,9,0.0,0.0,0.0
2025-04-10,12:00,10,0.0,0.0,0.0
2025-04-10,12:00,11,0.0,0.0,0.0
2025-04-10,12:00,12,0.0,0.0,0.0
2025-04-10,18:00,1,0.0,0.0,0.0
2025-04-10,18:00,2,0.0,0.0,0.0
2025-04-10,18:00,3,0.0,0.0,0.0
2025-04-10,18:00,4,0.0,0.0,0.0
2025-04-10,18:00,5,0.0,0.0,0.0
2025-04-10,18:00,6,0.0,0.0,0.0
2025-04-11,0:00,1,0.0,0.0,0.0
2025-04-11,0:00,2,0.0,0.0,0.0
2025-04-11,0:00,3,0.0,0.0,0.0
2025-04-11,0:00,4,0.0,0.0,0.0
2025-04-11,0:00,5,0.0,0.0,0.0
2025-04-11,0:00,6,424.8959,402.675,22.220899999999972
2025-04-11,0:00,7,2531.6116,2340.15,191.4616000000001
2025-04-11,0:00,8,4518.2409,3943.875,574.3658999999998
2025-04-11,0:00,9,6667.1226,5968.1625,698.9600999999993
2025-04-11,0:00,10,7324.8683,7077.4125,247.45579999999973
2025-04-11,0:00,11,8595.2606,7964.925,630.3355999999994
2025-04-11,0:00,12,9939.1864,8585.6625,1353.5239000000001
2025-04-11,0:00,13,9642.0,9098.625,543.375
2025-04-11,0:00,14,8230.4625,8125.1625,105.29999999999927
2025-04-11,0:00,15,6964.8,6255.8625,708.9375
2025-04-11,0:00,16,4771.6705,4449.975,321.6954999999998
2025-04-11,0:00,17,2440.5903,2291.4375,149.15279999999984
2025-04-11,0:00,18,498.9846,455.475,43.50959999999998
2025-04-11,0:00,19,0.0,0.0,0.0
2025-04-11,0:00,20,0.0,0.0,0.0
2025-04-11,0:00,21,0.0,0.0,0.0
2025-04-11,0:00,22,0.0,0.0,0.0
2025-04-11,0:00,23,0.0,0.0,0.0
2025-04-11,0:00,24,0.0,0.0,0.0
2025-04-11,6:00,1,2334.4134,2340.15,5.73660000000018
2025-04-11,6:00,2,3936.8836,3943.875,6.991399999999885
2025-04-11,6:00,3,5975.3702,5968.1625,7.207699999999932
2025-04-11,6:00,4,7380.3385,7077.4125,302.9259999999995
2025-04-11,6:00,5,8480.7053,7964.925,515.7802999999994
2025-04-11,6:00,6,8969.6059,8585.6625,383.9434000000001
2025-04-11,6:00,7,9600.9059,9098.625,502.28089999999975
2025-04-11,6:00,8,8230.4625,8125.1625,105.29999999999927
2025-04-11,6:00,9,6045.3386,6255.8625,210.52390000000014
2025-04-11,6:00,10,4246.1975,4449.975,203.77750000000015
2025-04-11,6:00,11,2121.8551,2291.4375,169.58239999999978
2025-04-11,6:00,12,414.3433,455.475,41.13170000000002
2025-04-11,6:00,13,0.0,0.0,0.0
2025-04-11,6:00,14,0.0,0.0,0.0
2025-04-11,6:00,15,0.0,0.0,0.0
2025-04-11,6:00,16,0.0,0.0,0.0
2025-04-11,6:00,17,0.0,0.0,0.0
2025-04-11,6:00,18,0.0,0.0,0.0
2025-04-11,12:00,1,9136.5776,9098.625,37.95260000000053
2025-04-11,12:00,2,8196.5001,8125.1625,71.33759999999893
2025-04-11,12:00,3,6417.3417,6255.8625,161.47919999999976
2025-04-11,12:00,4,4521.2166,4449.975,71.24159999999938
2025-04-11,12:00,5,2397.1735,2291.4375,105.73599999999988
2025-04-11,12:00,6,477.5317,455.475,22.056699999999978
2025-04-11,12:00,7,0.0,0.0,0.0
2025-04-11,12:00,8,0.0,0.0,0.0
2025-04-11,12:00,9,0.0,0.0,0.0
2025-04-11,12:00,10,0.0,0.0,0.0
2025-04-11,12:00,11,0.0,0.0,0.0
2025-04-11,12:00,12,0.0,0.0,0.0
2025-04-11,18:00,1,0.0,0.0,0.0
2025-04-11,18:00,2,0.0,0.0,0.0
2025-04-11,18:00,3,0.0,0.0,0.0
2025-04-11,18:00,4,0.0,0.0,0.0
2025-04-11,18:00,5,0.0,0.0,0.0
2025-04-11,18:00,6,0.0,0.0,0.0
2025-04-12,0:00,1,0.0,0.0,0.0
2025-04-12,0:00,2,0.0,0.0,0.0
2025-04-12,0:00,3,0.0,0.0,0.0
2025-04-12,0:00,4,0.0,0.0,0.0
2025-04-12,0:00,5,0.0,0.0,0.0
2025-04-12,0:00,6,487.1662,503.3625,16.196300000000008
2025-04-12,0:00,7,2372.1259,2462.3625,90.23660000000018
2025-04-12,0:00,8,3895.1933,4296.6375,401.4441999999999
2025-04-12,0:00,9,5326.4551,6021.0,694.5448999999999
2025-04-12,0:00,10,6792.7073,7244.8125,452.10519999999997
2025-04-12,0:00,11,6878.5692,7495.2,616.6307999999999
2025-04-12,0:00,12,7093.2997,7987.8375,894.5378000000001
2025-04-12,0:00,13,7317.5194,8208.225,890.7056000000002
2025-04-12,0:00,14,5625.4147,6603.975,978.5603000000001
2025-04-12,0:00,15,4419.0307,5482.35,1063.3193
2025-04-12,0:00,16,3411.1002,4217.9625,806.8622999999998
2025-04-12,0:00,17,1935.1455,2225.4,290.2545
2025-04-12,0:00,18,369.5026,393.1125,23.60990000000004
2025-04-12,0:00,19,0.0,0.0,0.0
2025-04-12,0:00,20,0.0,0.0,0.0
2025-04-12,0:00,21,0.0,0.0,0.0
2025-04-12,0:00,22,0.0,0.0,0.0
2025-04-12,0:00,23,0.0,0.0,0.0
2025-04-12,0:00,24,0.0,0.0,0.0
2025-04-12,6:00,1,2465.8999,2462.3625,3.537399999999707
2025-04-12,6:00,2,4268.9503,4296.6375,27.687199999999393
2025-04-12,6:00,3,5964.7684,6021.0,56.23160000000007
2025-04-12,6:00,4,7191.3392,7244.8125,53.473299999999654
2025-04-12,6:00,5,7307.3003,7495.2,187.89969999999994
2025-04-12,6:00,6,7686.5075,7987.8375,301.3299999999999
2025-04-12,6:00,7,8079.8022,8208.225,128.42280000000028
2025-04-12,6:00,8,6735.3193,6603.975,131.34429999999975
2025-04-12,6:00,9,5654.5761,5482.35,172.22609999999986
2025-04-12,6:00,10,4445.6723,4217.9625,227.70980000000054
2025-04-12,6:00,11,2318.4986,2225.4,93.0985999999998
2025-04-12,6:00,12,428.2825,393.1125,35.170000000000016
2025-04-12,6:00,13,0.0,0.0,0.0
2025-04-12,6:00,14,0.0,0.0,0.0
2025-04-12,6:00,15,0.0,0.0,0.0
2025-04-12,6:00,16,0.0,0.0,0.0
2025-04-12,6:00,17,0.0,0.0,0.0
2025-04-12,6:00,18,0.0,0.0,0.0
2025-04-12,12:00,1,8211.2884,8208.225,3.063399999999092
2025-04-12,12:00,2,6568.5709,6603.975,35.40410000000065
2025-04-12,12:00,3,5474.1071,5482.35,8.24290000000019
2025-04-12,12:00,4,4244.7249,4217.9625,26.762400000000525
2025-04-12,12:00,5,2235.0204,2225.4,9.62039999999979
2025-04-12,12:00,6,366.8778,393.1125,26.234700000000032
2025-04-12,12:00,7,0.0,0.0,0.0
2025-04-12,12:00,8,0.0,0.0,0.0
2025-04-12,12:00,9,0.0,0.0,0.0
2025-04-12,12:00,10,0.0,0.0,0.0
2025-04-12,12:00,11,0.0,0.0,0.0
2025-04-12,12:00,12,0.0,0.0,0.0
2025-04-12,18:00,1,0.0,0.0,0.0
2025-04-12,18:00,2,0.0,0.0,0.0
2025-04-12,18:00,3,0.0,0.0,0.0
2025-04-12,18:00,4,0.0,0.0,0.0
2025-04-12,18:00,5,0.0,0.0,0.0
2025-04-12,18:00,6,0.0,0.0,0.0
2025-04-13,0:00,1,0.0,0.0,0.0
2025-04-13,0:00,2,0.0,0.0,0.0
2025-04-13,0:00,3,0.0,0.0,0.0
2025-04-13,0:00,4,0.0,0.0,0.0
2025-04-13,0:00,5,0.0,0.0,0.0
2025-04-13,0:00,6,381.5945,359.25,22.344499999999982
2025-04-13,0:00,7,1993.7767,1986.6,7.1766999999999825
2025-04-13,0:00,8,4093.4627,3991.875,101.58770000000004
2025-04-13,0:00,9,5575.7615,5769.1875,193.42600000000039
2025-04-13,0:00,10,6458.8382,6723.45,264.6117999999997
2025-04-13,0:00,11,7376.8299,7842.75,465.9201000000003
2025-04-13,0:00,12,7977.2636,8187.0375,209.77390000000014
2025-04-13,0:00,13,8051.1179,7898.9625,152.15540000000055
2025-04-13,0:00,14,8079.8457,7208.25,871.5956999999999
2025-04-13,0:00,15,6949.9485,6253.9125,696.0360000000001
2025-04-13,0:00,16,4229.1627,4067.4,161.76269999999977
2025-04-13,0:00,17,2040.7559,2044.6125,3.856599999999844
2025-04-13,0:00,18,338.6337,428.2875,89.65380000000005
2025-04-13,0:00,19,0.0,0.0,0.0
2025-04-13,0:00,20,0.0,0.0,0.0
2025-04-13,0:00,21,0.0,0.0,0.0
2025-04-13,0:00,22,0.0,0.0,0.0
2025-04-13,0:00,23,0.0,0.0,0.0
2025-04-13,0:00,24,0.0,0.0,0.0
2025-04-13,6:00,1,1993.9075,1986.6,7.307500000000118
2025-04-13,6:00,2,4012.8309,3991.875,20.95589999999993
2025-04-13,6:00,3,5797.1954,5769.1875,28.00789999999961
2025-04-13,6:00,4,6857.2519,6723.45,133.8019000000004
2025-04-13,6:00,5,8137.8313,7842.75,295.0812999999998
2025-04-13,6:00,6,8167.9306,8187.0375,19.106900000000678
2025-04-13,6:00,7,7817.2883,7898.9625,81.67419999999947
2025-04-13,6:00,8,7597.8025,7208.25,389.5524999999998
2025-04-13,6:00,9,6825.9246,6253.9125,572.0120999999999
2025-04-13,6:00,10,4243.8598,4067.4,176.4598000000001
2025-04-13,6:00,11,2429.9894,2044.6125,385.3769
2025-04-13,6:00,12,537.199,428.2875,108.91149999999993
2025-04-13,6:00,13,0.0,0.0,0.0
2025-04-13,6:00,14,0.0,0.0,0.0
2025-04-13,6:00,15,0.0,0.0,0.0
2025-04-13,6:00,16,0.0,0.0,0.0
2025-04-13,6:00,17,0.0,0.0,0.0
2025-04-13,6:00,18,0.0,0.0,0.0
2025-04-13,12:00,1,7967.0812,7898.9625,68.11869999999999
2025-04-13,12:00,2,7369.8221,7208.25,161.57210000000032
2025-04-13,12:00,3,6400.4071,6253.9125,146.4946
2025-04-13,12:00,4,4162.8569,4067.4,95.45689999999968
2025-04-13,12:00,5,1994.9136,2044.6125,49.69889999999987
2025-04-13,12:00,6,421.7684,428.2875,6.519100000000037
2025-04-13,12:00,7,0.0,0.0,0.0
2025-04-13,12:00,8,0.0,0.0,0.0
2025-04-13,12:00,9,0.0,0.0,0.0
2025-04-13,12:00,10,0.0,0.0,0.0
2025-04-13,12:00,11,0.0,0.0,0.0
2025-04-13,12:00,12,0.0,0.0,0.0
2025-04-13,18:00,1,0.0,0.0,0.0
2025-04-13,18:00,2,0.0,0.0,0.0
2025-04-13,18:00,3,0.0,0.0,0.0
2025-04-13,18:00,4,0.0,0.0,0.0
2025-04-13,18:00,5,0.0,0.0,0.0
2025-04-13,18:00,6,0.0,0.0,0.0
2025-04-14,0:00,1,0.0,0.0,0.0
2025-04-14,0:00,2,0.0,0.0,0.0
2025-04-14,0:00,3,0.0,0.0,0.0
2025-04-14,0:00,4,0.0,0.0,0.0
2025-04-14,0:00,5,0.0,0.0,0.0
2025-04-14,0:00,6,427.7958,460.2,32.4042
2025-04-14,0:00,7,1797.3227,2119.3875,322.0647999999999
2025-04-14,0:00,8,3589.5928,4253.8875,664.2946999999999
2025-04-14,0:00,9,5017.8843,5815.275,797.3906999999999
2025-04-14,0:00,10,6635.6139,7087.725,452.1111000000001
2025-04-14,0:00,11,8267.6941,8010.825,256.8691000000008
2025-04-14,0:00,12,8346.4353,8306.25,40.18529999999919
2025-04-14,0:00,13,8147.6347,8612.7,465.0653000000011
2025-04-14,0:00,14,7234.3421,7358.55,124.20790000000034
2025-04-14,0:00,15,5129.0388,6139.4625,1010.4236999999994
2025-04-14,0:00,16,3147.2098,4481.9625,1334.7526999999995
2025-04-14,0:00,17,1866.2428,2494.05,627.8072000000002
2025-04-14,0:00,18,420.1267,538.35,118.2233
2025-04-14,0:00,19,0.0,0.0,0.0
2025-04-14,0:00,20,0.0,0.0,0.0
2025-04-14,0:00,21,0.0,0.0,0.0
2025-04-14,0:00,22,0.0,0.0,0.0
2025-04-14,0:00,23,0.0,0.0,0.0
2025-04-14,0:00,24,0.0,0.0,0.0
2025-04-14,6:00,1,2110.3804,2119.3875,9.00709999999981
2025-04-14,6:00,2,4205.6476,4253.8875,48.23989999999958
2025-04-14,6:00,3,5824.3976,5815.275,9.122600000000602
2025-04-14,6:00,4,7188.2367,7087.725,100.51170000000002
2025-04-14,6:00,5,8151.7294,8010.825,140.90440000000035
2025-04-14,6:00,6,8652.4876,8306.25,346.2376000000004
2025-04-14,6:00,7,9144.0077,8612.7,531.3076999999994
2025-04-14,6:00,8,7913.8145,7358.55,555.2645000000002
2025-04-14,6:00,9,6931.3735,6139.4625,791.9110000000001
2025-04-14,6:00,10,4900.8375,4481.9625,418.875
2025-04-14,6:00,11,2525.7675,2494.05,31.717499999999745
2025-04-14,6:00,12,553.2075,538.35,14.857499999999959
2025-04-14,6:00,13,0.0,0.0,0.0
2025-04-14,6:00,14,0.0,0.0,0.0
2025-04-14,6:00,15,0.0,0.0,0.0
2025-04-14,6:00,16,0.0,0.0,0.0
2025-04-14,6:00,17,0.0,0.0,0.0
2025-04-14,6:00,18,0.0,0.0,0.0
2025-04-14,12:00,1,8793.2194,8612.7,180.51939999999922
2025-04-14,12:00,2,7557.4126,7358.55,198.86259999999947
2025-04-14,12:00,3,6342.1567,6139.4625,202.6941999999999
2025-04-14,12:00,4,4807.2917,4481.9625,325.3292000000001
2025-04-14,12:00,5,2630.8435,2494.05,136.79349999999977
2025-04-14,12:00,6,559.0098,538.35,20.65980000000002
2025-04-14,12:00,7,0.0,0.0,0.0
2025-04-14,12:00,8,0.0,0.0,0.0
2025-04-14,12:00,9,0.0,0.0,0.0
2025-04-14,12:00,10,0.0,0.0,0.0
2025-04-14,12:00,11,0.0,0.0,0.0
2025-04-14,12:00,12,0.0,0.0,0.0
2025-04-14,18:00,1,0.0,0.0,0.0
2025-04-14,18:00,2,0.0,0.0,0.0
2025-04-14,18:00,3,0.0,0.0,0.0
2025-04-14,18:00,4,0.0,0.0,0.0
2025-04-14,18:00,5,0.0,0.0,0.0
2025-04-14,18:00,6,0.0,0.0,0.0
2025-04-15,0:00,1,0.0,0.0,0.0
2025-04-15,0:00,2,0.0,0.0,0.0
2025-04-15,0:00,3,0.0,0.0,0.0
2025-04-15,0:00,4,0.0,0.0,0.0
2025-04-15,0:00,5,0.0,0.0,0.0
2025-04-15,0:00,6,512.4029,519.9,7.497099999999932
2025-04-15,0:00,7,2143.2046,2217.5625,74.35789999999997
2025-04-15,0:00,8,4025.7768,4158.375,132.5981999999999
2025-04-15,0:00,9,6125.1147,6675.2625,550.1477999999997
2025-04-15,0:00,10,7859.2176,8260.9875,401.7698999999993
2025-04-15,0:00,11,8684.4765,8872.8,188.3234999999986
2025-04-15,0:00,12,9329.1232,9025.275,303.84820000000036
2025-04-15,0:00,13,7948.3084,8100.6375,152.32909999999993
2025-04-15,0:00,14,7477.272,6511.6125,965.6594999999998
2025-04-15,0:00,15,6576.7613,5585.1,991.6612999999998
2025-04-15,0:00,16,4674.9629,4107.7125,567.2504000000008
2025-04-15,0:00,17,2589.8609,2385.225,204.63590000000022
2025-04-15,0:00,18,708.8735,568.875,139.99850000000004
2025-04-15,0:00,19,0.0,0.0,0.0
2025-04-15,0:00,20,0.0,0.0,0.0
2025-04-15,0:00,21,0.0,0.0,0.0
2025-04-15,0:00,22,0.0,0.0,0.0
2025-04-15,0:00,23,0.0,0.0,0.0
2025-04-15,0:00,24,0.0,0.0,0.0
2025-04-15,6:00,1,2229.846,2217.5625,12.283500000000004
2025-04-15,6:00,2,4140.3642,4158.375,18.010800000000017
2025-04-15,6:00,3,6551.9961,6675.2625,123.26639999999952
2025-04-15,6:00,4,8001.1755,8260.9875,259.811999999999
2025-04-15,6:00,5,8658.5483,8872.8,214.2516999999989
2025-04-15,6:00,6,8481.693,9025.275,543.5820000000003
2025-04-15,6:00,7,7850.3065,8100.6375,250.33100000000013
2025-04-15,6:00,8,6553.6098,6511.6125,41.997299999999996
2025-04-15,6:00,9,5182.4503,5585.1,402.64969999999994
2025-04-15,6:00,10,3851.2362,4107.7125,256.4762999999998
2025-04-15,6:00,11,2410.5958,2385.225,25.370800000000145
2025-04-15,6:00,12,591.1902,568.875,22.315200000000004
2025-04-15,6:00,13,0.0,0.0,0.0
2025-04-15,6:00,14,0.0,0.0,0.0
2025-04-15,6:00,15,0.0,0.0,0.0
2025-04-15,6:00,16,0.0,0.0,0.0
2025-04-15,6:00,17,0.0,0.0,0.0
2025-04-15,6:00,18,0.0,0.0,0.0
2025-04-15,12:00,1,8130.3629,8100.6375,29.725400000000263
2025-04-15,12:00,2,6648.4615,6511.6125,136.84900000000016
2025-04-15,12:00,3,5829.2277,5585.1,244.1277
2025-04-15,12:00,4,4235.8847,4107.7125,128.17219999999998
2025-04-15,12:00,5,2527.4043,2385.225,142.17930000000024
2025-04-15,12:00,6,654.878,568.875,86.00300000000004
2025-04-15,12:00,7,0.0,0.0,0.0
2025-04-15,12:00,8,0.0,0.0,0.0
2025-04-15,12:00,9,0.0,0.0,0.0
2025-04-15,12:00,10,0.0,0.0,0.0
2025-04-15,12:00,11,0.0,0.0,0.0
2025-04-15,12:00,12,0.0,0.0,0.0
2025-04-15,18:00,1,0.0,0.0,0.0
2025-04-15,18:00,2,0.0,0.0,0.0
2025-04-15,18:00,3,0.0,0.0,0.0
2025-04-15,18:00,4,0.0,0.0,0.0
2025-04-15,18:00,5,0.0,0.0,0.0
2025-04-15,18:00,6,0.0,0.0,0.0
2025-04-16,0:00,1,0.0,0.0,0.0
2025-04-16,0:00,2,0.0,0.0,0.0
2025-04-16,0:00,3,0.0,0.0,0.0
2025-04-16,0:00,4,0.0,0.0,0.0
2025-04-16,0:00,5,0.0,0.0,0.0
2025-04-16,0:00,6,525.7515,552.0,26.248500000000035
2025-04-16,0:00,7,2183.139,2325.9,142.76099999999997
2025-04-16,0:00,8,3710.5994,3992.9625,282.36310000000003
2025-04-16,0:00,9,5617.263,5820.15,202.88699999999972
2025-04-16,0:00,10,6451.586,6562.8375,111.2514999999994
2025-04-16,0:00,11,7310.8129,7884.15,573.3370999999997
2025-04-16,0:00,12,7059.7565,7349.775,290.0184999999992
2025-04-16,0:00,13,8340.6816,8410.2,69.51840000000084
2025-04-16,0:00,14,7196.4334,7020.075,176.35840000000007
2025-04-16,0:00,15,6193.4373,5825.8125,367.6247999999996
2025-04-16,0:00,16,4179.4274,4011.825,167.60239999999976
2025-04-16,0:00,17,2698.7481,2378.8875,319.8606
2025-04-16,0:00,18,641.2451,535.3875,105.85759999999993
2025-04-16,0:00,19,0.0,0.0,0.0
2025-04-16,0:00,20,0.0,0.0,0.0
2025-04-16,0:00,21,0.0,0.0,0.0
2025-04-16,0:00,22,0.0,0.0,0.0
2025-04-16,0:00,23,0.0,0.0,0.0
2025-04-16,0:00,24,0.0,0.0,0.0
2025-04-16,6:00,1,2362.2548,2325.9,36.35480000000007
2025-04-16,6:00,2,4113.7689,3992.9625,120.80639999999994
2025-04-16,6:00,3,6058.773,5820.15,238.6230000000005
2025-04-16,6:00,4,6643.1212,6562.8375,80.28369999999995
2025-04-16,6:00,5,7704.9277,7884.15,179.22229999999945
2025-04-16,6:00,6,7236.4248,7349.775,113.35019999999986
2025-04-16,6:00,7,7808.4492,8410.2,601.7508000000007
2025-04-16,6:00,8,6235.1761,7020.075,784.8989000000001
2025-04-16,6:00,9,5185.5881,5825.8125,640.2244000000001
2025-04-16,6:00,10,3810.9943,4011.825,200.83069999999998
2025-04-16,6:00,11,2080.629,2378.8875,298.2584999999999
2025-04-16,6:00,12,479.972,535.3875,55.415500000000065
2025-04-16,6:00,13,0.0,0.0,0.0
2025-04-16,6:00,14,0.0,0.0,0.0
2025-04-16,6:00,15,0.0,0.0,0.0
2025-04-16,6:00,16,0.0,0.0,0.0
2025-04-16,6:00,17,0.0,0.0,0.0
2025-04-16,6:00,18,0.0,0.0,0.0
2025-04-16,12:00,1,8377.4433,8410.2,32.75669999999991
2025-04-16,12:00,2,6849.7374,7020.075,170.33759999999984
2025-04-16,12:00,3,5765.7948,5825.8125,60.01770000000033
2025-04-16,12:00,4,3958.3084,4011.825,53.516599999999926
2025-04-16,12:00,5,2306.5595,2378.8875,72.32799999999997
2025-04-16,12:00,6,519.1882,535.3875,16.199299999999994
2025-04-16,12:00,7,0.0,0.0,0.0
2025-04-16,12:00,8,0.0,0.0,0.0
2025-04-16,12:00,9,0.0,0.0,0.0
2025-04-16,12:00,10,0.0,0.0,0.0
2025-04-16,12:00,11,0.0,0.0,0.0
2025-04-16,12:00,12,0.0,0.0,0.0
2025-04-16,18:00,1,0.0,0.0,0.0
2025-04-16,18:00,2,0.0,0.0,0.0
2025-04-16,18:00,3,0.0,0.0,0.0
2025-04-16,18:00,4,0.0,0.0,0.0
2025-04-16,18:00,5,0.0,0.0,0.0
2025-04-16,18:00,6,0.0,0.0,0.0
2025-04-17,0:00,1,0.0,0.0,0.0
2025-04-17,0:00,2,0.0,0.0,0.0
2025-04-17,0:00,3,0.0,0.0,0.0
2025-04-17,0:00,4,0.0,0.0,0.0
2025-04-17,0:00,5,0.0,0.0,0.0
2025-04-17,0:00,6,580.8612,569.5125,11.348700000000008
2025-04-17,0:00,7,2385.0979,2404.95,19.85209999999961
2025-04-17,0:00,8,4203.6894,4150.575,53.11440000000039
2025-04-17,0:00,9,6687.7578,6117.45,570.3078000000005
2025-04-17,0:00,10,7989.1831,7701.1125,288.0706
2025-04-17,0:00,11,8288.4215,7444.3125,844.1090000000004
2025-04-17,0:00,12,9755.5604,8610.0375,1145.5229
2025-04-17,0:00,13,8752.8961,8284.875,468.02109999999993
2025-04-17,0:00,14,7273.5594,7146.45,127.10940000000028
2025-04-17,0:00,15,5872.9603,5735.1,137.86029999999937
2025-04-17,0:00,16,3876.9473,4107.825,230.8777
2025-04-17,0:00,17,2173.0364,2183.2875,10.251099999999951
2025-04-17,0:00,18,464.4889,525.7875,61.29860000000002
2025-04-17,0:00,19,0.0,0.0,0.0
2025-04-17,0:00,20,0.0,0.0,0.0
2025-04-17,0:00,21,0.0,0.0,0.0
2025-04-17,0:00,22,0.0,0.0,0.0
2025-04-17,0:00,23,0.0,0.0,0.0
2025-04-17,0:00,24,0.0,0.0,0.0
2025-04-17,6:00,1,2380.732,2404.95,24.217999999999847
2025-04-17,6:00,2,4083.0786,4150.575,67.4964
2025-04-17,6:00,3,5960.9194,6117.45,156.53060000000005
2025-04-17,6:00,4,7646.1123,7701.1125,55.000200000000405
2025-04-17,6:00,5,7490.111,7444.3125,45.798499999999876
2025-04-17,6:00,6,8350.3067,8610.0375,259.7308000000012
2025-04-17,6:00,7,7724.3031,8284.875,560.5718999999999
2025-04-17,6:00,8,6815.8493,7146.45,330.60069999999996
2025-04-17,6:00,9,5404.3619,5735.1,330.7381000000005
2025-04-17,6:00,10,4080.3826,4107.825,27.442399999999907
2025-04-17,6:00,11,2215.8989,2183.2875,32.61140000000023
2025-04-17,6:00,12,581.1956,525.7875,55.40809999999999
2025-04-17,6:00,13,0.0,0.0,0.0
2025-04-17,6:00,14,0.0,0.0,0.0
2025-04-17,6:00,15,0.0,0.0,0.0
2025-04-17,6:00,16,0.0,0.0,0.0
2025-04-17,6:00,17,0.0,0.0,0.0
2025-04-17,6:00,18,0.0,0.0,0.0
2025-04-17,12:00,1,8361.3633,8284.875,76.48830000000089
2025-04-17,12:00,2,7176.6285,7146.45,30.178499999999985
2025-04-17,12:00,3,5726.4139,5735.1,8.686100000000806
2025-04-17,12:00,4,4193.9841,4107.825,86.15909999999985
2025-04-17,12:00,5,2259.9553,2183.2875,76.66780000000017
2025-04-17,12:00,6,550.4038,525.7875,24.616300000000024
2025-04-17,12:00,7,0.0,0.0,0.0
2025-04-17,12:00,8,0.0,0.0,0.0
2025-04-17,12:00,9,0.0,0.0,0.0
2025-04-17,12:00,10,0.0,0.0,0.0
2025-04-17,12:00,11,0.0,0.0,0.0
2025-04-17,12:00,12,0.0,0.0,0.0
2025-04-17,18:00,1,0.0,0.0,0.0
2025-04-17,18:00,2,0.0,0.0,0.0
2025-04-17,18:00,3,0.0,0.0,0.0
2025-04-17,18:00,4,0.0,0.0,0.0
2025-04-17,18:00,5,0.0,0.0,0.0
2025-04-17,18:00,6,0.0,0.0,0.0
2025-04-18,0:00,1,0.0,0.0,0.0
2025-04-18,0:00,2,0.0,0.0,0.0
2025-04-18,0:00,3,0.0,0.0,0.0
2025-04-18,0:00,4,0.0,0.0,0.0
2025-04-18,0:00,5,0.0,0.0,0.0
2025-04-18,0:00,6,522.5087,491.4375,31.071199999999976
2025-04-18,0:00,7,2457.0309,2381.5125,75.51840000000038
2025-04-18,0:00,8,4437.0015,4398.825,38.17650000000049
2025-04-18,0:00,9,5143.5272,5552.475,408.9477999999999
2025-04-18,0:00,10,6853.1009,7077.75,224.64909999999963
2025-04-18,0:00,11,8042.4326,7839.675,202.7575999999999
2025-04-18,0:00,12,8464.5205,8175.825,288.6955000000007
2025-04-18,0:00,13,8900.5879,8269.4625,631.1254000000008
2025-04-18,0:00,14,8230.4625,8230.4625,0.0
2025-04-18,0:00,15,6959.3877,5660.1,1299.2876999999999
2025-04-18,0:00,16,4429.0011,4298.8875,130.1136000000006
2025-04-18,0:00,17,2468.4073,2355.15,113.25729999999976
2025-04-18,0:00,18,543.4688,592.575,49.10620000000006
2025-04-18,0:00,19,0.0,0.0,0.0
2025-04-18,0:00,20,0.0,0.0,0.0
2025-04-18,0:00,21,0.0,0.0,0.0
2025-04-18,0:00,22,0.0,0.0,0.0
2025-04-18,0:00,23,0.0,0.0,0.0
2025-04-18,0:00,24,0.0,0.0,0.0
2025-04-18,6:00,1,2378.197,2381.5125,3.3154999999997017
2025-04-18,6:00,2,4321.5161,4398.825,77.3089
2025-04-18,6:00,3,5517.5014,5552.475,34.97360000000026
2025-04-18,6:00,4,7081.987,7077.75,4.23700000000008
2025-04-18,6:00,5,7781.0583,7839.675,58.61670000000049
2025-04-18,6:00,6,8260.2927,8175.825,84.46770000000015
2025-04-18,6:00,7,8637.052,8269.4625,367.58950000000004
2025-04-18,6:00,8,8230.4625,8230.4625,0.0
2025-04-18,6:00,9,5847.1812,5660.1,187.08119999999963
2025-04-18,6:00,10,4644.3151,4298.8875,345.4276
2025-04-18,6:00,11,2545.0216,2355.15,189.87159999999994
2025-04-18,6:00,12,612.0717,592.575,19.49669999999992
2025-04-18,6:00,13,0.0,0.0,0.0
2025-04-18,6:00,14,0.0,0.0,0.0
2025-04-18,6:00,15,0.0,0.0,0.0
2025-04-18,6:00,16,0.0,0.0,0.0
2025-04-18,6:00,17,0.0,0.0,0.0
2025-04-18,6:00,18,0.0,0.0,0.0
2025-04-18,12:00,1,8514.2879,8269.4625,244.82539999999972
2025-04-18,12:00,2,8230.4625,8230.4625,0.0
2025-04-18,12:00,3,5920.7311,5660.1,260.6310999999996
2025-04-18,12:00,4,4567.1481,4298.8875,268.2606000000005
2025-04-18,12:00,5,2408.2072,2355.15,53.05719999999974
2025-04-18,12:00,6,556.6927,592.575,35.8823000000001
2025-04-18,12:00,7,0.0,0.0,0.0
2025-04-18,12:00,8,0.0,0.0,0.0
2025-04-18,12:00,9,0.0,0.0,0.0
2025-04-18,12:00,10,0.0,0.0,0.0
2025-04-18,12:00,11,0.0,0.0,0.0
2025-04-18,12:00,12,0.0,0.0,0.0
2025-04-18,18:00,1,0.0,0.0,0.0
2025-04-18,18:00,2,0.0,0.0,0.0
2025-04-18,18:00,3,0.0,0.0,0.0
2025-04-18,18:00,4,0.0,0.0,0.0
2025-04-18,18:00,5,0.0,0.0,0.0
2025-04-18,18:00,6,0.0,0.0,0.0
2025-04-19,0:00,1,0.0,0.0,0.0
2025-04-19,0:00,2,0.0,0.0,0.0
2025-04-19,0:00,3,0.0,0.0,0.0
2025-04-19,0:00,4,0.0,0.0,0.0
2025-04-19,0:00,5,0.0,0.0,0.0
2025-04-19,0:00,6,587.6566,630.4125,42.7559
2025-04-19,0:00,7,2217.9671,2334.9,116.93290000000025
2025-04-19,0:00,8,3698.6181,3863.8875,165.26939999999968
2025-04-19,0:00,9,4722.772,5442.225,719.4530000000004
2025-04-19,0:00,10,5838.0624,6664.0875,826.0250999999998
2025-04-19,0:00,11,6475.6943,7889.25,1413.5557
2025-04-19,0:00,12,7649.7149,8547.6375,897.9226000000008
2025-04-19,0:00,13,8180.9471,8362.95,182.0029000000004
2025-04-19,0:00,14,8069.4202,7479.675,589.7451999999994
2025-04-19,0:00,15,6896.0633,6055.0875,840.9758000000002
2025-04-19,0:00,16,4865.4141,4071.7875,793.6266
2025-04-19,0:00,17,2845.3793,2555.325,290.05430000000024
2025-04-19,0:00,18,721.3823,636.375,85.00729999999999
2025-04-19,0:00,19,0.0,0.0,0.0
2025-04-19,0:00,20,0.0,0.0,0.0
2025-04-19,0:00,21,0.0,0.0,0.0
2025-04-19,0:00,22,0.0,0.0,0.0
2025-04-19,0:00,23,0.0,0.0,0.0
2025-04-19,0:00,24,0.0,0.0,0.0
2025-04-19,6:00,1,2318.6484,2334.9,16.251600000000053
2025-04-19,6:00,2,3806.9736,3863.8875,56.91390000000001
2025-04-19,6:00,3,5352.2988,5442.225,89.92620000000079
2025-04-19,6:00,4,6401.0983,6664.0875,262.9892
2025-04-19,6:00,5,7620.0486,7889.25,269.2013999999999
2025-04-19,6:00,6,8484.6132,8547.6375,63.02430000000095
2025-04-19,6:00,7,8556.1713,8362.95,193.22129999999925
2025-04-19,6:00,8,7871.5329,7479.675,391.8579
2025-04-19,6:00,9,6901.2107,6055.0875,846.1232
2025-04-19,6:00,10,4720.6176,4071.7875,648.8300999999997
2025-04-19,6:00,11,2847.15,2555.325,291.8250000000003
2025-04-19,6:00,12,843.4553,636.375,207.08029999999997
2025-04-19,6:00,13,0.0,0.0,0.0
2025-04-19,6:00,14,0.0,0.0,0.0
2025-04-19,6:00,15,0.0,0.0,0.0
2025-04-19,6:00,16,0.0,0.0,0.0
2025-04-19,6:00,17,0.0,0.0,0.0
2025-04-19,6:00,18,0.0,0.0,0.0
2025-04-19,12:00,1,8438.5926,8362.95,75.64259999999922
2025-04-19,12:00,2,7554.833,7479.675,75.15799999999945
2025-04-19,12:00,3,6051.1206,6055.0875,3.966899999999441
2025-04-19,12:00,4,3887.3771,4071.7875,184.41039999999975
2025-04-19,12:00,5,2436.9822,2555.325,118.3427999999999
2025-04-19,12:00,6,593.3888,636.375,42.98620000000005
2025-04-19,12:00,7,0.0,0.0,0.0
2025-04-19,12:00,8,0.0,0.0,0.0
2025-04-19,12:00,9,0.0,0.0,0.0
2025-04-19,12:00,10,0.0,0.0,0.0
2025-04-19,12:00,11,0.0,0.0,0.0
2025-04-19,12:00,12,0.0,0.0,0.0
2025-04-19,18:00,1,0.0,0.0,0.0
2025-04-19,18:00,2,0.0,0.0,0.0
2025-04-19,18:00,3,0.0,0.0,0.0
2025-04-19,18:00,4,0.0,0.0,0.0
2025-04-19,18:00,5,0.0,0.0,0.0
2025-04-19,18:00,6,0.0,0.0,0.0
2025-04-20,0:00,1,0.0,0.0,0.0
2025-04-20,0:00,2,0.0,0.0,0.0
2025-04-20,0:00,3,0.0,0.0,0.0
2025-04-20,0:00,4,0.0,0.0,0.0
2025-04-20,0:00,5,0.0,0.0,0.0
2025-04-20,0:00,6,639.9964,600.6,39.39639999999997
2025-04-20,0:00,7,2591.8553,2506.8375,85.01780000000008
2025-04-20,0:00,8,3898.5758,4063.6875,165.11169999999993
2025-04-20,0:00,9,5507.1448,5586.525,79.3801999999996
2025-04-20,0:00,10,7225.8354,7480.95,255.11459999999988
2025-04-20,0:00,11,7367.5981,8455.35,1087.7519000000002
2025-04-20,0:00,12,8386.7706,8499.225,112.45440000000053
2025-04-20,0:00,13,9480.8099,8378.7,1102.1098999999995
2025-04-20,0:00,14,8036.617,7205.475,831.1419999999998
2025-04-20,0:00,15,6748.0082,6387.6375,360.3707000000004
2025-04-20,0:00,16,4398.5876,3987.4125,411.17509999999993
2025-04-20,0:00,17,2035.9496,2017.5375,18.41210000000001
2025-04-20,0:00,18,590.6091,540.825,49.78409999999997
2025-04-20,0:00,19,0.0,0.0,0.0
2025-04-20,0:00,20,0.0,0.0,0.0
2025-04-20,0:00,21,0.0,0.0,0.0
2025-04-20,0:00,22,0.0,0.0,0.0
2025-04-20,0:00,23,0.0,0.0,0.0
2025-04-20,0:00,24,0.0,0.0,0.0
2025-04-20,6:00,1,2496.9157,2506.8375,9.921800000000076
2025-04-20,6:00,2,4064.4277,4063.6875,0.7402000000001863
2025-04-20,6:00,3,5537.7804,5586.525,48.74459999999999
2025-04-20,6:00,4,7525.8753,7480.95,44.92529999999988
2025-04-20,6:00,5,8424.7051,8455.35,30.644900000001144
2025-04-20,6:00,6,8400.4614,8499.225,98.76360000000022
2025-04-20,6:00,7,8101.6352,8378.7,277.064800000001
2025-04-20,6:00,8,7194.6772,7205.475,10.79780000000028
2025-04-20,6:00,9,6515.0653,6387.6375,127.42780000000039
2025-04-20,6:00,10,4166.4694,3987.4125,179.05690000000004
2025-04-20,6:00,11,2143.7111,2017.5375,126.17360000000008
2025-04-20,6:00,12,586.9549,540.825,46.12989999999991
2025-04-20,6:00,13,0.0,0.0,0.0
2025-04-20,6:00,14,0.0,0.0,0.0
2025-04-20,6:00,15,0.0,0.0,0.0
2025-04-20,6:00,16,0.0,0.0,0.0
2025-04-20,6:00,17,0.0,0.0,0.0
2025-04-20,6:00,18,0.0,0.0,0.0
2025-04-20,12:00,1,8332.8442,8378.7,45.85580000000118
2025-04-20,12:00,2,7164.0525,7205.475,41.42250000000058
2025-04-20,12:00,3,6255.8141,6387.6375,131.82340000000022
2025-04-20,12:00,4,3948.6824,3987.4125,38.730099999999766
2025-04-20,12:00,5,1983.9188,2017.5375,33.61869999999999
2025-04-20,12:00,6,537.2966,540.825,3.5284000000000333
2025-04-20,12:00,7,0.0,0.0,0.0
2025-04-20,12:00,8,0.0,0.0,0.0
2025-04-20,12:00,9,0.0,0.0,0.0
2025-04-20,12:00,10,0.0,0.0,0.0
2025-04-20,12:00,11,0.0,0.0,0.0
2025-04-20,12:00,12,0.0,0.0,0.0
2025-04-20,18:00,1,0.0,0.0,0.0
2025-04-20,18:00,2,0.0,0.0,0.0
2025-04-20,18:00,3,0.0,0.0,0.0
2025-04-20,18:00,4,0.0,0.0,0.0
2025-04-20,18:00,5,0.0,0.0,0.0
2025-04-20,18:00,6,0.0,0.0,0.0
2025-04-21,0:00,1,0.0,0.0,0.0
2025-04-21,0:00,2,0.0,0.0,0.0
2025-04-21,0:00,3,0.0,0.0,0.0
2025-04-21,0:00,4,0.0,0.0,0.0
2025-04-21,0:00,5,0.0,0.0,0.0
2025-04-21,0:00,6,741.5476,706.4625,35.08510000000001
2025-04-21,0:00,7,2670.0945,2612.2875,57.807000000000244
2025-04-21,0:00,8,4567.1201,4528.95,38.170100000000275
2025-04-21,0:00,9,6148.598,6472.8,324.2020000000002
2025-04-21,0:00,10,6618.6103,7148.325,529.7146999999995
2025-04-21,0:00,11,7733.3774,8468.4375,735.0600999999997
2025-04-21,0:00,12,7689.8438,9120.5625,1430.7187000000004
2025-04-21,0:00,13,7967.9599,9642.0,1674.0401000000002
2025-04-21,0:00,14,6234.8967,7772.2125,1537.3157999999994
2025-04-21,0:00,15,5764.6386,6312.3375,547.6988999999994
2025-04-21,0:00,16,4021.8312,4485.3,463.4688000000001
2025-04-21,0:00,17,2356.3983,2778.75,422.35170000000016
2025-04-21,0:00,18,594.0206,708.825,114.8044000000001
2025-04-21,0:00,19,0.0,0.0,0.0
2025-04-21,0:00,20,0.0,0.0,0.0
2025-04-21,0:00,21,0.0,0.0,0.0
2025-04-21,0:00,22,0.0,0.0,0.0
2025-04-21,0:00,23,0.0,0.0,0.0
2025-04-21,0:00,24,0.0,0.0,0.0
2025-04-21,6:00,1,2654.5941,2612.2875,42.30659999999989
2025-04-21,6:00,2,4620.1777,4528.95,91.22770000000037
2025-04-21,6:00,3,6727.7585,6472.8,254.95849999999973
2025-04-21,6:00,4,7421.652,7148.325,273.3270000000002
2025-04-21,6:00,5,8757.1426,8468.4375,288.7050999999992
2025-04-21,6:00,6,9190.3774,9120.5625,69.8148999999994
2025-04-21,6:00,7,9642.0,9642.0,0.0
2025-04-21,6:00,8,7694.1052,7772.2125,78.10729999999967
2025-04-21,6:00,9,6670.2857,6312.3375,357.9482000000007
2025-04-21,6:00,10,4825.824,4485.3,340.52399999999943
2025-04-21,6:00,11,2847.15,2778.75,68.40000000000009
2025-04-21,6:00,12,741.6704,708.825,32.84539999999993
2025-04-21,6:00,13,0.0,0.0,0.0
2025-04-21,6:00,14,0.0,0.0,0.0
2025-04-21,6:00,15,0.0,0.0,0.0
2025-04-21,6:00,16,0.0,0.0,0.0
2025-04-21,6:00,17,0.0,0.0,0.0
2025-04-21,6:00,18,0.0,0.0,0.0
2025-04-21,12:00,1,9601.3099,9642.0,40.6900999999998
2025-04-21,12:00,2,7724.3831,7772.2125,47.82939999999962
2025-04-21,12:00,3,6287.2463,6312.3375,25.091199999999844
2025-04-21,12:00,4,4467.5704,4485.3,17.729600000000573
2025-04-21,12:00,5,2764.1564,2778.75,14.593600000000151
2025-04-21,12:00,6,692.7028,708.825,16.12220000000002
2025-04-21,12:00,7,0.0,0.0,0.0
2025-04-21,12:00,8,0.0,0.0,0.0
2025-04-21,12:00,9,0.0,0.0,0.0
2025-04-21,12:00,10,0.0,0.0,0.0
2025-04-21,12:00,11,0.0,0.0,0.0
2025-04-21,12:00,12,0.0,0.0,0.0
2025-04-21,18:00,1,0.0,0.0,0.0
2025-04-21,18:00,2,0.0,0.0,0.0
2025-04-21,18:00,3,0.0,0.0,0.0
2025-04-21,18:00,4,0.0,0.0,0.0
2025-04-21,18:00,5,0.0,0.0,0.0
2025-04-21,18:00,6,0.0,0.0,0.0
2025-04-22,0:00,1,0.0,0.0,0.0
2025-04-22,0:00,2,0.0,0.0,0.0
2025-04-22,0:00,3,0.0,0.0,0.0
2025-04-22,0:00,4,0.0,0.0,0.0
2025-04-22,0:00,5,0.0,0.0,0.0
2025-04-22,0:00,6,579.5913,637.575,57.9837
2025-04-22,0:00,7,2071.3698,2308.8,237.43020000000024
2025-04-22,0:00,8,3797.0382,4298.7,501.66179999999986
2025-04-22,0:00,9,5523.7464,6227.2875,703.5411000000004
2025-04-22,0:00,10,7808.2406,7745.25,62.990600000000086
2025-04-22,0:00,11,9209.775,8579.25,630.5249999999996
2025-04-22,0:00,12,9099.8947,8038.2,1061.694700000001
2025-04-22,0:00,13,9565.5846,8081.2875,1484.2970999999998
2025-04-22,0:00,14,8230.4625,7426.0125,804.4499999999998
2025-04-22,0:00,15,6289.1152,5866.6125,422.5027
2025-04-22,0:00,16,4791.7284,4585.275,206.45340000000033
2025-04-22,0:00,17,2847.15,2592.1875,254.9625000000001
2025-04-22,0:00,18,793.7146,650.8125,142.90210000000002
2025-04-22,0:00,19,0.0,0.0,0.0
2025-04-22,0:00,20,0.0,0.0,0.0
2025-04-22,0:00,21,0.0,0.0,0.0
2025-04-22,0:00,22,0.0,0.0,0.0
2025-04-22,0:00,23,0.0,0.0,0.0
2025-04-22,0:00,24,0.0,0.0,0.0
2025-04-22,6:00,1,2313.2935,2308.8,4.49350000000004
2025-04-22,6:00,2,4266.1607,4298.7,32.53929999999946
2025-04-22,6:00,3,6142.7523,6227.2875,84.53520000000026
2025-04-22,6:00,4,7592.0991,7745.25,153.15089999999964
2025-04-22,6:00,5,8223.6379,8579.25,355.6121000000003
2025-04-22,6:00,6,7645.5382,8038.2,392.66179999999986
2025-04-22,6:00,7,7749.8236,8081.2875,331.46390000000065
2025-04-22,6:00,8,7374.2531,7426.0125,51.759399999999914
2025-04-22,6:00,9,5282.0597,5866.6125,584.5528000000004
2025-04-22,6:00,10,4274.1253,4585.275,311.14969999999994
2025-04-22,6:00,11,2363.3375,2592.1875,228.8499999999999
2025-04-22,6:00,12,625.4599,650.8125,25.352600000000052
2025-04-22,6:00,13,0.0,0.0,0.0
2025-04-22,6:00,14,0.0,0.0,0.0
2025-04-22,6:00,15,0.0,0.0,0.0
2025-04-22,6:00,16,0.0,0.0,0.0
2025-04-22,6:00,17,0.0,0.0,0.0
2025-04-22,6:00,18,0.0,0.0,0.0
2025-04-22,12:00,1,8164.0086,8081.2875,82.72109999999975
2025-04-22,12:00,2,7449.7782,7426.0125,23.765699999999924
2025-04-22,12:00,3,5814.0765,5866.6125,52.53600000000006
2025-04-22,12:00,4,4424.7319,4585.275,160.54309999999987
2025-04-22,12:00,5,2487.608,2592.1875,104.57949999999983
2025-04-22,12:00,6,636.7544,650.8125,14.058099999999968
2025-04-22,12:00,7,0.0,0.0,0.0
2025-04-22,12:00,8,0.0,0.0,0.0
2025-04-22,12:00,9,0.0,0.0,0.0
2025-04-22,12:00,10,0.0,0.0,0.0
2025-04-22,12:00,11,0.0,0.0,0.0
2025-04-22,12:00,12,0.0,0.0,0.0
2025-04-22,18:00,1,0.0,0.0,0.0
2025-04-22,18:00,2,0.0,0.0,0.0
2025-04-22,18:00,3,0.0,0.0,0.0
2025-04-22,18:00,4,0.0,0.0,0.0
2025-04-22,18:00,5,0.0,0.0,0.0
2025-04-22,18:00,6,0.0,0.0,0.0
2025-04-23,0:00,1,0.0,0.0,0.0
2025-04-23,0:00,2,0.0,0.0,0.0
2025-04-23,0:00,3,0.0,0.0,0.0
2025-04-23,0:00,4,0.0,0.0,0.0
2025-04-23,0:00,5,0.0,0.0,0.0
2025-04-23,0:00,6,738.7055,716.2125,22.493000000000052
2025-04-23,0:00,7,2689.9617,2574.6,115.36169999999993
2025-04-23,0:00,8,4229.4962,4281.3375,51.84130000000005
2025-04-23,0:00,9,6095.7646,6080.8875,14.87710000000061
2025-04-23,0:00,10,7973.8537,7835.025,138.82870000000003
2025-04-23,0:00,11,9209.775,8613.0375,596.7374999999993
2025-04-23,0:00,12,8599.5418,7892.775,706.7668000000012
2025-04-23,0:00,13,9330.6169,7968.0375,1362.5794000000005
2025-04-23,0:00,14,8230.4625,7144.05,1086.4124999999995
2025-04-23,0:00,15,6964.8,6100.1625,864.6374999999998
2025-04-23,0:00,16,4900.8375,4700.925,199.91249999999945
2025-04-23,0:00,17,2907.825,2687.025,220.79999999999973
2025-04-23,0:00,18,708.8997,703.7625,5.137200000000007
2025-04-23,0:00,19,0.0,0.0,0.0
2025-04-23,0:00,20,0.0,0.0,0.0
2025-04-23,0:00,21,0.0,0.0,0.0
2025-04-23,0:00,22,0.0,0.0,0.0
2025-04-23,0:00,23,0.0,0.0,0.0
2025-04-23,0:00,24,0.0,0.0,0.0
2025-04-23,6:00,1,2568.23,2574.6,6.369999999999891
2025-04-23,6:00,2,4211.4709,4281.3375,69.86659999999938
2025-04-23,6:00,3,5891.9183,6080.8875,188.96919999999955
2025-04-23,6:00,4,7436.1217,7835.025,398.90329999999994
2025-04-23,6:00,5,8269.3461,8613.0375,343.6913999999997
2025-04-23,6:00,6,7894.4737,7892.775,1.698699999999917
2025-04-23,6:00,7,8110.9542,7968.0375,142.91669999999976
2025-04-23,6:00,8,7560.4051,7144.05,416.35509999999977
2025-04-23,6:00,9,6401.2842,6100.1625,301.1216999999997
2025-04-23,6:00,10,4707.5171,4700.925,6.592099999999846
2025-04-23,6:00,11,2473.0762,2687.025,213.94880000000012
2025-04-23,6:00,12,662.5492,703.7625,41.213300000000004
2025-04-23,6:00,13,0.0,0.0,0.0
2025-04-23,6:00,14,0.0,0.0,0.0
2025-04-23,6:00,15,0.0,0.0,0.0
2025-04-23,6:00,16,0.0,0.0,0.0
2025-04-23,6:00,17,0.0,0.0,0.0
2025-04-23,6:00,18,0.0,0.0,0.0
2025-04-23,12:00,1,7976.014,7968.0375,7.97649999999976
2025-04-23,12:00,2,7055.0496,7144.05,89.0003999999999
2025-04-23,12:00,3,6096.0927,6100.1625,4.069800000000214
2025-04-23,12:00,4,4679.5812,4700.925,21.343800000000556
2025-04-23,12:00,5,2611.7156,2687.025,75.3094000000001
2025-04-23,12:00,6,702.8653,703.7625,0.897199999999998
2025-04-23,12:00,7,0.0,0.0,0.0
2025-04-23,12:00,8,0.0,0.0,0.0
2025-04-23,12:00,9,0.0,0.0,0.0
2025-04-23,12:00,10,0.0,0.0,0.0
2025-04-23,12:00,11,0.0,0.0,0.0
2025-04-23,12:00,12,0.0,0.0,0.0
2025-04-23,18:00,1,0.0,0.0,0.0
2025-04-23,18:00,2,0.0,0.0,0.0
2025-04-23,18:00,3,0.0,0.0,0.0
2025-04-23,18:00,4,0.0,0.0,0.0
2025-04-23,18:00,5,0.0,0.0,0.0
2025-04-23,18:00,6,0.0,0.0,0.0
2025-04-24,0:00,1,0.0,0.0,0.0
2025-04-24,0:00,2,0.0,0.0,0.0
2025-04-24,0:00,3,0.0,0.0,0.0
2025-04-24,0:00,4,0.0,0.0,0.0
2025-04-24,0:00,5,0.0,0.0,0.0
2025-04-24,0:00,6,681.1624,687.825,6.662599999999998
2025-04-24,0:00,7,2625.5436,2750.175,124.63140000000021
2025-04-24,0:00,8,4153.5421,4603.5375,449.9954000000007
2025-04-24,0:00,9,5583.1986,6339.4875,756.2889000000005
2025-04-24,0:00,10,7360.9567,7500.6,139.64330000000064
2025-04-24,0:00,11,8262.1365,8315.6625,53.52599999999984
2025-04-24,0:00,12,9258.7386,8209.875,1048.8636000000006
2025-04-24,0:00,13,9642.0,8812.5375,829.4624999999996
2025-04-24,0:00,14,8230.4625,8042.55,187.91249999999945
2025-04-24,0:00,15,6964.8,6964.8,0.0
2025-04-24,0:00,16,4754.1831,4544.85,209.33309999999983
2025-04-24,0:00,17,2603.0313,2539.95,63.08130000000028
2025-04-24,0:00,18,750.3967,744.7125,5.684200000000033
2025-04-24,0:00,19,0.0,0.0,0.0
2025-04-24,0:00,20,0.0,0.0,0.0
2025-04-24,0:00,21,0.0,0.0,0.0
2025-04-24,0:00,22,0.0,0.0,0.0
2025-04-24,0:00,23,0.0,0.0,0.0
2025-04-24,0:00,24,0.0,0.0,0.0
2025-04-24,6:00,1,2755.5276,2750.175,5.352599999999711
2025-04-24,6:00,2,4592.439,4603.5375,11.098500000000058
2025-04-24,6:00,3,6333.8503,6339.4875,5.637200000000121
2025-04-24,6:00,4,7519.17,7500.6,18.56999999999971
2025-04-24,6:00,5,8787.9075,8315.6625,472.244999999999
2025-04-24,6:00,6,8975.2471,8209.875,765.3721000000005
2025-04-24,6:00,7,9642.0,8812.5375,829.4624999999996
2025-04-24,6:00,8,8230.4625,8042.55,187.91249999999945
2025-04-24,6:00,9,6964.8,6964.8,0.0
2025-04-24,6:00,10,4562.4521,4544.85,17.602100000000064
2025-04-24,6:00,11,2551.4306,2539.95,11.480600000000322
2025-04-24,6:00,12,708.6285,744.7125,36.083999999999946
2025-04-24,6:00,13,0.0,0.0,0.0
2025-04-24,6:00,14,0.0,0.0,0.0
2025-04-24,6:00,15,0.0,0.0,0.0
2025-04-24,6:00,16,0.0,0.0,0.0
2025-04-24,6:00,17,0.0,0.0,0.0
2025-04-24,6:00,18,0.0,0.0,0.0
2025-04-24,12:00,1,8798.6667,8812.5375,13.8708000000006
2025-04-24,12:00,2,7842.708,8042.55,199.84200000000055
2025-04-24,12:00,3,6751.8251,6964.8,212.97490000000016
2025-04-24,12:00,4,4219.7656,4544.85,325.08440000000064
2025-04-24,12:00,5,2223.0312,2539.95,316.9187999999999
2025-04-24,12:00,6,645.5312,744.7125,99.18129999999996
2025-04-24,12:00,7,0.0,0.0,0.0
2025-04-24,12:00,8,0.0,0.0,0.0
2025-04-24,12:00,9,0.0,0.0,0.0
2025-04-24,12:00,10,0.0,0.0,0.0
2025-04-24,12:00,11,0.0,0.0,0.0
2025-04-24,12:00,12,0.0,0.0,0.0
2025-04-24,18:00,1,0.0,0.0,0.0
2025-04-24,18:00,2,0.0,0.0,0.0
2025-04-24,18:00,3,0.0,0.0,0.0
2025-04-24,18:00,4,0.0,0.0,0.0
2025-04-24,18:00,5,0.0,0.0,0.0
2025-04-24,18:00,6,0.0,0.0,0.0
2025-04-25,0:00,1,0.0,0.0,0.0
2025-04-25,0:00,2,0.0,0.0,0.0
2025-04-25,0:00,3,0.0,0.0,0.0
2025-04-25,0:00,4,0.0,0.0,0.0
2025-04-25,0:00,5,0.0,0.0,0.0
2025-04-25,0:00,6,809.4784,750.0375,59.44089999999994
2025-04-25,0:00,7,2829.1125,2785.4625,43.65000000000009
2025-04-25,0:00,8,4705.889,4240.1625,465.72649999999976
2025-04-25,0:00,9,6577.5276,5996.85,580.6776
2025-04-25,0:00,10,8018.0515,7528.3125,489.7389999999996
2025-04-25,0:00,11,9209.775,8397.375,812.3999999999996
2025-04-25,0:00,12,9995.8875,8784.4875,1211.4000000000015
2025-04-25,0:00,13,8656.8344,8029.8375,626.9969000000001
2025-04-25,0:00,14,7896.6434,7724.4375,172.20589999999993
2025-04-25,0:00,15,6236.1312,6927.15,691.0187999999998
2025-04-25,0:00,16,4563.625,4900.8375,337.21249999999964
2025-04-25,0:00,17,2171.675,2713.7625,542.0874999999996
2025-04-25,0:00,18,695.6388,797.7375,102.09870000000001
2025-04-25,0:00,19,0.0,0.0,0.0
2025-04-25,0:00,20,0.0,0.0,0.0
2025-04-25,0:00,21,0.0,0.0,0.0
2025-04-25,0:00,22,0.0,0.0,0.0
2025-04-25,0:00,23,0.0,0.0,0.0
2025-04-25,0:00,24,0.0,0.0,0.0
2025-04-25,6:00,1,2790.0602,2785.4625,4.597699999999804
2025-04-25,6:00,2,4259.4426,4240.1625,19.280099999999948
2025-04-25,6:00,3,6025.0915,5996.85,28.241500000000087
2025-04-25,6:00,4,7868.2731,7528.3125,339.96060000000034
2025-04-25,6:00,5,8892.8576,8397.375,495.48259999999937
2025-04-25,6:00,6,9482.8311,8784.4875,698.3436000000002
2025-04-25,6:00,7,8436.7931,8029.8375,406.95560000000114
2025-04-25,6:00,8,8035.3514,7724.4375,310.91389999999956
2025-04-25,6:00,9,6799.0313,6927.15,128.1187
2025-04-25,6:00,10,4660.7256,4900.8375,240.11189999999988
2025-04-25,6:00,11,2290.7341,2713.7625,423.0283999999997
2025-04-25,6:00,12,643.8916,797.7375,153.84589999999992
2025-04-25,6:00,13,0.0,0.0,0.0
2025-04-25,6:00,14,0.0,0.0,0.0
2025-04-25,6:00,15,0.0,0.0,0.0
2025-04-25,6:00,16,0.0,0.0,0.0
2025-04-25,6:00,17,0.0,0.0,0.0
2025-04-25,6:00,18,0.0,0.0,0.0
2025-04-25,12:00,1,8000.7599,8029.8375,29.07759999999962
2025-04-25,12:00,2,7722.0268,7724.4375,2.410700000000361
2025-04-25,12:00,3,6964.8,6927.15,37.650000000000546
2025-04-25,12:00,4,4900.8375,4900.8375,0.0
2025-04-25,12:00,5,2636.873,2713.7625,76.88949999999977
2025-04-25,12:00,6,801.7042,797.7375,3.96670000000006
2025-04-25,12:00,7,0.0,0.0,0.0
2025-04-25,12:00,8,0.0,0.0,0.0
2025-04-25,12:00,9,0.0,0.0,0.0
2025-04-25,12:00,10,0.0,0.0,0.0
2025-04-25,12:00,11,0.0,0.0,0.0
2025-04-25,12:00,12,0.0,0.0,0.0
2025-04-25,18:00,1,0.0,0.0,0.0
2025-04-25,18:00,2,0.0,0.0,0.0
2025-04-25,18:00,3,0.0,0.0,0.0
2025-04-25,18:00,4,0.0,0.0,0.0
2025-04-25,18:00,5,0.0,0.0,0.0
2025-04-25,18:00,6,0.0,0.0,0.0
2025-04-26,0:00,1,0.0,0.0,0.0
2025-04-26,0:00,2,0.0,0.0,0.0
2025-04-26,0:00,3,0.0,0.0,0.0
2025-04-26,0:00,4,0.0,0.0,0.0
2025-04-26,0:00,5,0.0,0.0,0.0
2025-04-26,0:00,6,833.6155,791.25,42.3655
2025-04-26,0:00,7,2829.1125,2751.675,77.4375
2025-04-26,0:00,8,4924.7625,4733.1,191.66249999999945
2025-04-26,0:00,9,6652.8587,6456.15,196.70870000000014
2025-04-26,0:00,10,8260.9875,8168.7375,92.24999999999909
2025-04-26,0:00,11,8559.2018,9209.775,650.5731999999989
2025-04-26,0:00,12,9470.8682,9995.8875,525.0192999999999
2025-04-26,0:00,13,8666.6436,8943.1875,276.5439000000006
2025-04-26,0:00,14,8230.4625,7323.2625,907.1999999999998
2025-04-26,0:00,15,6079.4878,6042.975,36.512799999999515
2025-04-26,0:00,16,4799.6981,4402.1625,397.53559999999925
2025-04-26,0:00,17,2349.0756,2361.225,12.149399999999787
2025-04-26,0:00,18,717.412,747.3,29.88799999999992
2025-04-26,0:00,19,0.0,0.0,0.0
2025-04-26,0:00,20,0.0,0.0,0.0
2025-04-26,0:00,21,0.0,0.0,0.0
2025-04-26,0:00,22,0.0,0.0,0.0
2025-04-26,0:00,23,0.0,0.0,0.0
2025-04-26,0:00,24,0.0,0.0,0.0
2025-04-26,6:00,1,2768.6169,2751.675,16.941899999999805
2025-04-26,6:00,2,4792.5574,4733.1,59.457399999999325
2025-04-26,6:00,3,6499.8665,6456.15,43.71650000000045
2025-04-26,6:00,4,7796.5102,8168.7375,372.22730000000047
2025-04-26,6:00,5,9209.775,9209.775,0.0
2025-04-26,6:00,6,9995.8875,9995.8875,0.0
2025-04-26,6:00,7,9122.2022,8943.1875,179.01469999999972
2025-04-26,6:00,8,7703.9141,7323.2625,380.65160000000014
2025-04-26,6:00,9,6802.7061,6042.975,759.7311
2025-04-26,6:00,10,4641.3626,4402.1625,239.20010000000002
2025-04-26,6:00,11,2428.3385,2361.225,67.11349999999993
2025-04-26,6:00,12,821.9981,747.3,74.69810000000007
2025-04-26,6:00,13,0.0,0.0,0.0
2025-04-26,6:00,14,0.0,0.0,0.0
2025-04-26,6:00,15,0.0,0.0,0.0
2025-04-26,6:00,16,0.0,0.0,0.0
2025-04-26,6:00,17,0.0,0.0,0.0
2025-04-26,6:00,18,0.0,0.0,0.0
2025-04-26,12:00,1,8824.4783,8943.1875,118.70919999999933
2025-04-26,12:00,2,7108.043,7323.2625,215.21950000000015
2025-04-26,12:00,3,5889.115,6042.975,153.86000000000058
2025-04-26,12:00,4,4222.6874,4402.1625,179.47510000000057
2025-04-26,12:00,5,2237.0167,2361.225,124.20829999999978
2025-04-26,12:00,6,727.6666,747.3,19.633399999999938
2025-04-26,12:00,7,0.0,0.0,0.0
2025-04-26,12:00,8,0.0,0.0,0.0
2025-04-26,12:00,9,0.0,0.0,0.0
2025-04-26,12:00,10,0.0,0.0,0.0
2025-04-26,12:00,11,0.0,0.0,0.0
2025-04-26,12:00,12,0.0,0.0,0.0
2025-04-26,18:00,1,0.0,0.0,0.0
2025-04-26,18:00,2,0.0,0.0,0.0
2025-04-26,18:00,3,0.0,0.0,0.0
2025-04-26,18:00,4,0.0,0.0,0.0
2025-04-26,18:00,5,0.0,0.0,0.0
2025-04-26,18:00,6,0.0,0.0,0.0
2025-04-27,0:00,1,0.0,0.0,0.0
2025-04-27,0:00,2,0.0,0.0,0.0
2025-04-27,0:00,3,0.0,0.0,0.0
2025-04-27,0:00,4,0.0,0.0,0.0
2025-04-27,0:00,5,0.0,0.0,0.0
2025-04-27,0:00,6,714.9352,740.1375,25.202300000000037
2025-04-27,0:00,7,2407.05,2413.9125,6.862499999999727
2025-04-27,0:00,8,4700.4757,4393.7625,306.71320000000014
2025-04-27,0:00,9,6667.8397,5954.325,713.5147000000006
2025-04-27,0:00,10,8260.9875,7806.6375,454.34999999999945
2025-04-27,0:00,11,9209.775,8475.1875,734.5874999999996
2025-04-27,0:00,12,9831.9288,9406.2,425.72879999999896
2025-04-27,0:00,13,8131.4821,8566.5375,435.0554000000002
2025-04-27,0:00,14,7374.0682,7327.05,47.018199999999524
2025-04-27,0:00,15,6432.3531,6171.7875,260.5655999999999
2025-04-27,0:00,16,4341.8881,4249.9125,91.97559999999976
2025-04-27,0:00,17,2657.0117,2310.75,346.2617
2025-04-27,0:00,18,922.9859,678.825,244.16089999999997
2025-04-27,0:00,19,0.0,0.0,0.0
2025-04-27,0:00,20,0.0,0.0,0.0
2025-04-27,0:00,21,0.0,0.0,0.0
2025-04-27,0:00,22,0.0,0.0,0.0
2025-04-27,0:00,23,0.0,0.0,0.0
2025-04-27,0:00,24,0.0,0.0,0.0
2025-04-27,6:00,1,2420.2601,2413.9125,6.347600000000057
2025-04-27,6:00,2,4283.4945,4393.7625,110.26800000000003
2025-04-27,6:00,3,5672.6914,5954.325,281.6336000000001
2025-04-27,6:00,4,7398.837,7806.6375,407.8004999999994
2025-04-27,6:00,5,7961.7806,8475.1875,513.4069
2025-04-27,6:00,6,8400.8218,9406.2,1005.378200000001
2025-04-27,6:00,7,8593.2475,8566.5375,26.709999999999127
2025-04-27,6:00,8,7739.1329,7327.05,412.0828999999994
2025-04-27,6:00,9,6796.9063,6171.7875,625.1187999999993
2025-04-27,6:00,10,4469.3638,4249.9125,219.45129999999972
2025-04-27,6:00,11,2482.7124,2310.75,171.9623999999999
2025-04-27,6:00,12,699.4508,678.825,20.625799999999913
2025-04-27,6:00,13,0.0,0.0,0.0
2025-04-27,6:00,14,0.0,0.0,0.0
2025-04-27,6:00,15,0.0,0.0,0.0
2025-04-27,6:00,16,0.0,0.0,0.0
2025-04-27,6:00,17,0.0,0.0,0.0
2025-04-27,6:00,18,0.0,0.0,0.0
2025-04-27,12:00,1,8636.2499,8566.5375,69.71240000000034
2025-04-27,12:00,2,7464.3074,7327.05,137.2573999999995
2025-04-27,12:00,3,6392.1738,6171.7875,220.3862999999992
2025-04-27,12:00,4,4359.2691,4249.9125,109.35660000000007
2025-04-27,12:00,5,2294.712,2310.75,16.03800000000001
2025-04-27,12:00,6,694.3616,678.825,15.536599999999908
2025-04-27,12:00,7,0.0,0.0,0.0
2025-04-27,12:00,8,0.0,0.0,0.0
2025-04-27,12:00,9,0.0,0.0,0.0
2025-04-27,12:00,10,0.0,0.0,0.0
2025-04-27,12:00,11,0.0,0.0,0.0
2025-04-27,12:00,12,0.0,0.0,0.0
2025-04-27,18:00,1,0.0,0.0,0.0
2025-04-27,18:00,2,0.0,0.0,0.0
2025-04-27,18:00,3,0.0,0.0,0.0
2025-04-27,18:00,4,0.0,0.0,0.0
2025-04-27,18:00,5,0.0,0.0,0.0
2025-04-27,18:00,6,0.0,0.0,0.0
2025-04-28,0:00,1,0.0,0.0,0.0
2025-04-28,0:00,2,0.0,0.0,0.0
2025-04-28,0:00,3,0.0,0.0,0.0
2025-04-28,0:00,4,0.0,0.0,0.0
2025-04-28,0:00,5,0.0,0.0,0.0
2025-04-28,0:00,6,685.134,717.6,32.46600000000001
2025-04-28,0:00,7,2816.3605,2710.35,106.01049999999987
2025-04-28,0:00,8,4618.5376,4369.6875,248.85009999999966
2025-04-28,0:00,9,5566.3746,5307.6,258.77459999999974
2025-04-28,0:00,10,6872.3742,6658.3125,214.0617000000002
2025-04-28,0:00,11,7309.3283,6983.6625,325.66579999999976
2025-04-28,0:00,12,6751.0526,7101.9375,350.8849
2025-04-28,0:00,13,7118.9082,7986.2625,867.3543
2025-04-28,0:00,14,6453.9199,6458.625,4.7051000000001295
2025-04-28,0:00,15,5466.4204,5581.9875,115.56710000000021
2025-04-28,0:00,16,3509.3804,3853.35,343.9695999999999
2025-04-28,0:00,17,2572.5447,2453.925,118.61969999999974
2025-04-28,0:00,18,841.4825,765.2625,76.21999999999991
2025-04-28,0:00,19,0.0,0.0,0.0
2025-04-28,0:00,20,0.0,0.0,0.0
2025-04-28,0:00,21,0.0,0.0,0.0
2025-04-28,0:00,22,0.0,0.0,0.0
2025-04-28,0:00,23,0.0,0.0,0.0
2025-04-28,0:00,24,0.0,0.0,0.0
2025-04-28,6:00,1,2726.6626,2710.35,16.312600000000202
2025-04-28,6:00,2,4419.3749,4369.6875,49.6873999999998
2025-04-28,6:00,3,5290.2056,5307.6,17.394400000000132
2025-04-28,6:00,4,6533.6874,6658.3125,124.6251000000002
2025-04-28,6:00,5,6405.9907,6983.6625,577.6718000000001
2025-04-28,6:00,6,6401.9484,7101.9375,699.9890999999998
2025-04-28,6:00,7,7181.9884,7986.2625,804.2740999999996
2025-04-28,6:00,8,6036.1867,6458.625,422.4382999999998
2025-04-28,6:00,9,5271.2518,5581.9875,310.7357000000002
2025-04-28,6:00,10,3831.2644,3853.35,22.085599999999886
2025-04-28,6:00,11,2495.1318,2453.925,41.20679999999993
2025-04-28,6:00,12,758.8863,765.2625,6.37620000000004
2025-04-28,6:00,13,0.0,0.0,0.0
2025-04-28,6:00,14,0.0,0.0,0.0
2025-04-28,6:00,15,0.0,0.0,0.0
2025-04-28,6:00,16,0.0,0.0,0.0
2025-04-28,6:00,17,0.0,0.0,0.0
2025-04-28,6:00,18,0.0,0.0,0.0
2025-04-28,12:00,1,7965.9937,7986.2625,20.26879999999983
2025-04-28,12:00,2,6512.4304,6458.625,53.80540000000019
2025-04-28,12:00,3,5612.0472,5581.9875,30.059699999999793
2025-04-28,12:00,4,3876.7031,3853.35,23.353100000000268
2025-04-28,12:00,5,2424.3656,2453.925,29.559400000000096
2025-04-28,12:00,6,762.2342,765.2625,3.0283000000000584
2025-04-28,12:00,7,0.0,0.0,0.0
2025-04-28,12:00,8,0.0,0.0,0.0
2025-04-28,12:00,9,0.0,0.0,0.0
2025-04-28,12:00,10,0.0,0.0,0.0
2025-04-28,12:00,11,0.0,0.0,0.0
2025-04-28,12:00,12,0.0,0.0,0.0
2025-04-28,18:00,1,0.0,0.0,0.0
2025-04-28,18:00,2,0.0,0.0,0.0
2025-04-28,18:00,3,0.0,0.0,0.0
2025-04-28,18:00,4,0.0,0.0,0.0
2025-04-28,18:00,5,0.0,0.0,0.0
2025-04-28,18:00,6,0.0,0.0,0.0
2025-04-29,0:00,1,0.0,0.0,0.0
2025-04-29,0:00,2,0.0,0.0,0.0
2025-04-29,0:00,3,0.0,0.0,0.0
2025-04-29,0:00,4,0.0,0.0,0.0
2025-04-29,0:00,5,0.0,0.0,0.0
2025-04-29,0:00,6,812.0536,848.7375,36.683899999999994
2025-04-29,0:00,7,2789.1859,2758.95,30.23590000000013
2025-04-29,0:00,8,5338.1737,4924.7625,413.41120000000046
2025-04-29,0:00,9,6841.3875,6841.3875,0.0
2025-04-29,0:00,10,8260.9875,8099.5875,161.39999999999964
2025-04-29,0:00,11,9209.775,8896.6875,313.08749999999964
2025-04-29,0:00,12,7783.1246,8429.175,646.0503999999992
2025-04-29,0:00,13,7228.8757,8810.8875,1582.0118000000011
2025-04-29,0:00,14,7681.4161,7976.9625,295.54639999999927
2025-04-29,0:00,15,6005.2898,5877.825,127.46479999999974
2025-04-29,0:00,16,4512.7422,4034.5875,478.1546999999996
2025-04-29,0:00,17,2748.7912,2411.475,337.3162000000002
2025-04-29,0:00,18,849.1407,707.8125,141.32820000000004
2025-04-29,0:00,19,0.0,0.0,0.0
2025-04-29,0:00,20,0.0,0.0,0.0
2025-04-29,0:00,21,0.0,0.0,0.0
2025-04-29,0:00,22,0.0,0.0,0.0
2025-04-29,0:00,23,0.0,0.0,0.0
2025-04-29,0:00,24,0.0,0.0,0.0
2025-04-29,6:00,1,2713.1392,2758.95,45.810799999999745
2025-04-29,6:00,2,4779.1771,4924.7625,145.58539999999994
2025-04-29,6:00,3,6609.1131,6841.3875,232.27440000000024
2025-04-29,6:00,4,7820.6835,8099.5875,278.90399999999954
2025-04-29,6:00,5,8517.8816,8896.6875,378.8058999999994
2025-04-29,6:00,6,8260.3528,8429.175,168.8221999999987
2025-04-29,6:00,7,8850.7943,8810.8875,39.90679999999884
2025-04-29,6:00,8,8184.7275,7976.9625,207.76500000000033
2025-04-29,6:00,9,6155.0061,5877.825,277.1810999999998
2025-04-29,6:00,10,4118.3172,4034.5875,83.72970000000032
2025-04-29,6:00,11,2497.0471,2411.475,85.57209999999986
2025-04-29,6:00,12,710.9974,707.8125,3.1848999999999705
2025-04-29,6:00,13,0.0,0.0,0.0
2025-04-29,6:00,14,0.0,0.0,0.0
2025-04-29,6:00,15,0.0,0.0,0.0
2025-04-29,6:00,16,0.0,0.0,0.0
2025-04-29,6:00,17,0.0,0.0,0.0
2025-04-29,6:00,18,0.0,0.0,0.0
2025-04-29,12:00,1,8711.4287,8810.8875,99.45880000000034
2025-04-29,12:00,2,7904.7389,7976.9625,72.22359999999935
2025-04-29,12:00,3,5821.2758,5877.825,56.54919999999947
2025-04-29,12:00,4,3940.7642,4034.5875,93.82330000000002
2025-04-29,12:00,5,2338.8861,2411.475,72.58889999999974
2025-04-29,12:00,6,736.7774,707.8125,28.964899999999943
2025-04-29,12:00,7,0.0,0.0,0.0
2025-04-29,12:00,8,0.0,0.0,0.0
2025-04-29,12:00,9,0.0,0.0,0.0
2025-04-29,12:00,10,0.0,0.0,0.0
2025-04-29,12:00,11,0.0,0.0,0.0
2025-04-29,12:00,12,0.0,0.0,0.0
2025-04-29,18:00,1,0.0,0.0,0.0
2025-04-29,18:00,2,0.0,0.0,0.0
2025-04-29,18:00,3,0.0,0.0,0.0
2025-04-29,18:00,4,0.0,0.0,0.0
2025-04-29,18:00,5,0.0,0.0,0.0
2025-04-29,18:00,6,0.0,0.0,0.0
2025-04-30,0:00,1,0.0,0.0,0.0
2025-04-30,0:00,2,0.0,0.0,0.0
2025-04-30,0:00,3,0.0,0.0,0.0
2025-04-30,0:00,4,0.0,0.0,0.0
2025-04-30,0:00,5,0.0,0.0,0.0
2025-04-30,0:00,6,939.6816,851.175,88.50660000000005
2025-04-30,0:00,7,3080.0657,2651.925,428.1406999999999
2025-04-30,0:00,8,5136.1983,4706.1375,430.0608000000002
2025-04-30,0:00,9,6841.3875,6705.3375,136.05000000000018
2025-04-30,0:00,10,8260.9875,8205.3375,55.649999999999636
2025-04-30,0:00,11,8992.5907,8179.425,813.1657000000005
2025-04-30,0:00,12,8553.411,8402.325,151.08599999999933
2025-04-30,0:00,13,8586.2116,7944.9375,641.2741000000005
2025-04-30,0:00,14,8230.4625,7924.1625,306.2999999999993
2025-04-30,0:00,15,6964.8,6451.125,513.6750000000002
2025-04-30,0:00,16,4364.321,4751.0625,386.7415000000001
2025-04-30,0:00,17,2681.795,2847.15,165.35500000000002
2025-04-30,0:00,18,714.9589,832.35,117.39110000000005
2025-04-30,0:00,19,0.0,0.0,0.0
2025-04-30,0:00,20,0.0,0.0,0.0
2025-04-30,0:00,21,0.0,0.0,0.0
2025-04-30,0:00,22,0.0,0.0,0.0
2025-04-30,0:00,23,0.0,0.0,0.0
2025-04-30,0:00,24,0.0,0.0,0.0
2025-04-30,6:00,1,2685.9281,2651.925,34.003099999999904
2025-04-30,6:00,2,4796.3137,4706.1375,90.17619999999988
2025-04-30,6:00,3,6841.3875,6705.3375,136.05000000000018
2025-04-30,6:00,4,8260.9875,8205.3375,55.649999999999636
2025-04-30,6:00,5,8438.6444,8179.425,259.21939999999904
2025-04-30,6:00,6,8425.0632,8402.325,22.73819999999978
2025-04-30,6:00,7,7883.8793,7944.9375,61.0582000000004
2025-04-30,6:00,8,7775.944,7924.1625,148.21849999999995
2025-04-30,6:00,9,6275.4249,6451.125,175.70010000000002
2025-04-30,6:00,10,4512.3707,4751.0625,238.6917999999996
2025-04-30,6:00,11,2907.825,2847.15,60.67499999999973
2025-04-30,6:00,12,940.7719,832.35,108.42189999999994
2025-04-30,6:00,13,0.0,0.0,0.0
2025-04-30,6:00,14,0.0,0.0,0.0
2025-04-30,6:00,15,0.0,0.0,0.0
2025-04-30,6:00,16,0.0,0.0,0.0
2025-04-30,6:00,17,0.0,0.0,0.0
2025-04-30,6:00,18,0.0,0.0,0.0
2025-04-30,12:00,1,7945.6792,7944.9375,0.7416999999995824
2025-04-30,12:00,2,8052.8235,7924.1625,128.66100000000006
2025-04-30,12:00,3,6605.7228,6451.125,154.59779999999955
2025-04-30,12:00,4,4829.144,4751.0625,78.08150000000023
2025-04-30,12:00,5,2907.825,2847.15,60.67499999999973
2025-04-30,12:00,6,896.1665,832.35,63.81650000000002
2025-04-30,12:00,7,0.0,0.0,0.0
2025-04-30,12:00,8,0.0,0.0,0.0
2025-04-30,12:00,9,0.0,0.0,0.0
2025-04-30,12:00,10,0.0,0.0,0.0
2025-04-30,12:00,11,0.0,0.0,0.0
2025-04-30,12:00,12,0.0,0.0,0.0
2025-04-30,18:00,1,0.0,0.0,0.0
2025-04-30,18:00,2,0.0,0.0,0.0
2025-04-30,18:00,3,0.0,0.0,0.0
2025-04-30,18:00,4,0.0,0.0,0.0
2025-04-30,18:00,5,0.0,0.0,0.0
2025-04-30,18:00,6,0.0,0.0,0.0
2025-05-01,0:00,1,0.0,0.0,0.0
2025-05-01,0:00,2,0.0,0.0,0.0
2025-05-01,0:00,3,0.0,0.0,0.0
2025-05-01,0:00,4,0.0,0.0,0.0
2025-05-01,0:00,5,0.0,0.0,0.0
2025-05-01,0:00,6,832.451,828.2625,4.188499999999976
2025-05-01,0:00,7,2455.4095,2328.6,126.8095000000003
2025-05-01,0:00,8,4412.8263,3902.0625,510.7637999999997
2025-05-01,0:00,9,6841.3875,6080.4375,760.9499999999998
2025-05-01,0:00,10,8205.3375,8097.0,108.33749999999964
2025-05-01,0:00,11,9209.775,8936.4375,273.33749999999964
2025-05-01,0:00,12,9112.979,9177.7875,64.808500000001
2025-05-01,0:00,13,8488.5339,8669.7,181.16610000000037
2025-05-01,0:00,14,7500.1878,8162.775,662.5871999999999
2025-05-01,0:00,15,6201.0023,6130.0125,70.98980000000029
2025-05-01,0:00,16,4193.6137,4130.3625,63.2511999999997
2025-05-01,0:00,17,2514.6472,2539.05,24.402800000000298
2025-05-01,0:00,18,760.5643,794.775,34.210699999999974
2025-05-01,0:00,19,0.0,0.0,0.0
2025-05-01,0:00,20,0.0,0.0,0.0
2025-05-01,0:00,21,0.0,0.0,0.0
2025-05-01,0:00,22,0.0,0.0,0.0
2025-05-01,0:00,23,0.0,0.0,0.0
2025-05-01,0:00,24,0.0,0.0,0.0
2025-05-01,6:00,1,2275.9833,2328.6,52.61670000000004
2025-05-01,6:00,2,3745.8717,3902.0625,156.19079999999985
2025-05-01,6:00,3,5817.8956,6080.4375,262.54190000000017
2025-05-01,6:00,4,7736.6044,8097.0,360.39559999999983
2025-05-01,6:00,5,8866.072,8936.4375,70.36549999999988
2025-05-01,6:00,6,9471.9828,9177.7875,294.1952999999994
2025-05-01,6:00,7,9242.0144,8669.7,572.3143999999993
2025-05-01,6:00,8,8230.4625,8162.775,67.6875
2025-05-01,6:00,9,6750.3901,6130.0125,620.3775999999998
2025-05-01,6:00,10,4012.0849,4130.3625,118.27760000000035
2025-05-01,6:00,11,2425.1943,2539.05,113.85570000000007
2025-05-01,6:00,12,718.1976,794.775,76.57740000000001
2025-05-01,6:00,13,0.0,0.0,0.0
2025-05-01,6:00,14,0.0,0.0,0.0
2025-05-01,6:00,15,0.0,0.0,0.0
2025-05-01,6:00,16,0.0,0.0,0.0
2025-05-01,6:00,17,0.0,0.0,0.0
2025-05-01,6:00,18,0.0,0.0,0.0
2025-05-01,12:00,1,8628.3626,8669.7,41.33740000000034
2025-05-01,12:00,2,8100.2447,8162.775,62.53029999999944
2025-05-01,12:00,3,6029.754,6130.0125,100.25849999999991
2025-05-01,12:00,4,4080.7076,4130.3625,49.6549
2025-05-01,12:00,5,2491.0785,2539.05,47.971500000000106
2025-05-01,12:00,6,778.0233,794.775,16.751700000000028
2025-05-01,12:00,7,0.0,0.0,0.0
2025-05-01,12:00,8,0.0,0.0,0.0
2025-05-01,12:00,9,0.0,0.0,0.0
2025-05-01,12:00,10,0.0,0.0,0.0
2025-05-01,12:00,11,0.0,0.0,0.0
2025-05-01,12:00,12,0.0,0.0,0.0
2025-05-01,18:00,1,0.0,0.0,0.0
2025-05-01,18:00,2,0.0,0.0,0.0
2025-05-01,18:00,3,0.0,0.0,0.0
2025-05-01,18:00,4,0.0,0.0,0.0
2025-05-01,18:00,5,0.0,0.0,0.0
2025-05-01,18:00,6,0.0,0.0,0.0
2025-05-02,0:00,1,0.0,0.0,0.0
2025-05-02,0:00,2,0.0,0.0,0.0
2025-05-02,0:00,3,0.0,0.0,0.0
2025-05-02,0:00,4,0.0,0.0,0.0
2025-05-02,0:00,5,0.0,0.0,0.0
2025-05-02,0:00,6,716.8564,756.3,39.44359999999995
2025-05-02,0:00,7,2234.0574,2375.8125,141.75509999999986
2025-05-02,0:00,8,3737.339,3934.7625,197.42349999999988
2025-05-02,0:00,9,5372.0751,5703.5625,331.4874
2025-05-02,0:00,10,6639.0612,6936.225,297.16380000000026
2025-05-02,0:00,11,7067.5248,7664.8875,597.3626999999997
2025-05-02,0:00,12,6891.1169,7449.3375,558.2205999999996
2025-05-02,0:00,13,7504.5028,6965.475,539.0277999999998
2025-05-02,0:00,14,7961.0904,6987.15,973.9404000000004
2025-05-02,0:00,15,4855.1756,5095.9125,240.7369000000008
2025-05-02,0:00,16,3887.3218,4004.9625,117.64069999999992
2025-05-02,0:00,17,2055.525,2221.125,165.5999999999999
2025-05-02,0:00,18,491.7888,669.15,177.3612
2025-05-02,0:00,19,0.0,0.0,0.0
2025-05-02,0:00,20,0.0,0.0,0.0
2025-05-02,0:00,21,0.0,0.0,0.0
2025-05-02,0:00,22,0.0,0.0,0.0
2025-05-02,0:00,23,0.0,0.0,0.0
2025-05-02,0:00,24,0.0,0.0,0.0
2025-05-02,6:00,1,2313.9241,2375.8125,61.88839999999982
2025-05-02,6:00,2,3814.5045,3934.7625,120.25799999999981
2025-05-02,6:00,3,5493.6451,5703.5625,209.91740000000027
2025-05-02,6:00,4,6307.2033,6936.225,629.0217000000002
2025-05-02,6:00,5,7122.0752,7664.8875,542.8122999999996
2025-05-02,6:00,6,7140.9514,7449.3375,308.3860999999997
2025-05-02,6:00,7,6362.1228,6965.475,603.3522000000003
2025-05-02,6:00,8,6705.3313,6987.15,281.8186999999998
2025-05-02,6:00,9,5275.9792,5095.9125,180.0666999999994
2025-05-02,6:00,10,3956.1963,4004.9625,48.766200000000026
2025-05-02,6:00,11,1957.3524,2221.125,263.7726
2025-05-02,6:00,12,583.5126,669.15,85.63739999999996
2025-05-02,6:00,13,0.0,0.0,0.0
2025-05-02,6:00,14,0.0,0.0,0.0
2025-05-02,6:00,15,0.0,0.0,0.0
2025-05-02,6:00,16,0.0,0.0,0.0
2025-05-02,6:00,17,0.0,0.0,0.0
2025-05-02,6:00,18,0.0,0.0,0.0
2025-05-02,12:00,1,6973.505,6965.475,8.029999999999745
2025-05-02,12:00,2,6977.9351,6987.15,9.214899999999943
2025-05-02,12:00,3,5089.2755,5095.9125,6.637000000000626
2025-05-02,12:00,4,3910.7093,4004.9625,94.2532000000001
2025-05-02,12:00,5,2124.7058,2221.125,96.41919999999982
2025-05-02,12:00,6,619.9872,669.15,49.16279999999995
2025-05-02,12:00,7,0.0,0.0,0.0
2025-05-02,12:00,8,0.0,0.0,0.0
2025-05-02,12:00,9,0.0,0.0,0.0
2025-05-02,12:00,10,0.0,0.0,0.0
2025-05-02,12:00,11,0.0,0.0,0.0
2025-05-02,12:00,12,0.0,0.0,0.0
2025-05-02,18:00,1,0.0,0.0,0.0
2025-05-02,18:00,2,0.0,0.0,0.0
2025-05-02,18:00,3,0.0,0.0,0.0
2025-05-02,18:00,4,0.0,0.0,0.0
2025-05-02,18:00,5,0.0,0.0,0.0
2025-05-02,18:00,6,0.0,0.0,0.0
2025-05-03,0:00,1,0.0,0.0,0.0
2025-05-03,0:00,2,0.0,0.0,0.0
2025-05-03,0:00,3,0.0,0.0,0.0
2025-05-03,0:00,4,0.0,0.0,0.0
2025-05-03,0:00,5,0.0,0.0,0.0
2025-05-03,0:00,6,753.5473,829.0125,75.4652000000001
2025-05-03,0:00,7,2322.2601,2545.95,223.68989999999985
2025-05-03,0:00,8,4140.4898,4358.5875,218.09769999999935
2025-05-03,0:00,9,6439.6847,6184.0875,255.59720000000016
2025-05-03,0:00,10,7343.8733,7483.7625,139.88919999999962
2025-05-03,0:00,11,8674.3912,8849.55,175.15879999999925
2025-05-03,0:00,12,7509.4014,7848.1875,338.78610000000026
2025-05-03,0:00,13,7223.9027,7884.15,660.2473
2025-05-03,0:00,14,5945.4712,6841.0125,895.5412999999999
2025-05-03,0:00,15,5676.7754,5734.725,57.94959999999992
2025-05-03,0:00,16,3930.2824,3992.175,61.89260000000013
2025-05-03,0:00,17,2530.2339,2581.3875,51.15359999999964
2025-05-03,0:00,18,830.4421,839.85,9.40790000000004
2025-05-03,0:00,19,0.0,0.0,0.0
2025-05-03,0:00,20,0.0,0.0,0.0
2025-05-03,0:00,21,0.0,0.0,0.0
2025-05-03,0:00,22,0.0,0.0,0.0
2025-05-03,0:00,23,0.0,0.0,0.0
2025-05-03,0:00,24,0.0,0.0,0.0
2025-05-03,6:00,1,2517.1602,2545.95,28.789800000000014
2025-05-03,6:00,2,4283.4515,4358.5875,75.13599999999951
2025-05-03,6:00,3,6055.2618,6184.0875,128.82569999999942
2025-05-03,6:00,4,7426.9732,7483.7625,56.78929999999946
2025-05-03,6:00,5,8638.6164,8849.55,210.93359999999848
2025-05-03,6:00,6,7427.0337,7848.1875,421.15380000000005
2025-05-03,6:00,7,7487.5695,7884.15,396.58050000000003
2025-05-03,6:00,8,6509.704,6841.0125,331.3085000000001
2025-05-03,6:00,9,5585.5977,5734.725,149.1273000000001
2025-05-03,6:00,10,3962.9597,3992.175,29.215300000000298
2025-05-03,6:00,11,2733.4411,2581.3875,152.0536000000002
2025-05-03,6:00,12,826.9245,839.85,12.925500000000056
2025-05-03,6:00,13,0.0,0.0,0.0
2025-05-03,6:00,14,0.0,0.0,0.0
2025-05-03,6:00,15,0.0,0.0,0.0
2025-05-03,6:00,16,0.0,0.0,0.0
2025-05-03,6:00,17,0.0,0.0,0.0
2025-05-03,6:00,18,0.0,0.0,0.0
2025-05-03,12:00,1,7762.8025,7884.15,121.34749999999985
2025-05-03,12:00,2,6704.6247,6841.0125,136.38779999999952
2025-05-03,12:00,3,5532.9894,5734.725,201.73559999999998
2025-05-03,12:00,4,3870.9006,3992.175,121.27440000000024
2025-05-03,12:00,5,2510.5163,2581.3875,70.87120000000004
2025-05-03,12:00,6,815.939,839.85,23.911000000000058
2025-05-03,12:00,7,0.0,0.0,0.0
2025-05-03,12:00,8,0.0,0.0,0.0
2025-05-03,12:00,9,0.0,0.0,0.0
2025-05-03,12:00,10,0.0,0.0,0.0
2025-05-03,12:00,11,0.0,0.0,0.0
2025-05-03,12:00,12,0.0,0.0,0.0
2025-05-03,18:00,1,0.0,0.0,0.0
2025-05-03,18:00,2,0.0,0.0,0.0
2025-05-03,18:00,3,0.0,0.0,0.0
2025-05-03,18:00,4,0.0,0.0,0.0
2025-05-03,18:00,5,0.0,0.0,0.0
2025-05-03,18:00,6,0.0,0.0,0.0
2025-05-04,0:00,1,0.0,0.0,0.0
2025-05-04,0:00,2,0.0,0.0,0.0
2025-05-04,0:00,3,0.0,0.0,0.0
2025-05-04,0:00,4,0.0,0.0,0.0
2025-05-04,0:00,5,0.0,0.0,0.0
2025-05-04,0:00,6,961.4816,967.8375,6.35590000000002
2025-05-04,0:00,7,2803.8841,2829.1125,25.228399999999965
2025-05-04,0:00,8,4595.6205,4763.7,168.07949999999983
2025-05-04,0:00,9,6171.5844,6576.825,405.2406000000001
2025-05-04,0:00,10,8055.729,7995.075,60.65400000000045
2025-05-04,0:00,11,8008.425,8370.8625,362.4374999999991
2025-05-04,0:00,12,7567.6822,7929.525,361.84279999999944
2025-05-04,0:00,13,7120.0582,7177.8,57.741799999999785
2025-05-04,0:00,14,7572.8767,7744.6125,171.73580000000038
2025-05-04,0:00,15,5856.366,6400.95,544.5839999999998
2025-05-04,0:00,16,4171.6046,4518.075,346.47040000000015
2025-05-04,0:00,17,2538.4697,2606.4375,67.9677999999999
2025-05-04,0:00,18,798.8001,851.175,52.37489999999991
2025-05-04,0:00,19,0.0,0.0,0.0
2025-05-04,0:00,20,0.0,0.0,0.0
2025-05-04,0:00,21,0.0,0.0,0.0
2025-05-04,0:00,22,0.0,0.0,0.0
2025-05-04,0:00,23,0.0,0.0,0.0
2025-05-04,0:00,24,0.0,0.0,0.0
2025-05-04,6:00,1,2912.6876,2829.1125,83.57510000000002
2025-05-04,6:00,2,5095.2214,4763.7,331.52140000000054
2025-05-04,6:00,3,6841.3875,6576.825,264.5625
2025-05-04,6:00,4,8205.3375,7995.075,210.26249999999982
2025-05-04,6:00,5,9035.3014,8370.8625,664.438900000001
2025-05-04,6:00,6,8829.0179,7929.525,899.4929000000011
2025-05-04,6:00,7,7219.4561,7177.8,41.65610000000015
2025-05-04,6:00,8,6876.0565,7744.6125,868.5560000000005
2025-05-04,6:00,9,5965.3049,6400.95,435.64509999999973
2025-05-04,6:00,10,4510.1236,4518.075,7.951399999999921
2025-05-04,6:00,11,2288.4063,2606.4375,318.0311999999999
2025-05-04,6:00,12,863.6527,851.175,12.477700000000027
2025-05-04,6:00,13,0.0,0.0,0.0
2025-05-04,6:00,14,0.0,0.0,0.0
2025-05-04,6:00,15,0.0,0.0,0.0
2025-05-04,6:00,16,0.0,0.0,0.0
2025-05-04,6:00,17,0.0,0.0,0.0
2025-05-04,6:00,18,0.0,0.0,0.0
2025-05-04,12:00,1,7177.9002,7177.8,0.10019999999985885
2025-05-04,12:00,2,7939.4998,7744.6125,194.8872999999994
2025-05-04,12:00,3,6664.5374,6400.95,263.58740000000034
2025-05-04,12:00,4,4785.7464,4518.075,267.6714000000002
2025-05-04,12:00,5,2794.3987,2606.4375,187.9612000000002
2025-05-04,12:00,6,926.3564,851.175,75.18140000000005
2025-05-04,12:00,7,0.0,0.0,0.0
2025-05-04,12:00,8,0.0,0.0,0.0
2025-05-04,12:00,9,0.0,0.0,0.0
2025-05-04,12:00,10,0.0,0.0,0.0
2025-05-04,12:00,11,0.0,0.0,0.0
2025-05-04,12:00,12,0.0,0.0,0.0
2025-05-04,18:00,1,0.0,0.0,0.0
2025-05-04,18:00,2,0.0,0.0,0.0
2025-05-04,18:00,3,0.0,0.0,0.0
2025-05-04,18:00,4,0.0,0.0,0.0
2025-05-04,18:00,5,0.0,0.0,0.0
2025-05-04,18:00,6,0.0,0.0,0.0
2025-05-05,0:00,1,0.0,0.0,0.0
2025-05-05,0:00,2,0.0,0.0,0.0
2025-05-05,0:00,3,0.0,0.0,0.0
2025-05-05,0:00,4,0.0,0.0,0.0
2025-05-05,0:00,5,0.0,0.0,0.0
2025-05-05,0:00,6,753.0789,753.5625,0.483600000000024
2025-05-05,0:00,7,1881.6802,2070.6375,188.9572999999998
2025-05-05,0:00,8,3378.9988,3674.7,295.7012
2025-05-05,0:00,9,5461.8776,5899.0125,437.1349
2025-05-05,0:00,10,6797.8912,7073.5125,275.6212999999998
2025-05-05,0:00,11,8707.4859,8468.2875,239.1983999999993
2025-05-05,0:00,12,9986.3615,8933.5125,1052.8490000000002
2025-05-05,0:00,13,8007.1017,7414.65,592.4517000000005
2025-05-05,0:00,14,7756.0667,7217.2875,538.7792
2025-05-05,0:00,15,6626.8424,6365.925,260.91740000000027
2025-05-05,0:00,16,3816.012,4839.7875,1023.7755000000002
2025-05-05,0:00,17,1645.8614,2266.8,620.9386000000002
2025-05-05,0:00,18,671.9887,850.575,178.58630000000005
2025-05-05,0:00,19,0.0,0.0,0.0
2025-05-05,0:00,20,0.0,0.0,0.0
2025-05-05,0:00,21,0.0,0.0,0.0
2025-05-05,0:00,22,0.0,0.0,0.0
2025-05-05,0:00,23,0.0,0.0,0.0
2025-05-05,0:00,24,0.0,0.0,0.0
2025-05-05,6:00,1,2031.9072,2070.6375,38.730299999999716
2025-05-05,6:00,2,3584.6992,3674.7,90.0007999999998
2025-05-05,6:00,3,5778.5289,5899.0125,120.48359999999957
2025-05-05,6:00,4,7127.9972,7073.5125,54.484699999999975
2025-05-05,6:00,5,8344.1373,8468.2875,124.15020000000004
2025-05-05,6:00,6,8789.6791,8933.5125,143.83340000000135
2025-05-05,6:00,7,7322.699,7414.65,91.95100000000002
2025-05-05,6:00,8,6957.8096,7217.2875,259.4779000000008
2025-05-05,6:00,9,6127.4388,6365.925,238.48620000000028
2025-05-05,6:00,10,4951.8,4839.7875,112.01249999999982
2025-05-05,6:00,11,2704.7029,2266.8,437.90290000000005
2025-05-05,6:00,12,1009.1056,850.575,158.53059999999994
2025-05-05,6:00,13,0.0,0.0,0.0
2025-05-05,6:00,14,0.0,0.0,0.0
2025-05-05,6:00,15,0.0,0.0,0.0
2025-05-05,6:00,16,0.0,0.0,0.0
2025-05-05,6:00,17,0.0,0.0,0.0
2025-05-05,6:00,18,0.0,0.0,0.0
2025-05-05,12:00,1,7412.7425,7414.65,1.9074999999993452
2025-05-05,12:00,2,7294.5257,7217.2875,77.23819999999978
2025-05-05,12:00,3,6489.5914,6365.925,123.66640000000007
2025-05-05,12:00,4,4951.8,4839.7875,112.01249999999982
2025-05-05,12:00,5,2416.1081,2266.8,149.30809999999974
2025-05-05,12:00,6,930.2779,850.575,79.7029
2025-05-05,12:00,7,0.0,0.0,0.0
2025-05-05,12:00,8,0.0,0.0,0.0
2025-05-05,12:00,9,0.0,0.0,0.0
2025-05-05,12:00,10,0.0,0.0,0.0
2025-05-05,12:00,11,0.0,0.0,0.0
2025-05-05,12:00,12,0.0,0.0,0.0
2025-05-05,18:00,1,0.0,0.0,0.0
2025-05-05,18:00,2,0.0,0.0,0.0
2025-05-05,18:00,3,0.0,0.0,0.0
2025-05-05,18:00,4,0.0,0.0,0.0
2025-05-05,18:00,5,0.0,0.0,0.0
2025-05-05,18:00,6,0.0,0.0,0.0
2025-05-06,0:00,1,0.0,0.0,0.0
2025-05-06,0:00,2,0.0,0.0,0.0
2025-05-06,0:00,3,0.0,0.0,0.0
2025-05-06,0:00,4,0.0,0.0,0.0
2025-05-06,0:00,5,0.0,0.0,0.0
2025-05-06,0:00,6,961.8759,903.1875,58.6884
2025-05-06,0:00,7,2692.8134,2393.55,299.2633999999998
2025-05-06,0:00,8,4626.7619,3850.65,776.1119000000003
2025-05-06,0:00,9,6803.3038,6028.4625,774.8413
2025-05-06,0:00,10,7708.6356,6949.725,758.9105999999992
2025-05-06,0:00,11,9209.775,8664.9375,544.8374999999996
2025-05-06,0:00,12,9613.7174,9114.75,498.96739999999954
2025-05-06,0:00,13,9192.3295,8856.15,336.1795000000002
2025-05-06,0:00,14,8162.775,7625.5125,537.2624999999998
2025-05-06,0:00,15,6316.1865,6228.825,87.36149999999998
2025-05-06,0:00,16,4675.9809,4666.8,9.180899999999383
2025-05-06,0:00,17,3019.875,2617.2,402.6750000000002
2025-05-06,0:00,18,902.8211,893.4,9.421100000000024
2025-05-06,0:00,19,0.0,0.0,0.0
2025-05-06,0:00,20,0.0,0.0,0.0
2025-05-06,0:00,21,0.0,0.0,0.0
2025-05-06,0:00,22,0.0,0.0,0.0
2025-05-06,0:00,23,0.0,0.0,0.0
2025-05-06,0:00,24,0.0,0.0,0.0
2025-05-06,6:00,1,2387.5522,2393.55,5.9978000000000975
2025-05-06,6:00,2,3881.6983,3850.65,31.048299999999927
2025-05-06,6:00,3,6099.1548,6028.4625,70.69230000000061
2025-05-06,6:00,4,7023.9477,6949.725,74.22269999999935
2025-05-06,6:00,5,8859.6782,8664.9375,194.7407000000003
2025-05-06,6:00,6,9014.2854,9114.75,100.46459999999934
2025-05-06,6:00,7,8066.0298,8856.15,790.1201999999994
2025-05-06,6:00,8,7138.737,7625.5125,486.77549999999974
2025-05-06,6:00,9,6053.6668,6228.825,175.15819999999985
2025-05-06,6:00,10,4888.6714,4666.8,221.8714
2025-05-06,6:00,11,2999.4508,2617.2,382.25080000000025
2025-05-06,6:00,12,1042.296,893.4,148.89600000000007
2025-05-06,6:00,13,0.0,0.0,0.0
2025-05-06,6:00,14,0.0,0.0,0.0
2025-05-06,6:00,15,0.0,0.0,0.0
2025-05-06,6:00,16,0.0,0.0,0.0
2025-05-06,6:00,17,0.0,0.0,0.0
2025-05-06,6:00,18,0.0,0.0,0.0
2025-05-06,12:00,1,8809.3466,8856.15,46.803399999998874
2025-05-06,12:00,2,7552.6025,7625.5125,72.90999999999985
2025-05-06,12:00,3,6149.3208,6228.825,79.5041999999994
2025-05-06,12:00,4,4724.3504,4666.8,57.55040000000008
2025-05-06,12:00,5,2573.2242,2617.2,43.97579999999971
2025-05-06,12:00,6,925.1529,893.4,31.752900000000068
2025-05-06,12:00,7,0.0,0.0,0.0
2025-05-06,12:00,8,0.0,0.0,0.0
2025-05-06,12:00,9,0.0,0.0,0.0
2025-05-06,12:00,10,0.0,0.0,0.0
2025-05-06,12:00,11,0.0,0.0,0.0
2025-05-06,12:00,12,0.0,0.0,0.0
2025-05-06,18:00,1,0.0,0.0,0.0
2025-05-06,18:00,2,0.0,0.0,0.0
2025-05-06,18:00,3,0.0,0.0,0.0
2025-05-06,18:00,4,0.0,0.0,0.0
2025-05-06,18:00,5,0.0,0.0,0.0
2025-05-06,18:00,6,0.0,0.0,0.0
2025-05-07,0:00,1,0.0,0.0,0.0
2025-05-07,0:00,2,0.0,0.0,0.0
2025-05-07,0:00,3,0.0,0.0,0.0
2025-05-07,0:00,4,0.0,0.0,0.0
2025-05-07,0:00,5,0.0,0.0,0.0
2025-05-07,0:00,6,802.0092,822.525,20.515800000000013
2025-05-07,0:00,7,2389.5915,2338.65,50.941499999999905
2025-05-07,0:00,8,4480.6025,4197.4875,283.1149999999998
2025-05-07,0:00,9,6410.9187,5798.5875,612.3312000000005
2025-05-07,0:00,10,8011.2257,7487.6625,523.5631999999996
2025-05-07,0:00,11,9209.775,8105.4,1104.375
2025-05-07,0:00,12,9571.8523,8409.975,1161.8773
2025-05-07,0:00,13,8943.1875,8353.8,589.3875000000007
2025-05-07,0:00,14,8162.775,7273.3125,889.4624999999996
2025-05-07,0:00,15,5780.1972,5656.05,124.14719999999943
2025-05-07,0:00,16,4009.087,4279.9875,270.9005000000002
2025-05-07,0:00,17,2399.9016,2405.175,5.273400000000038
2025-05-07,0:00,18,732.3269,779.8125,47.48559999999998
2025-05-07,0:00,19,0.0,0.0,0.0
2025-05-07,0:00,20,0.0,0.0,0.0
2025-05-07,0:00,21,0.0,0.0,0.0
2025-05-07,0:00,22,0.0,0.0,0.0
2025-05-07,0:00,23,0.0,0.0,0.0
2025-05-07,0:00,24,0.0,0.0,0.0
2025-05-07,6:00,1,2344.0323,2338.65,5.382299999999759
2025-05-07,6:00,2,4192.1977,4197.4875,5.289800000000469
2025-05-07,6:00,3,5755.4619,5798.5875,43.125599999999395
2025-05-07,6:00,4,7683.3395,7487.6625,195.67699999999968
2025-05-07,6:00,5,8089.4222,8105.4,15.977799999999661
2025-05-07,6:00,6,8495.1165,8409.975,85.14149999999972
2025-05-07,6:00,7,8530.2198,8353.8,176.4198000000015
2025-05-07,6:00,8,7340.6653,7273.3125,67.35279999999966
2025-05-07,6:00,9,5325.4654,5656.05,330.58460000000014
2025-05-07,6:00,10,4170.1084,4279.9875,109.87910000000011
2025-05-07,6:00,11,2165.8986,2405.175,239.2764000000002
2025-05-07,6:00,12,662.6699,779.8125,117.14260000000002
2025-05-07,6:00,13,0.0,0.0,0.0
2025-05-07,6:00,14,0.0,0.0,0.0
2025-05-07,6:00,15,0.0,0.0,0.0
2025-05-07,6:00,16,0.0,0.0,0.0
2025-05-07,6:00,17,0.0,0.0,0.0
2025-05-07,6:00,18,0.0,0.0,0.0
2025-05-07,12:00,1,8257.9748,8353.8,95.82519999999931
2025-05-07,12:00,2,7145.5948,7273.3125,127.71770000000015
2025-05-07,12:00,3,5548.0276,5656.05,108.02239999999983
2025-05-07,12:00,4,4233.746,4279.9875,46.24150000000009
2025-05-07,12:00,5,2410.9147,2405.175,5.73969999999963
2025-05-07,12:00,6,789.3101,779.8125,9.497600000000034
2025-05-07,12:00,7,0.0,0.0,0.0
2025-05-07,12:00,8,0.0,0.0,0.0
2025-05-07,12:00,9,0.0,0.0,0.0
2025-05-07,12:00,10,0.0,0.0,0.0
2025-05-07,12:00,11,0.0,0.0,0.0
2025-05-07,12:00,12,0.0,0.0,0.0
2025-05-07,18:00,1,0.0,0.0,0.0
2025-05-07,18:00,2,0.0,0.0,0.0
2025-05-07,18:00,3,0.0,0.0,0.0
2025-05-07,18:00,4,0.0,0.0,0.0
2025-05-07,18:00,5,0.0,0.0,0.0
2025-05-07,18:00,6,0.0,0.0,0.0
2025-05-08,0:00,1,0.0,0.0,0.0
2025-05-08,0:00,2,0.0,0.0,0.0
2025-05-08,0:00,3,0.0,0.0,0.0
2025-05-08,0:00,4,0.0,0.0,0.0
2025-05-08,0:00,5,0.0,0.0,0.0
2025-05-08,0:00,6,891.6455,876.675,14.970500000000015
2025-05-08,0:00,7,2423.0227,2453.5125,30.489799999999832
2025-05-08,0:00,8,4551.4323,4592.775,41.34269999999924
2025-05-08,0:00,9,5674.4441,6135.45,461.0059000000001
2025-05-08,0:00,10,7090.4323,7113.9375,23.505199999999604
2025-05-08,0:00,11,7304.2946,7547.925,243.6304
2025-05-08,0:00,12,7295.275,7598.1375,302.8625000000002
2025-05-08,0:00,13,7184.0752,7557.225,373.14980000000014
2025-05-08,0:00,14,7094.6174,7110.5625,15.945099999999911
2025-05-08,0:00,15,5627.5867,5415.5625,212.02419999999984
2025-05-08,0:00,16,4799.6651,4591.4625,208.20260000000053
2025-05-08,0:00,17,3019.875,2907.825,112.05000000000018
2025-05-08,0:00,18,1171.7709,959.8875,211.88339999999994
2025-05-08,0:00,19,0.0,0.0,0.0
2025-05-08,0:00,20,0.0,0.0,0.0
2025-05-08,0:00,21,0.0,0.0,0.0
2025-05-08,0:00,22,0.0,0.0,0.0
2025-05-08,0:00,23,0.0,0.0,0.0
2025-05-08,0:00,24,0.0,0.0,0.0
2025-05-08,6:00,1,2477.2426,2453.5125,23.73010000000022
2025-05-08,6:00,2,4630.9734,4592.775,38.19840000000022
2025-05-08,6:00,3,6169.4045,6135.45,33.954499999999825
2025-05-08,6:00,4,7084.7041,7113.9375,29.233400000000074
2025-05-08,6:00,5,7287.3888,7547.925,260.53620000000046
2025-05-08,6:00,6,7543.2574,7598.1375,54.8800999999994
2025-05-08,6:00,7,7767.7082,7557.225,210.48319999999967
2025-05-08,6:00,8,7692.1082,7110.5625,581.5456999999997
2025-05-08,6:00,9,5812.3938,5415.5625,396.8312999999998
2025-05-08,6:00,10,4902.2049,4591.4625,310.7424000000001
2025-05-08,6:00,11,3019.875,2907.825,112.05000000000018
2025-05-08,6:00,12,903.6251,959.8875,56.26240000000007
2025-05-08,6:00,13,0.0,0.0,0.0
2025-05-08,6:00,14,0.0,0.0,0.0
2025-05-08,6:00,15,0.0,0.0,0.0
2025-05-08,6:00,16,0.0,0.0,0.0
2025-05-08,6:00,17,0.0,0.0,0.0
2025-05-08,6:00,18,0.0,0.0,0.0
2025-05-08,12:00,1,7463.5341,7557.225,93.69090000000051
2025-05-08,12:00,2,7086.5162,7110.5625,24.046299999999974
2025-05-08,12:00,3,5366.1267,5415.5625,49.4358000000002
2025-05-08,12:00,4,4561.8353,4591.4625,29.627199999999903
2025-05-08,12:00,5,3019.875,2907.825,112.05000000000018
2025-05-08,12:00,6,1017.1884,959.8875,57.300899999999956
2025-05-08,12:00,7,0.0,0.0,0.0
2025-05-08,12:00,8,0.0,0.0,0.0
2025-05-08,12:00,9,0.0,0.0,0.0
2025-05-08,12:00,10,0.0,0.0,0.0
2025-05-08,12:00,11,0.0,0.0,0.0
2025-05-08,12:00,12,0.0,0.0,0.0
2025-05-08,18:00,1,0.0,0.0,0.0
2025-05-08,18:00,2,0.0,0.0,0.0
2025-05-08,18:00,3,0.0,0.0,0.0
2025-05-08,18:00,4,0.0,0.0,0.0
2025-05-08,18:00,5,0.0,0.0,0.0
2025-05-08,18:00,6,0.0,0.0,0.0
2025-05-09,0:00,1,0.0,0.0,0.0
2025-05-09,0:00,2,0.0,0.0,0.0
2025-05-09,0:00,3,0.0,0.0,0.0
2025-05-09,0:00,4,0.0,0.0,0.0
2025-05-09,0:00,5,0.0,0.0,0.0
2025-05-09,0:00,6,881.2163,847.725,33.491300000000024
2025-05-09,0:00,7,2474.4643,2326.65,147.8143
2025-05-09,0:00,8,4435.4401,4084.65,350.7900999999997
2025-05-09,0:00,9,5443.2281,5477.1375,33.90939999999955
2025-05-09,0:00,10,7450.0533,7307.6625,142.39079999999922
2025-05-09,0:00,11,7007.0792,7508.625,501.5457999999999
2025-05-09,0:00,12,7058.966,8264.25,1205.2839999999997
2025-05-09,0:00,13,6523.2133,8387.9625,1864.7491999999993
2025-05-09,0:00,14,6828.313,7448.475,620.1620000000003
2025-05-09,0:00,15,5206.1206,6206.8875,1000.7668999999996
2025-05-09,0:00,16,3902.8682,4330.8,427.9318000000003
2025-05-09,0:00,17,2812.4168,2570.8125,241.60429999999997
2025-05-09,0:00,18,1095.122,879.5625,215.55950000000007
2025-05-09,0:00,19,0.0,0.0,0.0
2025-05-09,0:00,20,0.0,0.0,0.0
2025-05-09,0:00,21,0.0,0.0,0.0
2025-05-09,0:00,22,0.0,0.0,0.0
2025-05-09,0:00,23,0.0,0.0,0.0
2025-05-09,0:00,24,0.0,0.0,0.0
2025-05-09,6:00,1,2320.1827,2326.65,6.46730000000025
2025-05-09,6:00,2,3990.0705,4084.65,94.57950000000028
2025-05-09,6:00,3,5354.8675,5477.1375,122.26999999999953
2025-05-09,6:00,4,7058.5864,7307.6625,249.07610000000022
2025-05-09,6:00,5,7593.3896,7508.625,84.76460000000043
2025-05-09,6:00,6,8482.1513,8264.25,217.90129999999954
2025-05-09,6:00,7,8943.1875,8387.9625,555.2250000000004
2025-05-09,6:00,8,8162.775,7448.475,714.2999999999993
2025-05-09,6:00,9,6767.4613,6206.8875,560.5738000000001
2025-05-09,6:00,10,4343.5118,4330.8,12.71180000000004
2025-05-09,6:00,11,2519.8888,2570.8125,50.923699999999826
2025-05-09,6:00,12,874.8868,879.5625,4.675700000000006
2025-05-09,6:00,13,0.0,0.0,0.0
2025-05-09,6:00,14,0.0,0.0,0.0
2025-05-09,6:00,15,0.0,0.0,0.0
2025-05-09,6:00,16,0.0,0.0,0.0
2025-05-09,6:00,17,0.0,0.0,0.0
2025-05-09,6:00,18,0.0,0.0,0.0
2025-05-09,12:00,1,8477.8447,8387.9625,89.88220000000001
2025-05-09,12:00,2,7707.5951,7448.475,259.1200999999992
2025-05-09,12:00,3,6330.3537,6206.8875,123.46619999999984
2025-05-09,12:00,4,4323.8476,4330.8,6.952400000000125
2025-05-09,12:00,5,2591.0042,2570.8125,20.191699999999855
2025-05-09,12:00,6,844.3438,879.5625,35.21870000000001
2025-05-09,12:00,7,0.0,0.0,0.0
2025-05-09,12:00,8,0.0,0.0,0.0
2025-05-09,12:00,9,0.0,0.0,0.0
2025-05-09,12:00,10,0.0,0.0,0.0
2025-05-09,12:00,11,0.0,0.0,0.0
2025-05-09,12:00,12,0.0,0.0,0.0
2025-05-09,18:00,1,0.0,0.0,0.0
2025-05-09,18:00,2,0.0,0.0,0.0
2025-05-09,18:00,3,0.0,0.0,0.0
2025-05-09,18:00,4,0.0,0.0,0.0
2025-05-09,18:00,5,0.0,0.0,0.0
2025-05-09,18:00,6,0.0,0.0,0.0
2025-05-10,0:00,1,0.0,0.0,0.0
2025-05-10,0:00,2,0.0,0.0,0.0
2025-05-10,0:00,3,0.0,0.0,0.0
2025-05-10,0:00,4,0.0,0.0,0.0
2025-05-10,0:00,5,0.0,0.0,0.0
2025-05-10,0:00,6,981.5474,1034.5875,53.04010000000005
2025-05-10,0:00,7,2525.9796,2711.925,185.94540000000006
2025-05-10,0:00,8,3513.4288,3541.0875,27.658699999999953
2025-05-10,0:00,9,5069.9159,5242.275,172.35909999999967
2025-05-10,0:00,10,6743.9372,6845.1,101.16280000000006
2025-05-10,0:00,11,7441.4582,7778.5875,337.1292999999996
2025-05-10,0:00,12,7832.0817,8294.25,462.1683000000003
2025-05-10,0:00,13,7180.9335,7322.7,141.76649999999972
2025-05-10,0:00,14,6372.1955,6569.625,197.4295000000002
2025-05-10,0:00,15,6234.5592,6090.4125,144.14669999999933
2025-05-10,0:00,16,4822.9687,4231.5,591.4687000000004
2025-05-10,0:00,17,3092.2125,2526.1875,566.0250000000001
2025-05-10,0:00,18,921.1185,920.85,0.2685000000000173
2025-05-10,0:00,19,0.0,0.0,0.0
2025-05-10,0:00,20,0.0,0.0,0.0
2025-05-10,0:00,21,0.0,0.0,0.0
2025-05-10,0:00,22,0.0,0.0,0.0
2025-05-10,0:00,23,0.0,0.0,0.0
2025-05-10,0:00,24,0.0,0.0,0.0
2025-05-10,6:00,1,2720.793,2711.925,8.867999999999938
2025-05-10,6:00,2,3577.1963,3541.0875,36.108799999999974
2025-05-10,6:00,3,5171.2712,5242.275,71.0037999999995
2025-05-10,6:00,4,6733.9649,6845.1,111.13510000000042
2025-05-10,6:00,5,7631.4443,7778.5875,147.14319999999952
2025-05-10,6:00,6,7918.5885,8294.25,375.66150000000016
2025-05-10,6:00,7,6943.1134,7322.7,379.58659999999963
2025-05-10,6:00,8,6229.94,6569.625,339.6850000000004
2025-05-10,6:00,9,5822.9649,6090.4125,267.4476000000004
2025-05-10,6:00,10,3956.4724,4231.5,275.0275999999999
2025-05-10,6:00,11,2367.9203,2526.1875,158.26719999999978
2025-05-10,6:00,12,808.3012,920.85,112.54880000000003
2025-05-10,6:00,13,0.0,0.0,0.0
2025-05-10,6:00,14,0.0,0.0,0.0
2025-05-10,6:00,15,0.0,0.0,0.0
2025-05-10,6:00,16,0.0,0.0,0.0
2025-05-10,6:00,17,0.0,0.0,0.0
2025-05-10,6:00,18,0.0,0.0,0.0
2025-05-10,12:00,1,7269.6817,7322.7,53.018299999999726
2025-05-10,12:00,2,6508.5206,6569.625,61.10440000000017
2025-05-10,12:00,3,6042.9504,6090.4125,47.462100000000646
2025-05-10,12:00,4,4280.2837,4231.5,48.78369999999995
2025-05-10,12:00,5,2555.5103,2526.1875,29.322799999999916
2025-05-10,12:00,6,936.7666,920.85,15.916600000000017
2025-05-10,12:00,7,0.0,0.0,0.0
2025-05-10,12:00,8,0.0,0.0,0.0
2025-05-10,12:00,9,0.0,0.0,0.0
2025-05-10,12:00,10,0.0,0.0,0.0
2025-05-10,12:00,11,0.0,0.0,0.0
2025-05-10,12:00,12,0.0,0.0,0.0
2025-05-10,18:00,1,0.0,0.0,0.0
2025-05-10,18:00,2,0.0,0.0,0.0
2025-05-10,18:00,3,0.0,0.0,0.0
2025-05-10,18:00,4,0.0,0.0,0.0
2025-05-10,18:00,5,0.0,0.0,0.0
2025-05-10,18:00,6,0.0,0.0,0.0
2025-05-11,0:00,1,0.0,0.0,0.0
2025-05-11,0:00,2,0.0,0.0,0.0
2025-05-11,0:00,3,0.0,0.0,0.0
2025-05-11,0:00,4,0.0,0.0,0.0
2025-05-11,0:00,5,0.0,0.0,0.0
2025-05-11,0:00,6,1093.5006,1063.9125,29.588100000000168
2025-05-11,0:00,7,2758.7403,2675.8125,82.92779999999993
2025-05-11,0:00,8,4342.8117,4387.2,44.38829999999962
2025-05-11,0:00,9,6070.5927,6306.525,235.9322999999995
2025-05-11,0:00,10,6370.0959,6601.425,231.32909999999993
2025-05-11,0:00,11,7300.1237,7677.975,377.85130000000026
2025-05-11,0:00,12,8093.5228,7994.4375,99.08529999999973
2025-05-11,0:00,13,8454.5172,8567.925,113.40779999999904
2025-05-11,0:00,14,6881.5344,6760.8,120.73439999999937
2025-05-11,0:00,15,5592.7057,5683.875,91.16929999999957
2025-05-11,0:00,16,4951.8,4607.175,344.625
2025-05-11,0:00,17,3092.2125,2839.9875,252.2249999999999
2025-05-11,0:00,18,1190.3411,1030.95,159.39110000000005
2025-05-11,0:00,19,0.0,0.0,0.0
2025-05-11,0:00,20,0.0,0.0,0.0
2025-05-11,0:00,21,0.0,0.0,0.0
2025-05-11,0:00,22,0.0,0.0,0.0
2025-05-11,0:00,23,0.0,0.0,0.0
2025-05-11,0:00,24,0.0,0.0,0.0
2025-05-11,6:00,1,2651.1142,2675.8125,24.698300000000017
2025-05-11,6:00,2,4404.2894,4387.2,17.08939999999984
2025-05-11,6:00,3,6357.4878,6306.525,50.96280000000024
2025-05-11,6:00,4,6717.7377,6601.425,116.3126999999995
2025-05-11,6:00,5,7856.7638,7677.975,178.78879999999936
2025-05-11,6:00,6,7897.0565,7994.4375,97.38100000000031
2025-05-11,6:00,7,7825.5232,8567.925,742.4017999999996
2025-05-11,6:00,8,5990.1468,6760.8,770.6531999999997
2025-05-11,6:00,9,5295.2575,5683.875,388.6175000000003
2025-05-11,6:00,10,4452.7187,4607.175,154.45629999999983
2025-05-11,6:00,11,2937.613,2839.9875,97.62549999999965
2025-05-11,6:00,12,1150.8213,1030.95,119.87130000000002
2025-05-11,6:00,13,0.0,0.0,0.0
2025-05-11,6:00,14,0.0,0.0,0.0
2025-05-11,6:00,15,0.0,0.0,0.0
2025-05-11,6:00,16,0.0,0.0,0.0
2025-05-11,6:00,17,0.0,0.0,0.0
2025-05-11,6:00,18,0.0,0.0,0.0
2025-05-11,12:00,1,8664.4352,8567.925,96.51020000000062
2025-05-11,12:00,2,6744.8576,6760.8,15.942399999999907
2025-05-11,12:00,3,5654.8978,5683.875,28.977200000000266
2025-05-11,12:00,4,4586.4727,4607.175,20.702299999999923
2025-05-11,12:00,5,2831.2583,2839.9875,8.729200000000219
2025-05-11,12:00,6,958.1448,1030.95,72.80520000000001
2025-05-11,12:00,7,0.0,0.0,0.0
2025-05-11,12:00,8,0.0,0.0,0.0
2025-05-11,12:00,9,0.0,0.0,0.0
2025-05-11,12:00,10,0.0,0.0,0.0
2025-05-11,12:00,11,0.0,0.0,0.0
2025-05-11,12:00,12,0.0,0.0,0.0
2025-05-11,18:00,1,0.0,0.0,0.0
2025-05-11,18:00,2,0.0,0.0,0.0
2025-05-11,18:00,3,0.0,0.0,0.0
2025-05-11,18:00,4,0.0,0.0,0.0
2025-05-11,18:00,5,0.0,0.0,0.0
2025-05-11,18:00,6,0.0,0.0,0.0
2025-05-12,0:00,1,0.0,0.0,0.0
2025-05-12,0:00,2,0.0,0.0,0.0
2025-05-12,0:00,3,0.0,0.0,0.0
2025-05-12,0:00,4,0.0,0.0,0.0
2025-05-12,0:00,5,0.0,0.0,0.0
2025-05-12,0:00,6,982.682,1077.225,94.54299999999989
2025-05-12,0:00,7,3022.7288,3135.5625,112.83370000000014
2025-05-12,0:00,8,5368.275,5368.275,0.0
2025-05-12,0:00,9,6841.3875,6393.975,447.41249999999945
2025-05-12,0:00,10,8205.3375,8065.575,139.76249999999982
2025-05-12,0:00,11,8939.2125,8524.3125,414.89999999999964
2025-05-12,0:00,12,8193.8904,7619.85,574.0403999999999
2025-05-12,0:00,13,7770.4019,7119.3375,651.0644000000002
2025-05-12,0:00,14,8162.775,7583.7375,579.0374999999995
2025-05-12,0:00,15,6965.9625,6151.425,814.5374999999995
2025-05-12,0:00,16,4951.8,4418.4,533.4000000000005
2025-05-12,0:00,17,3092.2125,2493.225,598.9875000000002
2025-05-12,0:00,18,1146.1824,970.7625,175.41989999999987
2025-05-12,0:00,19,0.0,0.0,0.0
2025-05-12,0:00,20,0.0,0.0,0.0
2025-05-12,0:00,21,0.0,0.0,0.0
2025-05-12,0:00,22,0.0,0.0,0.0
2025-05-12,0:00,23,0.0,0.0,0.0
2025-05-12,0:00,24,0.0,0.0,0.0
2025-05-12,6:00,1,3107.6391,3135.5625,27.92340000000013
2025-05-12,6:00,2,5294.044,5368.275,74.23099999999977
2025-05-12,6:00,3,6278.3298,6393.975,115.64519999999993
2025-05-12,6:00,4,7712.7189,8065.575,352.85609999999997
2025-05-12,6:00,5,8259.5608,8524.3125,264.7517000000007
2025-05-12,6:00,6,7301.8455,7619.85,318.0045
2025-05-12,6:00,7,6755.9795,7119.3375,363.35799999999927
2025-05-12,6:00,8,6873.2146,7583.7375,710.5228999999999
2025-05-12,6:00,9,5791.3875,6151.425,360.03750000000036
2025-05-12,6:00,10,4190.5739,4418.4,227.82609999999931
2025-05-12,6:00,11,2404.6499,2493.225,88.57510000000002
2025-05-12,6:00,12,921.5056,970.7625,49.25690000000009
2025-05-12,6:00,13,0.0,0.0,0.0
2025-05-12,6:00,14,0.0,0.0,0.0
2025-05-12,6:00,15,0.0,0.0,0.0
2025-05-12,6:00,16,0.0,0.0,0.0
2025-05-12,6:00,17,0.0,0.0,0.0
2025-05-12,6:00,18,0.0,0.0,0.0
2025-05-12,12:00,1,7162.7133,7119.3375,43.37580000000071
2025-05-12,12:00,2,7569.6979,7583.7375,14.039600000000064
2025-05-12,12:00,3,6208.6157,6151.425,57.190700000000106
2025-05-12,12:00,4,4496.2563,4418.4,77.85630000000037
2025-05-12,12:00,5,2481.502,2493.225,11.722999999999956
2025-05-12,12:00,6,1001.501,970.7625,30.73849999999993
2025-05-12,12:00,7,0.0,0.0,0.0
2025-05-12,12:00,8,0.0,0.0,0.0
2025-05-12,12:00,9,0.0,0.0,0.0
2025-05-12,12:00,10,0.0,0.0,0.0
2025-05-12,12:00,11,0.0,0.0,0.0
2025-05-12,12:00,12,0.0,0.0,0.0
2025-05-12,18:00,1,0.0,0.0,0.0
2025-05-12,18:00,2,0.0,0.0,0.0
2025-05-12,18:00,3,0.0,0.0,0.0
2025-05-12,18:00,4,0.0,0.0,0.0
2025-05-12,18:00,5,0.0,0.0,0.0
2025-05-12,18:00,6,0.0,0.0,0.0
2025-05-13,0:00,1,0.0,0.0,0.0
2025-05-13,0:00,2,0.0,0.0,0.0
2025-05-13,0:00,3,0.0,0.0,0.0
2025-05-13,0:00,4,0.0,0.0,0.0
2025-05-13,0:00,5,0.0,0.0,0.0
2025-05-13,0:00,6,1093.0592,1081.875,11.184199999999919
2025-05-13,0:00,7,2430.732,2682.075,251.34299999999985
2025-05-13,0:00,8,4029.5867,4535.2875,505.7008000000005
2025-05-13,0:00,9,4946.1765,5957.475,1011.2985000000008
2025-05-13,0:00,10,5768.5324,7303.725,1535.1926000000003
2025-05-13,0:00,11,7133.5678,8053.8,920.2322000000004
2025-05-13,0:00,12,7770.0413,7520.325,249.71630000000005
2025-05-13,0:00,13,8263.9558,7951.95,312.0057999999999
2025-05-13,0:00,14,7027.2479,7176.825,149.57709999999952
2025-05-13,0:00,15,6725.6825,6071.4375,654.2449999999999
2025-05-13,0:00,16,4951.8,4521.0,430.8000000000002
2025-05-13,0:00,17,3092.2125,2880.15,212.0625
2025-05-13,0:00,18,1267.5,1146.375,121.125
2025-05-13,0:00,19,0.0,0.0,0.0
2025-05-13,0:00,20,0.0,0.0,0.0
2025-05-13,0:00,21,0.0,0.0,0.0
2025-05-13,0:00,22,0.0,0.0,0.0
2025-05-13,0:00,23,0.0,0.0,0.0
2025-05-13,0:00,24,0.0,0.0,0.0
2025-05-13,6:00,1,2668.7928,2682.075,13.282199999999648
2025-05-13,6:00,2,4549.1933,4535.2875,13.905799999999545
2025-05-13,6:00,3,6125.4425,5957.475,167.96749999999975
2025-05-13,6:00,4,7612.8113,7303.725,309.08629999999994
2025-05-13,6:00,5,8371.1722,8053.8,317.3722000000007
2025-05-13,6:00,6,7864.0411,7520.325,343.71610000000055
2025-05-13,6:00,7,8103.7255,7951.95,151.77549999999974
2025-05-13,6:00,8,7091.5238,7176.825,85.30119999999988
2025-05-13,6:00,9,6190.1372,6071.4375,118.69970000000012
2025-05-13,6:00,10,4564.2695,4521.0,43.269500000000335
2025-05-13,6:00,11,2772.7134,2880.15,107.4366
2025-05-13,6:00,12,1058.5991,1146.375,87.77590000000009
2025-05-13,6:00,13,0.0,0.0,0.0
2025-05-13,6:00,14,0.0,0.0,0.0
2025-05-13,6:00,15,0.0,0.0,0.0
2025-05-13,6:00,16,0.0,0.0,0.0
2025-05-13,6:00,17,0.0,0.0,0.0
2025-05-13,6:00,18,0.0,0.0,0.0
2025-05-13,12:00,1,7876.8971,7951.95,75.05289999999968
2025-05-13,12:00,2,7164.5732,7176.825,12.251800000000003
2025-05-13,12:00,3,6015.8502,6071.4375,55.58730000000014
2025-05-13,12:00,4,4491.7693,4521.0,29.23070000000007
2025-05-13,12:00,5,2806.2125,2880.15,73.9375
2025-05-13,12:00,6,1123.1878,1146.375,23.187200000000075
2025-05-13,12:00,7,0.0,0.0,0.0
2025-05-13,12:00,8,0.0,0.0,0.0
2025-05-13,12:00,9,0.0,0.0,0.0
2025-05-13,12:00,10,0.0,0.0,0.0
2025-05-13,12:00,11,0.0,0.0,0.0
2025-05-13,12:00,12,0.0,0.0,0.0
2025-05-13,18:00,1,0.0,0.0,0.0
2025-05-13,18:00,2,0.0,0.0,0.0
2025-05-13,18:00,3,0.0,0.0,0.0
2025-05-13,18:00,4,0.0,0.0,0.0
2025-05-13,18:00,5,0.0,0.0,0.0
2025-05-13,18:00,6,0.0,0.0,0.0
2025-05-14,0:00,1,0.0,0.0,0.0
2025-05-14,0:00,2,0.0,0.0,0.0
2025-05-14,0:00,3,0.0,0.0,0.0
2025-05-14,0:00,4,0.0,0.0,0.0
2025-05-14,0:00,5,0.0,0.0,0.0
2025-05-14,0:00,6,817.3193,952.2375,134.91819999999996
2025-05-14,0:00,7,2434.405,2626.8375,192.4324999999999
2025-05-14,0:00,8,4628.3136,4578.45,49.86360000000059
2025-05-14,0:00,9,6740.0302,6389.925,350.10519999999997
2025-05-14,0:00,10,8205.3375,7483.575,721.7624999999998
2025-05-14,0:00,11,8562.2268,7616.25,945.9768000000004
2025-05-14,0:00,12,8142.5131,8087.775,54.738100000000486
2025-05-14,0:00,13,7839.049,8279.6625,440.6135000000004
2025-05-14,0:00,14,5803.8748,7140.075,1336.2002000000002
2025-05-14,0:00,15,6115.5573,6615.6,500.04269999999997
2025-05-14,0:00,16,4338.9572,4868.25,529.2928000000002
2025-05-14,0:00,17,2409.4832,2726.0625,316.5792999999999
2025-05-14,0:00,18,812.8009,1015.05,202.2491
2025-05-14,0:00,19,0.0,0.0,0.0
2025-05-14,0:00,20,0.0,0.0,0.0
2025-05-14,0:00,21,0.0,0.0,0.0
2025-05-14,0:00,22,0.0,0.0,0.0
2025-05-14,0:00,23,0.0,0.0,0.0
2025-05-14,0:00,24,0.0,0.0,0.0
2025-05-14,6:00,1,2622.9832,2626.8375,3.8542999999999665
2025-05-14,6:00,2,4520.8956,4578.45,57.55439999999999
2025-05-14,6:00,3,6216.5975,6389.925,173.32750000000033
2025-05-14,6:00,4,7196.7419,7483.575,286.83309999999983
2025-05-14,6:00,5,7319.1991,7616.25,297.0509000000002
2025-05-14,6:00,6,7216.4834,8087.775,871.2915999999996
2025-05-14,6:00,7,7264.0629,8279.6625,1015.5996000000005
2025-05-14,6:00,8,6364.7435,7140.075,775.3315000000002
2025-05-14,6:00,9,5826.7606,6615.6,788.8394000000008
2025-05-14,6:00,10,4115.2445,4868.25,753.0055000000002
2025-05-14,6:00,11,2661.8108,2726.0625,64.2516999999998
2025-05-14,6:00,12,968.8096,1015.05,46.24039999999991
2025-05-14,6:00,13,0.0,0.0,0.0
2025-05-14,6:00,14,0.0,0.0,0.0
2025-05-14,6:00,15,0.0,0.0,0.0
2025-05-14,6:00,16,0.0,0.0,0.0
2025-05-14,6:00,17,0.0,0.0,0.0
2025-05-14,6:00,18,0.0,0.0,0.0
2025-05-14,12:00,1,8436.6778,8279.6625,157.01529999999912
2025-05-14,12:00,2,7339.0197,7140.075,198.9447
2025-05-14,12:00,3,6634.0032,6615.6,18.403199999999742
2025-05-14,12:00,4,4789.6051,4868.25,78.64490000000023
2025-05-14,12:00,5,2674.245,2726.0625,51.81750000000011
2025-05-14,12:00,6,992.0625,1015.05,22.987499999999955
2025-05-14,12:00,7,0.0,0.0,0.0
2025-05-14,12:00,8,0.0,0.0,0.0
2025-05-14,12:00,9,0.0,0.0,0.0
2025-05-14,12:00,10,0.0,0.0,0.0
2025-05-14,12:00,11,0.0,0.0,0.0
2025-05-14,12:00,12,0.0,0.0,0.0
2025-05-14,18:00,1,0.0,0.0,0.0
2025-05-14,18:00,2,0.0,0.0,0.0
2025-05-14,18:00,3,0.0,0.0,0.0
2025-05-14,18:00,4,0.0,0.0,0.0
2025-05-14,18:00,5,0.0,0.0,0.0
2025-05-14,18:00,6,0.0,0.0,0.0
2025-05-15,0:00,1,0.0,0.0,0.0
2025-05-15,0:00,2,0.0,0.0,0.0
2025-05-15,0:00,3,0.0,0.0,0.0
2025-05-15,0:00,4,0.0,0.0,0.0
2025-05-15,0:00,5,0.0,0.0,0.0
2025-05-15,0:00,6,1018.9788,1027.4625,8.483700000000113
2025-05-15,0:00,7,2458.0872,2377.4625,80.62469999999985
2025-05-15,0:00,8,4272.5584,4203.7875,68.77089999999953
2025-05-15,0:00,9,6705.3375,6664.0125,41.32499999999982
2025-05-15,0:00,10,8205.3375,7564.1625,641.1749999999993
2025-05-15,0:00,11,8815.1841,8014.2,800.9841000000006
2025-05-15,0:00,12,9791.55,8764.2375,1027.3125
2025-05-15,0:00,13,8265.8964,7514.1,751.7963999999993
2025-05-15,0:00,14,6920.3167,7188.0375,267.72080000000005
2025-05-15,0:00,15,5261.4663,5814.5625,553.0962
2025-05-15,0:00,16,3944.7537,4096.8375,152.08379999999943
2025-05-15,0:00,17,1977.9808,2534.175,556.1942000000001
2025-05-15,0:00,18,760.3771,949.8375,189.46039999999994
2025-05-15,0:00,19,0.0,0.0,0.0
2025-05-15,0:00,20,0.0,0.0,0.0
2025-05-15,0:00,21,0.0,0.0,0.0
2025-05-15,0:00,22,0.0,0.0,0.0
2025-05-15,0:00,23,0.0,0.0,0.0
2025-05-15,0:00,24,0.0,0.0,0.0
2025-05-15,6:00,1,2383.7483,2377.4625,6.285800000000108
2025-05-15,6:00,2,4231.674,4203.7875,27.886499999999614
2025-05-15,6:00,3,6705.3375,6664.0125,41.32499999999982
2025-05-15,6:00,4,7664.407,7564.1625,100.24449999999979
2025-05-15,6:00,5,8085.7495,8014.2,71.54950000000008
2025-05-15,6:00,6,8540.807,8764.2375,223.43049999999857
2025-05-15,6:00,7,6894.5494,7514.1,619.5506000000005
2025-05-15,6:00,8,6361.4329,7188.0375,826.6046000000006
2025-05-15,6:00,9,4697.3433,5814.5625,1117.2191999999995
2025-05-15,6:00,10,3354.2547,4096.8375,742.5827999999997
2025-05-15,6:00,11,2153.608,2534.175,380.567
2025-05-15,6:00,12,772.7581,949.8375,177.07939999999996
2025-05-15,6:00,13,0.0,0.0,0.0
2025-05-15,6:00,14,0.0,0.0,0.0
2025-05-15,6:00,15,0.0,0.0,0.0
2025-05-15,6:00,16,0.0,0.0,0.0
2025-05-15,6:00,17,0.0,0.0,0.0
2025-05-15,6:00,18,0.0,0.0,0.0
2025-05-15,12:00,1,7540.4173,7514.1,26.317299999999705
2025-05-15,12:00,2,7291.856,7188.0375,103.8184999999994
2025-05-15,12:00,3,5994.793,5814.5625,180.23049999999967
2025-05-15,12:00,4,4133.4368,4096.8375,36.59930000000077
2025-05-15,12:00,5,2604.9717,2534.175,70.79669999999987
2025-05-15,12:00,6,973.217,949.8375,23.379500000000007
2025-05-15,12:00,7,0.0,0.0,0.0
2025-05-15,12:00,8,0.0,0.0,0.0
2025-05-15,12:00,9,0.0,0.0,0.0
2025-05-15,12:00,10,0.0,0.0,0.0
2025-05-15,12:00,11,0.0,0.0,0.0
2025-05-15,12:00,12,0.0,0.0,0.0
2025-05-15,18:00,1,0.0,0.0,0.0
2025-05-15,18:00,2,0.0,0.0,0.0
2025-05-15,18:00,3,0.0,0.0,0.0
2025-05-15,18:00,4,0.0,0.0,0.0
2025-05-15,18:00,5,0.0,0.0,0.0
2025-05-15,18:00,6,0.0,0.0,0.0
2025-05-16,0:00,1,0.0,0.0,0.0
2025-05-16,0:00,2,0.0,0.0,0.0
2025-05-16,0:00,3,0.0,0.0,0.0
2025-05-16,0:00,4,0.0,0.0,0.0
2025-05-16,0:00,5,0.0,0.0,0.0
2025-05-16,0:00,6,1170.232,1152.7125,17.51949999999988
2025-05-16,0:00,7,3104.7526,2883.075,221.67759999999998
2025-05-16,0:00,8,5286.2964,4756.9125,529.3838999999998
2025-05-16,0:00,9,6664.0125,6571.6125,92.39999999999964
2025-05-16,0:00,10,7920.1505,7713.6375,206.51299999999992
2025-05-16,0:00,11,8939.2125,8738.625,200.58749999999964
2025-05-16,0:00,12,9214.2346,9348.7875,134.5529000000006
2025-05-16,0:00,13,8151.0727,8195.2125,44.13979999999992
2025-05-16,0:00,14,7442.5789,7311.9,130.6789000000008
2025-05-16,0:00,15,5864.2074,6377.9625,513.7550999999994
2025-05-16,0:00,16,4277.8925,4951.8,673.9075000000003
2025-05-16,0:00,17,2631.7626,2914.875,283.1124
2025-05-16,0:00,18,841.4786,1142.6625,301.1838999999999
2025-05-16,0:00,19,0.0,0.0,0.0
2025-05-16,0:00,20,0.0,0.0,0.0
2025-05-16,0:00,21,0.0,0.0,0.0
2025-05-16,0:00,22,0.0,0.0,0.0
2025-05-16,0:00,23,0.0,0.0,0.0
2025-05-16,0:00,24,0.0,0.0,0.0
2025-05-16,6:00,1,2908.5575,2883.075,25.482500000000073
2025-05-16,6:00,2,4848.847,4756.9125,91.93449999999939
2025-05-16,6:00,3,6602.6656,6571.6125,31.053100000000086
2025-05-16,6:00,4,7818.2199,7713.6375,104.58240000000023
2025-05-16,6:00,5,8854.7757,8738.625,116.15070000000014
2025-05-16,6:00,6,9565.5045,9348.7875,216.71699999999873
2025-05-16,6:00,7,8022.4805,8195.2125,172.73199999999997
2025-05-16,6:00,8,7467.9841,7311.9,156.08410000000003
2025-05-16,6:00,9,6597.6399,6377.9625,219.6774000000005
2025-05-16,6:00,10,4841.2188,4951.8,110.58120000000054
2025-05-16,6:00,11,2769.0741,2914.875,145.80090000000018
2025-05-16,6:00,12,1069.5297,1142.6625,73.13279999999986
2025-05-16,6:00,13,0.0,0.0,0.0
2025-05-16,6:00,14,0.0,0.0,0.0
2025-05-16,6:00,15,0.0,0.0,0.0
2025-05-16,6:00,16,0.0,0.0,0.0
2025-05-16,6:00,17,0.0,0.0,0.0
2025-05-16,6:00,18,0.0,0.0,0.0
2025-05-16,12:00,1,8193.6597,8195.2125,1.552799999999479
2025-05-16,12:00,2,7317.3724,7311.9,5.472400000000562
2025-05-16,12:00,3,6425.1589,6377.9625,47.19640000000072
2025-05-16,12:00,4,4951.8,4951.8,0.0
2025-05-16,12:00,5,2870.8601,2914.875,44.014900000000125
2025-05-16,12:00,6,1114.7256,1142.6625,27.936899999999923
2025-05-16,12:00,7,0.0,0.0,0.0
2025-05-16,12:00,8,0.0,0.0,0.0
2025-05-16,12:00,9,0.0,0.0,0.0
2025-05-16,12:00,10,0.0,0.0,0.0
2025-05-16,12:00,11,0.0,0.0,0.0
2025-05-16,12:00,12,0.0,0.0,0.0
2025-05-16,18:00,1,0.0,0.0,0.0
2025-05-16,18:00,2,0.0,0.0,0.0
2025-05-16,18:00,3,0.0,0.0,0.0
2025-05-16,18:00,4,0.0,0.0,0.0
2025-05-16,18:00,5,0.0,0.0,0.0
2025-05-16,18:00,6,0.0,0.0,0.0
2025-05-17,0:00,1,0.0,0.0,0.0
2025-05-17,0:00,2,0.0,0.0,0.0
2025-05-17,0:00,3,0.0,0.0,0.0
2025-05-17,0:00,4,0.0,0.0,0.0
2025-05-17,0:00,5,0.0,0.0,0.0
2025-05-17,0:00,6,1120.1827,1091.1375,29.045200000000023
2025-05-17,0:00,7,3143.9359,3102.15,41.785899999999856
2025-05-17,0:00,8,4724.4456,4865.175,140.72940000000017
2025-05-17,0:00,9,6044.934,6236.2875,191.35350000000017
2025-05-17,0:00,10,7049.8125,7106.4375,56.625
2025-05-17,0:00,11,8295.8237,8013.8625,281.96120000000064
2025-05-17,0:00,12,6660.8297,7365.6375,704.8077999999996
2025-05-17,0:00,13,7366.0034,7852.575,486.5716000000002
2025-05-17,0:00,14,5801.9106,6241.7625,439.85189999999966
2025-05-17,0:00,15,5046.5712,5118.1125,71.54129999999986
2025-05-17,0:00,16,4160.7122,4622.0625,461.35030000000006
2025-05-17,0:00,17,2626.9237,2406.675,220.24869999999964
2025-05-17,0:00,18,1145.3639,1037.5875,107.77639999999997
2025-05-17,0:00,19,0.0,0.0,0.0
2025-05-17,0:00,20,0.0,0.0,0.0
2025-05-17,0:00,21,0.0,0.0,0.0
2025-05-17,0:00,22,0.0,0.0,0.0
2025-05-17,0:00,23,0.0,0.0,0.0
2025-05-17,0:00,24,0.0,0.0,0.0
2025-05-17,6:00,1,3103.6382,3102.15,1.4881999999997788
2025-05-17,6:00,2,4736.3687,4865.175,128.8063000000002
2025-05-17,6:00,3,5993.4603,6236.2875,242.82720000000063
2025-05-17,6:00,4,6550.3372,7106.4375,556.1003000000001
2025-05-17,6:00,5,7320.5009,8013.8625,693.3616000000002
2025-05-17,6:00,6,6753.6852,7365.6375,611.9522999999999
2025-05-17,6:00,7,7692.445,7852.575,160.1300000000001
2025-05-17,6:00,8,6191.4331,6241.7625,50.32939999999962
2025-05-17,6:00,9,5330.8834,5118.1125,212.77089999999953
2025-05-17,6:00,10,4882.1525,4622.0625,260.09000000000015
2025-05-17,6:00,11,2735.9111,2406.675,329.2360999999996
2025-05-17,6:00,12,1205.9347,1037.5875,168.34719999999993
2025-05-17,6:00,13,0.0,0.0,0.0
2025-05-17,6:00,14,0.0,0.0,0.0
2025-05-17,6:00,15,0.0,0.0,0.0
2025-05-17,6:00,16,0.0,0.0,0.0
2025-05-17,6:00,17,0.0,0.0,0.0
2025-05-17,6:00,18,0.0,0.0,0.0
2025-05-17,12:00,1,7807.0675,7852.575,45.50749999999971
2025-05-17,12:00,2,6232.2012,6241.7625,9.561299999999392
2025-05-17,12:00,3,5134.8686,5118.1125,16.756099999999606
2025-05-17,12:00,4,4839.436,4622.0625,217.3734999999997
2025-05-17,12:00,5,2644.242,2406.675,237.567
2025-05-17,12:00,6,1125.4733,1037.5875,87.88580000000002
2025-05-17,12:00,7,0.0,0.0,0.0
2025-05-17,12:00,8,0.0,0.0,0.0
2025-05-17,12:00,9,0.0,0.0,0.0
2025-05-17,12:00,10,0.0,0.0,0.0
2025-05-17,12:00,11,0.0,0.0,0.0
2025-05-17,12:00,12,0.0,0.0,0.0
2025-05-17,18:00,1,0.0,0.0,0.0
2025-05-17,18:00,2,0.0,0.0,0.0
2025-05-17,18:00,3,0.0,0.0,0.0
2025-05-17,18:00,4,0.0,0.0,0.0
2025-05-17,18:00,5,0.0,0.0,0.0
2025-05-17,18:00,6,0.0,0.0,0.0
2025-05-18,0:00,1,0.0,0.0,0.0
2025-05-18,0:00,2,0.0,0.0,0.0
2025-05-18,0:00,3,0.0,0.0,0.0
2025-05-18,0:00,4,0.0,0.0,0.0
2025-05-18,0:00,5,0.0,0.0,0.0
2025-05-18,0:00,6,1077.0598,1058.1375,18.92229999999995
2025-05-18,0:00,7,2649.7775,2754.7875,105.00999999999976
2025-05-18,0:00,8,3806.6935,4072.4625,265.76900000000023
2025-05-18,0:00,9,5829.0552,6280.6875,451.6323000000002
2025-05-18,0:00,10,7374.6236,7618.65,244.02639999999974
2025-05-18,0:00,11,7711.0627,8155.3875,444.3247999999994
2025-05-18,0:00,12,6902.6584,7077.6,174.9416000000001
2025-05-18,0:00,13,6953.6362,7224.075,270.4387999999999
2025-05-18,0:00,14,6848.4261,7167.3375,318.91139999999996
2025-05-18,0:00,15,5281.0195,6070.5,789.4804999999997
2025-05-18,0:00,16,4920.8454,4888.6875,32.157900000000154
2025-05-18,0:00,17,2991.3405,3003.675,12.33450000000039
2025-05-18,0:00,18,1012.2404,998.925,13.315400000000068
2025-05-18,0:00,19,0.0,0.0,0.0
2025-05-18,0:00,20,0.0,0.0,0.0
2025-05-18,0:00,21,0.0,0.0,0.0
2025-05-18,0:00,22,0.0,0.0,0.0
2025-05-18,0:00,23,0.0,0.0,0.0
2025-05-18,0:00,24,0.0,0.0,0.0
2025-05-18,6:00,1,2700.5555,2754.7875,54.23199999999997
2025-05-18,6:00,2,3966.7924,4072.4625,105.67010000000028
2025-05-18,6:00,3,6177.9572,6280.6875,102.73030000000017
2025-05-18,6:00,4,7422.1496,7618.65,196.5003999999999
2025-05-18,6:00,5,7603.4913,8155.3875,551.8962000000001
2025-05-18,6:00,6,7139.0192,7077.6,61.419199999999364
2025-05-18,6:00,7,7177.9157,7224.075,46.15930000000026
2025-05-18,6:00,8,6888.2679,7167.3375,279.0695999999998
2025-05-18,6:00,9,6050.9961,6070.5,19.503899999999703
2025-05-18,6:00,10,4951.8,4888.6875,63.11250000000018
2025-05-18,6:00,11,2855.7949,3003.675,147.8801000000003
2025-05-18,6:00,12,850.065,998.925,148.8599999999999
2025-05-18,6:00,13,0.0,0.0,0.0
2025-05-18,6:00,14,0.0,0.0,0.0
2025-05-18,6:00,15,0.0,0.0,0.0
2025-05-18,6:00,16,0.0,0.0,0.0
2025-05-18,6:00,17,0.0,0.0,0.0
2025-05-18,6:00,18,0.0,0.0,0.0
2025-05-18,12:00,1,7269.1099,7224.075,45.03490000000056
2025-05-18,12:00,2,7213.6288,7167.3375,46.291300000000774
2025-05-18,12:00,3,6048.7164,6070.5,21.78359999999975
2025-05-18,12:00,4,4932.4729,4888.6875,43.785399999999754
2025-05-18,12:00,5,3010.1747,3003.675,6.499699999999848
2025-05-18,12:00,6,948.4444,998.925,50.48059999999998
2025-05-18,12:00,7,0.0,0.0,0.0
2025-05-18,12:00,8,0.0,0.0,0.0
2025-05-18,12:00,9,0.0,0.0,0.0
2025-05-18,12:00,10,0.0,0.0,0.0
2025-05-18,12:00,11,0.0,0.0,0.0
2025-05-18,12:00,12,0.0,0.0,0.0
2025-05-18,18:00,1,0.0,0.0,0.0
2025-05-18,18:00,2,0.0,0.0,0.0
2025-05-18,18:00,3,0.0,0.0,0.0
2025-05-18,18:00,4,0.0,0.0,0.0
2025-05-18,18:00,5,0.0,0.0,0.0
2025-05-18,18:00,6,0.0,0.0,0.0
2025-05-19,0:00,1,0.0,0.0,0.0
2025-05-19,0:00,2,0.0,0.0,0.0
2025-05-19,0:00,3,0.0,0.0,0.0
2025-05-19,0:00,4,0.0,0.0,0.0
2025-05-19,0:00,5,0.0,0.0,0.0
2025-05-19,0:00,6,1072.3706,1042.8,29.570600000000013
2025-05-19,0:00,7,2949.5096,2798.55,150.95959999999968
2025-05-19,0:00,8,4587.8454,4548.3,39.54539999999997
2025-05-19,0:00,9,6132.3532,6639.3,506.9468000000006
2025-05-19,0:00,10,6118.4772,7095.5625,977.0852999999997
2025-05-19,0:00,11,7786.3271,8589.7875,803.4603999999999
2025-05-19,0:00,12,8540.6314,9791.55,1250.918599999999
2025-05-19,0:00,13,8811.773,8862.15,50.37700000000041
2025-05-19,0:00,14,7738.7558,7599.9375,138.8182999999999
2025-05-19,0:00,15,6965.9625,6965.9625,0.0
2025-05-19,0:00,16,4951.8,4528.65,423.15000000000055
2025-05-19,0:00,17,3092.2125,2973.975,118.23750000000018
2025-05-19,0:00,18,1165.2739,1156.65,8.623899999999821
2025-05-19,0:00,19,0.0,0.0,0.0
2025-05-19,0:00,20,0.0,0.0,0.0
2025-05-19,0:00,21,0.0,0.0,0.0
2025-05-19,0:00,22,0.0,0.0,0.0
2025-05-19,0:00,23,0.0,0.0,0.0
2025-05-19,0:00,24,0.0,0.0,0.0
2025-05-19,6:00,1,2807.2978,2798.55,8.747799999999643
2025-05-19,6:00,2,4522.2188,4548.3,26.081200000000536
2025-05-19,6:00,3,6582.4268,6639.3,56.8732
2025-05-19,6:00,4,6945.1854,7095.5625,150.3770999999997
2025-05-19,6:00,5,8406.1656,8589.7875,183.6219000000001
2025-05-19,6:00,6,9067.1956,9791.55,724.3544000000002
2025-05-19,6:00,7,8329.4465,8862.15,532.7034999999996
2025-05-19,6:00,8,7370.1561,7599.9375,229.78139999999985
2025-05-19,6:00,9,6965.9625,6965.9625,0.0
2025-05-19,6:00,10,4389.1589,4528.65,139.49109999999928
2025-05-19,6:00,11,2946.0803,2973.975,27.89469999999983
2025-05-19,6:00,12,1175.189,1156.65,18.538999999999987
2025-05-19,6:00,13,0.0,0.0,0.0
2025-05-19,6:00,14,0.0,0.0,0.0
2025-05-19,6:00,15,0.0,0.0,0.0
2025-05-19,6:00,16,0.0,0.0,0.0
2025-05-19,6:00,17,0.0,0.0,0.0
2025-05-19,6:00,18,0.0,0.0,0.0
2025-05-19,12:00,1,8741.5611,8862.15,120.58889999999883
2025-05-19,12:00,2,7445.0438,7599.9375,154.89369999999963
2025-05-19,12:00,3,6704.0432,6965.9625,261.91929999999957
2025-05-19,12:00,4,4360.352,4528.65,168.29799999999977
2025-05-19,12:00,5,2952.3392,2973.975,21.635800000000017
2025-05-19,12:00,6,1184.9369,1156.65,28.286899999999832
2025-05-19,12:00,7,0.0,0.0,0.0
2025-05-19,12:00,8,0.0,0.0,0.0
2025-05-19,12:00,9,0.0,0.0,0.0
2025-05-19,12:00,10,0.0,0.0,0.0
2025-05-19,12:00,11,0.0,0.0,0.0
2025-05-19,12:00,12,0.0,0.0,0.0
2025-05-19,18:00,1,0.0,0.0,0.0
2025-05-19,18:00,2,0.0,0.0,0.0
2025-05-19,18:00,3,0.0,0.0,0.0
2025-05-19,18:00,4,0.0,0.0,0.0
2025-05-19,18:00,5,0.0,0.0,0.0
2025-05-19,18:00,6,0.0,0.0,0.0
2025-05-20,0:00,1,0.0,0.0,0.0
2025-05-20,0:00,2,0.0,0.0,0.0
2025-05-20,0:00,3,0.0,0.0,0.0
2025-05-20,0:00,4,0.0,0.0,0.0
2025-05-20,0:00,5,0.0,0.0,0.0
2025-05-20,0:00,6,1066.1352,1110.4875,44.352300000000014
2025-05-20,0:00,7,2733.9895,2796.975,62.985499999999774
2025-05-20,0:00,8,4746.882,4758.45,11.568000000000211
2025-05-20,0:00,9,6252.2659,6513.825,261.5590999999995
2025-05-20,0:00,10,7291.215,7624.0875,332.8724999999995
2025-05-20,0:00,11,8219.0665,7926.1125,292.95400000000063
2025-05-20,0:00,12,8235.1283,7512.5625,722.5658000000003
2025-05-20,0:00,13,8499.1315,7345.575,1153.5564999999997
2025-05-20,0:00,14,7505.0468,6415.95,1089.0968000000003
2025-05-20,0:00,15,6575.7376,5695.875,879.8626000000004
2025-05-20,0:00,16,4951.8,4606.65,345.15000000000055
2025-05-20,0:00,17,3092.2125,3019.875,72.33750000000009
2025-05-20,0:00,18,1028.5583,1104.0,75.44170000000008
2025-05-20,0:00,19,0.0,0.0,0.0
2025-05-20,0:00,20,0.0,0.0,0.0
2025-05-20,0:00,21,0.0,0.0,0.0
2025-05-20,0:00,22,0.0,0.0,0.0
2025-05-20,0:00,23,0.0,0.0,0.0
2025-05-20,0:00,24,0.0,0.0,0.0
2025-05-20,6:00,1,2772.8891,2796.975,24.085900000000038
2025-05-20,6:00,2,4702.5018,4758.45,55.948199999999815
2025-05-20,6:00,3,6351.735,6513.825,162.09000000000015
2025-05-20,6:00,4,7503.8933,7624.0875,120.19419999999991
2025-05-20,6:00,5,7817.8028,7926.1125,108.3096999999998
2025-05-20,6:00,6,7608.446,7512.5625,95.88349999999991
2025-05-20,6:00,7,7238.7682,7345.575,106.80679999999938
2025-05-20,6:00,8,6241.0869,6415.95,174.86309999999958
2025-05-20,6:00,9,5452.5211,5695.875,243.35390000000007
2025-05-20,6:00,10,4342.6126,4606.65,264.03739999999925
2025-05-20,6:00,11,2887.1869,3019.875,132.68809999999985
2025-05-20,6:00,12,1109.9201,1104.0,5.920100000000048
2025-05-20,6:00,13,0.0,0.0,0.0
2025-05-20,6:00,14,0.0,0.0,0.0
2025-05-20,6:00,15,0.0,0.0,0.0
2025-05-20,6:00,16,0.0,0.0,0.0
2025-05-20,6:00,17,0.0,0.0,0.0
2025-05-20,6:00,18,0.0,0.0,0.0
2025-05-20,12:00,1,7319.5989,7345.575,25.97609999999986
2025-05-20,12:00,2,6303.6813,6415.95,112.26869999999963
2025-05-20,12:00,3,5726.4421,5695.875,30.56710000000021
2025-05-20,12:00,4,4628.3372,4606.65,21.687200000000303
2025-05-20,12:00,5,3092.2125,3019.875,72.33750000000009
2025-05-20,12:00,6,1145.9562,1104.0,41.95620000000008
2025-05-20,12:00,7,0.0,0.0,0.0
2025-05-20,12:00,8,0.0,0.0,0.0
2025-05-20,12:00,9,0.0,0.0,0.0
2025-05-20,12:00,10,0.0,0.0,0.0
2025-05-20,12:00,11,0.0,0.0,0.0
2025-05-20,12:00,12,0.0,0.0,0.0
2025-05-20,18:00,1,0.0,0.0,0.0
2025-05-20,18:00,2,0.0,0.0,0.0
2025-05-20,18:00,3,0.0,0.0,0.0
2025-05-20,18:00,4,0.0,0.0,0.0
2025-05-20,18:00,5,0.0,0.0,0.0
2025-05-20,18:00,6,0.0,0.0,0.0
2025-05-21,0:00,1,0.0,0.0,0.0
2025-05-21,0:00,2,0.0,0.0,0.0
2025-05-21,0:00,3,0.0,0.0,0.0
2025-05-21,0:00,4,0.0,0.0,0.0
2025-05-21,0:00,5,0.0,0.0,0.0
2025-05-21,0:00,6,1167.7719,1172.7375,4.965599999999995
2025-05-21,0:00,7,3201.7125,3163.3875,38.32500000000027
2025-05-21,0:00,8,5339.8772,5018.25,321.6271999999999
2025-05-21,0:00,9,6639.3627,6202.875,436.4876999999997
2025-05-21,0:00,10,7537.6348,6876.7875,660.8472999999994
2025-05-21,0:00,11,8504.0158,7878.6375,625.3782999999994
2025-05-21,0:00,12,9531.6825,8589.0,942.6825000000008
2025-05-21,0:00,13,8862.15,8761.9125,100.23749999999927
2025-05-21,0:00,14,8078.25,8078.25,0.0
2025-05-21,0:00,15,6482.9571,5399.025,1083.9321
2025-05-21,0:00,16,4846.1165,4149.975,696.1414999999997
2025-05-21,0:00,17,2952.4358,2824.4625,127.97330000000011
2025-05-21,0:00,18,1062.7787,1029.5625,33.21620000000007
2025-05-21,0:00,19,0.0,0.0,0.0
2025-05-21,0:00,20,0.0,0.0,0.0
2025-05-21,0:00,21,0.0,0.0,0.0
2025-05-21,0:00,22,0.0,0.0,0.0
2025-05-21,0:00,23,0.0,0.0,0.0
2025-05-21,0:00,24,0.0,0.0,0.0
2025-05-21,6:00,1,3078.0851,3163.3875,85.30240000000003
2025-05-21,6:00,2,4781.6426,5018.25,236.60739999999987
2025-05-21,6:00,3,5930.751,6202.875,272.1239999999998
2025-05-21,6:00,4,6598.114,6876.7875,278.6735000000008
2025-05-21,6:00,5,7633.2311,7878.6375,245.40639999999985
2025-05-21,6:00,6,8409.0751,8589.0,179.92489999999998
2025-05-21,6:00,7,8415.1687,8761.9125,346.7438000000002
2025-05-21,6:00,8,7545.3581,8078.25,532.8918999999996
2025-05-21,6:00,9,5101.4549,5399.025,297.5700999999999
2025-05-21,6:00,10,3963.2977,4149.975,186.6773000000003
2025-05-21,6:00,11,2644.3826,2824.4625,180.07990000000018
2025-05-21,6:00,12,1012.1821,1029.5625,17.38040000000001
2025-05-21,6:00,13,0.0,0.0,0.0
2025-05-21,6:00,14,0.0,0.0,0.0
2025-05-21,6:00,15,0.0,0.0,0.0
2025-05-21,6:00,16,0.0,0.0,0.0
2025-05-21,6:00,17,0.0,0.0,0.0
2025-05-21,6:00,18,0.0,0.0,0.0
2025-05-21,12:00,1,8862.15,8761.9125,100.23749999999927
2025-05-21,12:00,2,8078.25,8078.25,0.0
2025-05-21,12:00,3,5499.1813,5399.025,100.15630000000056
2025-05-21,12:00,4,4183.992,4149.975,34.016999999999825
2025-05-21,12:00,5,2817.735,2824.4625,6.727499999999964
2025-05-21,12:00,6,1031.8024,1029.5625,2.239900000000034
2025-05-21,12:00,7,0.0,0.0,0.0
2025-05-21,12:00,8,0.0,0.0,0.0
2025-05-21,12:00,9,0.0,0.0,0.0
2025-05-21,12:00,10,0.0,0.0,0.0
2025-05-21,12:00,11,0.0,0.0,0.0
2025-05-21,12:00,12,0.0,0.0,0.0
2025-05-21,18:00,1,0.0,0.0,0.0
2025-05-21,18:00,2,0.0,0.0,0.0
2025-05-21,18:00,3,0.0,0.0,0.0
2025-05-21,18:00,4,0.0,0.0,0.0
2025-05-21,18:00,5,0.0,0.0,0.0
2025-05-21,18:00,6,0.0,0.0,0.0
2025-05-22,0:00,1,0.0,0.0,0.0
2025-05-22,0:00,2,0.0,0.0,0.0
2025-05-22,0:00,3,0.0,0.0,0.0
2025-05-22,0:00,4,0.0,0.0,0.0
2025-05-22,0:00,5,0.0,0.0,0.0
2025-05-22,0:00,6,1130.0092,1162.5,32.490800000000036
2025-05-22,0:00,7,2499.8008,2869.425,369.6242000000002
2025-05-22,0:00,8,4439.6052,4834.6875,395.08230000000003
2025-05-22,0:00,9,5899.4459,6368.625,469.1791000000003
2025-05-22,0:00,10,7329.8558,7164.375,165.48080000000027
2025-05-22,0:00,11,8939.2125,8347.0125,592.1999999999989
2025-05-22,0:00,12,9791.55,8253.5625,1537.9874999999993
2025-05-22,0:00,13,8862.15,8034.15,828.0
2025-05-22,0:00,14,8078.25,7464.225,614.0249999999996
2025-05-22,0:00,15,6545.5219,5842.6875,702.8343999999997
2025-05-22,0:00,16,4476.6169,4474.8375,1.7794000000003507
2025-05-22,0:00,17,2442.9051,2648.6625,205.75739999999996
2025-05-22,0:00,18,1027.1291,1075.0875,47.95839999999998
2025-05-22,0:00,19,0.0,0.0,0.0
2025-05-22,0:00,20,0.0,0.0,0.0
2025-05-22,0:00,21,0.0,0.0,0.0
2025-05-22,0:00,22,0.0,0.0,0.0
2025-05-22,0:00,23,0.0,0.0,0.0
2025-05-22,0:00,24,0.0,0.0,0.0
2025-05-22,6:00,1,2855.6382,2869.425,13.786800000000312
2025-05-22,6:00,2,4801.1993,4834.6875,33.48819999999978
2025-05-22,6:00,3,6274.7783,6368.625,93.84670000000006
2025-05-22,6:00,4,6934.2921,7164.375,230.08290000000034
2025-05-22,6:00,5,8289.1781,8347.0125,57.83440000000155
2025-05-22,6:00,6,8610.8158,8253.5625,357.2533000000003
2025-05-22,6:00,7,8549.81,8034.15,515.6599999999999
2025-05-22,6:00,8,8078.25,7464.225,614.0249999999996
2025-05-22,6:00,9,6079.2377,5842.6875,236.55019999999968
2025-05-22,6:00,10,4351.3354,4474.8375,123.5020999999997
2025-05-22,6:00,11,2344.6906,2648.6625,303.9719
2025-05-22,6:00,12,974.8776,1075.0875,100.20990000000006
2025-05-22,6:00,13,0.0,0.0,0.0
2025-05-22,6:00,14,0.0,0.0,0.0
2025-05-22,6:00,15,0.0,0.0,0.0
2025-05-22,6:00,16,0.0,0.0,0.0
2025-05-22,6:00,17,0.0,0.0,0.0
2025-05-22,6:00,18,0.0,0.0,0.0
2025-05-22,12:00,1,8111.554,8034.15,77.40400000000045
2025-05-22,12:00,2,7591.1401,7464.225,126.91509999999926
2025-05-22,12:00,3,6060.9348,5842.6875,218.2473
2025-05-22,12:00,4,4578.5556,4474.8375,103.71810000000005
2025-05-22,12:00,5,2761.1987,2648.6625,112.53620000000001
2025-05-22,12:00,6,1171.0915,1075.0875,96.0039999999999
2025-05-22,12:00,7,0.0,0.0,0.0
2025-05-22,12:00,8,0.0,0.0,0.0
2025-05-22,12:00,9,0.0,0.0,0.0
2025-05-22,12:00,10,0.0,0.0,0.0
2025-05-22,12:00,11,0.0,0.0,0.0
2025-05-22,12:00,12,0.0,0.0,0.0
2025-05-22,18:00,1,0.0,0.0,0.0
2025-05-22,18:00,2,0.0,0.0,0.0
2025-05-22,18:00,3,0.0,0.0,0.0
2025-05-22,18:00,4,0.0,0.0,0.0
2025-05-22,18:00,5,0.0,0.0,0.0
2025-05-22,18:00,6,0.0,0.0,0.0
2025-05-23,0:00,1,0.0,0.0,0.0
2025-05-23,0:00,2,0.0,0.0,0.0
2025-05-23,0:00,3,0.0,0.0,0.0
2025-05-23,0:00,4,0.0,0.0,0.0
2025-05-23,0:00,5,0.0,0.0,0.0
2025-05-23,0:00,6,1118.1623,1152.6375,34.475200000000086
2025-05-23,0:00,7,2841.9608,2971.2375,129.27670000000035
2025-05-23,0:00,8,4521.224,4751.625,230.40099999999984
2025-05-23,0:00,9,5890.7902,6463.6875,572.8972999999996
2025-05-23,0:00,10,7196.5072,7631.4375,434.9303
2025-05-23,0:00,11,7914.6221,8446.1625,531.5404000000008
2025-05-23,0:00,12,8065.7205,8264.9625,199.24199999999928
2025-05-23,0:00,13,7420.5977,7445.325,24.72729999999956
2025-05-23,0:00,14,7482.7577,7129.05,353.70769999999993
2025-05-23,0:00,15,5404.4175,5436.4875,32.07000000000062
2025-05-23,0:00,16,4951.8,4193.4375,758.3625000000002
2025-05-23,0:00,17,3092.2125,2764.65,327.5625
2025-05-23,0:00,18,1267.5,1263.3,4.2000000000000455
2025-05-23,0:00,19,0.0,0.0,0.0
2025-05-23,0:00,20,0.0,0.0,0.0
2025-05-23,0:00,21,0.0,0.0,0.0
2025-05-23,0:00,22,0.0,0.0,0.0
2025-05-23,0:00,23,0.0,0.0,0.0
2025-05-23,0:00,24,0.0,0.0,0.0
2025-05-23,6:00,1,2916.1588,2971.2375,55.078700000000026
2025-05-23,6:00,2,4677.0237,4751.625,74.60130000000026
2025-05-23,6:00,3,6290.9502,6463.6875,172.73729999999978
2025-05-23,6:00,4,7366.3398,7631.4375,265.09770000000026
2025-05-23,6:00,5,8003.9533,8446.1625,442.20920000000024
2025-05-23,6:00,6,8020.7186,8264.9625,244.24389999999948
2025-05-23,6:00,7,6972.1134,7445.325,473.21159999999963
2025-05-23,6:00,8,6854.0983,7129.05,274.9517000000005
2025-05-23,6:00,9,5706.9056,5436.4875,270.41809999999987
2025-05-23,6:00,10,4568.5303,4193.4375,375.09280000000035
2025-05-23,6:00,11,2976.988,2764.65,212.33799999999974
2025-05-23,6:00,12,1267.5,1263.3,4.2000000000000455
2025-05-23,6:00,13,0.0,0.0,0.0
2025-05-23,6:00,14,0.0,0.0,0.0
2025-05-23,6:00,15,0.0,0.0,0.0
2025-05-23,6:00,16,0.0,0.0,0.0
2025-05-23,6:00,17,0.0,0.0,0.0
2025-05-23,6:00,18,0.0,0.0,0.0
2025-05-23,12:00,1,7225.1692,7445.325,220.15579999999954
2025-05-23,12:00,2,6704.5899,7129.05,424.46010000000024
2025-05-23,12:00,3,5042.3935,5436.4875,394.09400000000005
2025-05-23,12:00,4,3782.5825,4193.4375,410.855
2025-05-23,12:00,5,2511.8474,2764.65,252.80259999999998
2025-05-23,12:00,6,1149.084,1263.3,114.2159999999999
2025-05-23,12:00,7,0.0,0.0,0.0
2025-05-23,12:00,8,0.0,0.0,0.0
2025-05-23,12:00,9,0.0,0.0,0.0
2025-05-23,12:00,10,0.0,0.0,0.0
2025-05-23,12:00,11,0.0,0.0,0.0
2025-05-23,12:00,12,0.0,0.0,0.0
2025-05-23,18:00,1,0.0,0.0,0.0
2025-05-23,18:00,2,0.0,0.0,0.0
2025-05-23,18:00,3,0.0,0.0,0.0
2025-05-23,18:00,4,0.0,0.0,0.0
2025-05-23,18:00,5,0.0,0.0,0.0
2025-05-23,18:00,6,0.0,0.0,0.0
2025-05-24,0:00,1,0.0,0.0,0.0
2025-05-24,0:00,2,0.0,0.0,0.0
2025-05-24,0:00,3,0.0,0.0,0.0
2025-05-24,0:00,4,0.0,0.0,0.0
2025-05-24,0:00,5,0.0,0.0,0.0
2025-05-24,0:00,6,1201.6299,1137.3375,64.29239999999982
2025-05-24,0:00,7,3201.7125,3127.2,74.51250000000027
2025-05-24,0:00,8,4896.2575,4368.3,527.9574999999995
2025-05-24,0:00,9,6164.9152,5715.9,449.01520000000073
2025-05-24,0:00,10,7513.5859,7479.2625,34.32340000000022
2025-05-24,0:00,11,8895.3347,8939.2125,43.87780000000021
2025-05-24,0:00,12,9138.8646,8992.725,146.13960000000043
2025-05-24,0:00,13,8826.1621,8020.35,805.8120999999992
2025-05-24,0:00,14,8078.25,8012.7375,65.51249999999982
2025-05-24,0:00,15,6380.2728,5705.775,674.4978000000001
2025-05-24,0:00,16,4677.1291,4825.0125,147.8833999999997
2025-05-24,0:00,17,2768.2344,3092.2125,323.97810000000027
2025-05-24,0:00,18,1015.2247,1267.5,252.27530000000002
2025-05-24,0:00,19,0.0,0.0,0.0
2025-05-24,0:00,20,0.0,0.0,0.0
2025-05-24,0:00,21,0.0,0.0,0.0
2025-05-24,0:00,22,0.0,0.0,0.0
2025-05-24,0:00,23,0.0,0.0,0.0
2025-05-24,0:00,24,0.0,0.0,0.0
2025-05-24,6:00,1,3139.0607,3127.2,11.860700000000179
2025-05-24,6:00,2,4421.5295,4368.3,53.22949999999946
2025-05-24,6:00,3,5822.2018,5715.9,106.30180000000018
2025-05-24,6:00,4,7677.9097,7479.2625,198.64720000000034
2025-05-24,6:00,5,8939.2125,8939.2125,0.0
2025-05-24,6:00,6,9092.3258,8992.725,99.60080000000016
2025-05-24,6:00,7,8203.1529,8020.35,182.80289999999877
2025-05-24,6:00,8,8078.25,8012.7375,65.51249999999982
2025-05-24,6:00,9,5832.205,5705.775,126.43000000000029
2025-05-24,6:00,10,4585.4075,4825.0125,239.60499999999956
2025-05-24,6:00,11,3092.2125,3092.2125,0.0
2025-05-24,6:00,12,1242.075,1267.5,25.424999999999955
2025-05-24,6:00,13,0.0,0.0,0.0
2025-05-24,6:00,14,0.0,0.0,0.0
2025-05-24,6:00,15,0.0,0.0,0.0
2025-05-24,6:00,16,0.0,0.0,0.0
2025-05-24,6:00,17,0.0,0.0,0.0
2025-05-24,6:00,18,0.0,0.0,0.0
2025-05-24,12:00,1,7968.7954,8020.35,51.55460000000039
2025-05-24,12:00,2,7750.8182,8012.7375,261.9193000000005
2025-05-24,12:00,3,5438.3978,5705.775,267.3771999999999
2025-05-24,12:00,4,4567.1964,4825.0125,257.8161
2025-05-24,12:00,5,2968.394,3092.2125,123.81850000000031
2025-05-24,12:00,6,1248.9275,1267.5,18.57249999999999
2025-05-24,12:00,7,0.0,0.0,0.0
2025-05-24,12:00,8,0.0,0.0,0.0
2025-05-24,12:00,9,0.0,0.0,0.0
2025-05-24,12:00,10,0.0,0.0,0.0
2025-05-24,12:00,11,0.0,0.0,0.0
2025-05-24,12:00,12,0.0,0.0,0.0
2025-05-24,18:00,1,0.0,0.0,0.0
2025-05-24,18:00,2,0.0,0.0,0.0
2025-05-24,18:00,3,0.0,0.0,0.0
2025-05-24,18:00,4,0.0,0.0,0.0
2025-05-24,18:00,5,0.0,0.0,0.0
2025-05-24,18:00,6,0.0,0.0,0.0
2025-05-25,0:00,1,0.0,0.0,0.0
2025-05-25,0:00,2,0.0,0.0,0.0
2025-05-25,0:00,3,0.0,0.0,0.0
2025-05-25,0:00,4,0.0,0.0,0.0
2025-05-25,0:00,5,0.0,0.0,0.0
2025-05-25,0:00,6,1159.7493,1217.55,57.800700000000006
2025-05-25,0:00,7,2626.5636,2771.6625,145.09889999999996
2025-05-25,0:00,8,5191.5153,5301.9375,110.42219999999998
2025-05-25,0:00,9,6105.5566,6231.7875,126.23090000000047
2025-05-25,0:00,10,7345.3216,7756.1625,410.84090000000015
2025-05-25,0:00,11,7563.8335,8552.025,988.1914999999999
2025-05-25,0:00,12,8167.1706,9350.4,1183.2293999999993
2025-05-25,0:00,13,7994.0412,8516.925,522.8837999999996
2025-05-25,0:00,14,7271.8632,7333.3875,61.52430000000004
2025-05-25,0:00,15,6755.596,6783.4125,27.816500000000815
2025-05-25,0:00,16,4951.8,4423.275,528.5250000000005
2025-05-25,0:00,17,3092.2125,2985.7125,106.5
2025-05-25,0:00,18,1267.5,1205.85,61.65000000000009
2025-05-25,0:00,19,0.0,0.0,0.0
2025-05-25,0:00,20,0.0,0.0,0.0
2025-05-25,0:00,21,0.0,0.0,0.0
2025-05-25,0:00,22,0.0,0.0,0.0
2025-05-25,0:00,23,0.0,0.0,0.0
2025-05-25,0:00,24,0.0,0.0,0.0
2025-05-25,6:00,1,2751.321,2771.6625,20.341499999999996
2025-05-25,6:00,2,5213.974,5301.9375,87.96349999999984
2025-05-25,6:00,3,6106.323,6231.7875,125.46450000000004
2025-05-25,6:00,4,7404.8973,7756.1625,351.26520000000073
2025-05-25,6:00,5,7901.1407,8552.025,650.8842999999997
2025-05-25,6:00,6,8541.401,9350.4,808.9989999999998
2025-05-25,6:00,7,7717.4869,8516.925,799.4380999999994
2025-05-25,6:00,8,6399.2367,7333.3875,934.1507999999994
2025-05-25,6:00,9,6693.4789,6783.4125,89.9336000000003
2025-05-25,6:00,10,4417.7437,4423.275,5.531299999999646
2025-05-25,6:00,11,2924.838,2985.7125,60.8744999999999
2025-05-25,6:00,12,1215.2022,1205.85,9.352200000000039
2025-05-25,6:00,13,0.0,0.0,0.0
2025-05-25,6:00,14,0.0,0.0,0.0
2025-05-25,6:00,15,0.0,0.0,0.0
2025-05-25,6:00,16,0.0,0.0,0.0
2025-05-25,6:00,17,0.0,0.0,0.0
2025-05-25,6:00,18,0.0,0.0,0.0
2025-05-25,12:00,1,8570.5073,8516.925,53.58230000000003
2025-05-25,12:00,2,7521.9911,7333.3875,188.60360000000037
2025-05-25,12:00,3,6965.9625,6783.4125,182.54999999999927
2025-05-25,12:00,4,4420.6376,4423.275,2.637399999999616
2025-05-25,12:00,5,2970.7792,2985.7125,14.933300000000145
2025-05-25,12:00,6,1238.2465,1205.85,32.39650000000006
2025-05-25,12:00,7,0.0,0.0,0.0
2025-05-25,12:00,8,0.0,0.0,0.0
2025-05-25,12:00,9,0.0,0.0,0.0
2025-05-25,12:00,10,0.0,0.0,0.0
2025-05-25,12:00,11,0.0,0.0,0.0
2025-05-25,12:00,12,0.0,0.0,0.0
2025-05-25,18:00,1,0.0,0.0,0.0
2025-05-25,18:00,2,0.0,0.0,0.0
2025-05-25,18:00,3,0.0,0.0,0.0
2025-05-25,18:00,4,0.0,0.0,0.0
2025-05-25,18:00,5,0.0,0.0,0.0
2025-05-25,18:00,6,0.0,0.0,0.0
2025-05-26,0:00,1,0.0,0.0,0.0
2025-05-26,0:00,2,0.0,0.0,0.0
2025-05-26,0:00,3,0.0,0.0,0.0
2025-05-26,0:00,4,0.0,0.0,0.0
2025-05-26,0:00,5,0.0,0.0,0.0
2025-05-26,0:00,6,1263.6375,1204.2375,59.40000000000009
2025-05-26,0:00,7,2724.7234,2533.7625,190.96090000000004
2025-05-26,0:00,8,4651.6662,4470.9375,180.72869999999966
2025-05-26,0:00,9,6639.2571,5811.9375,827.3195999999998
2025-05-26,0:00,10,7527.8258,6903.225,624.6007999999993
2025-05-26,0:00,11,7534.8302,6657.7125,877.1177000000007
2025-05-26,0:00,12,9263.1186,7892.8875,1370.2311
2025-05-26,0:00,13,8862.15,7498.425,1363.7249999999995
2025-05-26,0:00,14,8078.25,7440.6,637.6499999999996
2025-05-26,0:00,15,6576.9758,5911.3125,665.6633000000002
2025-05-26,0:00,16,4672.7135,4521.9,150.8135000000002
2025-05-26,0:00,17,2764.0699,2789.0625,24.99260000000004
2025-05-26,0:00,18,1084.7455,1112.1,27.354499999999916
2025-05-26,0:00,19,0.0,0.0,0.0
2025-05-26,0:00,20,0.0,0.0,0.0
2025-05-26,0:00,21,0.0,0.0,0.0
2025-05-26,0:00,22,0.0,0.0,0.0
2025-05-26,0:00,23,0.0,0.0,0.0
2025-05-26,0:00,24,0.0,0.0,0.0
2025-05-26,6:00,1,2498.4846,2533.7625,35.277900000000045
2025-05-26,6:00,2,4336.443,4470.9375,134.4944999999998
2025-05-26,6:00,3,5598.7825,5811.9375,213.15499999999975
2025-05-26,6:00,4,6593.1312,6903.225,310.09380000000056
2025-05-26,6:00,5,6403.5726,6657.7125,254.13989999999922
2025-05-26,6:00,6,8064.8523,7892.8875,171.96479999999974
2025-05-26,6:00,7,7859.6467,7498.425,361.22170000000006
2025-05-26,6:00,8,7865.1209,7440.6,424.52089999999953
2025-05-26,6:00,9,6663.89,5911.3125,752.5775000000003
2025-05-26,6:00,10,4951.8,4521.9,429.90000000000055
2025-05-26,6:00,11,2807.6017,2789.0625,18.539200000000164
2025-05-26,6:00,12,1044.0705,1112.1,68.02949999999987
2025-05-26,6:00,13,0.0,0.0,0.0
2025-05-26,6:00,14,0.0,0.0,0.0
2025-05-26,6:00,15,0.0,0.0,0.0
2025-05-26,6:00,16,0.0,0.0,0.0
2025-05-26,6:00,17,0.0,0.0,0.0
2025-05-26,6:00,18,0.0,0.0,0.0
2025-05-26,12:00,1,7507.8034,7498.425,9.378399999999601
2025-05-26,12:00,2,7487.7351,7440.6,47.13509999999951
2025-05-26,12:00,3,5882.3078,5911.3125,29.004700000000412
2025-05-26,12:00,4,4497.0633,4521.9,24.836699999999837
2025-05-26,12:00,5,2832.9234,2789.0625,43.86090000000013
2025-05-26,12:00,6,1082.3821,1112.1,29.717899999999872
2025-05-26,12:00,7,0.0,0.0,0.0
2025-05-26,12:00,8,0.0,0.0,0.0
2025-05-26,12:00,9,0.0,0.0,0.0
2025-05-26,12:00,10,0.0,0.0,0.0
2025-05-26,12:00,11,0.0,0.0,0.0
2025-05-26,12:00,12,0.0,0.0,0.0
2025-05-26,18:00,1,0.0,0.0,0.0
2025-05-26,18:00,2,0.0,0.0,0.0
2025-05-26,18:00,3,0.0,0.0,0.0
2025-05-26,18:00,4,0.0,0.0,0.0
2025-05-26,18:00,5,0.0,0.0,0.0
2025-05-26,18:00,6,0.0,0.0,0.0
2025-05-27,0:00,1,0.0,0.0,0.0
2025-05-27,0:00,2,0.0,0.0,0.0
2025-05-27,0:00,3,0.0,0.0,0.0
2025-05-27,0:00,4,0.0,0.0,0.0
2025-05-27,0:00,5,0.0,0.0,0.0
2025-05-27,0:00,6,1263.6375,1254.0375,9.600000000000136
2025-05-27,0:00,7,3201.7125,3201.7125,0.0
2025-05-27,0:00,8,5368.275,4745.5125,622.7624999999998
2025-05-27,0:00,9,6664.0125,6613.8,50.212499999999636
2025-05-27,0:00,10,8065.575,7666.125,399.4499999999998
2025-05-27,0:00,11,8939.2125,7927.2,1012.0124999999998
2025-05-27,0:00,12,9791.55,9260.8875,530.6624999999985
2025-05-27,0:00,13,8628.7457,7941.7875,686.9581999999991
2025-05-27,0:00,14,7205.4806,7167.45,38.03060000000005
2025-05-27,0:00,15,6965.0423,6314.025,651.0173000000004
2025-05-27,0:00,16,4466.8188,4412.775,54.043800000000374
2025-05-27,0:00,17,3092.2125,2922.4875,169.7249999999999
2025-05-27,0:00,18,1267.5,1255.1625,12.337500000000091
2025-05-27,0:00,19,0.0,0.0,0.0
2025-05-27,0:00,20,0.0,0.0,0.0
2025-05-27,0:00,21,0.0,0.0,0.0
2025-05-27,0:00,22,0.0,0.0,0.0
2025-05-27,0:00,23,0.0,0.0,0.0
2025-05-27,0:00,24,0.0,0.0,0.0
2025-05-27,6:00,1,3201.7125,3201.7125,0.0
2025-05-27,6:00,2,4786.7608,4745.5125,41.2483000000002
2025-05-27,6:00,3,6664.0125,6613.8,50.212499999999636
2025-05-27,6:00,4,7489.8374,7666.125,176.28759999999966
2025-05-27,6:00,5,7661.6805,7927.2,265.5194999999994
2025-05-27,6:00,6,8666.8534,9260.8875,594.0341000000008
2025-05-27,6:00,7,7240.3443,7941.7875,701.4432000000006
2025-05-27,6:00,8,6325.3686,7167.45,842.0814
2025-05-27,6:00,9,5404.1393,6314.025,909.8856999999998
2025-05-27,6:00,10,3774.9537,4412.775,637.8212999999996
2025-05-27,6:00,11,2770.3291,2922.4875,152.15840000000026
2025-05-27,6:00,12,1177.7096,1255.1625,77.4529
2025-05-27,6:00,13,0.0,0.0,0.0
2025-05-27,6:00,14,0.0,0.0,0.0
2025-05-27,6:00,15,0.0,0.0,0.0
2025-05-27,6:00,16,0.0,0.0,0.0
2025-05-27,6:00,17,0.0,0.0,0.0
2025-05-27,6:00,18,0.0,0.0,0.0
2025-05-27,12:00,1,7831.4256,7941.7875,110.36190000000079
2025-05-27,12:00,2,7050.6158,7167.45,116.83420000000024
2025-05-27,12:00,3,6336.8757,6314.025,22.85069999999996
2025-05-27,12:00,4,4433.1656,4412.775,20.39060000000063
2025-05-27,12:00,5,3015.4583,2922.4875,92.9707999999996
2025-05-27,12:00,6,1267.5,1255.1625,12.337500000000091
2025-05-27,12:00,7,0.0,0.0,0.0
2025-05-27,12:00,8,0.0,0.0,0.0
2025-05-27,12:00,9,0.0,0.0,0.0
2025-05-27,12:00,10,0.0,0.0,0.0
2025-05-27,12:00,11,0.0,0.0,0.0
2025-05-27,12:00,12,0.0,0.0,0.0
2025-05-27,18:00,1,0.0,0.0,0.0
2025-05-27,18:00,2,0.0,0.0,0.0
2025-05-27,18:00,3,0.0,0.0,0.0
2025-05-27,18:00,4,0.0,0.0,0.0
2025-05-27,18:00,5,0.0,0.0,0.0
2025-05-27,18:00,6,0.0,0.0,0.0
2025-05-28,0:00,1,0.0,0.0,0.0
2025-05-28,0:00,2,0.0,0.0,0.0
2025-05-28,0:00,3,0.0,0.0,0.0
2025-05-28,0:00,4,0.0,0.0,0.0
2025-05-28,0:00,5,0.0,0.0,0.0
2025-05-28,0:00,6,1011.4338,1071.225,59.79119999999989
2025-05-28,0:00,7,2340.7894,2581.9125,241.1230999999998
2025-05-28,0:00,8,3935.9216,4261.9875,326.06590000000006
2025-05-28,0:00,9,5943.794,6091.4625,147.66849999999977
2025-05-28,0:00,10,6370.5865,6535.35,164.76350000000002
2025-05-28,0:00,11,7320.4365,7136.1375,184.29899999999998
2025-05-28,0:00,12,7335.247,7351.8,16.552999999999884
2025-05-28,0:00,13,8862.15,8686.0125,176.1374999999989
2025-05-28,0:00,14,8078.25,7903.4625,174.78750000000036
2025-05-28,0:00,15,6965.9625,6728.175,237.78749999999945
2025-05-28,0:00,16,4915.0747,4665.075,249.9997000000003
2025-05-28,0:00,17,3070.4944,2706.15,364.34439999999995
2025-05-28,0:00,18,1100.2583,1115.25,14.991700000000037
2025-05-28,0:00,19,0.0,0.0,0.0
2025-05-28,0:00,20,0.0,0.0,0.0
2025-05-28,0:00,21,0.0,0.0,0.0
2025-05-28,0:00,22,0.0,0.0,0.0
2025-05-28,0:00,23,0.0,0.0,0.0
2025-05-28,0:00,24,0.0,0.0,0.0
2025-05-28,6:00,1,2544.5583,2581.9125,37.354199999999764
2025-05-28,6:00,2,4119.1396,4261.9875,142.84789999999975
2025-05-28,6:00,3,5884.7044,6091.4625,206.7581
2025-05-28,6:00,4,6434.2034,6535.35,101.14660000000003
2025-05-28,6:00,5,7106.0546,7136.1375,30.082899999999427
2025-05-28,6:00,6,7471.1764,7351.8,119.3764000000001
2025-05-28,6:00,7,8862.15,8686.0125,176.1374999999989
2025-05-28,6:00,8,7803.433,7903.4625,100.02949999999964
2025-05-28,6:00,9,6442.1321,6728.175,286.0429000000004
2025-05-28,6:00,10,4617.8476,4665.075,47.22739999999976
2025-05-28,6:00,11,2607.8579,2706.15,98.29210000000012
2025-05-28,6:00,12,1074.6557,1115.25,40.594299999999976
2025-05-28,6:00,13,0.0,0.0,0.0
2025-05-28,6:00,14,0.0,0.0,0.0
2025-05-28,6:00,15,0.0,0.0,0.0
2025-05-28,6:00,16,0.0,0.0,0.0
2025-05-28,6:00,17,0.0,0.0,0.0
2025-05-28,6:00,18,0.0,0.0,0.0
2025-05-28,12:00,1,8635.4555,8686.0125,50.5570000000007
2025-05-28,12:00,2,7946.6793,7903.4625,43.21680000000015
2025-05-28,12:00,3,6735.2044,6728.175,7.029399999999441
2025-05-28,12:00,4,4610.2664,4665.075,54.80859999999939
2025-05-28,12:00,5,2628.0302,2706.15,78.11979999999994
2025-05-28,12:00,6,1116.5575,1115.25,1.3074999999998909
2025-05-28,12:00,7,0.0,0.0,0.0
2025-05-28,12:00,8,0.0,0.0,0.0
2025-05-28,12:00,9,0.0,0.0,0.0
2025-05-28,12:00,10,0.0,0.0,0.0
2025-05-28,12:00,11,0.0,0.0,0.0
2025-05-28,12:00,12,0.0,0.0,0.0
2025-05-28,18:00,1,0.0,0.0,0.0
2025-05-28,18:00,2,0.0,0.0,0.0
2025-05-28,18:00,3,0.0,0.0,0.0
2025-05-28,18:00,4,0.0,0.0,0.0
2025-05-28,18:00,5,0.0,0.0,0.0
2025-05-28,18:00,6,0.0,0.0,0.0
2025-05-29,0:00,1,0.0,0.0,0.0
2025-05-29,0:00,2,0.0,0.0,0.0
2025-05-29,0:00,3,0.0,0.0,0.0
2025-05-29,0:00,4,0.0,0.0,0.0
2025-05-29,0:00,5,0.0,0.0,0.0
2025-05-29,0:00,6,1263.6375,1229.9625,33.674999999999955
2025-05-29,0:00,7,2873.0529,2701.2,171.85290000000032
2025-05-29,0:00,8,3815.6597,3847.875,32.21529999999984
2025-05-29,0:00,9,5639.2241,5989.1625,349.9384
2025-05-29,0:00,10,6719.4671,6969.4875,250.02040000000034
2025-05-29,0:00,11,6560.2616,7028.8875,468.6259
2025-05-29,0:00,12,8445.2244,8056.05,389.17439999999897
2025-05-29,0:00,13,8862.15,8643.3375,218.8125
2025-05-29,0:00,14,8078.25,7140.6375,937.6125000000002
2025-05-29,0:00,15,6965.9625,6358.875,607.0874999999996
2025-05-29,0:00,16,4951.8,4605.5625,346.2375000000002
2025-05-29,0:00,17,2844.0524,2820.45,23.602400000000216
2025-05-29,0:00,18,1097.9762,1194.7125,96.73630000000003
2025-05-29,0:00,19,0.0,0.0,0.0
2025-05-29,0:00,20,0.0,0.0,0.0
2025-05-29,0:00,21,0.0,0.0,0.0
2025-05-29,0:00,22,0.0,0.0,0.0
2025-05-29,0:00,23,0.0,0.0,0.0
2025-05-29,0:00,24,0.0,0.0,0.0
2025-05-29,6:00,1,2639.758,2701.2,61.44200000000001
2025-05-29,6:00,2,3730.8976,3847.875,116.97740000000022
2025-05-29,6:00,3,5715.6614,5989.1625,273.5011000000004
2025-05-29,6:00,4,6660.2533,6969.4875,309.2341999999999
2025-05-29,6:00,5,6434.3666,7028.8875,594.5208999999995
2025-05-29,6:00,6,7365.8009,8056.05,690.2491
2025-05-29,6:00,7,7862.8101,8643.3375,780.5274
2025-05-29,6:00,8,6429.9061,7140.6375,710.7313999999997
2025-05-29,6:00,9,5726.2126,6358.875,632.6624000000002
2025-05-29,6:00,10,4294.7508,4605.5625,310.8117000000002
2025-05-29,6:00,11,2778.6884,2820.45,41.76159999999982
2025-05-29,6:00,12,1145.335,1194.7125,49.377500000000055
2025-05-29,6:00,13,0.0,0.0,0.0
2025-05-29,6:00,14,0.0,0.0,0.0
2025-05-29,6:00,15,0.0,0.0,0.0
2025-05-29,6:00,16,0.0,0.0,0.0
2025-05-29,6:00,17,0.0,0.0,0.0
2025-05-29,6:00,18,0.0,0.0,0.0
2025-05-29,12:00,1,8646.2891,8643.3375,2.951600000000326
2025-05-29,12:00,2,7215.4825,7140.6375,74.84500000000025
2025-05-29,12:00,3,6368.3031,6358.875,9.428100000000086
2025-05-29,12:00,4,4807.0864,4605.5625,201.52390000000014
2025-05-29,12:00,5,2835.403,2820.45,14.952999999999975
2025-05-29,12:00,6,1227.8954,1194.7125,33.18290000000002
2025-05-29,12:00,7,0.0,0.0,0.0
2025-05-29,12:00,8,0.0,0.0,0.0
2025-05-29,12:00,9,0.0,0.0,0.0
2025-05-29,12:00,10,0.0,0.0,0.0
2025-05-29,12:00,11,0.0,0.0,0.0
2025-05-29,12:00,12,0.0,0.0,0.0
2025-05-29,18:00,1,0.0,0.0,0.0
2025-05-29,18:00,2,0.0,0.0,0.0
2025-05-29,18:00,3,0.0,0.0,0.0
2025-05-29,18:00,4,0.0,0.0,0.0
2025-05-29,18:00,5,0.0,0.0,0.0
2025-05-29,18:00,6,0.0,0.0,0.0
2025-05-30,0:00,1,0.0,0.0,0.0
2025-05-30,0:00,2,0.0,0.0,0.0
2025-05-30,0:00,3,0.0,0.0,0.0
2025-05-30,0:00,4,0.0,0.0,0.0
2025-05-30,0:00,5,0.0,0.0,0.0
2025-05-30,0:00,6,1198.5204,1142.8875,55.63290000000006
2025-05-30,0:00,7,2966.563,2811.75,154.8130000000001
2025-05-30,0:00,8,4230.4791,4413.4875,183.00840000000062
2025-05-30,0:00,9,5710.5095,5689.5,21.009500000000116
2025-05-30,0:00,10,7517.9255,7331.3625,186.5630000000001
2025-05-30,0:00,11,7267.5652,7730.3625,462.7973000000002
2025-05-30,0:00,12,8019.6171,9457.5,1437.8828999999996
2025-05-30,0:00,13,7773.9419,8610.825,836.8831000000009
2025-05-30,0:00,14,6226.1254,6909.0,682.8746000000001
2025-05-30,0:00,15,5378.7823,5937.1125,558.3302000000003
2025-05-30,0:00,16,4179.0937,4107.1125,71.98120000000017
2025-05-30,0:00,17,2783.4711,2519.025,264.4461000000001
2025-05-30,0:00,18,1062.0635,1043.0625,19.000999999999976
2025-05-30,0:00,19,0.0,0.0,0.0
2025-05-30,0:00,20,0.0,0.0,0.0
2025-05-30,0:00,21,0.0,0.0,0.0
2025-05-30,0:00,22,0.0,0.0,0.0
2025-05-30,0:00,23,0.0,0.0,0.0
2025-05-30,0:00,24,0.0,0.0,0.0
2025-05-30,6:00,1,2843.156,2811.75,31.40599999999995
2025-05-30,6:00,2,4466.6531,4413.4875,53.16560000000027
2025-05-30,6:00,3,5759.0837,5689.5,69.58370000000014
2025-05-30,6:00,4,7083.5812,7331.3625,247.78130000000056
2025-05-30,6:00,5,7515.3253,7730.3625,215.03719999999976
2025-05-30,6:00,6,9351.8023,9457.5,105.69770000000062
2025-05-30,6:00,7,8682.731,8610.825,71.90599999999904
2025-05-30,6:00,8,6818.8272,6909.0,90.17280000000028
2025-05-30,6:00,9,5632.094,5937.1125,305.01850000000013
2025-05-30,6:00,10,3808.4834,4107.1125,298.6291000000001
2025-05-30,6:00,11,2430.7956,2519.025,88.22940000000017
2025-05-30,6:00,12,1039.5216,1043.0625,3.540899999999965
2025-05-30,6:00,13,0.0,0.0,0.0
2025-05-30,6:00,14,0.0,0.0,0.0
2025-05-30,6:00,15,0.0,0.0,0.0
2025-05-30,6:00,16,0.0,0.0,0.0
2025-05-30,6:00,17,0.0,0.0,0.0
2025-05-30,6:00,18,0.0,0.0,0.0
2025-05-30,12:00,1,8557.2092,8610.825,53.6158000000014
2025-05-30,12:00,2,6825.9136,6909.0,83.08640000000014
2025-05-30,12:00,3,5902.5128,5937.1125,34.59969999999976
2025-05-30,12:00,4,4016.188,4107.1125,90.92450000000008
2025-05-30,12:00,5,2562.3327,2519.025,43.30769999999984
2025-05-30,12:00,6,1052.2271,1043.0625,9.164600000000064
2025-05-30,12:00,7,0.0,0.0,0.0
2025-05-30,12:00,8,0.0,0.0,0.0
2025-05-30,12:00,9,0.0,0.0,0.0
2025-05-30,12:00,10,0.0,0.0,0.0
2025-05-30,12:00,11,0.0,0.0,0.0
2025-05-30,12:00,12,0.0,0.0,0.0
2025-05-30,18:00,1,0.0,0.0,0.0
2025-05-30,18:00,2,0.0,0.0,0.0
2025-05-30,18:00,3,0.0,0.0,0.0
2025-05-30,18:00,4,0.0,0.0,0.0
2025-05-30,18:00,5,0.0,0.0,0.0
2025-05-30,18:00,6,0.0,0.0,0.0
2025-05-31,0:00,1,0.0,0.0,0.0
2025-05-31,0:00,2,0.0,0.0,0.0
2025-05-31,0:00,3,0.0,0.0,0.0
2025-05-31,0:00,4,0.0,0.0,0.0
2025-05-31,0:00,5,0.0,0.0,0.0
2025-05-31,0:00,6,1103.2859,1263.6375,160.35159999999996
2025-05-31,0:00,7,2151.4945,2586.75,435.2555000000002
2025-05-31,0:00,8,4049.268,4462.7625,413.4944999999998
2025-05-31,0:00,9,5519.4554,5738.0625,218.60710000000017
2025-05-31,0:00,10,6542.5461,6763.275,220.72890000000007
2025-05-31,0:00,11,8879.277,8666.2125,213.0645000000004
2025-05-31,0:00,12,8611.3292,7873.425,737.9042
2025-05-31,0:00,13,7648.9488,7992.7875,343.83870000000024
2025-05-31,0:00,14,5756.494,6790.6125,1034.1185000000005
2025-05-31,0:00,15,4450.2507,5223.7875,773.5368000000008
2025-05-31,0:00,16,3455.3489,4471.4625,1016.1135999999997
2025-05-31,0:00,17,2078.2702,2842.9875,764.7173000000003
2025-05-31,0:00,18,1094.75,1265.8125,171.0625
2025-05-31,0:00,19,0.0,0.0,0.0
2025-05-31,0:00,20,0.0,0.0,0.0
2025-05-31,0:00,21,0.0,0.0,0.0
2025-05-31,0:00,22,0.0,0.0,0.0
2025-05-31,0:00,23,0.0,0.0,0.0
2025-05-31,0:00,24,0.0,0.0,0.0
2025-05-31,6:00,1,2592.1255,2586.75,5.375500000000102
2025-05-31,6:00,2,4473.463,4462.7625,10.70049999999992
2025-05-31,6:00,3,5678.6643,5738.0625,59.39819999999963
2025-05-31,6:00,4,6640.8591,6763.275,122.41589999999997
2025-05-31,6:00,5,8047.6988,8666.2125,618.5136999999995
2025-05-31,6:00,6,7564.5136,7873.425,308.91139999999996
2025-05-31,6:00,7,7463.0931,7992.7875,529.6944000000003
2025-05-31,6:00,8,6650.9545,6790.6125,139.65800000000036
2025-05-31,6:00,9,5309.454,5223.7875,85.66649999999936
2025-05-31,6:00,10,4554.4087,4471.4625,82.94620000000032
2025-05-31,6:00,11,2734.7575,2842.9875,108.23000000000002
2025-05-31,6:00,12,1199.2156,1265.8125,66.5969
2025-05-31,6:00,13,0.0,0.0,0.0
2025-05-31,6:00,14,0.0,0.0,0.0
2025-05-31,6:00,15,0.0,0.0,0.0
2025-05-31,6:00,16,0.0,0.0,0.0
2025-05-31,6:00,17,0.0,0.0,0.0
2025-05-31,6:00,18,0.0,0.0,0.0
2025-05-31,12:00,1,8069.4516,7992.7875,76.66409999999996
2025-05-31,12:00,2,6776.7584,6790.6125,13.854100000000471
2025-05-31,12:00,3,5112.3935,5223.7875,111.39400000000023
2025-05-31,12:00,4,4482.028,4471.4625,10.565500000000611
2025-05-31,12:00,5,2819.4083,2842.9875,23.579200000000128
2025-05-31,12:00,6,1193.3139,1265.8125,72.4985999999999
2025-05-31,12:00,7,0.0,0.0,0.0
2025-05-31,12:00,8,0.0,0.0,0.0
2025-05-31,12:00,9,0.0,0.0,0.0
2025-05-31,12:00,10,0.0,0.0,0.0
2025-05-31,12:00,11,0.0,0.0,0.0
2025-05-31,12:00,12,0.0,0.0,0.0
2025-05-31,18:00,1,0.0,0.0,0.0
2025-05-31,18:00,2,0.0,0.0,0.0
2025-05-31,18:00,3,0.0,0.0,0.0
2025-05-31,18:00,4,0.0,0.0,0.0
2025-05-31,18:00,5,0.0,0.0,0.0
2025-05-31,18:00,6,0.0,0.0,0.0
2025-06-01,0:00,1,0.0,0.0,0.0
2025-06-01,0:00,2,0.0,0.0,0.0
2025-06-01,0:00,3,0.0,0.0,0.0
2025-06-01,0:00,4,0.0,0.0,0.0
2025-06-01,0:00,5,0.0,0.0,0.0
2025-06-01,0:00,6,1250.3352,1134.0375,116.29770000000008
2025-06-01,0:00,7,2898.2361,2722.875,175.36110000000008
2025-06-01,0:00,8,4477.6891,4157.2125,320.47659999999996
2025-06-01,0:00,9,5574.9198,5246.925,327.9947999999995
2025-06-01,0:00,10,5783.4209,5611.65,171.77090000000044
2025-06-01,0:00,11,5394.001,5480.6625,86.66150000000016
2025-06-01,0:00,12,5631.321,6286.3875,655.0664999999999
2025-06-01,0:00,13,5483.7085,6034.8375,551.1289999999999
2025-06-01,0:00,14,4959.0041,6027.9375,1068.9334
2025-06-01,0:00,15,5394.727,5823.525,428.7979999999998
2025-06-01,0:00,16,3044.5781,3792.375,747.7968999999998
2025-06-01,0:00,17,2156.7843,2305.5,148.7157000000002
2025-06-01,0:00,18,938.2982,1094.9625,156.66430000000014
2025-06-01,0:00,19,0.0,0.0,0.0
2025-06-01,0:00,20,0.0,0.0,0.0
2025-06-01,0:00,21,0.0,0.0,0.0
2025-06-01,0:00,22,0.0,0.0,0.0
2025-06-01,0:00,23,0.0,0.0,0.0
2025-06-01,0:00,24,0.0,0.0,0.0
2025-06-01,6:00,1,2675.2047,2722.875,47.670300000000225
2025-06-01,6:00,2,4032.7936,4157.2125,124.41889999999967
2025-06-01,6:00,3,5010.2286,5246.925,236.6963999999998
2025-06-01,6:00,4,5497.6381,5611.65,114.01189999999951
2025-06-01,6:00,5,5278.3688,5480.6625,202.29370000000017
2025-06-01,6:00,6,6110.9076,6286.3875,175.47990000000027
2025-06-01,6:00,7,5962.5723,6034.8375,72.26519999999982
2025-06-01,6:00,8,5788.6753,6027.9375,239.26220000000012
2025-06-01,6:00,9,5870.3977,5823.525,46.872700000000805
2025-06-01,6:00,10,3796.403,3792.375,4.027999999999793
2025-06-01,6:00,11,2143.5646,2305.5,161.93539999999985
2025-06-01,6:00,12,1010.6317,1094.9625,84.33080000000007
2025-06-01,6:00,13,0.0,0.0,0.0
2025-06-01,6:00,14,0.0,0.0,0.0
2025-06-01,6:00,15,0.0,0.0,0.0
2025-06-01,6:00,16,0.0,0.0,0.0
2025-06-01,6:00,17,0.0,0.0,0.0
2025-06-01,6:00,18,0.0,0.0,0.0
2025-06-01,12:00,1,6122.2891,6034.8375,87.45160000000033
2025-06-01,12:00,2,6272.2292,6027.9375,244.29169999999976
2025-06-01,12:00,3,6166.2369,5823.525,342.71190000000024
2025-06-01,12:00,4,4040.6826,3792.375,248.3076000000001
2025-06-01,12:00,5,2562.8978,2305.5,257.3978000000002
2025-06-01,12:00,6,1262.1151,1094.9625,167.1525999999999
2025-06-01,12:00,7,0.0,0.0,0.0
2025-06-01,12:00,8,0.0,0.0,0.0
2025-06-01,12:00,9,0.0,0.0,0.0
2025-06-01,12:00,10,0.0,0.0,0.0
2025-06-01,12:00,11,0.0,0.0,0.0
2025-06-01,12:00,12,0.0,0.0,0.0
2025-06-01,18:00,1,0.0,0.0,0.0
2025-06-01,18:00,2,0.0,0.0,0.0
2025-06-01,18:00,3,0.0,0.0,0.0
2025-06-01,18:00,4,0.0,0.0,0.0
2025-06-01,18:00,5,0.0,0.0,0.0
2025-06-01,18:00,6,0.0,0.0,0.0
2025-06-02,0:00,1,0.0,0.0,0.0
2025-06-02,0:00,2,0.0,0.0,0.0
2025-06-02,0:00,3,0.0,0.0,0.0
2025-06-02,0:00,4,0.0,0.0,0.0
2025-06-02,0:00,5,0.0,0.0,0.0
2025-06-02,0:00,6,956.2947,962.55,6.25529999999992
2025-06-02,0:00,7,2383.7974,2438.025,54.227600000000166
2025-06-02,0:00,8,3411.7974,3493.425,81.62760000000026
2025-06-02,0:00,9,4656.2526,5185.4625,529.2098999999998
2025-06-02,0:00,10,6391.1734,7010.3625,619.1891000000005
2025-06-02,0:00,11,6556.6158,8333.3625,1776.7466999999997
2025-06-02,0:00,12,6592.3749,7866.8625,1274.4876000000004
2025-06-02,0:00,13,5130.0029,6615.75,1485.7470999999996
2025-06-02,0:00,14,4918.4521,5708.8875,790.4353999999994
2025-06-02,0:00,15,4081.2752,5087.85,1006.5748000000003
2025-06-02,0:00,16,3467.3158,3542.5125,75.19669999999996
2025-06-02,0:00,17,2151.1043,2312.9625,161.85820000000012
2025-06-02,0:00,18,976.2966,981.7875,5.4909000000000106
2025-06-02,0:00,19,0.0,0.0,0.0
2025-06-02,0:00,20,0.0,0.0,0.0
2025-06-02,0:00,21,0.0,0.0,0.0
2025-06-02,0:00,22,0.0,0.0,0.0
2025-06-02,0:00,23,0.0,0.0,0.0
2025-06-02,0:00,24,0.0,0.0,0.0
2025-06-02,6:00,1,2464.0299,2438.025,26.004899999999907
2025-06-02,6:00,2,3506.357,3493.425,12.931999999999789
2025-06-02,6:00,3,5212.7894,5185.4625,27.326900000000023
2025-06-02,6:00,4,7255.0417,7010.3625,244.67919999999958
2025-06-02,6:00,5,8772.9361,8333.3625,439.57360000000153
2025-06-02,6:00,6,7981.5057,7866.8625,114.64319999999952
2025-06-02,6:00,7,7033.32,6615.75,417.5699999999997
2025-06-02,6:00,8,5949.4478,5708.8875,240.5603000000001
2025-06-02,6:00,9,4823.9046,5087.85,263.9454000000005
2025-06-02,6:00,10,3458.3049,3542.5125,84.20759999999973
2025-06-02,6:00,11,2279.5685,2312.9625,33.39400000000023
2025-06-02,6:00,12,961.5284,981.7875,20.25909999999999
2025-06-02,6:00,13,0.0,0.0,0.0
2025-06-02,6:00,14,0.0,0.0,0.0
2025-06-02,6:00,15,0.0,0.0,0.0
2025-06-02,6:00,16,0.0,0.0,0.0
2025-06-02,6:00,17,0.0,0.0,0.0
2025-06-02,6:00,18,0.0,0.0,0.0
2025-06-02,12:00,1,6605.7038,6615.75,10.046199999999772
2025-06-02,12:00,2,5766.9975,5708.8875,58.11000000000058
2025-06-02,12:00,3,5115.9034,5087.85,28.053399999999783
2025-06-02,12:00,4,3523.1787,3542.5125,19.333799999999883
2025-06-02,12:00,5,2313.0709,2312.9625,0.10840000000007421
2025-06-02,12:00,6,965.1779,981.7875,16.6096
2025-06-02,12:00,7,0.0,0.0,0.0
2025-06-02,12:00,8,0.0,0.0,0.0
2025-06-02,12:00,9,0.0,0.0,0.0
2025-06-02,12:00,10,0.0,0.0,0.0
2025-06-02,12:00,11,0.0,0.0,0.0
2025-06-02,12:00,12,0.0,0.0,0.0
2025-06-02,18:00,1,0.0,0.0,0.0
2025-06-02,18:00,2,0.0,0.0,0.0
2025-06-02,18:00,3,0.0,0.0,0.0
2025-06-02,18:00,4,0.0,0.0,0.0
2025-06-02,18:00,5,0.0,0.0,0.0
2025-06-02,18:00,6,0.0,0.0,0.0
2025-06-03,0:00,1,0.0,0.0,0.0
2025-06-03,0:00,2,0.0,0.0,0.0
2025-06-03,0:00,3,0.0,0.0,0.0
2025-06-03,0:00,4,0.0,0.0,0.0
2025-06-03,0:00,5,0.0,0.0,0.0
2025-06-03,0:00,6,841.5569,997.9875,156.4305999999999
2025-06-03,0:00,7,2061.8302,2387.7375,325.9073000000003
2025-06-03,0:00,8,3272.9421,3644.3625,371.4204
2025-06-03,0:00,9,4507.2104,4986.8625,479.65210000000025
2025-06-03,0:00,10,5652.3258,5756.85,104.52420000000075
2025-06-03,0:00,11,6734.1904,6637.125,97.06540000000041
2025-06-03,0:00,12,7576.2072,7582.425,6.217800000000352
2025-06-03,0:00,13,7514.7347,8094.45,579.7152999999998
2025-06-03,0:00,14,5895.8809,6242.7,346.8190999999997
2025-06-03,0:00,15,6051.9795,6015.9375,36.04200000000037
2025-06-03,0:00,16,4171.1339,3907.6875,263.4463999999998
2025-06-03,0:00,17,2670.351,2602.1625,68.1885000000002
2025-06-03,0:00,18,1125.3189,991.3125,134.00639999999999
2025-06-03,0:00,19,0.0,0.0,0.0
2025-06-03,0:00,20,0.0,0.0,0.0
2025-06-03,0:00,21,0.0,0.0,0.0
2025-06-03,0:00,22,0.0,0.0,0.0
2025-06-03,0:00,23,0.0,0.0,0.0
2025-06-03,0:00,24,0.0,0.0,0.0
2025-06-03,6:00,1,2346.3608,2387.7375,41.376700000000255
2025-06-03,6:00,2,3495.7262,3644.3625,148.63630000000012
2025-06-03,6:00,3,4688.7283,4986.8625,298.1342000000004
2025-06-03,6:00,4,5199.4608,5756.85,557.3892000000005
2025-06-03,6:00,5,6061.4061,6637.125,575.7188999999998
2025-06-03,6:00,6,7156.5346,7582.425,425.8904000000002
2025-06-03,6:00,7,7618.7611,8094.45,475.6889000000001
2025-06-03,6:00,8,5815.9834,6242.7,426.71659999999974
2025-06-03,6:00,9,5387.1092,6015.9375,628.8283000000001
2025-06-03,6:00,10,3112.1383,3907.6875,795.5491999999999
2025-06-03,6:00,11,2053.6918,2602.1625,548.4706999999999
2025-06-03,6:00,12,885.7823,991.3125,105.53020000000004
2025-06-03,6:00,13,0.0,0.0,0.0
2025-06-03,6:00,14,0.0,0.0,0.0
2025-06-03,6:00,15,0.0,0.0,0.0
2025-06-03,6:00,16,0.0,0.0,0.0
2025-06-03,6:00,17,0.0,0.0,0.0
2025-06-03,6:00,18,0.0,0.0,0.0
2025-06-03,12:00,1,8009.4845,8094.45,84.96550000000025
2025-06-03,12:00,2,6141.4099,6242.7,101.29010000000017
2025-06-03,12:00,3,5899.7762,6015.9375,116.16129999999976
2025-06-03,12:00,4,3867.4639,3907.6875,40.223599999999806
2025-06-03,12:00,5,2644.5341,2602.1625,42.371599999999944
2025-06-03,12:00,6,1092.4981,991.3125,101.18560000000002
2025-06-03,12:00,7,0.0,0.0,0.0
2025-06-03,12:00,8,0.0,0.0,0.0
2025-06-03,12:00,9,0.0,0.0,0.0
2025-06-03,12:00,10,0.0,0.0,0.0
2025-06-03,12:00,11,0.0,0.0,0.0
2025-06-03,12:00,12,0.0,0.0,0.0
2025-06-03,18:00,1,0.0,0.0,0.0
2025-06-03,18:00,2,0.0,0.0,0.0
2025-06-03,18:00,3,0.0,0.0,0.0
2025-06-03,18:00,4,0.0,0.0,0.0
2025-06-03,18:00,5,0.0,0.0,0.0
2025-06-03,18:00,6,0.0,0.0,0.0
2025-06-04,0:00,1,0.0,0.0,0.0
2025-06-04,0:00,2,0.0,0.0,0.0
2025-06-04,0:00,3,0.0,0.0,0.0
2025-06-04,0:00,4,0.0,0.0,0.0
2025-06-04,0:00,5,0.0,0.0,0.0
2025-06-04,0:00,6,1073.1708,1105.575,32.404199999999946
2025-06-04,0:00,7,2121.9164,2416.0875,294.1711
2025-06-04,0:00,8,3373.457,3979.65,606.1930000000002
2025-06-04,0:00,9,4476.1918,5477.8875,1001.6957000000002
2025-06-04,0:00,10,5127.2395,6405.825,1278.5855000000001
2025-06-04,0:00,11,5755.1742,7257.3,1502.1257999999998
2025-06-04,0:00,12,5638.1756,6798.7125,1160.5369
2025-06-04,0:00,13,4527.9461,5960.85,1432.9039000000002
2025-06-04,0:00,14,4680.7435,6149.925,1469.1815000000006
2025-06-04,0:00,15,4464.4552,5628.5625,1164.1072999999997
2025-06-04,0:00,16,3370.0387,3835.4625,465.4238
2025-06-04,0:00,17,2226.4776,2384.5875,158.10989999999993
2025-06-04,0:00,18,1064.7885,1079.775,14.986499999999978
2025-06-04,0:00,19,0.0,0.0,0.0
2025-06-04,0:00,20,0.0,0.0,0.0
2025-06-04,0:00,21,0.0,0.0,0.0
2025-06-04,0:00,22,0.0,0.0,0.0
2025-06-04,0:00,23,0.0,0.0,0.0
2025-06-04,0:00,24,0.0,0.0,0.0
2025-06-04,6:00,1,2388.4529,2416.0875,27.634599999999864
2025-06-04,6:00,2,3883.342,3979.65,96.30799999999999
2025-06-04,6:00,3,5416.7469,5477.8875,61.14059999999972
2025-06-04,6:00,4,6358.2655,6405.825,47.55949999999939
2025-06-04,6:00,5,7358.9819,7257.3,101.68189999999959
2025-06-04,6:00,6,7444.705,6798.7125,645.9925000000003
2025-06-04,6:00,7,7030.6126,5960.85,1069.7626
2025-06-04,6:00,8,7257.6391,6149.925,1107.7141000000001
2025-06-04,6:00,9,6350.9335,5628.5625,722.3710000000001
2025-06-04,6:00,10,4437.4656,3835.4625,602.0031000000004
2025-06-04,6:00,11,2668.5199,2384.5875,283.9323999999997
2025-06-04,6:00,12,1063.2966,1079.775,16.478400000000192
2025-06-04,6:00,13,0.0,0.0,0.0
2025-06-04,6:00,14,0.0,0.0,0.0
2025-06-04,6:00,15,0.0,0.0,0.0
2025-06-04,6:00,16,0.0,0.0,0.0
2025-06-04,6:00,17,0.0,0.0,0.0
2025-06-04,6:00,18,0.0,0.0,0.0
2025-06-04,12:00,1,5881.381,5960.85,79.46900000000005
2025-06-04,12:00,2,6042.9379,6149.925,106.98710000000028
2025-06-04,12:00,3,5466.1614,5628.5625,162.40110000000004
2025-06-04,12:00,4,3603.5574,3835.4625,231.90509999999995
2025-06-04,12:00,5,2253.6308,2384.5875,130.95670000000018
2025-06-04,12:00,6,1054.2341,1079.775,25.540900000000192
2025-06-04,12:00,7,0.0,0.0,0.0
2025-06-04,12:00,8,0.0,0.0,0.0
2025-06-04,12:00,9,0.0,0.0,0.0
2025-06-04,12:00,10,0.0,0.0,0.0
2025-06-04,12:00,11,0.0,0.0,0.0
2025-06-04,12:00,12,0.0,0.0,0.0
2025-06-04,18:00,1,0.0,0.0,0.0
2025-06-04,18:00,2,0.0,0.0,0.0
2025-06-04,18:00,3,0.0,0.0,0.0
2025-06-04,18:00,4,0.0,0.0,0.0
2025-06-04,18:00,5,0.0,0.0,0.0
2025-06-04,18:00,6,0.0,0.0,0.0
2025-06-05,0:00,1,0.0,0.0,0.0
2025-06-05,0:00,2,0.0,0.0,0.0
2025-06-05,0:00,3,0.0,0.0,0.0
2025-06-05,0:00,4,0.0,0.0,0.0
2025-06-05,0:00,5,0.0,0.0,0.0
2025-06-05,0:00,6,1000.9045,1073.4,72.4955000000001
2025-06-05,0:00,7,2034.641,1987.05,47.59100000000012
2025-06-05,0:00,8,3448.3974,3415.425,32.97239999999965
2025-06-05,0:00,9,4861.9361,4872.6375,10.701399999999921
2025-06-05,0:00,10,6376.8644,6332.55,44.314400000000205
2025-06-05,0:00,11,7027.1879,6961.7625,65.42540000000008
2025-06-05,0:00,12,6325.8831,6941.55,615.6669000000002
2025-06-05,0:00,13,7136.7246,6907.125,229.59959999999955
2025-06-05,0:00,14,6586.0036,6183.075,402.9286000000002
2025-06-05,0:00,15,4895.0878,4553.775,341.3128000000006
2025-06-05,0:00,16,4430.6755,3692.925,737.7505000000001
2025-06-05,0:00,17,3092.2125,2610.6,481.6125000000002
2025-06-05,0:00,18,1267.5,1149.7875,117.71250000000009
2025-06-05,0:00,19,0.0,0.0,0.0
2025-06-05,0:00,20,0.0,0.0,0.0
2025-06-05,0:00,21,0.0,0.0,0.0
2025-06-05,0:00,22,0.0,0.0,0.0
2025-06-05,0:00,23,0.0,0.0,0.0
2025-06-05,0:00,24,0.0,0.0,0.0
2025-06-05,6:00,1,1992.992,1987.05,5.942000000000007
2025-06-05,6:00,2,3440.0043,3415.425,24.579299999999876
2025-06-05,6:00,3,4906.7803,4872.6375,34.142800000000534
2025-06-05,6:00,4,6288.3169,6332.55,44.23310000000038
2025-06-05,6:00,5,6725.4884,6961.7625,236.27409999999963
2025-06-05,6:00,6,6997.9117,6941.55,56.36169999999947
2025-06-05,6:00,7,7051.1427,6907.125,144.01770000000033
2025-06-05,6:00,8,6156.7937,6183.075,26.281299999999646
2025-06-05,6:00,9,4517.4594,4553.775,36.315599999999904
2025-06-05,6:00,10,4010.9486,3692.925,318.0236
2025-06-05,6:00,11,2659.7914,2610.6,49.19140000000016
2025-06-05,6:00,12,1092.5151,1149.7875,57.272399999999834
2025-06-05,6:00,13,0.0,0.0,0.0
2025-06-05,6:00,14,0.0,0.0,0.0
2025-06-05,6:00,15,0.0,0.0,0.0
2025-06-05,6:00,16,0.0,0.0,0.0
2025-06-05,6:00,17,0.0,0.0,0.0
2025-06-05,6:00,18,0.0,0.0,0.0
2025-06-05,12:00,1,6992.0228,6907.125,84.89779999999973
2025-06-05,12:00,2,6291.5886,6183.075,108.51360000000022
2025-06-05,12:00,3,4681.8213,4553.775,128.04629999999997
2025-06-05,12:00,4,3764.7992,3692.925,71.87419999999975
2025-06-05,12:00,5,2606.7639,2610.6,3.8360999999999876
2025-06-05,12:00,6,1154.9444,1149.7875,5.156900000000178
2025-06-05,12:00,7,0.0,0.0,0.0
2025-06-05,12:00,8,0.0,0.0,0.0
2025-06-05,12:00,9,0.0,0.0,0.0
2025-06-05,12:00,10,0.0,0.0,0.0
2025-06-05,12:00,11,0.0,0.0,0.0
2025-06-05,12:00,12,0.0,0.0,0.0
2025-06-05,18:00,1,0.0,0.0,0.0
2025-06-05,18:00,2,0.0,0.0,0.0
2025-06-05,18:00,3,0.0,0.0,0.0
2025-06-05,18:00,4,0.0,0.0,0.0
2025-06-05,18:00,5,0.0,0.0,0.0
2025-06-05,18:00,6,0.0,0.0,0.0
2025-06-06,0:00,1,0.0,0.0,0.0
2025-06-06,0:00,2,0.0,0.0,0.0
2025-06-06,0:00,3,0.0,0.0,0.0
2025-06-06,0:00,4,0.0,0.0,0.0
2025-06-06,0:00,5,0.0,0.0,0.0
2025-06-06,0:00,6,882.3106,875.2125,7.098100000000045
2025-06-06,0:00,7,2310.9332,2287.4625,23.47069999999985
2025-06-06,0:00,8,3712.4934,3731.55,19.056600000000344
2025-06-06,0:00,9,5127.8531,5052.1875,75.66560000000027
2025-06-06,0:00,10,5300.6233,5724.4875,423.8642
2025-06-06,0:00,11,6259.508,6382.8375,123.32949999999983
2025-06-06,0:00,12,6632.5371,6365.25,267.28709999999955
2025-06-06,0:00,13,6355.7613,5975.25,380.5113000000001
2025-06-06,0:00,14,5134.8107,4864.5375,270.27319999999963
2025-06-06,0:00,15,4663.0772,4583.2875,79.78969999999936
2025-06-06,0:00,16,2728.8892,2874.525,145.63580000000002
2025-06-06,0:00,17,1773.793,2142.75,368.9570000000001
2025-06-06,0:00,18,848.3049,947.7,99.39510000000007
2025-06-06,0:00,19,0.0,0.0,0.0
2025-06-06,0:00,20,0.0,0.0,0.0
2025-06-06,0:00,21,0.0,0.0,0.0
2025-06-06,0:00,22,0.0,0.0,0.0
2025-06-06,0:00,23,0.0,0.0,0.0
2025-06-06,0:00,24,0.0,0.0,0.0
2025-06-06,6:00,1,2290.9555,2287.4625,3.492999999999938
2025-06-06,6:00,2,3742.8088,3731.55,11.25879999999961
2025-06-06,6:00,3,5139.5951,5052.1875,87.40759999999955
2025-06-06,6:00,4,5949.7863,5724.4875,225.29879999999957
2025-06-06,6:00,5,6929.9087,6382.8375,547.0712000000003
2025-06-06,6:00,6,7128.1623,6365.25,762.9123
2025-06-06,6:00,7,6614.9307,5975.25,639.6806999999999
2025-06-06,6:00,8,5238.4947,4864.5375,373.95719999999983
2025-06-06,6:00,9,4897.2795,4583.2875,313.9919999999993
2025-06-06,6:00,10,2921.7062,2874.525,47.18119999999999
2025-06-06,6:00,11,2081.7859,2142.75,60.964100000000144
2025-06-06,6:00,12,922.0534,947.7,25.646600000000035
2025-06-06,6:00,13,0.0,0.0,0.0
2025-06-06,6:00,14,0.0,0.0,0.0
2025-06-06,6:00,15,0.0,0.0,0.0
2025-06-06,6:00,16,0.0,0.0,0.0
2025-06-06,6:00,17,0.0,0.0,0.0
2025-06-06,6:00,18,0.0,0.0,0.0
2025-06-06,12:00,1,6041.6579,5975.25,66.40790000000015
2025-06-06,12:00,2,4928.2287,4864.5375,63.6911999999993
2025-06-06,12:00,3,4732.2508,4583.2875,148.96329999999944
2025-06-06,12:00,4,2993.1992,2874.525,118.67419999999993
2025-06-06,12:00,5,2242.3248,2142.75,99.57479999999987
2025-06-06,12:00,6,997.8971,947.7,50.19709999999998
2025-06-06,12:00,7,0.0,0.0,0.0
2025-06-06,12:00,8,0.0,0.0,0.0
2025-06-06,12:00,9,0.0,0.0,0.0
2025-06-06,12:00,10,0.0,0.0,0.0
2025-06-06,12:00,11,0.0,0.0,0.0
2025-06-06,12:00,12,0.0,0.0,0.0
2025-06-06,18:00,1,0.0,0.0,0.0
2025-06-06,18:00,2,0.0,0.0,0.0
2025-06-06,18:00,3,0.0,0.0,0.0
2025-06-06,18:00,4,0.0,0.0,0.0
2025-06-06,18:00,5,0.0,0.0,0.0
2025-06-06,18:00,6,0.0,0.0,0.0
2025-06-07,0:00,1,0.0,0.0,0.0
2025-06-07,0:00,2,0.0,0.0,0.0
2025-06-07,0:00,3,0.0,0.0,0.0
2025-06-07,0:00,4,0.0,0.0,0.0
2025-06-07,0:00,5,0.0,0.0,0.0
2025-06-07,0:00,6,921.5223,981.45,59.92770000000007
2025-06-07,0:00,7,2296.0609,2518.35,222.28909999999996
2025-06-07,0:00,8,3062.1885,3485.025,422.8364999999999
2025-06-07,0:00,9,3754.791,4372.1625,617.3715000000002
2025-06-07,0:00,10,4212.2116,4900.4625,688.2509
2025-06-07,0:00,11,5471.6858,6184.2375,712.5517
2025-06-07,0:00,12,5500.0956,6337.875,837.7794000000004
2025-06-07,0:00,13,5291.2238,5751.15,459.9261999999999
2025-06-07,0:00,14,4775.3905,5481.75,706.3594999999996
2025-06-07,0:00,15,4395.2351,4930.65,535.4148999999998
2025-06-07,0:00,16,3238.4486,3688.9125,450.46389999999974
2025-06-07,0:00,17,2620.9753,2315.2125,305.76279999999997
2025-06-07,0:00,18,1091.7402,1024.0125,67.72769999999991
2025-06-07,0:00,19,0.0,0.0,0.0
2025-06-07,0:00,20,0.0,0.0,0.0
2025-06-07,0:00,21,0.0,0.0,0.0
2025-06-07,0:00,22,0.0,0.0,0.0
2025-06-07,0:00,23,0.0,0.0,0.0
2025-06-07,0:00,24,0.0,0.0,0.0
2025-06-07,6:00,1,2499.788,2518.35,18.561999999999898
2025-06-07,6:00,2,3466.0088,3485.025,19.016200000000026
2025-06-07,6:00,3,4419.931,4372.1625,47.76849999999922
2025-06-07,6:00,4,5033.2254,4900.4625,132.76290000000063
2025-06-07,6:00,5,6404.317,6184.2375,220.07949999999983
2025-06-07,6:00,6,6479.9884,6337.875,142.11340000000018
2025-06-07,6:00,7,6109.635,5751.15,358.4850000000006
2025-06-07,6:00,8,5767.6064,5481.75,285.85639999999967
2025-06-07,6:00,9,5339.7951,4930.65,409.14510000000064
2025-06-07,6:00,10,4054.2938,3688.9125,365.3813
2025-06-07,6:00,11,2611.8453,2315.2125,296.63279999999986
2025-06-07,6:00,12,1106.648,1024.0125,82.63549999999987
2025-06-07,6:00,13,0.0,0.0,0.0
2025-06-07,6:00,14,0.0,0.0,0.0
2025-06-07,6:00,15,0.0,0.0,0.0
2025-06-07,6:00,16,0.0,0.0,0.0
2025-06-07,6:00,17,0.0,0.0,0.0
2025-06-07,6:00,18,0.0,0.0,0.0
2025-06-07,12:00,1,5747.5904,5751.15,3.559599999999591
2025-06-07,12:00,2,5458.441,5481.75,23.309000000000196
2025-06-07,12:00,3,4927.9294,4930.65,2.7205999999996493
2025-06-07,12:00,4,3511.938,3688.9125,176.9744999999998
2025-06-07,12:00,5,2151.2824,2315.2125,163.93010000000004
2025-06-07,12:00,6,963.3356,1024.0125,60.676900000000046
2025-06-07,12:00,7,0.0,0.0,0.0
2025-06-07,12:00,8,0.0,0.0,0.0
2025-06-07,12:00,9,0.0,0.0,0.0
2025-06-07,12:00,10,0.0,0.0,0.0
2025-06-07,12:00,11,0.0,0.0,0.0
2025-06-07,12:00,12,0.0,0.0,0.0
2025-06-07,18:00,1,0.0,0.0,0.0
2025-06-07,18:00,2,0.0,0.0,0.0
2025-06-07,18:00,3,0.0,0.0,0.0
2025-06-07,18:00,4,0.0,0.0,0.0
2025-06-07,18:00,5,0.0,0.0,0.0
2025-06-07,18:00,6,0.0,0.0,0.0
2025-06-08,0:00,1,0.0,0.0,0.0
2025-06-08,0:00,2,0.0,0.0,0.0
2025-06-08,0:00,3,0.0,0.0,0.0
2025-06-08,0:00,4,0.0,0.0,0.0
2025-06-08,0:00,5,0.0,0.0,0.0
2025-06-08,0:00,6,1005.9903,1023.15,17.15969999999993
2025-06-08,0:00,7,2018.8641,2161.4625,142.59840000000008
2025-06-08,0:00,8,4125.2234,4447.65,322.4265999999998
2025-06-08,0:00,9,5690.9261,6434.7,743.7739000000001
2025-06-08,0:00,10,5828.5979,7291.2,1462.6021
2025-06-08,0:00,11,6458.1565,7347.6375,889.4809999999998
2025-06-08,0:00,12,6906.8164,7249.2,342.3836000000001
2025-06-08,0:00,13,7343.1504,7241.1375,102.01290000000063
2025-06-08,0:00,14,6982.2044,6510.375,471.8293999999996
2025-06-08,0:00,15,6582.9437,5457.15,1125.7937000000002
2025-06-08,0:00,16,4318.6479,3906.675,411.97289999999975
2025-06-08,0:00,17,2553.7421,2569.95,16.20789999999988
2025-06-08,0:00,18,1103.2418,1123.05,19.808199999999943
2025-06-08,0:00,19,0.0,0.0,0.0
2025-06-08,0:00,20,0.0,0.0,0.0
2025-06-08,0:00,21,0.0,0.0,0.0
2025-06-08,0:00,22,0.0,0.0,0.0
2025-06-08,0:00,23,0.0,0.0,0.0
2025-06-08,0:00,24,0.0,0.0,0.0
2025-06-08,6:00,1,2153.1294,2161.4625,8.333100000000286
2025-06-08,6:00,2,4377.3722,4447.65,70.27779999999984
2025-06-08,6:00,3,6442.3899,6434.7,7.689900000000307
2025-06-08,6:00,4,7261.7169,7291.2,29.483099999999467
2025-06-08,6:00,5,7393.5733,7347.6375,45.9358000000002
2025-06-08,6:00,6,7091.5742,7249.2,157.6257999999998
2025-06-08,6:00,7,7224.3866,7241.1375,16.7509
2025-06-08,6:00,8,5876.3299,6510.375,634.0451000000003
2025-06-08,6:00,9,5232.9152,5457.15,224.23479999999927
2025-06-08,6:00,10,3858.2531,3906.675,48.42190000000028
2025-06-08,6:00,11,2599.4403,2569.95,29.49030000000039
2025-06-08,6:00,12,1093.9105,1123.05,29.139499999999998
2025-06-08,6:00,13,0.0,0.0,0.0
2025-06-08,6:00,14,0.0,0.0,0.0
2025-06-08,6:00,15,0.0,0.0,0.0
2025-06-08,6:00,16,0.0,0.0,0.0
2025-06-08,6:00,17,0.0,0.0,0.0
2025-06-08,6:00,18,0.0,0.0,0.0
2025-06-08,12:00,1,7177.1271,7241.1375,64.01040000000012
2025-06-08,12:00,2,6367.8075,6510.375,142.5675000000001
2025-06-08,12:00,3,5290.0353,5457.15,167.11470000000008
2025-06-08,12:00,4,3853.2628,3906.675,53.41220000000021
2025-06-08,12:00,5,2544.8565,2569.95,25.09349999999995
2025-06-08,12:00,6,1157.3052,1123.05,34.25520000000006
2025-06-08,12:00,7,0.0,0.0,0.0
2025-06-08,12:00,8,0.0,0.0,0.0
2025-06-08,12:00,9,0.0,0.0,0.0
2025-06-08,12:00,10,0.0,0.0,0.0
2025-06-08,12:00,11,0.0,0.0,0.0
2025-06-08,12:00,12,0.0,0.0,0.0
2025-06-08,18:00,1,0.0,0.0,0.0
2025-06-08,18:00,2,0.0,0.0,0.0
2025-06-08,18:00,3,0.0,0.0,0.0
2025-06-08,18:00,4,0.0,0.0,0.0
2025-06-08,18:00,5,0.0,0.0,0.0
2025-06-08,18:00,6,0.0,0.0,0.0
2025-06-09,0:00,1,0.0,0.0,0.0
2025-06-09,0:00,2,0.0,0.0,0.0
2025-06-09,0:00,3,0.0,0.0,0.0
2025-06-09,0:00,4,0.0,0.0,0.0
2025-06-09,0:00,5,0.0,0.0,0.0
2025-06-09,0:00,6,1009.5272,997.575,11.952199999999948
2025-06-09,0:00,7,2052.1998,2165.0625,112.86270000000013
2025-06-09,0:00,8,3054.7547,3431.4,376.64530000000013
2025-06-09,0:00,9,5114.7837,5637.7875,523.0038000000004
2025-06-09,0:00,10,6212.9495,7021.1625,808.2130000000006
2025-06-09,0:00,11,5682.2812,6606.9375,924.6562999999996
2025-06-09,0:00,12,6279.4297,7068.2625,788.8328000000001
2025-06-09,0:00,13,6738.0213,6816.2625,78.24119999999948
2025-06-09,0:00,14,5922.5116,6020.475,97.96340000000055
2025-06-09,0:00,15,4933.0174,5210.2875,277.27010000000064
2025-06-09,0:00,16,3085.1275,3605.4,520.2725
2025-06-09,0:00,17,1501.692,2079.375,577.683
2025-06-09,0:00,18,631.7456,929.4,297.6544
2025-06-09,0:00,19,0.0,0.0,0.0
2025-06-09,0:00,20,0.0,0.0,0.0
2025-06-09,0:00,21,0.0,0.0,0.0
2025-06-09,0:00,22,0.0,0.0,0.0
2025-06-09,0:00,23,0.0,0.0,0.0
2025-06-09,0:00,24,0.0,0.0,0.0
2025-06-09,6:00,1,2141.518,2165.0625,23.54449999999997
2025-06-09,6:00,2,3395.3253,3431.4,36.07470000000012
2025-06-09,6:00,3,5565.4039,5637.7875,72.38360000000011
2025-06-09,6:00,4,7073.0481,7021.1625,51.88559999999961
2025-06-09,6:00,5,6665.5344,6606.9375,58.59689999999955
2025-06-09,6:00,6,7243.0199,7068.2625,174.75740000000042
2025-06-09,6:00,7,6808.0106,6816.2625,8.251900000000205
2025-06-09,6:00,8,5981.3272,6020.475,39.14780000000064
2025-06-09,6:00,9,5194.6431,5210.2875,15.644400000000132
2025-06-09,6:00,10,3450.0907,3605.4,155.3092999999999
2025-06-09,6:00,11,2015.4288,2079.375,63.94620000000009
2025-06-09,6:00,12,982.5603,929.4,53.16030000000001
2025-06-09,6:00,13,0.0,0.0,0.0
2025-06-09,6:00,14,0.0,0.0,0.0
2025-06-09,6:00,15,0.0,0.0,0.0
2025-06-09,6:00,16,0.0,0.0,0.0
2025-06-09,6:00,17,0.0,0.0,0.0
2025-06-09,6:00,18,0.0,0.0,0.0
2025-06-09,12:00,1,6760.8855,6816.2625,55.3769999999995
2025-06-09,12:00,2,5827.1178,6020.475,193.35720000000038
2025-06-09,12:00,3,5019.8769,5210.2875,190.41060000000016
2025-06-09,12:00,4,3458.913,3605.4,146.48700000000008
2025-06-09,12:00,5,2039.3895,2079.375,39.9855
2025-06-09,12:00,6,886.7495,929.4,42.650499999999965
2025-06-09,12:00,7,0.0,0.0,0.0
2025-06-09,12:00,8,0.0,0.0,0.0
2025-06-09,12:00,9,0.0,0.0,0.0
2025-06-09,12:00,10,0.0,0.0,0.0
2025-06-09,12:00,11,0.0,0.0,0.0
2025-06-09,12:00,12,0.0,0.0,0.0
2025-06-09,18:00,1,0.0,0.0,0.0
2025-06-09,18:00,2,0.0,0.0,0.0
2025-06-09,18:00,3,0.0,0.0,0.0
2025-06-09,18:00,4,0.0,0.0,0.0
2025-06-09,18:00,5,0.0,0.0,0.0
2025-06-09,18:00,6,0.0,0.0,0.0
2025-06-10,0:00,1,0.0,0.0,0.0
2025-06-10,0:00,2,0.0,0.0,0.0
2025-06-10,0:00,3,0.0,0.0,0.0
2025-06-10,0:00,4,0.0,0.0,0.0
2025-06-10,0:00,5,0.0,0.0,0.0
2025-06-10,0:00,6,1160.5358,1116.15,44.38580000000002
2025-06-10,0:00,7,2543.6926,2491.2,52.49260000000004
2025-06-10,0:00,8,3530.0832,3507.1875,22.895700000000033
2025-06-10,0:00,9,5050.5179,4835.9625,214.5554000000002
2025-06-10,0:00,10,6989.7681,6388.275,601.4931000000006
2025-06-10,0:00,11,7100.8053,7137.6375,36.83219999999983
2025-06-10,0:00,12,6539.795,6323.7,216.09500000000025
2025-06-10,0:00,13,7152.372,6511.35,641.0219999999999
2025-06-10,0:00,14,6143.8318,5767.2375,376.59429999999975
2025-06-10,0:00,15,5007.2184,4854.3375,152.8809000000001
2025-06-10,0:00,16,3726.6631,3396.0375,330.6256000000003
2025-06-10,0:00,17,2121.3803,2083.6875,37.69279999999981
2025-06-10,0:00,18,1041.2422,954.525,86.71719999999993
2025-06-10,0:00,19,0.0,0.0,0.0
2025-06-10,0:00,20,0.0,0.0,0.0
2025-06-10,0:00,21,0.0,0.0,0.0
2025-06-10,0:00,22,0.0,0.0,0.0
2025-06-10,0:00,23,0.0,0.0,0.0
2025-06-10,0:00,24,0.0,0.0,0.0
2025-06-10,6:00,1,2477.5555,2491.2,13.64449999999988
2025-06-10,6:00,2,3524.7248,3507.1875,17.53729999999996
2025-06-10,6:00,3,4905.8164,4835.9625,69.85390000000007
2025-06-10,6:00,4,6589.4884,6388.275,201.21340000000055
2025-06-10,6:00,5,7375.3618,7137.6375,237.72429999999986
2025-06-10,6:00,6,6947.7983,6323.7,624.0983000000006
2025-06-10,6:00,7,7164.8772,6511.35,653.5271999999995
2025-06-10,6:00,8,6342.9409,5767.2375,575.7033999999994
2025-06-10,6:00,9,5247.1789,4854.3375,392.84140000000025
2025-06-10,6:00,10,3561.0048,3396.0375,164.96730000000025
2025-06-10,6:00,11,1980.9247,2083.6875,102.76279999999997
2025-06-10,6:00,12,899.7936,954.525,54.73140000000001
2025-06-10,6:00,13,0.0,0.0,0.0
2025-06-10,6:00,14,0.0,0.0,0.0
2025-06-10,6:00,15,0.0,0.0,0.0
2025-06-10,6:00,16,0.0,0.0,0.0
2025-06-10,6:00,17,0.0,0.0,0.0
2025-06-10,6:00,18,0.0,0.0,0.0
2025-06-10,12:00,1,6487.7439,6511.35,23.60609999999997
2025-06-10,12:00,2,5769.8282,5767.2375,2.5906999999997424
2025-06-10,12:00,3,4788.7985,4854.3375,65.53899999999976
2025-06-10,12:00,4,3285.6916,3396.0375,110.3458999999998
2025-06-10,12:00,5,2082.9541,2083.6875,0.7334000000000742
2025-06-10,12:00,6,968.2166,954.525,13.691599999999994
2025-06-10,12:00,7,0.0,0.0,0.0
2025-06-10,12:00,8,0.0,0.0,0.0
2025-06-10,12:00,9,0.0,0.0,0.0
2025-06-10,12:00,10,0.0,0.0,0.0
2025-06-10,12:00,11,0.0,0.0,0.0
2025-06-10,12:00,12,0.0,0.0,0.0
2025-06-10,18:00,1,0.0,0.0,0.0
2025-06-10,18:00,2,0.0,0.0,0.0
2025-06-10,18:00,3,0.0,0.0,0.0
2025-06-10,18:00,4,0.0,0.0,0.0
2025-06-10,18:00,5,0.0,0.0,0.0
2025-06-10,18:00,6,0.0,0.0,0.0
2025-06-11,0:00,1,0.0,0.0,0.0
2025-06-11,0:00,2,0.0,0.0,0.0
2025-06-11,0:00,3,0.0,0.0,0.0
2025-06-11,0:00,4,0.0,0.0,0.0
2025-06-11,0:00,5,0.0,0.0,0.0
2025-06-11,0:00,6,921.434,983.3625,61.928499999999985
2025-06-11,0:00,7,2163.7267,2162.6625,1.0642000000002554
2025-06-11,0:00,8,3589.8698,3406.8,183.06979999999976
2025-06-11,0:00,9,5183.6478,4753.725,429.92279999999937
2025-06-11,0:00,10,5500.0381,5026.875,473.16309999999976
2025-06-11,0:00,11,7718.5327,6665.8875,1052.6452
2025-06-11,0:00,12,7763.5425,7225.3875,538.1549999999997
2025-06-11,0:00,13,5774.068,5727.825,46.24300000000039
2025-06-11,0:00,14,4300.9629,4893.75,592.7870999999996
2025-06-11,0:00,15,4643.2526,4855.35,212.09740000000056
2025-06-11,0:00,16,2806.8505,3723.675,916.8245000000002
2025-06-11,0:00,17,1784.3367,2166.1875,381.85079999999994
2025-06-11,0:00,18,864.4641,987.975,123.51089999999999
2025-06-11,0:00,19,0.0,0.0,0.0
2025-06-11,0:00,20,0.0,0.0,0.0
2025-06-11,0:00,21,0.0,0.0,0.0
2025-06-11,0:00,22,0.0,0.0,0.0
2025-06-11,0:00,23,0.0,0.0,0.0
2025-06-11,0:00,24,0.0,0.0,0.0
2025-06-11,6:00,1,2144.6734,2162.6625,17.98909999999978
2025-06-11,6:00,2,3341.5055,3406.8,65.29449999999997
2025-06-11,6:00,3,4625.4043,4753.725,128.32070000000022
2025-06-11,6:00,4,4861.9661,5026.875,164.90890000000036
2025-06-11,6:00,5,6247.1232,6665.8875,418.7642999999998
2025-06-11,6:00,6,6796.4214,7225.3875,428.96609999999964
2025-06-11,6:00,7,5460.0808,5727.825,267.7442000000001
2025-06-11,6:00,8,4732.1465,4893.75,161.60350000000017
2025-06-11,6:00,9,5003.0652,4855.35,147.71519999999964
2025-06-11,6:00,10,4428.2918,3723.675,704.6167999999998
2025-06-11,6:00,11,2557.3904,2166.1875,391.2029000000002
2025-06-11,6:00,12,1179.18,987.975,191.20500000000004
2025-06-11,6:00,13,0.0,0.0,0.0
2025-06-11,6:00,14,0.0,0.0,0.0
2025-06-11,6:00,15,0.0,0.0,0.0
2025-06-11,6:00,16,0.0,0.0,0.0
2025-06-11,6:00,17,0.0,0.0,0.0
2025-06-11,6:00,18,0.0,0.0,0.0
2025-06-11,12:00,1,5650.8523,5727.825,76.97270000000026
2025-06-11,12:00,2,4805.681,4893.75,88.06900000000041
2025-06-11,12:00,3,4711.002,4855.35,144.34799999999996
2025-06-11,12:00,4,3506.9793,3723.675,216.69570000000022
2025-06-11,12:00,5,2138.9504,2166.1875,27.237099999999828
2025-06-11,12:00,6,988.5965,987.975,0.6214999999999691
2025-06-11,12:00,7,0.0,0.0,0.0
2025-06-11,12:00,8,0.0,0.0,0.0
2025-06-11,12:00,9,0.0,0.0,0.0
2025-06-11,12:00,10,0.0,0.0,0.0
2025-06-11,12:00,11,0.0,0.0,0.0
2025-06-11,12:00,12,0.0,0.0,0.0
2025-06-11,18:00,1,0.0,0.0,0.0
2025-06-11,18:00,2,0.0,0.0,0.0
2025-06-11,18:00,3,0.0,0.0,0.0
2025-06-11,18:00,4,0.0,0.0,0.0
2025-06-11,18:00,5,0.0,0.0,0.0
2025-06-11,18:00,6,0.0,0.0,0.0
2025-06-12,0:00,1,0.0,0.0,0.0
2025-06-12,0:00,2,0.0,0.0,0.0
2025-06-12,0:00,3,0.0,0.0,0.0
2025-06-12,0:00,4,0.0,0.0,0.0
2025-06-12,0:00,5,0.6447,0.6375,0.007200000000000095
2025-06-12,0:00,6,998.3658,1008.5625,10.196699999999964
2025-06-12,0:00,7,2315.1912,2347.65,32.45879999999988
2025-06-12,0:00,8,3583.2349,3666.8625,83.62760000000026
2025-06-12,0:00,9,4835.6275,5263.3875,427.7600000000002
2025-06-12,0:00,10,5998.1272,6486.075,487.9477999999999
2025-06-12,0:00,11,7115.1365,6993.075,122.0614999999998
2025-06-12,0:00,12,6812.0071,6661.275,150.73210000000017
2025-06-12,0:00,13,6239.2136,6047.0625,192.15110000000004
2025-06-12,0:00,14,5749.5958,5594.25,155.34580000000005
2025-06-12,0:00,15,4924.9006,4560.5625,364.33809999999994
2025-06-12,0:00,16,3391.7468,3568.9875,177.2407000000003
2025-06-12,0:00,17,1919.6938,2289.825,370.1311999999998
2025-06-12,0:00,18,835.8191,923.175,87.3558999999999
2025-06-12,0:00,19,0.415,0.5625,0.14750000000000002
2025-06-12,0:00,20,0.0,0.0,0.0
2025-06-12,0:00,21,0.0,0.0,0.0
2025-06-12,0:00,22,0.0,0.0,0.0
2025-06-12,0:00,23,0.0,0.0,0.0
2025-06-12,0:00,24,0.0,0.0,0.0
2025-06-12,6:00,1,2352.0389,2347.65,4.388899999999921
2025-06-12,6:00,2,3671.914,3666.8625,5.051500000000033
2025-06-12,6:00,3,5234.4309,5263.3875,28.956599999999526
2025-06-12,6:00,4,6340.0573,6486.075,146.01769999999942
2025-06-12,6:00,5,6690.5924,6993.075,302.48259999999937
2025-06-12,6:00,6,6425.7393,6661.275,235.53569999999945
2025-06-12,6:00,7,5793.3018,6047.0625,253.76069999999982
2025-06-12,6:00,8,5264.0166,5594.25,330.2334000000001
2025-06-12,6:00,9,4355.5124,4560.5625,205.05010000000038
2025-06-12,6:00,10,3719.7365,3568.9875,150.7489999999998
2025-06-12,6:00,11,2289.3065,2289.825,0.5184999999996762
2025-06-12,6:00,12,1000.5922,923.175,77.4172000000001
2025-06-12,6:00,13,0.7029,0.5625,0.14039999999999997
2025-06-12,6:00,14,0.0,0.0,0.0
2025-06-12,6:00,15,0.0,0.0,0.0
2025-06-12,6:00,16,0.0,0.0,0.0
2025-06-12,6:00,17,0.0,0.0,0.0
2025-06-12,6:00,18,0.0,0.0,0.0
2025-06-12,12:00,1,6031.1139,6047.0625,15.948599999999715
2025-06-12,12:00,2,5582.1005,5594.25,12.149500000000444
2025-06-12,12:00,3,4577.5256,4560.5625,16.96309999999994
2025-06-12,12:00,4,3538.4719,3568.9875,30.515600000000177
2025-06-12,12:00,5,2324.9886,2289.825,35.163600000000315
2025-06-12,12:00,6,977.7755,923.175,54.60050000000001
2025-06-12,12:00,7,0.6142,0.5625,0.05169999999999997
2025-06-12,12:00,8,0.0,0.0,0.0
2025-06-12,12:00,9,0.0,0.0,0.0
2025-06-12,12:00,10,0.0,0.0,0.0
2025-06-12,12:00,11,0.0,0.0,0.0
2025-06-12,12:00,12,0.0,0.0,0.0
2025-06-12,18:00,1,0.5604,0.5625,0.0020999999999999908
2025-06-12,18:00,2,0.0,0.0,0.0
2025-06-12,18:00,3,0.0,0.0,0.0
2025-06-12,18:00,4,0.0,0.0,0.0
2025-06-12,18:00,5,0.0,0.0,0.0
2025-06-12,18:00,6,0.0,0.0,0.0
2025-06-13,0:00,1,0.0,0.0,0.0
2025-06-13,0:00,2,0.0,0.0,0.0
2025-06-13,0:00,3,0.0,0.0,0.0
2025-06-13,0:00,4,0.0,0.0,0.0
2025-06-13,0:00,5,1.8161,1.8,0.016100000000000003
2025-06-13,0:00,6,1061.1493,1031.925,29.224300000000085
2025-06-13,0:00,7,2114.9225,2030.0625,84.86000000000013
2025-06-13,0:00,8,3242.936,3197.475,45.46100000000024
2025-06-13,0:00,9,4513.7265,4339.5,174.22649999999976
2025-06-13,0:00,10,5427.3778,5582.1,154.72220000000016
2025-06-13,0:00,11,6537.5794,6405.15,132.4294
2025-06-13,0:00,12,7402.318,6838.05,564.268
2025-06-13,0:00,13,7111.3955,7039.5,71.89549999999963
2025-06-13,0:00,14,5472.6684,5998.9875,526.3191000000006
2025-06-13,0:00,15,4483.9746,4570.0875,86.11290000000008
2025-06-13,0:00,16,3590.1166,3611.9625,21.845900000000256
2025-06-13,0:00,17,2021.3555,2098.2375,76.88200000000029
2025-06-13,0:00,18,1187.2796,1118.25,69.02960000000007
2025-06-13,0:00,19,2.8472,2.25,0.5972
2025-06-13,0:00,20,0.0,0.0,0.0
2025-06-13,0:00,21,0.0,0.0,0.0
2025-06-13,0:00,22,0.0,0.0,0.0
2025-06-13,0:00,23,0.0,0.0,0.0
2025-06-13,0:00,24,0.0,0.0,0.0
2025-06-13,6:00,1,2010.6277,2030.0625,19.434799999999996
2025-06-13,6:00,2,3155.7102,3197.475,41.76479999999992
2025-06-13,6:00,3,4293.2059,4339.5,46.29410000000007
2025-06-13,6:00,4,5356.7212,5582.1,225.3788000000004
2025-06-13,6:00,5,6175.0552,6405.15,230.09479999999985
2025-06-13,6:00,6,6744.7241,6838.05,93.32589999999982
2025-06-13,6:00,7,7155.48,7039.5,115.97999999999956
2025-06-13,6:00,8,6335.4636,5998.9875,336.47609999999986
2025-06-13,6:00,9,5108.9276,4570.0875,538.8401000000003
2025-06-13,6:00,10,4286.6429,3611.9625,674.6803999999997
2025-06-13,6:00,11,2548.1575,2098.2375,449.9199999999996
2025-06-13,6:00,12,1241.1836,1118.25,122.93360000000007
2025-06-13,6:00,13,2.4709,2.25,0.22089999999999987
2025-06-13,6:00,14,0.0,0.0,0.0
2025-06-13,6:00,15,0.0,0.0,0.0
2025-06-13,6:00,16,0.0,0.0,0.0
2025-06-13,6:00,17,0.0,0.0,0.0
2025-06-13,6:00,18,0.0,0.0,0.0
2025-06-13,12:00,1,7095.3337,7039.5,55.833700000000135
2025-06-13,12:00,2,6033.5387,5998.9875,34.55119999999988
2025-06-13,12:00,3,4549.3111,4570.0875,20.77639999999974
2025-06-13,12:00,4,3689.1499,3611.9625,77.1873999999998
2025-06-13,12:00,5,2102.3849,2098.2375,4.147399999999834
2025-06-13,12:00,6,1097.6325,1118.25,20.617500000000064
2025-06-13,12:00,7,2.1804,2.25,0.06959999999999988
2025-06-13,12:00,8,0.0,0.0,0.0
2025-06-13,12:00,9,0.0,0.0,0.0
2025-06-13,12:00,10,0.0,0.0,0.0
2025-06-13,12:00,11,0.0,0.0,0.0
2025-06-13,12:00,12,0.0,0.0,0.0
2025-06-13,18:00,1,2.2557,2.25,0.005700000000000038
2025-06-13,18:00,2,0.0,0.0,0.0
2025-06-13,18:00,3,0.0,0.0,0.0
2025-06-13,18:00,4,0.0,0.0,0.0
2025-06-13,18:00,5,0.0,0.0,0.0
2025-06-13,18:00,6,0.0,0.0,0.0
2025-06-14,0:00,1,0.0,0.0,0.0
2025-06-14,0:00,2,0.0,0.0,0.0
2025-06-14,0:00,3,0.0,0.0,0.0
2025-06-14,0:00,4,0.0,0.0,0.0
2025-06-14,0:00,5,3.4934,3.45,0.04339999999999966
2025-06-14,0:00,6,1204.4579,1147.65,56.80790000000002
2025-06-14,0:00,7,2450.3042,2316.525,133.77919999999995
2025-06-14,0:00,8,4236.6796,4040.1,196.57960000000048
2025-06-14,0:00,9,5876.3553,5494.725,381.6302999999998
2025-06-14,0:00,10,5918.2206,6158.7,240.47940000000017
2025-06-14,0:00,11,5333.6843,6120.45,786.7656999999999
2025-06-14,0:00,12,5224.4405,5958.525,734.0844999999999
2025-06-14,0:00,13,6054.2873,6605.3625,551.0752000000002
2025-06-14,0:00,14,5305.3114,5750.925,445.6136000000006
2025-06-14,0:00,15,4782.5871,4929.7875,147.20040000000063
2025-06-14,0:00,16,3589.5507,3663.3375,73.78680000000031
2025-06-14,0:00,17,2065.8902,2357.8875,291.9973
2025-06-14,0:00,18,880.8814,981.6375,100.75610000000006
2025-06-14,0:00,19,3.1182,3.45,0.3318000000000003
2025-06-14,0:00,20,0.0,0.0,0.0
2025-06-14,0:00,21,0.0,0.0,0.0
2025-06-14,0:00,22,0.0,0.0,0.0
2025-06-14,0:00,23,0.0,0.0,0.0
2025-06-14,0:00,24,0.0,0.0,0.0
2025-06-14,6:00,1,2299.3582,2316.525,17.166799999999967
2025-06-14,6:00,2,4035.6381,4040.1,4.461899999999787
2025-06-14,6:00,3,5487.5721,5494.725,7.152900000000045
2025-06-14,6:00,4,6271.0743,6158.7,112.3743000000004
2025-06-14,6:00,5,6514.8348,6120.45,394.3847999999998
2025-06-14,6:00,6,6286.6176,5958.525,328.09259999999995
2025-06-14,6:00,7,6835.3471,6605.3625,229.98459999999977
2025-06-14,6:00,8,5923.6214,5750.925,172.6963999999998
2025-06-14,6:00,9,4961.5534,4929.7875,31.76589999999942
2025-06-14,6:00,10,3628.5516,3663.3375,34.78590000000031
2025-06-14,6:00,11,2267.8678,2357.8875,90.01969999999983
2025-06-14,6:00,12,943.4504,981.6375,38.1871000000001
2025-06-14,6:00,13,3.3756,3.45,0.07440000000000024
2025-06-14,6:00,14,0.0,0.0,0.0
2025-06-14,6:00,15,0.0,0.0,0.0
2025-06-14,6:00,16,0.0,0.0,0.0
2025-06-14,6:00,17,0.0,0.0,0.0
2025-06-14,6:00,18,0.0,0.0,0.0
2025-06-14,12:00,1,6704.3201,6605.3625,98.95759999999973
2025-06-14,12:00,2,5990.9953,5750.925,240.0702999999994
2025-06-14,12:00,3,5221.4658,4929.7875,291.6782999999996
2025-06-14,12:00,4,3887.9028,3663.3375,224.56529999999975
2025-06-14,12:00,5,2453.7204,2357.8875,95.83290000000034
2025-06-14,12:00,6,1030.3433,981.6375,48.705799999999954
2025-06-14,12:00,7,3.573,3.45,0.12299999999999978
2025-06-14,12:00,8,0.0,0.0,0.0
2025-06-14,12:00,9,0.0,0.0,0.0
2025-06-14,12:00,10,0.0,0.0,0.0
2025-06-14,12:00,11,0.0,0.0,0.0
2025-06-14,12:00,12,0.0,0.0,0.0
2025-06-14,18:00,1,3.418,3.45,0.03200000000000003
2025-06-14,18:00,2,0.0,0.0,0.0
2025-06-14,18:00,3,0.0,0.0,0.0
2025-06-14,18:00,4,0.0,0.0,0.0
2025-06-14,18:00,5,0.0,0.0,0.0
2025-06-14,18:00,6,0.0,0.0,0.0
2025-06-15,0:00,1,0.0,0.0,0.0
2025-06-15,0:00,2,0.0,0.0,0.0
2025-06-15,0:00,3,0.0,0.0,0.0
2025-06-15,0:00,4,0.0,0.0,0.0
2025-06-15,0:00,5,4.7509,4.65,0.10089999999999932
2025-06-15,0:00,6,1119.9954,1126.5,6.504599999999982
2025-06-15,0:00,7,2556.3938,2654.175,97.78120000000035
2025-06-15,0:00,8,3896.7082,3831.825,64.88320000000022
2025-06-15,0:00,9,5471.8222,4855.4625,616.3597
2025-06-15,0:00,10,7035.9732,6189.6,846.3732
2025-06-15,0:00,11,7380.2025,6325.2,1055.0025000000005
2025-06-15,0:00,12,7867.9695,6777.0375,1090.9319999999998
2025-06-15,0:00,13,7451.8819,6323.4,1128.4819000000007
2025-06-15,0:00,14,6053.4377,5640.0,413.4377000000004
2025-06-15,0:00,15,4433.3016,4882.2,448.89840000000004
2025-06-15,0:00,16,3606.8778,4019.175,412.2972
2025-06-15,0:00,17,2547.3621,2520.6,26.76209999999992
2025-06-15,0:00,18,1004.0336,1227.2625,223.22890000000007
2025-06-15,0:00,19,4.5788,5.2875,0.7086999999999994
2025-06-15,0:00,20,0.0,0.0,0.0
2025-06-15,0:00,21,0.0,0.0,0.0
2025-06-15,0:00,22,0.0,0.0,0.0
2025-06-15,0:00,23,0.0,0.0,0.0
2025-06-15,0:00,24,0.0,0.0,0.0
2025-06-15,6:00,1,2620.3435,2654.175,33.83150000000023
2025-06-15,6:00,2,3765.6277,3831.825,66.19729999999981
2025-06-15,6:00,3,4807.6496,4855.4625,47.8128999999999
2025-06-15,6:00,4,6153.3612,6189.6,36.23880000000008
2025-06-15,6:00,5,6365.6677,6325.2,40.46770000000015
2025-06-15,6:00,6,6705.6029,6777.0375,71.4346000000005
2025-06-15,6:00,7,6450.4275,6323.4,127.02750000000015
2025-06-15,6:00,8,5669.649,5640.0,29.649000000000342
2025-06-15,6:00,9,4789.529,4882.2,92.67099999999937
2025-06-15,6:00,10,3974.797,4019.175,44.378000000000156
2025-06-15,6:00,11,2549.0391,2520.6,28.439100000000053
2025-06-15,6:00,12,1177.8681,1227.2625,49.39440000000013
2025-06-15,6:00,13,5.2547,5.2875,0.03279999999999994
2025-06-15,6:00,14,0.0,0.0,0.0
2025-06-15,6:00,15,0.0,0.0,0.0
2025-06-15,6:00,16,0.0,0.0,0.0
2025-06-15,6:00,17,0.0,0.0,0.0
2025-06-15,6:00,18,0.0,0.0,0.0
2025-06-15,12:00,1,6321.7386,6323.4,1.6613999999999578
2025-06-15,12:00,2,5574.6703,5640.0,65.32970000000023
2025-06-15,12:00,3,4794.5467,4882.2,87.65329999999994
2025-06-15,12:00,4,3903.2185,4019.175,115.95650000000023
2025-06-15,12:00,5,2487.2689,2520.6,33.33109999999988
2025-06-15,12:00,6,1204.1765,1227.2625,23.086000000000013
2025-06-15,12:00,7,5.2219,5.2875,0.06559999999999988
2025-06-15,12:00,8,0.0,0.0,0.0
2025-06-15,12:00,9,0.0,0.0,0.0
2025-06-15,12:00,10,0.0,0.0,0.0
2025-06-15,12:00,11,0.0,0.0,0.0
2025-06-15,12:00,12,0.0,0.0,0.0
2025-06-15,18:00,1,5.2863,5.2875,0.0011999999999998678
2025-06-15,18:00,2,0.0,0.0,0.0
2025-06-15,18:00,3,0.0,0.0,0.0
2025-06-15,18:00,4,0.0,0.0,0.0
2025-06-15,18:00,5,0.0,0.0,0.0
2025-06-15,18:00,6,0.0,0.0,0.0
2025-06-16,0:00,1,0.0,0.0,0.0
2025-06-16,0:00,2,0.0,0.0,0.0
2025-06-16,0:00,3,0.0,0.0,0.0
2025-06-16,0:00,4,0.0,0.0,0.0
2025-06-16,0:00,5,4.5316,4.6125,0.08089999999999975
2025-06-16,0:00,6,838.9824,866.4,27.417599999999993
2025-06-16,0:00,7,2396.4294,2293.9125,102.51690000000008
2025-06-16,0:00,8,3840.9077,3745.5,95.4077000000002
2025-06-16,0:00,9,5456.1652,4763.8875,692.2777000000006
2025-06-16,0:00,10,6647.6216,5944.425,703.1966000000002
2025-06-16,0:00,11,8128.2993,7038.9375,1089.3617999999997
2025-06-16,0:00,12,6925.9099,6840.9,85.00990000000002
2025-06-16,0:00,13,6081.613,6111.0,29.386999999999716
2025-06-16,0:00,14,5185.7269,5621.925,436.1981000000005
2025-06-16,0:00,15,4549.4292,4553.25,3.8208000000004176
2025-06-16,0:00,16,3444.4292,3582.1125,137.68330000000014
2025-06-16,0:00,17,2447.6785,2409.525,38.153499999999894
2025-06-16,0:00,18,1118.2452,1015.575,102.67020000000002
2025-06-16,0:00,19,6.6198,5.625,0.9947999999999997
2025-06-16,0:00,20,0.0,0.0,0.0
2025-06-16,0:00,21,0.0,0.0,0.0
2025-06-16,0:00,22,0.0,0.0,0.0
2025-06-16,0:00,23,0.0,0.0,0.0
2025-06-16,0:00,24,0.0,0.0,0.0
2025-06-16,6:00,1,2322.1823,2293.9125,28.269800000000032
2025-06-16,6:00,2,3783.0571,3745.5,37.55709999999999
2025-06-16,6:00,3,4787.7766,4763.8875,23.889100000000326
2025-06-16,6:00,4,5804.28,5944.425,140.14500000000044
2025-06-16,6:00,5,6745.2849,7038.9375,293.65260000000035
2025-06-16,6:00,6,6428.4343,6840.9,412.46569999999974
2025-06-16,6:00,7,5963.8632,6111.0,147.13680000000022
2025-06-16,6:00,8,5623.1015,5621.925,1.176499999999578
2025-06-16,6:00,9,4582.1784,4553.25,28.928399999999783
2025-06-16,6:00,10,3871.1007,3582.1125,288.9881999999998
2025-06-16,6:00,11,2495.4882,2409.525,85.96319999999969
2025-06-16,6:00,12,1076.7487,1015.575,61.17370000000005
2025-06-16,6:00,13,5.6444,5.625,0.019400000000000084
2025-06-16,6:00,14,0.0,0.0,0.0
2025-06-16,6:00,15,0.0,0.0,0.0
2025-06-16,6:00,16,0.0,0.0,0.0
2025-06-16,6:00,17,0.0,0.0,0.0
2025-06-16,6:00,18,0.0,0.0,0.0
2025-06-16,12:00,1,6142.2727,6111.0,31.27270000000044
2025-06-16,12:00,2,5748.1841,5621.925,126.25910000000022
2025-06-16,12:00,3,4716.7483,4553.25,163.4983000000002
2025-06-16,12:00,4,3724.8844,3582.1125,142.77189999999973
2025-06-16,12:00,5,2617.883,2409.525,208.35799999999972
2025-06-16,12:00,6,1113.5231,1015.575,97.94810000000007
2025-06-16,12:00,7,6.1536,5.625,0.5286
2025-06-16,12:00,8,0.0,0.0,0.0
2025-06-16,12:00,9,0.0,0.0,0.0
2025-06-16,12:00,10,0.0,0.0,0.0
2025-06-16,12:00,11,0.0,0.0,0.0
2025-06-16,12:00,12,0.0,0.0,0.0
2025-06-16,18:00,1,5.6332,5.625,0.00820000000000043
2025-06-16,18:00,2,0.0,0.0,0.0
2025-06-16,18:00,3,0.0,0.0,0.0
2025-06-16,18:00,4,0.0,0.0,0.0
2025-06-16,18:00,5,0.0,0.0,0.0
2025-06-16,18:00,6,0.0,0.0,0.0
2025-06-17,0:00,1,0.0,0.0,0.0
2025-06-17,0:00,2,0.0,0.0,0.0
2025-06-17,0:00,3,0.0,0.0,0.0
2025-06-17,0:00,4,0.0,0.0,0.0
2025-06-17,0:00,5,5.3548,5.5875,0.23270000000000035
2025-06-17,0:00,6,1048.7862,1063.2,14.413800000000037
2025-06-17,0:00,7,2559.986,2471.325,88.66100000000006
2025-06-17,0:00,8,3852.3256,3468.0,384.3256000000001
2025-06-17,0:00,9,6054.3556,5243.175,811.1805999999997
2025-06-17,0:00,10,7164.7152,5999.2125,1165.5027
2025-06-17,0:00,11,6794.9932,6446.6625,348.3306999999995
2025-06-17,0:00,12,6781.9349,6605.9625,175.97240000000056
2025-06-17,0:00,13,5029.6795,5050.0875,20.407999999999447
2025-06-17,0:00,14,4471.5937,4849.5375,377.9438
2025-06-17,0:00,15,4656.3556,4837.0125,180.65689999999995
2025-06-17,0:00,16,3504.1363,3168.45,335.6863000000003
2025-06-17,0:00,17,2436.2005,2385.6,50.60050000000001
2025-06-17,0:00,18,934.3584,995.85,61.49160000000006
2025-06-17,0:00,19,5.9953,6.45,0.4546999999999999
2025-06-17,0:00,20,0.0,0.0,0.0
2025-06-17,0:00,21,0.0,0.0,0.0
2025-06-17,0:00,22,0.0,0.0,0.0
2025-06-17,0:00,23,0.0,0.0,0.0
2025-06-17,0:00,24,0.0,0.0,0.0
2025-06-17,6:00,1,2475.7378,2471.325,4.412800000000061
2025-06-17,6:00,2,3481.1079,3468.0,13.107899999999972
2025-06-17,6:00,3,5311.7753,5243.175,68.60030000000006
2025-06-17,6:00,4,6113.3095,5999.2125,114.09700000000066
2025-06-17,6:00,5,6677.8828,6446.6625,231.22029999999995
2025-06-17,6:00,6,6377.0227,6605.9625,228.9397999999992
2025-06-17,6:00,7,4692.2773,5050.0875,357.8101999999999
2025-06-17,6:00,8,4432.1941,4849.5375,417.34340000000066
2025-06-17,6:00,9,4412.8943,4837.0125,424.1181999999999
2025-06-17,6:00,10,2789.8961,3168.45,378.5538999999999
2025-06-17,6:00,11,2129.5351,2385.6,256.06489999999985
2025-06-17,6:00,12,920.6952,995.85,75.15480000000002
2025-06-17,6:00,13,6.1583,6.45,0.2917000000000005
2025-06-17,6:00,14,0.0,0.0,0.0
2025-06-17,6:00,15,0.0,0.0,0.0
2025-06-17,6:00,16,0.0,0.0,0.0
2025-06-17,6:00,17,0.0,0.0,0.0
2025-06-17,6:00,18,0.0,0.0,0.0
2025-06-17,12:00,1,5077.145,5050.0875,27.0575000000008
2025-06-17,12:00,2,4885.7561,4849.5375,36.21859999999924
2025-06-17,12:00,3,4819.5851,4837.0125,17.42739999999958
2025-06-17,12:00,4,3088.4974,3168.45,79.95259999999962
2025-06-17,12:00,5,2358.4186,2385.6,27.18139999999994
2025-06-17,12:00,6,1023.1995,995.85,27.34949999999992
2025-06-17,12:00,7,6.6839,6.45,0.23390000000000022
2025-06-17,12:00,8,0.0,0.0,0.0
2025-06-17,12:00,9,0.0,0.0,0.0
2025-06-17,12:00,10,0.0,0.0,0.0
2025-06-17,12:00,11,0.0,0.0,0.0
2025-06-17,12:00,12,0.0,0.0,0.0
2025-06-17,18:00,1,6.5024,6.45,0.05239999999999956
2025-06-17,18:00,2,0.0,0.0,0.0
2025-06-17,18:00,3,0.0,0.0,0.0
2025-06-17,18:00,4,0.0,0.0,0.0
2025-06-17,18:00,5,0.0,0.0,0.0
2025-06-17,18:00,6,0.0,0.0,0.0
2025-06-18,0:00,1,0.0,0.0,0.0
2025-06-18,0:00,2,0.0,0.0,0.0
2025-06-18,0:00,3,0.0,0.0,0.0
2025-06-18,0:00,4,0.0,0.0,0.0
2025-06-18,0:00,5,8.3496,8.25,0.09960000000000058
2025-06-18,0:00,6,1172.4097,1127.6625,44.74720000000002
2025-06-18,0:00,7,2385.7803,2286.45,99.33030000000008
2025-06-18,0:00,8,4293.9699,4086.4125,207.55740000000014
2025-06-18,0:00,9,5708.8757,5419.9875,288.8881999999994
2025-06-18,0:00,10,6035.975,5805.825,230.15000000000055
2025-06-18,0:00,11,7084.2629,6770.4375,313.8253999999997
2025-06-18,0:00,12,6042.4151,6220.1625,177.7474000000002
2025-06-18,0:00,13,5346.4562,5869.9875,523.5313000000006
2025-06-18,0:00,14,4811.2596,5887.8375,1076.5778999999993
2025-06-18,0:00,15,5224.6932,5315.1375,90.44430000000011
2025-06-18,0:00,16,3585.0764,3674.5125,89.4360999999999
2025-06-18,0:00,17,2173.0645,2128.65,44.41449999999986
2025-06-18,0:00,18,999.1803,1041.4125,42.23219999999992
2025-06-18,0:00,19,7.9611,6.9,1.0610999999999997
2025-06-18,0:00,20,0.0,0.0,0.0
2025-06-18,0:00,21,0.0,0.0,0.0
2025-06-18,0:00,22,0.0,0.0,0.0
2025-06-18,0:00,23,0.0,0.0,0.0
2025-06-18,0:00,24,0.0,0.0,0.0
2025-06-18,6:00,1,2296.3893,2286.45,9.939300000000003
2025-06-18,6:00,2,4125.9255,4086.4125,39.513000000000375
2025-06-18,6:00,3,5348.7627,5419.9875,71.22479999999996
2025-06-18,6:00,4,5435.8351,5805.825,369.9898999999996
2025-06-18,6:00,5,6221.5941,6770.4375,548.8433999999997
2025-06-18,6:00,6,5684.7112,6220.1625,535.4513000000006
2025-06-18,6:00,7,4664.4228,5869.9875,1205.5647
2025-06-18,6:00,8,4898.1458,5887.8375,989.6916999999994
2025-06-18,6:00,9,4605.7829,5315.1375,709.3545999999997
2025-06-18,6:00,10,3056.3798,3674.5125,618.1326999999997
2025-06-18,6:00,11,1858.3469,2128.65,270.3031000000001
2025-06-18,6:00,12,1081.1188,1041.4125,39.706300000000056
2025-06-18,6:00,13,7.0626,6.9,0.1625999999999994
2025-06-18,6:00,14,0.0,0.0,0.0
2025-06-18,6:00,15,0.0,0.0,0.0
2025-06-18,6:00,16,0.0,0.0,0.0
2025-06-18,6:00,17,0.0,0.0,0.0
2025-06-18,6:00,18,0.0,0.0,0.0
2025-06-18,12:00,1,5842.4506,5869.9875,27.53690000000006
2025-06-18,12:00,2,5880.9051,5887.8375,6.932399999999689
2025-06-18,12:00,3,5285.6183,5315.1375,29.519199999999728
2025-06-18,12:00,4,3552.3037,3674.5125,122.20879999999988
2025-06-18,12:00,5,2116.0195,2128.65,12.630500000000211
2025-06-18,12:00,6,1025.8022,1041.4125,15.610299999999825
2025-06-18,12:00,7,6.4691,6.9,0.4309000000000003
2025-06-18,12:00,8,0.0,0.0,0.0
2025-06-18,12:00,9,0.0,0.0,0.0
2025-06-18,12:00,10,0.0,0.0,0.0
2025-06-18,12:00,11,0.0,0.0,0.0
2025-06-18,12:00,12,0.0,0.0,0.0
2025-06-18,18:00,1,6.8812,6.9,0.018800000000000594
2025-06-18,18:00,2,0.0,0.0,0.0
2025-06-18,18:00,3,0.0,0.0,0.0
2025-06-18,18:00,4,0.0,0.0,0.0
2025-06-18,18:00,5,0.0,0.0,0.0
2025-06-18,18:00,6,0.0,0.0,0.0
2025-06-19,0:00,1,0.0,0.0,0.0
2025-06-19,0:00,2,0.0,0.0,0.0
2025-06-19,0:00,3,0.0,0.0,0.0
2025-06-19,0:00,4,0.0,0.0,0.0
2025-06-19,0:00,5,7.1697,7.6125,0.4428000000000001
2025-06-19,0:00,6,1048.7737,1077.4125,28.638799999999947
2025-06-19,0:00,7,2409.2238,2569.3875,160.1636999999996
2025-06-19,0:00,8,3321.8172,3826.6125,504.7953000000002
2025-06-19,0:00,9,4324.4784,4906.125,581.6466
2025-06-19,0:00,10,5695.2217,6372.675,677.4533000000001
2025-06-19,0:00,11,6691.6323,7549.725,858.0927000000001
2025-06-19,0:00,12,6821.2851,6593.1,228.1850999999997
2025-06-19,0:00,13,7584.5622,7572.6,11.962199999999939
2025-06-19,0:00,14,6904.0304,6183.9375,720.0928999999996
2025-06-19,0:00,15,6334.0308,5137.125,1196.9058000000005
2025-06-19,0:00,16,3746.4768,3222.1125,524.3642999999997
2025-06-19,0:00,17,2755.22,2474.2875,280.9324999999999
2025-06-19,0:00,18,1302.6756,1082.6625,220.01310000000012
2025-06-19,0:00,19,8.2387,7.5375,0.7012
2025-06-19,0:00,20,0.0,0.0,0.0
2025-06-19,0:00,21,0.0,0.0,0.0
2025-06-19,0:00,22,0.0,0.0,0.0
2025-06-19,0:00,23,0.0,0.0,0.0
2025-06-19,0:00,24,0.0,0.0,0.0
2025-06-19,6:00,1,2599.8782,2569.3875,30.490700000000288
2025-06-19,6:00,2,3933.6274,3826.6125,107.01489999999967
2025-06-19,6:00,3,5008.1357,4906.125,102.01069999999982
2025-06-19,6:00,4,6568.9764,6372.675,196.30139999999938
2025-06-19,6:00,5,7940.2187,7549.725,390.4937
2025-06-19,6:00,6,6954.8937,6593.1,361.79369999999926
2025-06-19,6:00,7,7698.3432,7572.6,125.74319999999989
2025-06-19,6:00,8,6523.0822,6183.9375,339.14469999999983
2025-06-19,6:00,9,5367.6073,5137.125,230.48229999999967
2025-06-19,6:00,10,3285.7182,3222.1125,63.605699999999615
2025-06-19,6:00,11,2698.2889,2474.2875,224.0014000000001
2025-06-19,6:00,12,1253.8666,1082.6625,171.20410000000015
2025-06-19,6:00,13,8.7375,7.5375,1.200000000000001
2025-06-19,6:00,14,0.0,0.0,0.0
2025-06-19,6:00,15,0.0,0.0,0.0
2025-06-19,6:00,16,0.0,0.0,0.0
2025-06-19,6:00,17,0.0,0.0,0.0
2025-06-19,6:00,18,0.0,0.0,0.0
2025-06-19,12:00,1,7355.0178,7572.6,217.58220000000074
2025-06-19,12:00,2,5904.8981,6183.9375,279.03939999999966
2025-06-19,12:00,3,4897.5568,5137.125,239.5681999999997
2025-06-19,12:00,4,3151.9928,3222.1125,70.1197000000002
2025-06-19,12:00,5,2552.2119,2474.2875,77.92439999999988
2025-06-19,12:00,6,1170.1867,1082.6625,87.52420000000006
2025-06-19,12:00,7,8.0446,7.5375,0.5071000000000012
2025-06-19,12:00,8,0.0,0.0,0.0
2025-06-19,12:00,9,0.0,0.0,0.0
2025-06-19,12:00,10,0.0,0.0,0.0
2025-06-19,12:00,11,0.0,0.0,0.0
2025-06-19,12:00,12,0.0,0.0,0.0
2025-06-19,18:00,1,7.5544,7.5375,0.01690000000000058
2025-06-19,18:00,2,0.0,0.0,0.0
2025-06-19,18:00,3,0.0,0.0,0.0
2025-06-19,18:00,4,0.0,0.0,0.0
2025-06-19,18:00,5,0.0,0.0,0.0
2025-06-19,18:00,6,0.0,0.0,0.0
2025-06-20,0:00,1,0.0,0.0,0.0
2025-06-20,0:00,2,0.0,0.0,0.0
2025-06-20,0:00,3,0.0,0.0,0.0
2025-06-20,0:00,4,0.0,0.0,0.0
2025-06-20,0:00,5,8.0758,8.7375,0.6617000000000015
2025-06-20,0:00,6,1105.0795,1180.05,74.9704999999999
2025-06-20,0:00,7,2422.2878,2488.1625,65.87469999999985
2025-06-20,0:00,8,4404.2956,4269.825,134.47060000000056
2025-06-20,0:00,9,5197.8045,5183.1,14.704499999999825
2025-06-20,0:00,10,6131.2534,6259.5,128.2466000000004
2025-06-20,0:00,11,6749.0208,6992.85,243.82920000000013
2025-06-20,0:00,12,6243.3682,6626.2125,382.84429999999975
2025-06-20,0:00,13,6070.7597,6705.9,635.1403
2025-06-20,0:00,14,6346.3537,6216.3,130.05369999999948
2025-06-20,0:00,15,5509.0028,5418.3,90.70280000000002
2025-06-20,0:00,16,3616.2639,3756.6375,140.3735999999999
2025-06-20,0:00,17,1891.2755,2166.4875,275.2120000000002
2025-06-20,0:00,18,855.491,1054.575,199.08400000000006
2025-06-20,0:00,19,5.8218,6.7875,0.9657
2025-06-20,0:00,20,0.0,0.0,0.0
2025-06-20,0:00,21,0.0,0.0,0.0
2025-06-20,0:00,22,0.0,0.0,0.0
2025-06-20,0:00,23,0.0,0.0,0.0
2025-06-20,0:00,24,0.0,0.0,0.0
2025-06-20,6:00,1,2507.1283,2488.1625,18.965799999999945
2025-06-20,6:00,2,4290.0564,4269.825,20.231400000000576
2025-06-20,6:00,3,5191.9417,5183.1,8.841699999999946
2025-06-20,6:00,4,6257.9662,6259.5,1.5338000000001557
2025-06-20,6:00,5,6918.3521,6992.85,74.4979000000003
2025-06-20,6:00,6,6187.0178,6626.2125,439.1947
2025-06-20,6:00,7,6407.3813,6705.9,298.5186999999996
2025-06-20,6:00,8,6019.6721,6216.3,196.6279000000004
2025-06-20,6:00,9,5573.1842,5418.3,154.8841999999995
2025-06-20,6:00,10,3943.1805,3756.6375,186.54300000000012
2025-06-20,6:00,11,2222.5389,2166.4875,56.05139999999983
2025-06-20,6:00,12,1040.6186,1054.575,13.95640000000003
2025-06-20,6:00,13,6.7547,6.7875,0.03279999999999994
2025-06-20,6:00,14,0.0,0.0,0.0
2025-06-20,6:00,15,0.0,0.0,0.0
2025-06-20,6:00,16,0.0,0.0,0.0
2025-06-20,6:00,17,0.0,0.0,0.0
2025-06-20,6:00,18,0.0,0.0,0.0
2025-06-20,12:00,1,6647.2281,6705.9,58.67189999999937
2025-06-20,12:00,2,6268.6515,6216.3,52.35149999999976
2025-06-20,12:00,3,5532.2233,5418.3,113.92329999999947
2025-06-20,12:00,4,3707.9115,3756.6375,48.72599999999966
2025-06-20,12:00,5,2184.5045,2166.4875,18.016999999999825
2025-06-20,12:00,6,1107.3112,1054.575,52.73620000000005
2025-06-20,12:00,7,6.5864,6.7875,0.2010999999999994
2025-06-20,12:00,8,0.0,0.0,0.0
2025-06-20,12:00,9,0.0,0.0,0.0
2025-06-20,12:00,10,0.0,0.0,0.0
2025-06-20,12:00,11,0.0,0.0,0.0
2025-06-20,12:00,12,0.0,0.0,0.0
2025-06-20,18:00,1,6.7344,6.7875,0.0530999999999997
2025-06-20,18:00,2,0.0,0.0,0.0
2025-06-20,18:00,3,0.0,0.0,0.0
2025-06-20,18:00,4,0.0,0.0,0.0
2025-06-20,18:00,5,0.0,0.0,0.0
2025-06-20,18:00,6,0.0,0.0,0.0
2025-06-21,0:00,1,0.0,0.0,0.0
2025-06-21,0:00,2,0.0,0.0,0.0
2025-06-21,0:00,3,0.0,0.0,0.0
2025-06-21,0:00,4,0.0,0.0,0.0
2025-06-21,0:00,5,6.9655,7.275,0.3095000000000008
2025-06-21,0:00,6,859.4418,890.7,31.2582000000001
2025-06-21,0:00,7,2532.6761,2699.25,166.57389999999987
2025-06-21,0:00,8,3933.3915,4003.425,70.0335
2025-06-21,0:00,9,4518.8744,4746.075,227.20060000000012
2025-06-21,0:00,10,6743.1009,6643.5375,99.5634
2025-06-21,0:00,11,7468.5499,7400.1,68.44989999999962
2025-06-21,0:00,12,8161.2665,7665.1125,496.15399999999954
2025-06-21,0:00,13,8099.5207,8049.6,49.92069999999967
2025-06-21,0:00,14,6021.0491,5956.2,64.84910000000036
2025-06-21,0:00,15,6225.5688,5680.4625,545.1063000000004
2025-06-21,0:00,16,3539.8936,4055.4,515.5064000000002
2025-06-21,0:00,17,2502.9332,2623.6125,120.67930000000024
2025-06-21,0:00,18,995.2963,1034.1,38.803699999999935
2025-06-21,0:00,19,7.3748,7.7625,0.3877000000000006
2025-06-21,0:00,20,0.0,0.0,0.0
2025-06-21,0:00,21,0.0,0.0,0.0
2025-06-21,0:00,22,0.0,0.0,0.0
2025-06-21,0:00,23,0.0,0.0,0.0
2025-06-21,0:00,24,0.0,0.0,0.0
2025-06-21,6:00,1,2708.9555,2699.25,9.705500000000029
2025-06-21,6:00,2,3969.123,4003.425,34.302000000000135
2025-06-21,6:00,3,4741.4118,4746.075,4.663199999999961
2025-06-21,6:00,4,6527.066,6643.5375,116.47150000000056
2025-06-21,6:00,5,7110.388,7400.1,289.71200000000044
2025-06-21,6:00,6,7400.1515,7665.1125,264.96100000000024
2025-06-21,6:00,7,8049.7478,8049.6,0.1477999999997337
2025-06-21,6:00,8,5773.9485,5956.2,182.2514999999994
2025-06-21,6:00,9,5404.4292,5680.4625,276.03330000000005
2025-06-21,6:00,10,4006.4107,4055.4,48.989300000000185
2025-06-21,6:00,11,2604.2396,2623.6125,19.3729000000003
2025-06-21,6:00,12,906.0394,1034.1,128.0605999999999
2025-06-21,6:00,13,7.0777,7.7625,0.6848000000000001
2025-06-21,6:00,14,0.0,0.0,0.0
2025-06-21,6:00,15,0.0,0.0,0.0
2025-06-21,6:00,16,0.0,0.0,0.0
2025-06-21,6:00,17,0.0,0.0,0.0
2025-06-21,6:00,18,0.0,0.0,0.0
2025-06-21,12:00,1,7872.1791,8049.6,177.42090000000007
2025-06-21,12:00,2,5653.0395,5956.2,303.16049999999996
2025-06-21,12:00,3,5297.6268,5680.4625,382.83569999999963
2025-06-21,12:00,4,3794.5428,4055.4,260.8571999999999
2025-06-21,12:00,5,2534.4207,2623.6125,89.19180000000006
2025-06-21,12:00,6,972.5592,1034.1,61.54079999999988
2025-06-21,12:00,7,7.2096,7.7625,0.5529000000000002
2025-06-21,12:00,8,0.0,0.0,0.0
2025-06-21,12:00,9,0.0,0.0,0.0
2025-06-21,12:00,10,0.0,0.0,0.0
2025-06-21,12:00,11,0.0,0.0,0.0
2025-06-21,12:00,12,0.0,0.0,0.0
2025-06-21,18:00,1,7.6014,7.7625,0.16110000000000024
2025-06-21,18:00,2,0.0,0.0,0.0
2025-06-21,18:00,3,0.0,0.0,0.0
2025-06-21,18:00,4,0.0,0.0,0.0
2025-06-21,18:00,5,0.0,0.0,0.0
2025-06-21,18:00,6,0.0,0.0,0.0
2025-06-22,0:00,1,0.0,0.0,0.0
2025-06-22,0:00,2,0.0,0.0,0.0
2025-06-22,0:00,3,0.0,0.0,0.0
2025-06-22,0:00,4,0.0,0.0,0.0
2025-06-22,0:00,5,10.0125,10.0125,0.0
2025-06-22,0:00,6,1316.925,1275.15,41.774999999999864
2025-06-22,0:00,7,3042.4125,2991.5625,50.84999999999991
2025-06-22,0:00,8,4331.8592,4315.95,15.909200000000055
2025-06-22,0:00,9,5854.656,6037.9125,183.25650000000041
2025-06-22,0:00,10,6202.1876,6670.875,468.6873999999998
2025-06-22,0:00,11,6267.2469,7297.725,1030.4781000000003
2025-06-22,0:00,12,6687.6415,6672.75,14.891499999999724
2025-06-22,0:00,13,7084.1728,6719.925,364.2478000000001
2025-06-22,0:00,14,6011.8971,5512.9125,498.9845999999998
2025-06-22,0:00,15,5461.7119,4757.475,704.2368999999999
2025-06-22,0:00,16,4566.75,4087.125,479.625
2025-06-22,0:00,17,2935.2375,2671.3125,263.9250000000002
2025-06-22,0:00,18,1321.1345,1109.175,211.95949999999993
2025-06-22,0:00,19,8.7375,8.7375,0.0
2025-06-22,0:00,20,0.0,0.0,0.0
2025-06-22,0:00,21,0.0,0.0,0.0
2025-06-22,0:00,22,0.0,0.0,0.0
2025-06-22,0:00,23,0.0,0.0,0.0
2025-06-22,0:00,24,0.0,0.0,0.0
2025-06-22,6:00,1,3006.0494,2991.5625,14.486899999999878
2025-06-22,6:00,2,4362.3607,4315.95,46.41070000000036
2025-06-22,6:00,3,6077.2367,6037.9125,39.32420000000002
2025-06-22,6:00,4,6952.9135,6670.875,282.03849999999966
2025-06-22,6:00,5,7281.6159,7297.725,16.10910000000058
2025-06-22,6:00,6,6515.6877,6672.75,157.0622999999996
2025-06-22,6:00,7,6342.4787,6719.925,377.4463000000005
2025-06-22,6:00,8,5267.3437,5512.9125,245.5688
2025-06-22,6:00,9,4293.1965,4757.475,464.27850000000035
2025-06-22,6:00,10,3931.9192,4087.125,155.20580000000018
2025-06-22,6:00,11,2495.2893,2671.3125,176.0232000000001
2025-06-22,6:00,12,1080.0123,1109.175,29.16269999999986
2025-06-22,6:00,13,8.0982,8.7375,0.6393000000000004
2025-06-22,6:00,14,0.0,0.0,0.0
2025-06-22,6:00,15,0.0,0.0,0.0
2025-06-22,6:00,16,0.0,0.0,0.0
2025-06-22,6:00,17,0.0,0.0,0.0
2025-06-22,6:00,18,0.0,0.0,0.0
2025-06-22,12:00,1,6703.5145,6719.925,16.410499999999956
2025-06-22,12:00,2,5423.2379,5512.9125,89.67460000000028
2025-06-22,12:00,3,4616.6611,4757.475,140.8139000000001
2025-06-22,12:00,4,4102.1466,4087.125,15.021600000000035
2025-06-22,12:00,5,2636.6765,2671.3125,34.63599999999997
2025-06-22,12:00,6,1139.9318,1109.175,30.756800000000112
2025-06-22,12:00,7,8.7375,8.7375,0.0
2025-06-22,12:00,8,0.0,0.0,0.0
2025-06-22,12:00,9,0.0,0.0,0.0
2025-06-22,12:00,10,0.0,0.0,0.0
2025-06-22,12:00,11,0.0,0.0,0.0
2025-06-22,12:00,12,0.0,0.0,0.0
2025-06-22,18:00,1,8.7375,8.7375,0.0
2025-06-22,18:00,2,0.0,0.0,0.0
2025-06-22,18:00,3,0.0,0.0,0.0
2025-06-22,18:00,4,0.0,0.0,0.0
2025-06-22,18:00,5,0.0,0.0,0.0
2025-06-22,18:00,6,0.0,0.0,0.0
2025-06-23,0:00,1,0.0,0.0,0.0
2025-06-23,0:00,2,0.0,0.0,0.0
2025-06-23,0:00,3,0.0,0.0,0.0
2025-06-23,0:00,4,0.0,0.0,0.0
2025-06-23,0:00,5,8.1925,8.775,0.5824999999999996
2025-06-23,0:00,6,1026.1302,1134.8625,108.7322999999999
2025-06-23,0:00,7,2321.2124,2588.55,267.3376000000003
2025-06-23,0:00,8,3989.729,4238.2875,248.55850000000055
2025-06-23,0:00,9,4724.6959,5187.7125,463.0165999999999
2025-06-23,0:00,10,6514.5261,6757.8375,243.3113999999996
2025-06-23,0:00,11,7423.5407,7444.5375,20.996800000000803
2025-06-23,0:00,12,8463.7016,7618.6125,845.0891000000001
2025-06-23,0:00,13,7655.3718,6934.575,720.7968000000001
2025-06-23,0:00,14,5469.0344,5102.025,367.0093999999999
2025-06-23,0:00,15,5412.1627,5548.6875,136.52480000000014
2025-06-23,0:00,16,4335.9279,4113.9375,221.99039999999968
2025-06-23,0:00,17,2044.372,2296.2375,251.8655000000001
2025-06-23,0:00,18,816.8065,957.7125,140.90599999999995
2025-06-23,0:00,19,6.1833,7.1625,0.9791999999999996
2025-06-23,0:00,20,0.0,0.0,0.0
2025-06-23,0:00,21,0.0,0.0,0.0
2025-06-23,0:00,22,0.0,0.0,0.0
2025-06-23,0:00,23,0.0,0.0,0.0
2025-06-23,0:00,24,0.0,0.0,0.0
2025-06-23,6:00,1,2574.2743,2588.55,14.275700000000143
2025-06-23,6:00,2,4114.2071,4238.2875,124.08040000000074
2025-06-23,6:00,3,5019.3875,5187.7125,168.32499999999982
2025-06-23,6:00,4,6457.9276,6757.8375,299.90989999999965
2025-06-23,6:00,5,7110.8376,7444.5375,333.6999000000005
2025-06-23,6:00,6,7308.3054,7618.6125,310.3071
2025-06-23,6:00,7,6864.2807,6934.575,70.29429999999957
2025-06-23,6:00,8,4935.4157,5102.025,166.60930000000008
2025-06-23,6:00,9,5379.256,5548.6875,169.4314999999997
2025-06-23,6:00,10,4096.5366,4113.9375,17.400899999999638
2025-06-23,6:00,11,2066.7181,2296.2375,229.51940000000013
2025-06-23,6:00,12,850.7427,957.7125,106.96979999999996
2025-06-23,6:00,13,6.3529,7.1625,0.8095999999999997
2025-06-23,6:00,14,0.0,0.0,0.0
2025-06-23,6:00,15,0.0,0.0,0.0
2025-06-23,6:00,16,0.0,0.0,0.0
2025-06-23,6:00,17,0.0,0.0,0.0
2025-06-23,6:00,18,0.0,0.0,0.0
2025-06-23,12:00,1,6968.6767,6934.575,34.101700000000164
2025-06-23,12:00,2,5155.0574,5102.025,53.03240000000005
2025-06-23,12:00,3,5640.531,5548.6875,91.84349999999995
2025-06-23,12:00,4,4116.6118,4113.9375,2.6742999999996755
2025-06-23,12:00,5,2334.2856,2296.2375,38.04809999999998
2025-06-23,12:00,6,956.4142,957.7125,1.2982999999999265
2025-06-23,12:00,7,6.8791,7.1625,0.28339999999999943
2025-06-23,12:00,8,0.0,0.0,0.0
2025-06-23,12:00,9,0.0,0.0,0.0
2025-06-23,12:00,10,0.0,0.0,0.0
2025-06-23,12:00,11,0.0,0.0,0.0
2025-06-23,12:00,12,0.0,0.0,0.0
2025-06-23,18:00,1,7.0873,7.1625,0.07519999999999971
2025-06-23,18:00,2,0.0,0.0,0.0
2025-06-23,18:00,3,0.0,0.0,0.0
2025-06-23,18:00,4,0.0,0.0,0.0
2025-06-23,18:00,5,0.0,0.0,0.0
2025-06-23,18:00,6,0.0,0.0,0.0
2025-06-24,0:00,1,0.0,0.0,0.0
2025-06-24,0:00,2,0.0,0.0,0.0
2025-06-24,0:00,3,0.0,0.0,0.0
2025-06-24,0:00,4,0.0,0.0,0.0
2025-06-24,0:00,5,7.9157,7.6125,0.30320000000000036
2025-06-24,0:00,6,1086.607,1059.15,27.45699999999988
2025-06-24,0:00,7,2511.6371,2349.825,161.8121000000001
2025-06-24,0:00,8,3452.2835,3184.5375,267.7460000000001
2025-06-24,0:00,9,4729.0866,4211.8125,517.2740999999996
2025-06-24,0:00,10,4853.9426,4713.9375,140.0051000000003
2025-06-24,0:00,11,6229.7228,6028.0125,201.71029999999973
2025-06-24,0:00,12,5642.5707,6067.2375,424.66679999999997
2025-06-24,0:00,13,5751.9294,6472.05,720.1206000000002
2025-06-24,0:00,14,4783.8496,5714.4375,930.5879000000004
2025-06-24,0:00,15,4126.5637,4499.2125,372.64879999999994
2025-06-24,0:00,16,3009.6827,3494.775,485.09230000000025
2025-06-24,0:00,17,1938.3336,2232.3,293.96640000000025
2025-06-24,0:00,18,812.5553,1059.1875,246.6322
2025-06-24,0:00,19,5.416,6.3375,0.9215
2025-06-24,0:00,20,0.0,0.0,0.0
2025-06-24,0:00,21,0.0,0.0,0.0
2025-06-24,0:00,22,0.0,0.0,0.0
2025-06-24,0:00,23,0.0,0.0,0.0
2025-06-24,0:00,24,0.0,0.0,0.0
2025-06-24,6:00,1,2345.7516,2349.825,4.073399999999765
2025-06-24,6:00,2,3166.8932,3184.5375,17.64429999999993
2025-06-24,6:00,3,4227.1118,4211.8125,15.299299999999675
2025-06-24,6:00,4,4802.0027,4713.9375,88.0652
2025-06-24,6:00,5,6234.3133,6028.0125,206.30079999999998
2025-06-24,6:00,6,6126.0499,6067.2375,58.8123999999998
2025-06-24,6:00,7,6985.822,6472.05,513.7719999999999
2025-06-24,6:00,8,5915.6999,5714.4375,201.26239999999962
2025-06-24,6:00,9,4330.1332,4499.2125,169.07929999999942
2025-06-24,6:00,10,2941.134,3494.775,553.6410000000001
2025-06-24,6:00,11,2169.6595,2232.3,62.640499999999975
2025-06-24,6:00,12,954.7844,1059.1875,104.4031
2025-06-24,6:00,13,6.38,6.3375,0.04249999999999954
2025-06-24,6:00,14,0.0,0.0,0.0
2025-06-24,6:00,15,0.0,0.0,0.0
2025-06-24,6:00,16,0.0,0.0,0.0
2025-06-24,6:00,17,0.0,0.0,0.0
2025-06-24,6:00,18,0.0,0.0,0.0
2025-06-24,12:00,1,6457.5815,6472.05,14.468499999999949
2025-06-24,12:00,2,5604.1393,5714.4375,110.29820000000018
2025-06-24,12:00,3,4402.0469,4499.2125,97.16559999999936
2025-06-24,12:00,4,3288.3134,3494.775,206.4616000000001
2025-06-24,12:00,5,2014.4629,2232.3,217.8371000000002
2025-06-24,12:00,6,967.4587,1059.1875,91.72879999999998
2025-06-24,12:00,7,5.6683,6.3375,0.6692
2025-06-24,12:00,8,0.0,0.0,0.0
2025-06-24,12:00,9,0.0,0.0,0.0
2025-06-24,12:00,10,0.0,0.0,0.0
2025-06-24,12:00,11,0.0,0.0,0.0
2025-06-24,12:00,12,0.0,0.0,0.0
2025-06-24,18:00,1,6.3101,6.3375,0.02740000000000009
2025-06-24,18:00,2,0.0,0.0,0.0
2025-06-24,18:00,3,0.0,0.0,0.0
2025-06-24,18:00,4,0.0,0.0,0.0
2025-06-24,18:00,5,0.0,0.0,0.0
2025-06-24,18:00,6,0.0,0.0,0.0
2025-06-25,0:00,1,0.0,0.0,0.0
2025-06-25,0:00,2,0.0,0.0,0.0
2025-06-25,0:00,3,0.0,0.0,0.0
2025-06-25,0:00,4,0.0,0.0,0.0
2025-06-25,0:00,5,7.1203,7.275,0.15470000000000006
2025-06-25,0:00,6,1100.4605,1180.7625,80.30200000000013
2025-06-25,0:00,7,2235.1604,2372.85,137.6895999999997
2025-06-25,0:00,8,3537.2236,4040.1,502.8764000000001
2025-06-25,0:00,9,4601.9824,5195.175,593.1926000000003
2025-06-25,0:00,10,5126.4126,5526.375,399.96240000000034
2025-06-25,0:00,11,5708.0567,5526.0375,182.01919999999973
2025-06-25,0:00,12,6477.1029,6448.8,28.30289999999968
2025-06-25,0:00,13,7324.6385,6676.5375,648.1009999999997
2025-06-25,0:00,14,6862.9115,6111.2625,751.6490000000003
2025-06-25,0:00,15,5881.9113,5103.75,778.1612999999998
2025-06-25,0:00,16,4762.875,4090.8,672.0749999999998
2025-06-25,0:00,17,2935.2375,2549.4,385.8375000000001
2025-06-25,0:00,18,1213.1221,1142.85,70.27210000000014
2025-06-25,0:00,19,5.3778,6.4125,1.0347
2025-06-25,0:00,20,0.0,0.0,0.0
2025-06-25,0:00,21,0.0,0.0,0.0
2025-06-25,0:00,22,0.0,0.0,0.0
2025-06-25,0:00,23,0.0,0.0,0.0
2025-06-25,0:00,24,0.0,0.0,0.0
2025-06-25,6:00,1,2351.7545,2372.85,21.0954999999999
2025-06-25,6:00,2,3985.7895,4040.1,54.31050000000005
2025-06-25,6:00,3,5103.7895,5195.175,91.38550000000032
2025-06-25,6:00,4,5395.3219,5526.375,131.0531000000001
2025-06-25,6:00,5,5115.6154,5526.0375,410.4221000000007
2025-06-25,6:00,6,6298.1075,6448.8,150.6925000000001
2025-06-25,6:00,7,6632.8206,6676.5375,43.71690000000035
2025-06-25,6:00,8,6068.5824,6111.2625,42.680099999999584
2025-06-25,6:00,9,5084.1055,5103.75,19.644500000000335
2025-06-25,6:00,10,4415.5106,4090.8,324.71059999999943
2025-06-25,6:00,11,2675.8662,2549.4,126.46619999999984
2025-06-25,6:00,12,1224.693,1142.85,81.84300000000007
2025-06-25,6:00,13,6.7007,6.4125,0.2882000000000007
2025-06-25,6:00,14,0.0,0.0,0.0
2025-06-25,6:00,15,0.0,0.0,0.0
2025-06-25,6:00,16,0.0,0.0,0.0
2025-06-25,6:00,17,0.0,0.0,0.0
2025-06-25,6:00,18,0.0,0.0,0.0
2025-06-25,12:00,1,6569.4117,6676.5375,107.12580000000071
2025-06-25,12:00,2,6023.8165,6111.2625,87.44599999999991
2025-06-25,12:00,3,5073.7826,5103.75,29.967400000000453
2025-06-25,12:00,4,3952.1186,4090.8,138.6814000000004
2025-06-25,12:00,5,2489.9921,2549.4,59.407900000000154
2025-06-25,12:00,6,1114.1108,1142.85,28.739199999999983
2025-06-25,12:00,7,5.9788,6.4125,0.4337
2025-06-25,12:00,8,0.0,0.0,0.0
2025-06-25,12:00,9,0.0,0.0,0.0
2025-06-25,12:00,10,0.0,0.0,0.0
2025-06-25,12:00,11,0.0,0.0,0.0
2025-06-25,12:00,12,0.0,0.0,0.0
2025-06-25,18:00,1,6.3256,6.4125,0.08689999999999998
2025-06-25,18:00,2,0.0,0.0,0.0
2025-06-25,18:00,3,0.0,0.0,0.0
2025-06-25,18:00,4,0.0,0.0,0.0
2025-06-25,18:00,5,0.0,0.0,0.0
2025-06-25,18:00,6,0.0,0.0,0.0
2025-06-26,0:00,1,0.0,0.0,0.0
2025-06-26,0:00,2,0.0,0.0,0.0
2025-06-26,0:00,3,0.0,0.0,0.0
2025-06-26,0:00,4,0.0,0.0,0.0
2025-06-26,0:00,5,6.1348,6.1875,0.05269999999999975
2025-06-26,0:00,6,939.8058,1041.525,101.71920000000011
2025-06-26,0:00,7,2092.7725,2446.275,353.50250000000005
2025-06-26,0:00,8,3405.5719,4013.5125,607.9405999999999
2025-06-26,0:00,9,4300.8828,4540.9875,240.10469999999987
2025-06-26,0:00,10,5530.0262,5680.875,150.84879999999976
2025-06-26,0:00,11,7131.2425,6332.5875,798.6550000000007
2025-06-26,0:00,12,8211.3994,7190.5875,1020.8119000000006
2025-06-26,0:00,13,7841.0717,6586.3875,1254.6842000000006
2025-06-26,0:00,14,7415.3749,6494.1375,921.2374
2025-06-26,0:00,15,6531.6119,5696.25,835.3618999999999
2025-06-26,0:00,16,4611.8592,4429.9125,181.9466999999995
2025-06-26,0:00,17,2126.2192,2279.0625,152.8433
2025-06-26,0:00,18,954.7908,1169.25,214.4592
2025-06-26,0:00,19,4.8384,5.8125,0.9741
2025-06-26,0:00,20,0.0,0.0,0.0
2025-06-26,0:00,21,0.0,0.0,0.0
2025-06-26,0:00,22,0.0,0.0,0.0
2025-06-26,0:00,23,0.0,0.0,0.0
2025-06-26,0:00,24,0.0,0.0,0.0
2025-06-26,6:00,1,2466.3061,2446.275,20.031099999999697
2025-06-26,6:00,2,3997.9666,4013.5125,15.54589999999962
2025-06-26,6:00,3,4538.1482,4540.9875,2.8393000000005486
2025-06-26,6:00,4,5626.4726,5680.875,54.40239999999994
2025-06-26,6:00,5,6170.2928,6332.5875,162.29469999999947
2025-06-26,6:00,6,6820.5944,7190.5875,369.9930999999997
2025-06-26,6:00,7,6359.1417,6586.3875,227.2457999999997
2025-06-26,6:00,8,6559.5215,6494.1375,65.38400000000001
2025-06-26,6:00,9,5960.4808,5696.25,264.2308000000003
2025-06-26,6:00,10,4519.8945,4429.9125,89.98199999999997
2025-06-26,6:00,11,2472.9789,2279.0625,193.91640000000007
2025-06-26,6:00,12,1320.7941,1169.25,151.54410000000007
2025-06-26,6:00,13,6.175,5.8125,0.3624999999999998
2025-06-26,6:00,14,0.0,0.0,0.0
2025-06-26,6:00,15,0.0,0.0,0.0
2025-06-26,6:00,16,0.0,0.0,0.0
2025-06-26,6:00,17,0.0,0.0,0.0
2025-06-26,6:00,18,0.0,0.0,0.0
2025-06-26,12:00,1,6617.7732,6586.3875,31.385699999999815
2025-06-26,12:00,2,6487.5307,6494.1375,6.606799999999566
2025-06-26,12:00,3,5744.1561,5696.25,47.90610000000015
2025-06-26,12:00,4,4527.8352,4429.9125,97.92270000000008
2025-06-26,12:00,5,2278.8488,2279.0625,0.21369999999978972
2025-06-26,12:00,6,1154.5798,1169.25,14.670200000000023
2025-06-26,12:00,7,5.7345,5.8125,0.07800000000000029
2025-06-26,12:00,8,0.0,0.0,0.0
2025-06-26,12:00,9,0.0,0.0,0.0
2025-06-26,12:00,10,0.0,0.0,0.0
2025-06-26,12:00,11,0.0,0.0,0.0
2025-06-26,12:00,12,0.0,0.0,0.0
2025-06-26,18:00,1,5.7529,5.8125,0.05959999999999965
2025-06-26,18:00,2,0.0,0.0,0.0
2025-06-26,18:00,3,0.0,0.0,0.0
2025-06-26,18:00,4,0.0,0.0,0.0
2025-06-26,18:00,5,0.0,0.0,0.0
2025-06-26,18:00,6,0.0,0.0,0.0
2025-06-27,0:00,1,0.0,0.0,0.0
2025-06-27,0:00,2,0.0,0.0,0.0
2025-06-27,0:00,3,0.0,0.0,0.0
2025-06-27,0:00,4,0.0,0.0,0.0
2025-06-27,0:00,5,4.3156,4.6875,0.3719000000000001
2025-06-27,0:00,6,886.216,1005.45,119.23400000000004
2025-06-27,0:00,7,2069.4776,2511.5625,442.08489999999983
2025-06-27,0:00,8,3236.6982,3661.9125,425.2143000000001
2025-06-27,0:00,9,4751.3686,5217.975,466.6064000000006
2025-06-27,0:00,10,6484.0024,6227.7,256.3024000000005
2025-06-27,0:00,11,8958.3,7885.9125,1072.387499999999
2025-06-27,0:00,12,8530.3307,7773.375,756.9557000000004
2025-06-27,0:00,13,6850.7351,7107.75,257.0149000000001
2025-06-27,0:00,14,5788.223,6260.3625,472.1395000000002
2025-06-27,0:00,15,4712.9165,5409.7875,696.8710000000001
2025-06-27,0:00,16,3066.6107,4100.1375,1033.5267999999996
2025-06-27,0:00,17,2105.5181,2454.9,349.3819000000003
2025-06-27,0:00,18,1014.2844,1035.1125,20.82809999999995
2025-06-27,0:00,19,5.108,4.875,0.23299999999999965
2025-06-27,0:00,20,0.0,0.0,0.0
2025-06-27,0:00,21,0.0,0.0,0.0
2025-06-27,0:00,22,0.0,0.0,0.0
2025-06-27,0:00,23,0.0,0.0,0.0
2025-06-27,0:00,24,0.0,0.0,0.0
2025-06-27,6:00,1,2532.2806,2511.5625,20.71810000000005
2025-06-27,6:00,2,3767.9432,3661.9125,106.03070000000025
2025-06-27,6:00,3,5449.5626,5217.975,231.58759999999984
2025-06-27,6:00,4,6426.5757,6227.7,198.8757000000005
2025-06-27,6:00,5,8407.5773,7885.9125,521.6648000000005
2025-06-27,6:00,6,7765.8807,7773.375,7.494300000000294
2025-06-27,6:00,7,6622.4814,7107.75,485.26860000000033
2025-06-27,6:00,8,5737.7964,6260.3625,522.5661
2025-06-27,6:00,9,5356.3095,5409.7875,53.478000000000065
2025-06-27,6:00,10,3955.6104,4100.1375,144.5270999999998
2025-06-27,6:00,11,2524.9417,2454.9,70.04169999999976
2025-06-27,6:00,12,1061.5133,1035.1125,26.400800000000118
2025-06-27,6:00,13,4.8922,4.875,0.017199999999999882
2025-06-27,6:00,14,0.0,0.0,0.0
2025-06-27,6:00,15,0.0,0.0,0.0
2025-06-27,6:00,16,0.0,0.0,0.0
2025-06-27,6:00,17,0.0,0.0,0.0
2025-06-27,6:00,18,0.0,0.0,0.0
2025-06-27,12:00,1,7139.4701,7107.75,31.720099999999547
2025-06-27,12:00,2,6319.23,6260.3625,58.86749999999938
2025-06-27,12:00,3,5571.6174,5409.7875,161.82989999999972
2025-06-27,12:00,4,4314.9282,4100.1375,214.79070000000047
2025-06-27,12:00,5,2655.9395,2454.9,201.03949999999986
2025-06-27,12:00,6,1032.8541,1035.1125,2.258399999999938
2025-06-27,12:00,7,4.7972,4.875,0.07779999999999987
2025-06-27,12:00,8,0.0,0.0,0.0
2025-06-27,12:00,9,0.0,0.0,0.0
2025-06-27,12:00,10,0.0,0.0,0.0
2025-06-27,12:00,11,0.0,0.0,0.0
2025-06-27,12:00,12,0.0,0.0,0.0
2025-06-27,18:00,1,4.9124,4.875,0.03739999999999988
2025-06-27,18:00,2,0.0,0.0,0.0
2025-06-27,18:00,3,0.0,0.0,0.0
2025-06-27,18:00,4,0.0,0.0,0.0
2025-06-27,18:00,5,0.0,0.0,0.0
2025-06-27,18:00,6,0.0,0.0,0.0
2025-06-28,0:00,1,0.0,0.0,0.0
2025-06-28,0:00,2,0.0,0.0,0.0
2025-06-28,0:00,3,0.0,0.0,0.0
2025-06-28,0:00,4,0.0,0.0,0.0
2025-06-28,0:00,5,4.2429,3.975,0.2678999999999996
2025-06-28,0:00,6,1173.109,1075.8,97.30899999999997
2025-06-28,0:00,7,2577.7845,2439.0375,138.7470000000003
2025-06-28,0:00,8,3622.4033,3611.3625,11.040799999999763
2025-06-28,0:00,9,4083.9964,4234.5375,150.54110000000037
2025-06-28,0:00,10,6280.1294,6157.8,122.32939999999962
2025-06-28,0:00,11,7209.7771,7524.0,314.22289999999975
2025-06-28,0:00,12,8763.0695,8459.325,303.7444999999989
2025-06-28,0:00,13,7461.434,7445.1375,16.29650000000038
2025-06-28,0:00,14,6155.2424,5571.6375,583.6049000000003
2025-06-28,0:00,15,4911.6262,4709.925,201.70119999999952
2025-06-28,0:00,16,3719.5186,3821.475,101.95640000000003
2025-06-28,0:00,17,2154.9307,2353.125,198.1943000000001
2025-06-28,0:00,18,927.6577,1168.875,241.21730000000002
2025-06-28,0:00,19,2.8446,4.3125,1.4679000000000002
2025-06-28,0:00,20,0.0,0.0,0.0
2025-06-28,0:00,21,0.0,0.0,0.0
2025-06-28,0:00,22,0.0,0.0,0.0
2025-06-28,0:00,23,0.0,0.0,0.0
2025-06-28,0:00,24,0.0,0.0,0.0
2025-06-28,6:00,1,2387.8619,2439.0375,51.17560000000003
2025-06-28,6:00,2,3471.9649,3611.3625,139.39760000000024
2025-06-28,6:00,3,4046.0129,4234.5375,188.5246000000002
2025-06-28,6:00,4,5984.8327,6157.8,172.96730000000025
2025-06-28,6:00,5,7491.2092,7524.0,32.79079999999976
2025-06-28,6:00,6,8147.4703,8459.325,311.8547000000008
2025-06-28,6:00,7,7189.0822,7445.1375,256.0553
2025-06-28,6:00,8,5252.9158,5571.6375,318.72170000000006
2025-06-28,6:00,9,4221.5171,4709.925,488.40790000000015
2025-06-28,6:00,10,3608.0589,3821.475,213.41609999999991
2025-06-28,6:00,11,2334.9499,2353.125,18.17509999999993
2025-06-28,6:00,12,1229.94,1168.875,61.065000000000055
2025-06-28,6:00,13,4.8283,4.3125,0.5157999999999996
2025-06-28,6:00,14,0.0,0.0,0.0
2025-06-28,6:00,15,0.0,0.0,0.0
2025-06-28,6:00,16,0.0,0.0,0.0
2025-06-28,6:00,17,0.0,0.0,0.0
2025-06-28,6:00,18,0.0,0.0,0.0
2025-06-28,12:00,1,7482.0533,7445.1375,36.91579999999976
2025-06-28,12:00,2,5576.8427,5571.6375,5.205200000000332
2025-06-28,12:00,3,4694.8782,4709.925,15.046800000000076
2025-06-28,12:00,4,3742.233,3821.475,79.24199999999973
2025-06-28,12:00,5,2268.7901,2353.125,84.33489999999983
2025-06-28,12:00,6,1063.4738,1168.875,105.40120000000002
2025-06-28,12:00,7,4.0118,4.3125,0.30069999999999997
2025-06-28,12:00,8,0.0,0.0,0.0
2025-06-28,12:00,9,0.0,0.0,0.0
2025-06-28,12:00,10,0.0,0.0,0.0
2025-06-28,12:00,11,0.0,0.0,0.0
2025-06-28,12:00,12,0.0,0.0,0.0
2025-06-28,18:00,1,4.3453,4.3125,0.03279999999999994
2025-06-28,18:00,2,0.0,0.0,0.0
2025-06-28,18:00,3,0.0,0.0,0.0
2025-06-28,18:00,4,0.0,0.0,0.0
2025-06-28,18:00,5,0.0,0.0,0.0
2025-06-28,18:00,6,0.0,0.0,0.0
2025-06-29,0:00,1,0.0,0.0,0.0
2025-06-29,0:00,2,0.0,0.0,0.0
2025-06-29,0:00,3,0.0,0.0,0.0
2025-06-29,0:00,4,0.0,0.0,0.0
2025-06-29,0:00,5,2.6006,2.8125,0.21189999999999998
2025-06-29,0:00,6,973.4709,1079.55,106.07909999999993
2025-06-29,0:00,7,2135.665,2428.9875,293.3225000000002
2025-06-29,0:00,8,3076.4814,3613.875,537.3935999999999
2025-06-29,0:00,9,4613.5709,4886.025,272.4540999999999
2025-06-29,0:00,10,6116.3681,6225.6375,109.26940000000013
2025-06-29,0:00,11,7563.0169,7489.0875,73.92939999999999
2025-06-29,0:00,12,7096.7205,6443.8875,652.8330000000005
2025-06-29,0:00,13,7136.3318,5959.65,1176.6818000000003
2025-06-29,0:00,14,8186.9625,6458.4375,1728.5249999999996
2025-06-29,0:00,15,6471.2985,5186.3625,1284.9359999999997
2025-06-29,0:00,16,4762.875,4111.9875,650.8874999999998
2025-06-29,0:00,17,2833.0179,2404.6875,428.3303999999998
2025-06-29,0:00,18,1345.2996,1066.725,278.57460000000015
2025-06-29,0:00,19,2.8585,2.775,0.08349999999999991
2025-06-29,0:00,20,0.0,0.0,0.0
2025-06-29,0:00,21,0.0,0.0,0.0
2025-06-29,0:00,22,0.0,0.0,0.0
2025-06-29,0:00,23,0.0,0.0,0.0
2025-06-29,0:00,24,0.0,0.0,0.0
2025-06-29,6:00,1,2431.4538,2428.9875,2.466299999999592
2025-06-29,6:00,2,3632.0584,3613.875,18.183399999999892
2025-06-29,6:00,3,4876.2663,4886.025,9.758699999999408
2025-06-29,6:00,4,6209.4124,6225.6375,16.225099999999657
2025-06-29,6:00,5,7837.1623,7489.0875,348.0748000000003
2025-06-29,6:00,6,6882.1976,6443.8875,438.3101000000006
2025-06-29,6:00,7,6391.8006,5959.65,432.15059999999994
2025-06-29,6:00,8,6838.9157,6458.4375,380.47819999999956
2025-06-29,6:00,9,5379.3991,5186.3625,193.03659999999945
2025-06-29,6:00,10,4096.3299,4111.9875,15.657600000000457
2025-06-29,6:00,11,2172.0445,2404.6875,232.64300000000003
2025-06-29,6:00,12,986.3999,1066.725,80.3250999999999
2025-06-29,6:00,13,2.7014,2.775,0.07359999999999989
2025-06-29,6:00,14,0.0,0.0,0.0
2025-06-29,6:00,15,0.0,0.0,0.0
2025-06-29,6:00,16,0.0,0.0,0.0
2025-06-29,6:00,17,0.0,0.0,0.0
2025-06-29,6:00,18,0.0,0.0,0.0
2025-06-29,12:00,1,5909.1797,5959.65,50.47029999999995
2025-06-29,12:00,2,6426.0595,6458.4375,32.3779999999997
2025-06-29,12:00,3,5171.1597,5186.3625,15.202800000000025
2025-06-29,12:00,4,4111.4102,4111.9875,0.5772999999999229
2025-06-29,12:00,5,2442.185,2404.6875,37.497499999999945
2025-06-29,12:00,6,1082.3176,1066.725,15.592600000000175
2025-06-29,12:00,7,2.824,2.775,0.04899999999999993
2025-06-29,12:00,8,0.0,0.0,0.0
2025-06-29,12:00,9,0.0,0.0,0.0
2025-06-29,12:00,10,0.0,0.0,0.0
2025-06-29,12:00,11,0.0,0.0,0.0
2025-06-29,12:00,12,0.0,0.0,0.0
2025-06-29,18:00,1,2.7536,2.775,0.021399999999999864
2025-06-29,18:00,2,0.0,0.0,0.0
2025-06-29,18:00,3,0.0,0.0,0.0
2025-06-29,18:00,4,0.0,0.0,0.0
2025-06-29,18:00,5,0.0,0.0,0.0
2025-06-29,18:00,6,0.0,0.0,0.0
2025-06-30,0:00,1,0.0,0.0,0.0
2025-06-30,0:00,2,0.0,0.0,0.0
2025-06-30,0:00,3,0.0,0.0,0.0
2025-06-30,0:00,4,0.0,0.0,0.0
2025-06-30,0:00,5,1.3188,1.275,0.04380000000000006
2025-06-30,0:00,6,990.1121,953.7,36.41210000000001
2025-06-30,0:00,7,1952.3194,1891.1625,61.15690000000018
2025-06-30,0:00,8,3565.0821,3658.5,93.41789999999992
2025-06-30,0:00,9,4862.5273,4830.075,32.45229999999992
2025-06-30,0:00,10,5804.2995,5710.575,93.72450000000026
2025-06-30,0:00,11,7570.6081,7087.2375,483.3706000000002
2025-06-30,0:00,12,6636.219,6514.4625,121.75650000000041
2025-06-30,0:00,13,6743.3452,6410.4375,332.90769999999975
2025-06-30,0:00,14,5873.3845,6476.1375,602.7529999999997
2025-06-30,0:00,15,5150.0254,5270.7,120.67459999999937
2025-06-30,0:00,16,3765.5852,3827.6625,62.07729999999992
2025-06-30,0:00,17,2357.7614,2335.95,21.81140000000005
2025-06-30,0:00,18,1240.984,1159.5375,81.44650000000001
2025-06-30,0:00,19,1.7515,1.3875,0.3640000000000001
2025-06-30,0:00,20,0.0,0.0,0.0
2025-06-30,0:00,21,0.0,0.0,0.0
2025-06-30,0:00,22,0.0,0.0,0.0
2025-06-30,0:00,23,0.0,0.0,0.0
2025-06-30,0:00,24,0.0,0.0,0.0
2025-06-30,6:00,1,1865.8007,1891.1625,25.361799999999903
2025-06-30,6:00,2,3607.8178,3658.5,50.68220000000019
2025-06-30,6:00,3,4772.2223,4830.075,57.85269999999946
2025-06-30,6:00,4,5765.8543,5710.575,55.27930000000015
2025-06-30,6:00,5,7215.285,7087.2375,128.04749999999967
2025-06-30,6:00,6,7012.9093,6514.4625,498.4468000000006
2025-06-30,6:00,7,6831.9561,6410.4375,421.51860000000033
2025-06-30,6:00,8,6871.3649,6476.1375,395.22739999999976
2025-06-30,6:00,9,5538.3783,5270.7,267.6783000000005
2025-06-30,6:00,10,3697.6294,3827.6625,130.0331000000001
2025-06-30,6:00,11,1972.6731,2335.95,363.27689999999984
2025-06-30,6:00,12,1022.3043,1159.5375,137.2331999999999
2025-06-30,6:00,13,1.1674,1.3875,0.22009999999999996
2025-06-30,6:00,14,0.0,0.0,0.0
2025-06-30,6:00,15,0.0,0.0,0.0
2025-06-30,6:00,16,0.0,0.0,0.0
2025-06-30,6:00,17,0.0,0.0,0.0
2025-06-30,6:00,18,0.0,0.0,0.0
2025-06-30,12:00,1,6431.1418,6410.4375,20.70430000000033
2025-06-30,12:00,2,6479.4896,6476.1375,3.352100000000064
2025-06-30,12:00,3,5193.5435,5270.7,77.15650000000005
2025-06-30,12:00,4,3756.647,3827.6625,71.01549999999997
2025-06-30,12:00,5,2251.2273,2335.95,84.7226999999998
2025-06-30,12:00,6,1093.5549,1159.5375,65.98259999999982
2025-06-30,12:00,7,1.3192,1.3875,0.06830000000000003
2025-06-30,12:00,8,0.0,0.0,0.0
2025-06-30,12:00,9,0.0,0.0,0.0
2025-06-30,12:00,10,0.0,0.0,0.0
2025-06-30,12:00,11,0.0,0.0,0.0
2025-06-30,12:00,12,0.0,0.0,0.0
2025-06-30,18:00,1,1.4119,1.3875,0.024399999999999977
2025-06-30,18:00,2,0.0,0.0,0.0
2025-06-30,18:00,3,0.0,0.0,0.0
2025-06-30,18:00,4,0.0,0.0,0.0
2025-06-30,18:00,5,0.0,0.0,0.0
2025-06-30,18:00,6,0.0,0.0,0.0
2025-07-01,0:00,1,0.0,0.0,0.0
2025-07-01,0:00,2,0.0,0.0,0.0
2025-07-01,0:00,3,0.0,0.0,0.0
2025-07-01,0:00,4,0.0,0.0,0.0
2025-07-01,0:00,5,0.0783,0.075,0.0032999999999999974
2025-07-01,0:00,6,1281.8689,1198.65,83.21889999999985
2025-07-01,0:00,7,2612.3201,2487.45,124.8701000000001
2025-07-01,0:00,8,3991.5105,4092.4875,100.97700000000032
2025-07-01,0:00,9,5172.3933,4847.25,325.1432999999997
2025-07-01,0:00,10,5755.6498,6113.7,358.0501999999997
2025-07-01,0:00,11,7411.1021,7547.85,136.7479000000003
2025-07-01,0:00,12,8387.9307,7206.3375,1181.5932000000012
2025-07-01,0:00,13,8849.3625,7725.675,1123.687499999999
2025-07-01,0:00,14,6865.581,6725.9625,139.6185000000005
2025-07-01,0:00,15,6674.5546,5542.3125,1132.2421000000004
2025-07-01,0:00,16,4762.875,4566.75,196.125
2025-07-01,0:00,17,2809.3084,2821.2375,11.92910000000029
2025-07-01,0:00,18,1321.2205,1306.05,15.170499999999947
2025-07-01,0:00,19,0.0833,0.075,0.008300000000000002
2025-07-01,0:00,20,0.0,0.0,0.0
2025-07-01,0:00,21,0.0,0.0,0.0
2025-07-01,0:00,22,0.0,0.0,0.0
2025-07-01,0:00,23,0.0,0.0,0.0
2025-07-01,0:00,24,0.0,0.0,0.0
2025-07-01,6:00,1,2464.012,2487.45,23.437999999999647
2025-07-01,6:00,2,4008.3284,4092.4875,84.15910000000031
2025-07-01,6:00,3,4692.1465,4847.25,155.10350000000017
2025-07-01,6:00,4,5949.8648,6113.7,163.83519999999953
2025-07-01,6:00,5,7469.0459,7547.85,78.80410000000029
2025-07-01,6:00,6,7605.6212,7206.3375,399.28369999999995
2025-07-01,6:00,7,8078.6524,7725.675,352.97739999999976
2025-07-01,6:00,8,7407.0143,6725.9625,681.0518000000002
2025-07-01,6:00,9,5888.3239,5542.3125,346.0114000000003
2025-07-01,6:00,10,4592.0717,4566.75,25.32170000000042
2025-07-01,6:00,11,2641.1847,2821.2375,180.0528000000004
2025-07-01,6:00,12,1208.8415,1306.05,97.20849999999996
2025-07-01,6:00,13,0.0621,0.075,0.012899999999999995
2025-07-01,6:00,14,0.0,0.0,0.0
2025-07-01,6:00,15,0.0,0.0,0.0
2025-07-01,6:00,16,0.0,0.0,0.0
2025-07-01,6:00,17,0.0,0.0,0.0
2025-07-01,6:00,18,0.0,0.0,0.0
2025-07-01,12:00,1,7886.7063,7725.675,161.03129999999965
2025-07-01,12:00,2,6932.3868,6725.9625,206.42430000000058
2025-07-01,12:00,3,5757.0971,5542.3125,214.78459999999995
2025-07-01,12:00,4,4417.6195,4566.75,149.1305000000002
2025-07-01,12:00,5,2838.9153,2821.2375,17.677799999999934
2025-07-01,12:00,6,1295.9873,1306.05,10.06269999999995
2025-07-01,12:00,7,0.0743,0.075,0.0006999999999999923
2025-07-01,12:00,8,0.0,0.0,0.0
2025-07-01,12:00,9,0.0,0.0,0.0
2025-07-01,12:00,10,0.0,0.0,0.0
2025-07-01,12:00,11,0.0,0.0,0.0
2025-07-01,12:00,12,0.0,0.0,0.0
2025-07-01,18:00,1,0.0735,0.075,0.0015000000000000013
2025-07-01,18:00,2,0.0,0.0,0.0
2025-07-01,18:00,3,0.0,0.0,0.0
2025-07-01,18:00,4,0.0,0.0,0.0
2025-07-01,18:00,5,0.0,0.0,0.0
2025-07-01,18:00,6,0.0,0.0,0.0
2025-07-02,0:00,1,0.0,0.0,0.0
2025-07-02,0:00,2,0.0,0.0,0.0
2025-07-02,0:00,3,0.0,0.0,0.0
2025-07-02,0:00,4,0.0,0.0,0.0
2025-07-02,0:00,5,0.0,0.0,0.0
2025-07-02,0:00,6,1198.1741,1250.2125,52.03840000000014
2025-07-02,0:00,7,2708.9934,2785.3125,76.31910000000016
2025-07-02,0:00,8,4434.2509,4571.1,136.84910000000036
2025-07-02,0:00,9,5607.7873,5888.0625,280.27520000000004
2025-07-02,0:00,10,7079.4916,7405.575,326.08339999999953
2025-07-02,0:00,11,8696.5222,8230.4625,466.0596999999998
2025-07-02,0:00,12,8346.0984,7752.375,593.7234000000008
2025-07-02,0:00,13,8849.3625,7875.6375,973.7249999999995
2025-07-02,0:00,14,8186.9625,7834.3125,352.64999999999964
2025-07-02,0:00,15,6793.5375,6793.5375,0.0
2025-07-02,0:00,16,4015.4699,4103.925,88.45510000000013
2025-07-02,0:00,17,2652.1146,2935.2375,283.1229000000003
2025-07-02,0:00,18,1142.2872,1291.2,148.91280000000006
2025-07-02,0:00,19,0.0,0.0,0.0
2025-07-02,0:00,20,0.0,0.0,0.0
2025-07-02,0:00,21,0.0,0.0,0.0
2025-07-02,0:00,22,0.0,0.0,0.0
2025-07-02,0:00,23,0.0,0.0,0.0
2025-07-02,0:00,24,0.0,0.0,0.0
2025-07-02,6:00,1,2784.4201,2785.3125,0.8924000000001797
2025-07-02,6:00,2,4634.7966,4571.1,63.69659999999931
2025-07-02,6:00,3,5965.7096,5888.0625,77.64710000000014
2025-07-02,6:00,4,7446.0144,7405.575,40.439400000000205
2025-07-02,6:00,5,8395.2288,8230.4625,164.76630000000114
2025-07-02,6:00,6,7886.2573,7752.375,133.8823000000002
2025-07-02,6:00,7,7864.5911,7875.6375,11.046400000000176
2025-07-02,6:00,8,7859.6975,7834.3125,25.38500000000022
2025-07-02,6:00,9,6629.6924,6793.5375,163.84510000000046
2025-07-02,6:00,10,4147.8453,4103.925,43.92029999999977
2025-07-02,6:00,11,2935.2375,2935.2375,0.0
2025-07-02,6:00,12,1357.125,1291.2,65.92499999999995
2025-07-02,6:00,13,0.0,0.0,0.0
2025-07-02,6:00,14,0.0,0.0,0.0
2025-07-02,6:00,15,0.0,0.0,0.0
2025-07-02,6:00,16,0.0,0.0,0.0
2025-07-02,6:00,17,0.0,0.0,0.0
2025-07-02,6:00,18,0.0,0.0,0.0
2025-07-02,12:00,1,7856.5685,7875.6375,19.068999999999505
2025-07-02,12:00,2,7799.9711,7834.3125,34.34140000000025
2025-07-02,12:00,3,6793.5375,6793.5375,0.0
2025-07-02,12:00,4,4192.7305,4103.925,88.80549999999948
2025-07-02,12:00,5,2935.2375,2935.2375,0.0
2025-07-02,12:00,6,1345.8579,1291.2,54.65789999999993
2025-07-02,12:00,7,0.0,0.0,0.0
2025-07-02,12:00,8,0.0,0.0,0.0
2025-07-02,12:00,9,0.0,0.0,0.0
2025-07-02,12:00,10,0.0,0.0,0.0
2025-07-02,12:00,11,0.0,0.0,0.0
2025-07-02,12:00,12,0.0,0.0,0.0
2025-07-02,18:00,1,0.0,0.0,0.0
2025-07-02,18:00,2,0.0,0.0,0.0
2025-07-02,18:00,3,0.0,0.0,0.0
2025-07-02,18:00,4,0.0,0.0,0.0
2025-07-02,18:00,5,0.0,0.0,0.0
2025-07-02,18:00,6,0.0,0.0,0.0
2025-07-03,0:00,1,0.0,0.0,0.0
2025-07-03,0:00,2,0.0,0.0,0.0
2025-07-03,0:00,3,0.0,0.0,0.0
2025-07-03,0:00,4,0.0,0.0,0.0
2025-07-03,0:00,5,0.0,0.0,0.0
2025-07-03,0:00,6,1161.1786,1291.8,130.6214
2025-07-03,0:00,7,2600.7164,2685.6,84.88360000000011
2025-07-03,0:00,8,3247.2995,3534.4125,287.11299999999983
2025-07-03,0:00,9,4986.6303,5189.325,202.6947
2025-07-03,0:00,10,6520.9917,6403.575,117.41669999999976
2025-07-03,0:00,11,7616.3513,7131.7125,484.63880000000063
2025-07-03,0:00,12,6798.3792,7047.8625,249.48329999999987
2025-07-03,0:00,13,8671.911,7596.0,1075.911
2025-07-03,0:00,14,6764.8282,6469.9125,294.91569999999956
2025-07-03,0:00,15,5229.6468,5404.125,174.47819999999956
2025-07-03,0:00,16,4115.7959,4206.3,90.50410000000011
2025-07-03,0:00,17,2746.0911,2629.425,116.66609999999991
2025-07-03,0:00,18,1084.3868,1207.8375,123.4507000000001
2025-07-03,0:00,19,0.0,0.0,0.0
2025-07-03,0:00,20,0.0,0.0,0.0
2025-07-03,0:00,21,0.0,0.0,0.0
2025-07-03,0:00,22,0.0,0.0,0.0
2025-07-03,0:00,23,0.0,0.0,0.0
2025-07-03,0:00,24,0.0,0.0,0.0
2025-07-03,6:00,1,2625.3146,2685.6,60.285399999999754
2025-07-03,6:00,2,3391.0078,3534.4125,143.40470000000005
2025-07-03,6:00,3,4979.3094,5189.325,210.01559999999972
2025-07-03,6:00,4,6109.0813,6403.575,294.4937
2025-07-03,6:00,5,6799.8527,7131.7125,331.85979999999927
2025-07-03,6:00,6,6888.8182,7047.8625,159.04430000000048
2025-07-03,6:00,7,7394.7665,7596.0,201.23350000000028
2025-07-03,6:00,8,6145.2658,6469.9125,324.64670000000024
2025-07-03,6:00,9,5550.1988,5404.125,146.07380000000012
2025-07-03,6:00,10,4231.8537,4206.3,25.55369999999948
2025-07-03,6:00,11,2505.3992,2629.425,124.02580000000034
2025-07-03,6:00,12,1271.5855,1207.8375,63.74799999999982
2025-07-03,6:00,13,0.0,0.0,0.0
2025-07-03,6:00,14,0.0,0.0,0.0
2025-07-03,6:00,15,0.0,0.0,0.0
2025-07-03,6:00,16,0.0,0.0,0.0
2025-07-03,6:00,17,0.0,0.0,0.0
2025-07-03,6:00,18,0.0,0.0,0.0
2025-07-03,12:00,1,7690.39,7596.0,94.39000000000033
2025-07-03,12:00,2,6598.9258,6469.9125,129.01329999999962
2025-07-03,12:00,3,5524.0824,5404.125,119.95740000000023
2025-07-03,12:00,4,4409.6719,4206.3,203.3719000000001
2025-07-03,12:00,5,2725.1435,2629.425,95.71849999999995
2025-07-03,12:00,6,1172.3762,1207.8375,35.461300000000165
2025-07-03,12:00,7,0.0,0.0,0.0
2025-07-03,12:00,8,0.0,0.0,0.0
2025-07-03,12:00,9,0.0,0.0,0.0
2025-07-03,12:00,10,0.0,0.0,0.0
2025-07-03,12:00,11,0.0,0.0,0.0
2025-07-03,12:00,12,0.0,0.0,0.0
2025-07-03,18:00,1,0.0,0.0,0.0
2025-07-03,18:00,2,0.0,0.0,0.0
2025-07-03,18:00,3,0.0,0.0,0.0
2025-07-03,18:00,4,0.0,0.0,0.0
2025-07-03,18:00,5,0.0,0.0,0.0
2025-07-03,18:00,6,0.0,0.0,0.0
2025-07-04,0:00,1,0.0,0.0,0.0
2025-07-04,0:00,2,0.0,0.0,0.0
2025-07-04,0:00,3,0.0,0.0,0.0
2025-07-04,0:00,4,0.0,0.0,0.0
2025-07-04,0:00,5,0.0,0.0,0.0
2025-07-04,0:00,6,1228.3186,1254.9375,26.61889999999994
2025-07-04,0:00,7,2512.8466,2691.1125,178.26590000000033
2025-07-04,0:00,8,4171.3751,4156.6125,14.76260000000002
2025-07-04,0:00,9,4947.829,5243.8125,295.9835000000003
2025-07-04,0:00,10,7300.7602,7062.1875,238.5726999999997
2025-07-04,0:00,11,8572.1074,8446.5375,125.56990000000042
2025-07-04,0:00,12,9232.1146,8474.4375,757.6771000000008
2025-07-04,0:00,13,8849.3625,7980.8625,868.4999999999991
2025-07-04,0:00,14,8058.8662,6505.35,1553.5162
2025-07-04,0:00,15,6107.7213,5527.425,580.2963
2025-07-04,0:00,16,4762.875,4208.625,554.25
2025-07-04,0:00,17,2935.2375,2755.2,180.03750000000036
2025-07-04,0:00,18,1288.5144,1357.125,68.61059999999998
2025-07-04,0:00,19,0.0,0.0,0.0
2025-07-04,0:00,20,0.0,0.0,0.0
2025-07-04,0:00,21,0.0,0.0,0.0
2025-07-04,0:00,22,0.0,0.0,0.0
2025-07-04,0:00,23,0.0,0.0,0.0
2025-07-04,0:00,24,0.0,0.0,0.0
2025-07-04,6:00,1,2684.0622,2691.1125,7.050300000000334
2025-07-04,6:00,2,4159.22,4156.6125,2.6075000000000728
2025-07-04,6:00,3,5225.8236,5243.8125,17.988900000000285
2025-07-04,6:00,4,6898.1341,7062.1875,164.05339999999978
2025-07-04,6:00,5,8125.8547,8446.5375,320.6828000000005
2025-07-04,6:00,6,8152.8075,8474.4375,321.6300000000001
2025-07-04,6:00,7,7364.0126,7980.8625,616.8499000000002
2025-07-04,6:00,8,5886.0958,6505.35,619.2542000000003
2025-07-04,6:00,9,5149.2605,5527.425,378.16449999999986
2025-07-04,6:00,10,3942.7511,4208.625,265.87390000000005
2025-07-04,6:00,11,2572.2215,2755.2,182.9784999999997
2025-07-04,6:00,12,1357.125,1357.125,0.0
2025-07-04,6:00,13,0.0,0.0,0.0
2025-07-04,6:00,14,0.0,0.0,0.0
2025-07-04,6:00,15,0.0,0.0,0.0
2025-07-04,6:00,16,0.0,0.0,0.0
2025-07-04,6:00,17,0.0,0.0,0.0
2025-07-04,6:00,18,0.0,0.0,0.0
2025-07-04,12:00,1,7982.2956,7980.8625,1.433100000000195
2025-07-04,12:00,2,6555.0754,6505.35,49.725399999999354
2025-07-04,12:00,3,5597.9106,5527.425,70.48559999999998
2025-07-04,12:00,4,4364.3001,4208.625,155.67510000000038
2025-07-04,12:00,5,2935.2375,2755.2,180.03750000000036
2025-07-04,12:00,6,1357.125,1357.125,0.0
2025-07-04,12:00,7,0.0,0.0,0.0
2025-07-04,12:00,8,0.0,0.0,0.0
2025-07-04,12:00,9,0.0,0.0,0.0
2025-07-04,12:00,10,0.0,0.0,0.0
2025-07-04,12:00,11,0.0,0.0,0.0
2025-07-04,12:00,12,0.0,0.0,0.0
2025-07-04,18:00,1,0.0,0.0,0.0
2025-07-04,18:00,2,0.0,0.0,0.0
2025-07-04,18:00,3,0.0,0.0,0.0
2025-07-04,18:00,4,0.0,0.0,0.0
2025-07-04,18:00,5,0.0,0.0,0.0
2025-07-04,18:00,6,0.0,0.0,0.0
2025-07-05,0:00,1,0.0,0.0,0.0
2025-07-05,0:00,2,0.0,0.0,0.0
2025-07-05,0:00,3,0.0,0.0,0.0
2025-07-05,0:00,4,0.0,0.0,0.0
2025-07-05,0:00,5,0.0,0.0,0.0
2025-07-05,0:00,6,1013.7854,1038.75,24.96460000000002
2025-07-05,0:00,7,2518.322,2585.2875,66.96549999999979
2025-07-05,0:00,8,4199.5847,4383.975,184.39030000000002
2025-07-05,0:00,9,5461.0489,5920.8,459.7511000000004
2025-07-05,0:00,10,7850.775,7725.7125,125.0625
2025-07-05,0:00,11,8770.8236,8259.0,511.8235999999997
2025-07-05,0:00,12,9239.3683,8386.8375,852.5308000000005
2025-07-05,0:00,13,8849.3625,8628.5625,220.79999999999927
2025-07-05,0:00,14,8186.9625,7346.7375,840.2249999999995
2025-07-05,0:00,15,6261.6835,5525.1375,736.5460000000003
2025-07-05,0:00,16,4555.4045,4240.05,315.35449999999946
2025-07-05,0:00,17,2789.1048,2641.9125,147.19230000000016
2025-07-05,0:00,18,1154.0923,1254.45,100.35770000000002
2025-07-05,0:00,19,0.0,0.0,0.0
2025-07-05,0:00,20,0.0,0.0,0.0
2025-07-05,0:00,21,0.0,0.0,0.0
2025-07-05,0:00,22,0.0,0.0,0.0
2025-07-05,0:00,23,0.0,0.0,0.0
2025-07-05,0:00,24,0.0,0.0,0.0
2025-07-05,6:00,1,2560.5823,2585.2875,24.705199999999877
2025-07-05,6:00,2,4285.3571,4383.975,98.61790000000019
2025-07-05,6:00,3,5897.9963,5920.8,22.80370000000039
2025-07-05,6:00,4,7712.8216,7725.7125,12.89089999999942
2025-07-05,6:00,5,7913.2353,8259.0,345.7646999999997
2025-07-05,6:00,6,8295.4065,8386.8375,91.4310000000005
2025-07-05,6:00,7,8554.0412,8628.5625,74.52130000000034
2025-07-05,6:00,8,7010.7836,7346.7375,335.95390000000043
2025-07-05,6:00,9,5391.4414,5525.1375,133.69610000000011
2025-07-05,6:00,10,4452.4492,4240.05,212.39919999999984
2025-07-05,6:00,11,2834.4083,2641.9125,192.49580000000014
2025-07-05,6:00,12,1357.125,1254.45,102.67499999999995
2025-07-05,6:00,13,0.0,0.0,0.0
2025-07-05,6:00,14,0.0,0.0,0.0
2025-07-05,6:00,15,0.0,0.0,0.0
2025-07-05,6:00,16,0.0,0.0,0.0
2025-07-05,6:00,17,0.0,0.0,0.0
2025-07-05,6:00,18,0.0,0.0,0.0
2025-07-05,12:00,1,8694.4099,8628.5625,65.84740000000056
2025-07-05,12:00,2,7522.1331,7346.7375,175.39559999999983
2025-07-05,12:00,3,5714.0562,5525.1375,188.91870000000017
2025-07-05,12:00,4,4331.9768,4240.05,91.92680000000018
2025-07-05,12:00,5,2714.0175,2641.9125,72.10500000000002
2025-07-05,12:00,6,1326.9874,1254.45,72.53739999999993
2025-07-05,12:00,7,0.0,0.0,0.0
2025-07-05,12:00,8,0.0,0.0,0.0
2025-07-05,12:00,9,0.0,0.0,0.0
2025-07-05,12:00,10,0.0,0.0,0.0
2025-07-05,12:00,11,0.0,0.0,0.0
2025-07-05,12:00,12,0.0,0.0,0.0
2025-07-05,18:00,1,0.0,0.0,0.0
2025-07-05,18:00,2,0.0,0.0,0.0
2025-07-05,18:00,3,0.0,0.0,0.0
2025-07-05,18:00,4,0.0,0.0,0.0
2025-07-05,18:00,5,0.0,0.0,0.0
2025-07-05,18:00,6,0.0,0.0,0.0
2025-07-06,0:00,1,0.0,0.0,0.0
2025-07-06,0:00,2,0.0,0.0,0.0
2025-07-06,0:00,3,0.0,0.0,0.0
2025-07-06,0:00,4,0.0,0.0,0.0
2025-07-06,0:00,5,0.0,0.0,0.0
2025-07-06,0:00,6,1100.4697,1120.1625,19.692799999999806
2025-07-06,0:00,7,2977.6636,2816.775,160.88859999999977
2025-07-06,0:00,8,4706.0159,4373.9625,332.0534000000007
2025-07-06,0:00,9,6408.2564,5576.8875,831.3689000000004
2025-07-06,0:00,10,7850.775,6605.55,1245.2249999999995
2025-07-06,0:00,11,8958.3,7895.775,1062.5249999999996
2025-07-06,0:00,12,9033.0316,8076.1125,956.9191000000001
2025-07-06,0:00,13,7390.4327,6838.0875,552.3452000000007
2025-07-06,0:00,14,5952.238,5965.95,13.711999999999534
2025-07-06,0:00,15,4979.9088,4949.1,30.808799999999792
2025-07-06,0:00,16,3944.3676,3676.05,268.31759999999986
2025-07-06,0:00,17,2743.9098,2206.5375,537.3723
2025-07-06,0:00,18,1357.125,1125.075,232.04999999999995
2025-07-06,0:00,19,0.0,0.0,0.0
2025-07-06,0:00,20,0.0,0.0,0.0
2025-07-06,0:00,21,0.0,0.0,0.0
2025-07-06,0:00,22,0.0,0.0,0.0
2025-07-06,0:00,23,0.0,0.0,0.0
2025-07-06,0:00,24,0.0,0.0,0.0
2025-07-06,6:00,1,2793.2161,2816.775,23.558899999999994
2025-07-06,6:00,2,4232.3014,4373.9625,141.66109999999935
2025-07-06,6:00,3,5290.1684,5576.8875,286.71910000000025
2025-07-06,6:00,4,6199.1593,6605.55,406.3906999999999
2025-07-06,6:00,5,7417.6366,7895.775,478.1383999999998
2025-07-06,6:00,6,7584.2456,8076.1125,491.8669
2025-07-06,6:00,7,6936.7314,6838.0875,98.64390000000003
2025-07-06,6:00,8,6253.3647,5965.95,287.41470000000027
2025-07-06,6:00,9,4859.9049,4949.1,89.19509999999991
2025-07-06,6:00,10,3679.2005,3676.05,3.150499999999738
2025-07-06,6:00,11,2270.5126,2206.5375,63.97510000000011
2025-07-06,6:00,12,983.5046,1125.075,141.57040000000006
2025-07-06,6:00,13,0.0,0.0,0.0
2025-07-06,6:00,14,0.0,0.0,0.0
2025-07-06,6:00,15,0.0,0.0,0.0
2025-07-06,6:00,16,0.0,0.0,0.0
2025-07-06,6:00,17,0.0,0.0,0.0
2025-07-06,6:00,18,0.0,0.0,0.0
2025-07-06,12:00,1,6841.4107,6838.0875,3.3232000000007247
2025-07-06,12:00,2,5955.6455,5965.95,10.30450000000019
2025-07-06,12:00,3,4947.3788,4949.1,1.7211999999999534
2025-07-06,12:00,4,3572.7218,3676.05,103.32820000000038
2025-07-06,12:00,5,2116.2169,2206.5375,90.32060000000001
2025-07-06,12:00,6,1116.1889,1125.075,8.886099999999942
2025-07-06,12:00,7,0.0,0.0,0.0
2025-07-06,12:00,8,0.0,0.0,0.0
2025-07-06,12:00,9,0.0,0.0,0.0
2025-07-06,12:00,10,0.0,0.0,0.0
2025-07-06,12:00,11,0.0,0.0,0.0
2025-07-06,12:00,12,0.0,0.0,0.0
2025-07-06,18:00,1,0.0,0.0,0.0
2025-07-06,18:00,2,0.0,0.0,0.0
2025-07-06,18:00,3,0.0,0.0,0.0
2025-07-06,18:00,4,0.0,0.0,0.0
2025-07-06,18:00,5,0.0,0.0,0.0
2025-07-06,18:00,6,0.0,0.0,0.0
2025-07-07,0:00,1,0.0,0.0,0.0
2025-07-07,0:00,2,0.0,0.0,0.0
2025-07-07,0:00,3,0.0,0.0,0.0
2025-07-07,0:00,4,0.0,0.0,0.0
2025-07-07,0:00,5,0.0,0.0,0.0
2025-07-07,0:00,6,1281.046,1316.925,35.878999999999905
2025-07-07,0:00,7,2924.5437,3042.4125,117.86879999999974
2025-07-07,0:00,8,4995.4125,4995.4125,0.0
2025-07-07,0:00,9,6331.0671,6090.7875,240.27959999999985
2025-07-07,0:00,10,7323.0118,7200.825,122.1868000000004
2025-07-07,0:00,11,7413.8342,7469.625,55.79079999999976
2025-07-07,0:00,12,8038.6373,8283.0,244.36269999999968
2025-07-07,0:00,13,7780.1116,7678.275,101.83660000000054
2025-07-07,0:00,14,6836.6335,7338.9375,502.3040000000001
2025-07-07,0:00,15,5408.3244,5978.325,570.0005999999994
2025-07-07,0:00,16,4377.4768,4419.5625,42.08569999999963
2025-07-07,0:00,17,2558.8973,2706.8625,147.9652000000001
2025-07-07,0:00,18,1081.5686,1264.9125,183.34389999999985
2025-07-07,0:00,19,0.0,0.0,0.0
2025-07-07,0:00,20,0.0,0.0,0.0
2025-07-07,0:00,21,0.0,0.0,0.0
2025-07-07,0:00,22,0.0,0.0,0.0
2025-07-07,0:00,23,0.0,0.0,0.0
2025-07-07,0:00,24,0.0,0.0,0.0
2025-07-07,6:00,1,3054.8625,3042.4125,12.450000000000273
2025-07-07,6:00,2,4995.4125,4995.4125,0.0
2025-07-07,6:00,3,6318.5324,6090.7875,227.7448999999997
2025-07-07,6:00,4,7462.0286,7200.825,261.2035999999998
2025-07-07,6:00,5,7632.768,7469.625,163.14300000000003
2025-07-07,6:00,6,8170.1493,8283.0,112.85069999999996
2025-07-07,6:00,7,7821.3835,7678.275,143.10850000000028
2025-07-07,6:00,8,7643.7955,7338.9375,304.8580000000002
2025-07-07,6:00,9,6206.1601,5978.325,227.83510000000024
2025-07-07,6:00,10,4767.4327,4419.5625,347.8702000000003
2025-07-07,6:00,11,2935.2375,2706.8625,228.375
2025-07-07,6:00,12,1357.125,1264.9125,92.21250000000009
2025-07-07,6:00,13,0.0,0.0,0.0
2025-07-07,6:00,14,0.0,0.0,0.0
2025-07-07,6:00,15,0.0,0.0,0.0
2025-07-07,6:00,16,0.0,0.0,0.0
2025-07-07,6:00,17,0.0,0.0,0.0
2025-07-07,6:00,18,0.0,0.0,0.0
2025-07-07,12:00,1,7647.8053,7678.275,30.469699999999648
2025-07-07,12:00,2,7288.4184,7338.9375,50.519100000000435
2025-07-07,12:00,3,5795.221,5978.325,183.10400000000027
2025-07-07,12:00,4,4079.0323,4419.5625,340.53020000000015
2025-07-07,12:00,5,2408.269,2706.8625,298.5935000000004
2025-07-07,12:00,6,1157.8134,1264.9125,107.09909999999991
2025-07-07,12:00,7,0.0,0.0,0.0
2025-07-07,12:00,8,0.0,0.0,0.0
2025-07-07,12:00,9,0.0,0.0,0.0
2025-07-07,12:00,10,0.0,0.0,0.0
2025-07-07,12:00,11,0.0,0.0,0.0
2025-07-07,12:00,12,0.0,0.0,0.0
2025-07-07,18:00,1,0.0,0.0,0.0
2025-07-07,18:00,2,0.0,0.0,0.0
2025-07-07,18:00,3,0.0,0.0,0.0
2025-07-07,18:00,4,0.0,0.0,0.0
2025-07-07,18:00,5,0.0,0.0,0.0
2025-07-07,18:00,6,0.0,0.0,0.0
2025-07-08,0:00,1,0.0,0.0,0.0
2025-07-08,0:00,2,0.0,0.0,0.0
2025-07-08,0:00,3,0.0,0.0,0.0
2025-07-08,0:00,4,0.0,0.0,0.0
2025-07-08,0:00,5,0.0,0.0,0.0
2025-07-08,0:00,6,1050.5489,1035.7125,14.836399999999912
2025-07-08,0:00,7,2605.5632,2417.7,187.86320000000023
2025-07-08,0:00,8,3883.889,3970.5,86.61099999999988
2025-07-08,0:00,9,5339.4624,5701.425,361.96259999999984
2025-07-08,0:00,10,6201.8965,6888.375,686.4785000000002
2025-07-08,0:00,11,7883.0292,8041.05,158.02080000000024
2025-07-08,0:00,12,8119.0734,8989.425,870.351599999999
2025-07-08,0:00,13,7580.3547,8626.6875,1046.3328000000001
2025-07-08,0:00,14,6856.6043,7433.175,576.5707000000002
2025-07-08,0:00,15,5945.7922,5478.8625,466.9296999999997
2025-07-08,0:00,16,3903.7644,3583.8,319.96439999999984
2025-07-08,0:00,17,2602.0364,2473.35,128.68640000000005
2025-07-08,0:00,18,1112.4614,936.2625,176.19889999999987
2025-07-08,0:00,19,0.0,0.0,0.0
2025-07-08,0:00,20,0.0,0.0,0.0
2025-07-08,0:00,21,0.0,0.0,0.0
2025-07-08,0:00,22,0.0,0.0,0.0
2025-07-08,0:00,23,0.0,0.0,0.0
2025-07-08,0:00,24,0.0,0.0,0.0
2025-07-08,6:00,1,2412.6314,2417.7,5.068599999999606
2025-07-08,6:00,2,3960.6414,3970.5,9.858600000000024
2025-07-08,6:00,3,5650.8287,5701.425,50.596300000000156
2025-07-08,6:00,4,6960.2246,6888.375,71.84959999999955
2025-07-08,6:00,5,7892.209,8041.05,148.84100000000035
2025-07-08,6:00,6,9008.1538,8989.425,18.728800000000774
2025-07-08,6:00,7,8849.3625,8626.6875,222.67499999999927
2025-07-08,6:00,8,7954.4115,7433.175,521.2365
2025-07-08,6:00,9,5698.359,5478.8625,219.4965000000002
2025-07-08,6:00,10,3962.3482,3583.8,378.5481999999997
2025-07-08,6:00,11,2777.8701,2473.35,304.5201000000002
2025-07-08,6:00,12,897.2532,936.2625,39.00930000000005
2025-07-08,6:00,13,0.0,0.0,0.0
2025-07-08,6:00,14,0.0,0.0,0.0
2025-07-08,6:00,15,0.0,0.0,0.0
2025-07-08,6:00,16,0.0,0.0,0.0
2025-07-08,6:00,17,0.0,0.0,0.0
2025-07-08,6:00,18,0.0,0.0,0.0
2025-07-08,12:00,1,8568.3125,8626.6875,58.375
2025-07-08,12:00,2,7447.2228,7433.175,14.04779999999937
2025-07-08,12:00,3,5478.766,5478.8625,0.09650000000056025
2025-07-08,12:00,4,3476.8138,3583.8,106.98620000000028
2025-07-08,12:00,5,2432.8408,2473.35,40.509199999999964
2025-07-08,12:00,6,950.5802,936.2625,14.317699999999945
2025-07-08,12:00,7,0.0,0.0,0.0
2025-07-08,12:00,8,0.0,0.0,0.0
2025-07-08,12:00,9,0.0,0.0,0.0
2025-07-08,12:00,10,0.0,0.0,0.0
2025-07-08,12:00,11,0.0,0.0,0.0
2025-07-08,12:00,12,0.0,0.0,0.0
2025-07-08,18:00,1,0.0,0.0,0.0
2025-07-08,18:00,2,0.0,0.0,0.0
2025-07-08,18:00,3,0.0,0.0,0.0
2025-07-08,18:00,4,0.0,0.0,0.0
2025-07-08,18:00,5,0.0,0.0,0.0
2025-07-08,18:00,6,0.0,0.0,0.0
2025-07-09,0:00,1,0.0,0.0,0.0
2025-07-09,0:00,2,0.0,0.0,0.0
2025-07-09,0:00,3,0.0,0.0,0.0
2025-07-09,0:00,4,0.0,0.0,0.0
2025-07-09,0:00,5,0.0,0.0,0.0
2025-07-09,0:00,6,1130.0107,1101.675,28.335700000000088
2025-07-09,0:00,7,2315.2168,2513.25,198.03319999999985
2025-07-09,0:00,8,3867.6546,4060.3875,192.73289999999997
2025-07-09,0:00,9,5645.1143,5923.2,278.08569999999963
2025-07-09,0:00,10,7389.9539,7821.9375,431.98359999999957
2025-07-09,0:00,11,7102.8659,7616.925,514.0591000000004
2025-07-09,0:00,12,7609.6147,7999.875,390.2602999999999
2025-07-09,0:00,13,7508.7542,7745.1,236.34580000000005
2025-07-09,0:00,14,6570.2264,6993.7125,423.4861000000001
2025-07-09,0:00,15,4862.495,6021.3,1158.8050000000003
2025-07-09,0:00,16,4566.3118,4762.875,196.5631999999996
2025-07-09,0:00,17,2825.0531,2652.225,172.82810000000018
2025-07-09,0:00,18,1326.584,1167.3,159.2840000000001
2025-07-09,0:00,19,0.0,0.0,0.0
2025-07-09,0:00,20,0.0,0.0,0.0
2025-07-09,0:00,21,0.0,0.0,0.0
2025-07-09,0:00,22,0.0,0.0,0.0
2025-07-09,0:00,23,0.0,0.0,0.0
2025-07-09,0:00,24,0.0,0.0,0.0
2025-07-09,6:00,1,2516.8917,2513.25,3.641700000000128
2025-07-09,6:00,2,4039.3677,4060.3875,21.019800000000032
2025-07-09,6:00,3,5881.546,5923.2,41.65399999999954
2025-07-09,6:00,4,7482.2112,7821.9375,339.72630000000026
2025-07-09,6:00,5,7227.5529,7616.925,389.3721000000005
2025-07-09,6:00,6,7514.4124,7999.875,485.46259999999984
2025-07-09,6:00,7,7210.8025,7745.1,534.2975000000006
2025-07-09,6:00,8,6569.4234,6993.7125,424.28909999999996
2025-07-09,6:00,9,5941.1327,6021.3,80.16730000000007
2025-07-09,6:00,10,4850.4692,4762.875,87.59419999999955
2025-07-09,6:00,11,2871.8757,2652.225,219.65070000000014
2025-07-09,6:00,12,1332.3417,1167.3,165.0417
2025-07-09,6:00,13,0.0,0.0,0.0
2025-07-09,6:00,14,0.0,0.0,0.0
2025-07-09,6:00,15,0.0,0.0,0.0
2025-07-09,6:00,16,0.0,0.0,0.0
2025-07-09,6:00,17,0.0,0.0,0.0
2025-07-09,6:00,18,0.0,0.0,0.0
2025-07-09,12:00,1,7815.9503,7745.1,70.85030000000006
2025-07-09,12:00,2,7062.5637,6993.7125,68.85120000000006
2025-07-09,12:00,3,6112.7619,6021.3,91.46190000000024
2025-07-09,12:00,4,4674.1506,4762.875,88.72440000000006
2025-07-09,12:00,5,2620.0207,2652.225,32.204299999999876
2025-07-09,12:00,6,1080.1541,1167.3,87.14589999999998
2025-07-09,12:00,7,0.0,0.0,0.0
2025-07-09,12:00,8,0.0,0.0,0.0
2025-07-09,12:00,9,0.0,0.0,0.0
2025-07-09,12:00,10,0.0,0.0,0.0
2025-07-09,12:00,11,0.0,0.0,0.0
2025-07-09,12:00,12,0.0,0.0,0.0
2025-07-09,18:00,1,0.0,0.0,0.0
2025-07-09,18:00,2,0.0,0.0,0.0
2025-07-09,18:00,3,0.0,0.0,0.0
2025-07-09,18:00,4,0.0,0.0,0.0
2025-07-09,18:00,5,0.0,0.0,0.0
2025-07-09,18:00,6,0.0,0.0,0.0
2025-07-10,0:00,1,0.0,0.0,0.0
2025-07-10,0:00,2,0.0,0.0,0.0
2025-07-10,0:00,3,0.0,0.0,0.0
2025-07-10,0:00,4,0.0,0.0,0.0
2025-07-10,0:00,5,0.0,0.0,0.0
2025-07-10,0:00,6,1236.3279,1202.25,34.0779
2025-07-10,0:00,7,3054.8625,3049.1625,5.700000000000273
2025-07-10,0:00,8,4561.6493,4224.3,337.34929999999986
2025-07-10,0:00,9,5832.6926,5416.4625,416.2301000000007
2025-07-10,0:00,10,7850.775,7194.15,656.625
2025-07-10,0:00,11,8958.3,8958.3,0.0
2025-07-10,0:00,12,8880.2905,8971.2,90.90950000000157
2025-07-10,0:00,13,8212.4724,8206.65,5.8224000000009255
2025-07-10,0:00,14,7292.3929,7064.7,227.6929
2025-07-10,0:00,15,5547.9485,5705.1,157.15149999999994
2025-07-10,0:00,16,4255.6451,4036.425,219.22009999999955
2025-07-10,0:00,17,2643.961,2472.9,171.0609999999997
2025-07-10,0:00,18,1304.4878,1153.125,151.3628000000001
2025-07-10,0:00,19,0.0,0.0,0.0
2025-07-10,0:00,20,0.0,0.0,0.0
2025-07-10,0:00,21,0.0,0.0,0.0
2025-07-10,0:00,22,0.0,0.0,0.0
2025-07-10,0:00,23,0.0,0.0,0.0
2025-07-10,0:00,24,0.0,0.0,0.0
2025-07-10,6:00,1,2976.2805,3049.1625,72.88200000000006
2025-07-10,6:00,2,4065.5113,4224.3,158.78870000000006
2025-07-10,6:00,3,5262.9016,5416.4625,153.5608999999995
2025-07-10,6:00,4,7185.8702,7194.15,8.27979999999934
2025-07-10,6:00,5,8958.3,8958.3,0.0
2025-07-10,6:00,6,9488.25,8971.2,517.0499999999993
2025-07-10,6:00,7,8849.3625,8206.65,642.7124999999996
2025-07-10,6:00,8,7311.3705,7064.7,246.67050000000017
2025-07-10,6:00,9,5698.8341,5705.1,6.265900000000329
2025-07-10,6:00,10,4035.5334,4036.425,0.8916000000003805
2025-07-10,6:00,11,2266.3906,2472.9,206.5093999999999
2025-07-10,6:00,12,920.8061,1153.125,232.31889999999999
2025-07-10,6:00,13,0.0,0.0,0.0
2025-07-10,6:00,14,0.0,0.0,0.0
2025-07-10,6:00,15,0.0,0.0,0.0
2025-07-10,6:00,16,0.0,0.0,0.0
2025-07-10,6:00,17,0.0,0.0,0.0
2025-07-10,6:00,18,0.0,0.0,0.0
2025-07-10,12:00,1,8337.52,8206.65,130.8700000000008
2025-07-10,12:00,2,7260.7543,7064.7,196.05429999999978
2025-07-10,12:00,3,5915.3695,5705.1,210.26949999999943
2025-07-10,12:00,4,4223.0734,4036.425,186.64840000000004
2025-07-10,12:00,5,2631.5594,2472.9,158.6594
2025-07-10,12:00,6,1197.1093,1153.125,43.984300000000076
2025-07-10,12:00,7,0.0,0.0,0.0
2025-07-10,12:00,8,0.0,0.0,0.0
2025-07-10,12:00,9,0.0,0.0,0.0
2025-07-10,12:00,10,0.0,0.0,0.0
2025-07-10,12:00,11,0.0,0.0,0.0
2025-07-10,12:00,12,0.0,0.0,0.0
2025-07-10,18:00,1,0.0,0.0,0.0
2025-07-10,18:00,2,0.0,0.0,0.0
2025-07-10,18:00,3,0.0,0.0,0.0
2025-07-10,18:00,4,0.0,0.0,0.0
2025-07-10,18:00,5,0.0,0.0,0.0
2025-07-10,18:00,6,0.0,0.0,0.0
2025-07-11,0:00,1,0.0,0.0,0.0
2025-07-11,0:00,2,0.0,0.0,0.0
2025-07-11,0:00,3,0.0,0.0,0.0
2025-07-11,0:00,4,0.0,0.0,0.0
2025-07-11,0:00,5,0.0,0.0,0.0
2025-07-11,0:00,6,1004.9647,1070.8875,65.92280000000005
2025-07-11,0:00,7,2323.9862,2383.2,59.21379999999999
2025-07-11,0:00,8,3870.7592,4220.175,349.4158000000002
2025-07-11,0:00,9,5045.9727,5038.6125,7.360200000000077
2025-07-11,0:00,10,6498.2126,6416.625,81.58759999999984
2025-07-11,0:00,11,7216.2212,7084.275,131.94620000000032
2025-07-11,0:00,12,7175.2006,7156.95,18.250600000000304
2025-07-11,0:00,13,7139.3127,6895.5375,243.77520000000004
2025-07-11,0:00,14,7652.2968,7374.9375,277.3593000000001
2025-07-11,0:00,15,6189.4391,6173.025,16.414099999999962
2025-07-11,0:00,16,3742.3551,4469.025,726.6698999999994
2025-07-11,0:00,17,2447.284,2692.125,244.8409999999999
2025-07-11,0:00,18,954.1453,1110.1125,155.96719999999993
2025-07-11,0:00,19,0.0,0.0,0.0
2025-07-11,0:00,20,0.0,0.0,0.0
2025-07-11,0:00,21,0.0,0.0,0.0
2025-07-11,0:00,22,0.0,0.0,0.0
2025-07-11,0:00,23,0.0,0.0,0.0
2025-07-11,0:00,24,0.0,0.0,0.0
2025-07-11,6:00,1,2398.0611,2383.2,14.861100000000079
2025-07-11,6:00,2,4289.2193,4220.175,69.04429999999957
2025-07-11,6:00,3,5096.5969,5038.6125,57.98439999999937
2025-07-11,6:00,4,6567.3325,6416.625,150.70750000000044
2025-07-11,6:00,5,7464.188,7084.275,379.91300000000047
2025-07-11,6:00,6,7076.6996,7156.95,80.2503999999999
2025-07-11,6:00,7,6686.054,6895.5375,209.48350000000028
2025-07-11,6:00,8,7280.5199,7374.9375,94.41759999999977
2025-07-11,6:00,9,6099.4013,6173.025,73.62369999999919
2025-07-11,6:00,10,4120.6877,4469.025,348.33729999999923
2025-07-11,6:00,11,2687.019,2692.125,5.106000000000222
2025-07-11,6:00,12,1019.6495,1110.1125,90.46299999999997
2025-07-11,6:00,13,0.0,0.0,0.0
2025-07-11,6:00,14,0.0,0.0,0.0
2025-07-11,6:00,15,0.0,0.0,0.0
2025-07-11,6:00,16,0.0,0.0,0.0
2025-07-11,6:00,17,0.0,0.0,0.0
2025-07-11,6:00,18,0.0,0.0,0.0
2025-07-11,12:00,1,6883.8714,6895.5375,11.66610000000037
2025-07-11,12:00,2,7381.7992,7374.9375,6.861700000000383
2025-07-11,12:00,3,6212.2828,6173.025,39.257800000000316
2025-07-11,12:00,4,4545.8917,4469.025,76.86670000000049
2025-07-11,12:00,5,2856.0327,2692.125,163.9077000000002
2025-07-11,12:00,6,1177.2531,1110.1125,67.14059999999995
2025-07-11,12:00,7,0.0,0.0,0.0
2025-07-11,12:00,8,0.0,0.0,0.0
2025-07-11,12:00,9,0.0,0.0,0.0
2025-07-11,12:00,10,0.0,0.0,0.0
2025-07-11,12:00,11,0.0,0.0,0.0
2025-07-11,12:00,12,0.0,0.0,0.0
2025-07-11,18:00,1,0.0,0.0,0.0
2025-07-11,18:00,2,0.0,0.0,0.0
2025-07-11,18:00,3,0.0,0.0,0.0
2025-07-11,18:00,4,0.0,0.0,0.0
2025-07-11,18:00,5,0.0,0.0,0.0
2025-07-11,18:00,6,0.0,0.0,0.0
2025-07-12,0:00,1,0.0,0.0,0.0
2025-07-12,0:00,2,0.0,0.0,0.0
2025-07-12,0:00,3,0.0,0.0,0.0
2025-07-12,0:00,4,0.0,0.0,0.0
2025-07-12,0:00,5,0.0,0.0,0.0
2025-07-12,0:00,6,1112.8943,1144.725,31.83069999999998
2025-07-12,0:00,7,2565.4466,2572.95,7.503399999999601
2025-07-12,0:00,8,4499.1418,4254.15,244.9918000000007
2025-07-12,0:00,9,5856.1369,5453.9625,402.1744000000008
2025-07-12,0:00,10,7639.2906,6722.025,917.2656000000006
2025-07-12,0:00,11,8471.7676,7174.8375,1296.9300999999996
2025-07-12,0:00,12,9488.25,7977.45,1510.8000000000002
2025-07-12,0:00,13,8849.3625,8336.625,512.7374999999993
2025-07-12,0:00,14,8045.771,6994.725,1051.0459999999994
2025-07-12,0:00,15,6335.8807,5612.1375,723.7431999999999
2025-07-12,0:00,16,4380.9003,4106.025,274.8753000000006
2025-07-12,0:00,17,2845.1174,2516.1375,328.97990000000027
2025-07-12,0:00,18,1142.5467,1127.55,14.996700000000146
2025-07-12,0:00,19,0.0,0.0,0.0
2025-07-12,0:00,20,0.0,0.0,0.0
2025-07-12,0:00,21,0.0,0.0,0.0
2025-07-12,0:00,22,0.0,0.0,0.0
2025-07-12,0:00,23,0.0,0.0,0.0
2025-07-12,0:00,24,0.0,0.0,0.0
2025-07-12,6:00,1,2595.3892,2572.95,22.439200000000255
2025-07-12,6:00,2,4211.6843,4254.15,42.46569999999974
2025-07-12,6:00,3,5367.2665,5453.9625,86.69599999999991
2025-07-12,6:00,4,6613.8292,6722.025,108.19579999999951
2025-07-12,6:00,5,6884.124,7174.8375,290.71349999999984
2025-07-12,6:00,6,7818.1156,7977.45,159.33439999999973
2025-07-12,6:00,7,8369.444,8336.625,32.818999999999505
2025-07-12,6:00,8,7091.817,6994.725,97.09199999999964
2025-07-12,6:00,9,5442.216,5612.1375,169.92149999999947
2025-07-12,6:00,10,4111.6919,4106.025,5.666900000000169
2025-07-12,6:00,11,2363.9909,2516.1375,152.14660000000003
2025-07-12,6:00,12,1077.7098,1127.55,49.84019999999987
2025-07-12,6:00,13,0.0,0.0,0.0
2025-07-12,6:00,14,0.0,0.0,0.0
2025-07-12,6:00,15,0.0,0.0,0.0
2025-07-12,6:00,16,0.0,0.0,0.0
2025-07-12,6:00,17,0.0,0.0,0.0
2025-07-12,6:00,18,0.0,0.0,0.0
2025-07-12,12:00,1,8168.5508,8336.625,168.07420000000002
2025-07-12,12:00,2,6662.1537,6994.725,332.5713000000005
2025-07-12,12:00,3,5253.363,5612.1375,358.77449999999953
2025-07-12,12:00,4,3768.9747,4106.025,337.0502999999994
2025-07-12,12:00,5,2419.0533,2516.1375,97.08419999999978
2025-07-12,12:00,6,1113.0487,1127.55,14.501299999999901
2025-07-12,12:00,7,0.0,0.0,0.0
2025-07-12,12:00,8,0.0,0.0,0.0
2025-07-12,12:00,9,0.0,0.0,0.0
2025-07-12,12:00,10,0.0,0.0,0.0
2025-07-12,12:00,11,0.0,0.0,0.0
2025-07-12,12:00,12,0.0,0.0,0.0
2025-07-12,18:00,1,0.0,0.0,0.0
2025-07-12,18:00,2,0.0,0.0,0.0
2025-07-12,18:00,3,0.0,0.0,0.0
2025-07-12,18:00,4,0.0,0.0,0.0
2025-07-12,18:00,5,0.0,0.0,0.0
2025-07-12,18:00,6,0.0,0.0,0.0
2025-07-13,0:00,1,0.0,0.0,0.0
2025-07-13,0:00,2,0.0,0.0,0.0
2025-07-13,0:00,3,0.0,0.0,0.0
2025-07-13,0:00,4,0.0,0.0,0.0
2025-07-13,0:00,5,0.0,0.0,0.0
2025-07-13,0:00,6,1153.8584,1227.2625,73.40409999999997
2025-07-13,0:00,7,2239.1595,2569.6875,330.5279999999998
2025-07-13,0:00,8,3870.2208,4366.2375,496.0167000000001
2025-07-13,0:00,9,5613.1842,6038.5875,425.40329999999994
2025-07-13,0:00,10,7512.4991,7501.8,10.699099999999817
2025-07-13,0:00,11,8284.7239,8119.9875,164.73640000000069
2025-07-13,0:00,12,9488.25,9488.25,0.0
2025-07-13,0:00,13,8758.1311,8849.3625,91.23139999999876
2025-07-13,0:00,14,7037.905,8186.9625,1149.0575
2025-07-13,0:00,15,4677.588,5968.0125,1290.4245
2025-07-13,0:00,16,3184.8933,4543.425,1358.5317
2025-07-13,0:00,17,1698.35,2861.625,1163.275
2025-07-13,0:00,18,794.4667,1144.4625,349.99580000000014
2025-07-13,0:00,19,0.0,0.0,0.0
2025-07-13,0:00,20,0.0,0.0,0.0
2025-07-13,0:00,21,0.0,0.0,0.0
2025-07-13,0:00,22,0.0,0.0,0.0
2025-07-13,0:00,23,0.0,0.0,0.0
2025-07-13,0:00,24,0.0,0.0,0.0
2025-07-13,6:00,1,2548.6157,2569.6875,21.071800000000167
2025-07-13,6:00,2,4250.973,4366.2375,115.26450000000023
2025-07-13,6:00,3,5797.5291,6038.5875,241.0583999999999
2025-07-13,6:00,4,7390.1035,7501.8,111.69650000000001
2025-07-13,6:00,5,8058.8698,8119.9875,61.117699999999786
2025-07-13,6:00,6,9399.0572,9488.25,89.19280000000072
2025-07-13,6:00,7,8849.3625,8849.3625,0.0
2025-07-13,6:00,8,8186.9625,8186.9625,0.0
2025-07-13,6:00,9,5994.5976,5968.0125,26.58510000000024
2025-07-13,6:00,10,4266.9954,4543.425,276.4296000000004
2025-07-13,6:00,11,2781.6377,2861.625,79.98729999999978
2025-07-13,6:00,12,1042.1837,1144.4625,102.27880000000005
2025-07-13,6:00,13,0.0,0.0,0.0
2025-07-13,6:00,14,0.0,0.0,0.0
2025-07-13,6:00,15,0.0,0.0,0.0
2025-07-13,6:00,16,0.0,0.0,0.0
2025-07-13,6:00,17,0.0,0.0,0.0
2025-07-13,6:00,18,0.0,0.0,0.0
2025-07-13,12:00,1,8835.4245,8849.3625,13.938000000000102
2025-07-13,12:00,2,8186.9625,8186.9625,0.0
2025-07-13,12:00,3,6141.008,5968.0125,172.9955
2025-07-13,12:00,4,4706.3286,4543.425,162.90359999999964
2025-07-13,12:00,5,2935.2375,2861.625,73.61250000000018
2025-07-13,12:00,6,1235.211,1144.4625,90.74849999999992
2025-07-13,12:00,7,0.0,0.0,0.0
2025-07-13,12:00,8,0.0,0.0,0.0
2025-07-13,12:00,9,0.0,0.0,0.0
2025-07-13,12:00,10,0.0,0.0,0.0
2025-07-13,12:00,11,0.0,0.0,0.0
2025-07-13,12:00,12,0.0,0.0,0.0
2025-07-13,18:00,1,0.0,0.0,0.0
2025-07-13,18:00,2,0.0,0.0,0.0
2025-07-13,18:00,3,0.0,0.0,0.0
2025-07-13,18:00,4,0.0,0.0,0.0
2025-07-13,18:00,5,0.0,0.0,0.0
2025-07-13,18:00,6,0.0,0.0,0.0
2025-07-14,0:00,1,0.0,0.0,0.0
2025-07-14,0:00,2,0.0,0.0,0.0
2025-07-14,0:00,3,0.0,0.0,0.0
2025-07-14,0:00,4,0.0,0.0,0.0
2025-07-14,0:00,5,0.0,0.0,0.0
2025-07-14,0:00,6,1239.4894,1231.0125,8.476899999999887
2025-07-14,0:00,7,2926.738,2895.825,30.91300000000001
2025-07-14,0:00,8,4429.5467,4436.625,7.078300000000127
2025-07-14,0:00,9,5989.4046,6156.5625,167.15790000000015
2025-07-14,0:00,10,6849.6108,7138.3125,288.7016999999996
2025-07-14,0:00,11,7297.6945,7692.3,394.6055000000006
2025-07-14,0:00,12,8045.8549,8650.0125,604.1576000000005
2025-07-14,0:00,13,7529.5113,8338.2375,808.7261999999992
2025-07-14,0:00,14,7705.6551,7145.325,560.3301000000001
2025-07-14,0:00,15,6793.5375,6749.2875,44.25
2025-07-14,0:00,16,5010.6,4546.0125,464.58750000000055
2025-07-14,0:00,17,2935.2375,2814.375,120.86250000000018
2025-07-14,0:00,18,1231.2798,1054.0125,177.26729999999998
2025-07-14,0:00,19,0.0,0.0,0.0
2025-07-14,0:00,20,0.0,0.0,0.0
2025-07-14,0:00,21,0.0,0.0,0.0
2025-07-14,0:00,22,0.0,0.0,0.0
2025-07-14,0:00,23,0.0,0.0,0.0
2025-07-14,0:00,24,0.0,0.0,0.0
2025-07-14,6:00,1,2893.8832,2895.825,1.9417999999996027
2025-07-14,6:00,2,4440.3406,4436.625,3.7156000000004497
2025-07-14,6:00,3,6219.3339,6156.5625,62.77139999999963
2025-07-14,6:00,4,7413.2931,7138.3125,274.98059999999987
2025-07-14,6:00,5,8148.917,7692.3,456.6170000000002
2025-07-14,6:00,6,8802.5464,8650.0125,152.53389999999854
2025-07-14,6:00,7,8440.4415,8338.2375,102.20400000000154
2025-07-14,6:00,8,6869.9321,7145.325,275.3928999999998
2025-07-14,6:00,9,6453.1736,6749.2875,296.1139000000003
2025-07-14,6:00,10,4718.641,4546.0125,172.6284999999998
2025-07-14,6:00,11,2935.2375,2814.375,120.86250000000018
2025-07-14,6:00,12,1268.6255,1054.0125,214.61300000000006
2025-07-14,6:00,13,0.0,0.0,0.0
2025-07-14,6:00,14,0.0,0.0,0.0
2025-07-14,6:00,15,0.0,0.0,0.0
2025-07-14,6:00,16,0.0,0.0,0.0
2025-07-14,6:00,17,0.0,0.0,0.0
2025-07-14,6:00,18,0.0,0.0,0.0
2025-07-14,12:00,1,8236.0794,8338.2375,102.15809999999874
2025-07-14,12:00,2,7012.9513,7145.325,132.3737000000001
2025-07-14,12:00,3,6624.1473,6749.2875,125.14020000000073
2025-07-14,12:00,4,4400.446,4546.0125,145.5664999999999
2025-07-14,12:00,5,2808.854,2814.375,5.5210000000001855
2025-07-14,12:00,6,1031.4073,1054.0125,22.605199999999968
2025-07-14,12:00,7,0.0,0.0,0.0
2025-07-14,12:00,8,0.0,0.0,0.0
2025-07-14,12:00,9,0.0,0.0,0.0
2025-07-14,12:00,10,0.0,0.0,0.0
2025-07-14,12:00,11,0.0,0.0,0.0
2025-07-14,12:00,12,0.0,0.0,0.0
2025-07-14,18:00,1,0.0,0.0,0.0
2025-07-14,18:00,2,0.0,0.0,0.0
2025-07-14,18:00,3,0.0,0.0,0.0
2025-07-14,18:00,4,0.0,0.0,0.0
2025-07-14,18:00,5,0.0,0.0,0.0
2025-07-14,18:00,6,0.0,0.0,0.0
2025-07-15,0:00,1,0.0,0.0,0.0
2025-07-15,0:00,2,0.0,0.0,0.0
2025-07-15,0:00,3,0.0,0.0,0.0
2025-07-15,0:00,4,0.0,0.0,0.0
2025-07-15,0:00,5,0.0,0.0,0.0
2025-07-15,0:00,6,1101.4277,1089.5625,11.865199999999959
2025-07-15,0:00,7,2655.3923,2676.675,21.282700000000204
2025-07-15,0:00,8,4636.2056,4796.2125,160.0068999999994
2025-07-15,0:00,9,6232.8837,6540.4125,307.52880000000005
2025-07-15,0:00,10,7449.8454,7692.9,243.05459999999948
2025-07-15,0:00,11,7433.7488,8072.8125,639.0636999999997
2025-07-15,0:00,12,6956.3153,7281.7125,325.39719999999943
2025-07-15,0:00,13,7106.5886,7361.2875,254.69890000000032
2025-07-15,0:00,14,7220.0015,7192.9875,27.014000000000124
2025-07-15,0:00,15,5877.4667,6333.3375,455.8707999999997
2025-07-15,0:00,16,4253.7391,4469.775,216.03589999999986
2025-07-15,0:00,17,2670.3903,2632.05,38.34029999999984
2025-07-15,0:00,18,1232.2961,1133.7,98.59609999999998
2025-07-15,0:00,19,0.0,0.0,0.0
2025-07-15,0:00,20,0.0,0.0,0.0
2025-07-15,0:00,21,0.0,0.0,0.0
2025-07-15,0:00,22,0.0,0.0,0.0
2025-07-15,0:00,23,0.0,0.0,0.0
2025-07-15,0:00,24,0.0,0.0,0.0
2025-07-15,6:00,1,2665.8442,2676.675,10.830800000000181
2025-07-15,6:00,2,4777.1805,4796.2125,19.031999999999243
2025-07-15,6:00,3,6534.5762,6540.4125,5.836299999999937
2025-07-15,6:00,4,7850.775,7692.9,157.875
2025-07-15,6:00,5,8606.4503,8072.8125,533.6378000000004
2025-07-15,6:00,6,7610.8448,7281.7125,329.1323000000002
2025-07-15,6:00,7,7900.0237,7361.2875,538.7361999999994
2025-07-15,6:00,8,7828.9161,7192.9875,635.9286000000002
2025-07-15,6:00,9,6527.3038,6333.3375,193.96630000000005
2025-07-15,6:00,10,4360.3874,4469.775,109.38760000000002
2025-07-15,6:00,11,2620.6754,2632.05,11.3746000000001
2025-07-15,6:00,12,1076.9994,1133.7,56.70060000000012
2025-07-15,6:00,13,0.0,0.0,0.0
2025-07-15,6:00,14,0.0,0.0,0.0
2025-07-15,6:00,15,0.0,0.0,0.0
2025-07-15,6:00,16,0.0,0.0,0.0
2025-07-15,6:00,17,0.0,0.0,0.0
2025-07-15,6:00,18,0.0,0.0,0.0
2025-07-15,12:00,1,7431.5193,7361.2875,70.23179999999957
2025-07-15,12:00,2,7238.3497,7192.9875,45.362199999999575
2025-07-15,12:00,3,6559.6678,6333.3375,226.33030000000053
2025-07-15,12:00,4,4851.8781,4469.775,382.10310000000027
2025-07-15,12:00,5,2860.0416,2632.05,227.99159999999983
2025-07-15,12:00,6,1147.8412,1133.7,14.141200000000026
2025-07-15,12:00,7,0.0,0.0,0.0
2025-07-15,12:00,8,0.0,0.0,0.0
2025-07-15,12:00,9,0.0,0.0,0.0
2025-07-15,12:00,10,0.0,0.0,0.0
2025-07-15,12:00,11,0.0,0.0,0.0
2025-07-15,12:00,12,0.0,0.0,0.0
2025-07-15,18:00,1,0.0,0.0,0.0
2025-07-15,18:00,2,0.0,0.0,0.0
2025-07-15,18:00,3,0.0,0.0,0.0
2025-07-15,18:00,4,0.0,0.0,0.0
2025-07-15,18:00,5,0.0,0.0,0.0
2025-07-15,18:00,6,0.0,0.0,0.0
2025-07-16,0:00,1,0.0,0.0,0.0
2025-07-16,0:00,2,0.0,0.0,0.0
2025-07-16,0:00,3,0.0,0.0,0.0
2025-07-16,0:00,4,0.0,0.0,0.0
2025-07-16,0:00,5,0.0,0.0,0.0
2025-07-16,0:00,6,975.7024,1021.875,46.17259999999999
2025-07-16,0:00,7,2547.0172,2780.325,233.30780000000004
2025-07-16,0:00,8,3940.1127,4583.925,643.8123
2025-07-16,0:00,9,5739.8693,6573.7125,833.8431999999993
2025-07-16,0:00,10,7353.0338,7850.775,497.7411999999995
2025-07-16,0:00,11,8549.3741,8154.9375,394.4366000000009
2025-07-16,0:00,12,9049.6966,8432.775,616.9215999999997
2025-07-16,0:00,13,8849.3625,7468.425,1380.937499999999
2025-07-16,0:00,14,8186.9625,7452.1875,734.7749999999996
2025-07-16,0:00,15,5943.7333,5683.425,260.3082999999997
2025-07-16,0:00,16,3887.1426,4277.1,389.95740000000023
2025-07-16,0:00,17,2187.4133,2791.2375,603.8242
2025-07-16,0:00,18,736.4884,1162.95,426.4616000000001
2025-07-16,0:00,19,0.0,0.0,0.0
2025-07-16,0:00,20,0.0,0.0,0.0
2025-07-16,0:00,21,0.0,0.0,0.0
2025-07-16,0:00,22,0.0,0.0,0.0
2025-07-16,0:00,23,0.0,0.0,0.0
2025-07-16,0:00,24,0.0,0.0,0.0
2025-07-16,6:00,1,2765.0834,2780.325,15.241599999999835
2025-07-16,6:00,2,4465.455,4583.925,118.47000000000025
2025-07-16,6:00,3,6468.4827,6573.7125,105.22980000000007
2025-07-16,6:00,4,7850.775,7850.775,0.0
2025-07-16,6:00,5,8529.7761,8154.9375,374.83859999999913
2025-07-16,6:00,6,8791.7927,8432.775,359.01770000000033
2025-07-16,6:00,7,8334.3911,7468.425,865.9661000000006
2025-07-16,6:00,8,8040.8789,7452.1875,588.6913999999997
2025-07-16,6:00,9,6185.4281,5683.425,502.0030999999999
2025-07-16,6:00,10,4450.4943,4277.1,173.39429999999993
2025-07-16,6:00,11,2809.7304,2791.2375,18.492899999999736
2025-07-16,6:00,12,1079.1919,1162.95,83.75810000000001
2025-07-16,6:00,13,0.0,0.0,0.0
2025-07-16,6:00,14,0.0,0.0,0.0
2025-07-16,6:00,15,0.0,0.0,0.0
2025-07-16,6:00,16,0.0,0.0,0.0
2025-07-16,6:00,17,0.0,0.0,0.0
2025-07-16,6:00,18,0.0,0.0,0.0
2025-07-16,12:00,1,7525.3836,7468.425,56.95859999999993
2025-07-16,12:00,2,7487.1686,7452.1875,34.98109999999997
2025-07-16,12:00,3,5656.9292,5683.425,26.4958000000006
2025-07-16,12:00,4,4168.1501,4277.1,108.94990000000053
2025-07-16,12:00,5,2741.6775,2791.2375,49.5600000000004
2025-07-16,12:00,6,1123.205,1162.95,39.74500000000012
2025-07-16,12:00,7,0.0,0.0,0.0
2025-07-16,12:00,8,0.0,0.0,0.0
2025-07-16,12:00,9,0.0,0.0,0.0
2025-07-16,12:00,10,0.0,0.0,0.0
2025-07-16,12:00,11,0.0,0.0,0.0
2025-07-16,12:00,12,0.0,0.0,0.0
2025-07-16,18:00,1,0.0,0.0,0.0
2025-07-16,18:00,2,0.0,0.0,0.0
2025-07-16,18:00,3,0.0,0.0,0.0
2025-07-16,18:00,4,0.0,0.0,0.0
2025-07-16,18:00,5,0.0,0.0,0.0
2025-07-16,18:00,6,0.0,0.0,0.0
2025-07-17,0:00,1,0.0,0.0,0.0
2025-07-17,0:00,2,0.0,0.0,0.0
2025-07-17,0:00,3,0.0,0.0,0.0
2025-07-17,0:00,4,0.0,0.0,0.0
2025-07-17,0:00,5,0.0,0.0,0.0
2025-07-17,0:00,6,1196.6125,1163.775,32.837499999999864
2025-07-17,0:00,7,2655.4677,2631.7875,23.68020000000024
2025-07-17,0:00,8,4442.8364,4465.95,23.11359999999968
2025-07-17,0:00,9,5287.3529,5464.7625,177.40959999999995
2025-07-17,0:00,10,6588.8283,7172.0625,583.2341999999999
2025-07-17,0:00,11,8541.0204,8662.8,121.77959999999985
2025-07-17,0:00,12,8957.2301,8473.425,483.8051000000014
2025-07-17,0:00,13,8360.6039,8193.15,167.45390000000043
2025-07-17,0:00,14,8186.9625,7385.7375,801.2249999999995
2025-07-17,0:00,15,6793.5375,5844.8625,948.6750000000002
2025-07-17,0:00,16,4849.3226,4349.175,500.14760000000024
2025-07-17,0:00,17,2830.724,2402.85,427.87400000000025
2025-07-17,0:00,18,1133.8644,1005.1875,128.67689999999993
2025-07-17,0:00,19,0.0,0.0,0.0
2025-07-17,0:00,20,0.0,0.0,0.0
2025-07-17,0:00,21,0.0,0.0,0.0
2025-07-17,0:00,22,0.0,0.0,0.0
2025-07-17,0:00,23,0.0,0.0,0.0
2025-07-17,0:00,24,0.0,0.0,0.0
2025-07-17,6:00,1,2640.3681,2631.7875,8.580600000000231
2025-07-17,6:00,2,4504.5789,4465.95,38.62890000000061
2025-07-17,6:00,3,5497.8011,5464.7625,33.03859999999986
2025-07-17,6:00,4,7254.255,7172.0625,82.19250000000011
2025-07-17,6:00,5,8847.6985,8662.8,184.89850000000115
2025-07-17,6:00,6,8242.6762,8473.425,230.7487999999994
2025-07-17,6:00,7,7787.7717,8193.15,405.3782999999994
2025-07-17,6:00,8,7160.5721,7385.7375,225.16539999999986
2025-07-17,6:00,9,5603.0715,5844.8625,241.79100000000017
2025-07-17,6:00,10,4366.5988,4349.175,17.423799999999574
2025-07-17,6:00,11,2529.4812,2402.85,126.63120000000026
2025-07-17,6:00,12,1028.9605,1005.1875,23.77299999999991
2025-07-17,6:00,13,0.0,0.0,0.0
2025-07-17,6:00,14,0.0,0.0,0.0
2025-07-17,6:00,15,0.0,0.0,0.0
2025-07-17,6:00,16,0.0,0.0,0.0
2025-07-17,6:00,17,0.0,0.0,0.0
2025-07-17,6:00,18,0.0,0.0,0.0
2025-07-17,12:00,1,8216.3189,8193.15,23.168900000000576
2025-07-17,12:00,2,7371.043,7385.7375,14.694500000000517
2025-07-17,12:00,3,5838.2268,5844.8625,6.635699999999815
2025-07-17,12:00,4,4392.3649,4349.175,43.1898999999994
2025-07-17,12:00,5,2377.6586,2402.85,25.191399999999703
2025-07-17,12:00,6,972.4059,1005.1875,32.781600000000026
2025-07-17,12:00,7,0.0,0.0,0.0
2025-07-17,12:00,8,0.0,0.0,0.0
2025-07-17,12:00,9,0.0,0.0,0.0
2025-07-17,12:00,10,0.0,0.0,0.0
2025-07-17,12:00,11,0.0,0.0,0.0
2025-07-17,12:00,12,0.0,0.0,0.0
2025-07-17,18:00,1,0.0,0.0,0.0
2025-07-17,18:00,2,0.0,0.0,0.0
2025-07-17,18:00,3,0.0,0.0,0.0
2025-07-17,18:00,4,0.0,0.0,0.0
2025-07-17,18:00,5,0.0,0.0,0.0
2025-07-17,18:00,6,0.0,0.0,0.0
2025-07-18,0:00,1,0.0,0.0,0.0
2025-07-18,0:00,2,0.0,0.0,0.0
2025-07-18,0:00,3,0.0,0.0,0.0
2025-07-18,0:00,4,0.0,0.0,0.0
2025-07-18,0:00,5,0.0,0.0,0.0
2025-07-18,0:00,6,1141.6408,1178.925,37.284200000000055
2025-07-18,0:00,7,2718.6475,2706.6375,12.010000000000218
2025-07-18,0:00,8,4210.7682,4079.475,131.29320000000052
2025-07-18,0:00,9,5597.743,5091.6375,506.1055000000006
2025-07-18,0:00,10,6659.8403,6160.9875,498.85279999999966
2025-07-18,0:00,11,8032.2568,7499.325,532.9318000000003
2025-07-18,0:00,12,6735.1724,7154.7375,419.5650999999998
2025-07-18,0:00,13,7426.1092,8135.55,709.4408000000003
2025-07-18,0:00,14,5696.3447,7368.525,1672.1803
2025-07-18,0:00,15,4108.1561,5369.475,1261.3189000000002
2025-07-18,0:00,16,3116.556,4238.3625,1121.8065000000001
2025-07-18,0:00,17,2757.7529,2616.825,140.92790000000014
2025-07-18,0:00,18,1033.3783,987.9,45.478300000000104
2025-07-18,0:00,19,0.0,0.0,0.0
2025-07-18,0:00,20,0.0,0.0,0.0
2025-07-18,0:00,21,0.0,0.0,0.0
2025-07-18,0:00,22,0.0,0.0,0.0
2025-07-18,0:00,23,0.0,0.0,0.0
2025-07-18,0:00,24,0.0,0.0,0.0
2025-07-18,6:00,1,2699.661,2706.6375,6.97649999999976
2025-07-18,6:00,2,4018.0696,4079.475,61.4054000000001
2025-07-18,6:00,3,4982.666,5091.6375,108.97149999999965
2025-07-18,6:00,4,6110.9074,6160.9875,50.08010000000013
2025-07-18,6:00,5,7602.8224,7499.325,103.4974000000002
2025-07-18,6:00,6,6874.0825,7154.7375,280.65499999999975
2025-07-18,6:00,7,7702.9853,8135.55,432.5646999999999
2025-07-18,6:00,8,7033.3115,7368.525,335.21349999999984
2025-07-18,6:00,9,4849.5551,5369.475,519.9199000000008
2025-07-18,6:00,10,3862.0157,4238.3625,376.34680000000026
2025-07-18,6:00,11,2710.9979,2616.825,94.17290000000003
2025-07-18,6:00,12,1079.0596,987.9,91.15960000000007
2025-07-18,6:00,13,0.0,0.0,0.0
2025-07-18,6:00,14,0.0,0.0,0.0
2025-07-18,6:00,15,0.0,0.0,0.0
2025-07-18,6:00,16,0.0,0.0,0.0
2025-07-18,6:00,17,0.0,0.0,0.0
2025-07-18,6:00,18,0.0,0.0,0.0
2025-07-18,12:00,1,8268.6423,8135.55,133.09229999999934
2025-07-18,12:00,2,7648.6561,7368.525,280.1311000000005
2025-07-18,12:00,3,5723.3179,5369.475,353.84289999999964
2025-07-18,12:00,4,4627.6287,4238.3625,389.2662
2025-07-18,12:00,5,2861.625,2616.825,244.80000000000018
2025-07-18,12:00,6,1085.541,987.9,97.64099999999996
2025-07-18,12:00,7,0.0,0.0,0.0
2025-07-18,12:00,8,0.0,0.0,0.0
2025-07-18,12:00,9,0.0,0.0,0.0
2025-07-18,12:00,10,0.0,0.0,0.0
2025-07-18,12:00,11,0.0,0.0,0.0
2025-07-18,12:00,12,0.0,0.0,0.0
2025-07-18,18:00,1,0.0,0.0,0.0
2025-07-18,18:00,2,0.0,0.0,0.0
2025-07-18,18:00,3,0.0,0.0,0.0
2025-07-18,18:00,4,0.0,0.0,0.0
2025-07-18,18:00,5,0.0,0.0,0.0
2025-07-18,18:00,6,0.0,0.0,0.0
2025-07-19,0:00,1,0.0,0.0,0.0
2025-07-19,0:00,2,0.0,0.0,0.0
2025-07-19,0:00,3,0.0,0.0,0.0
2025-07-19,0:00,4,0.0,0.0,0.0
2025-07-19,0:00,5,0.0,0.0,0.0
2025-07-19,0:00,6,1219.5088,1128.15,91.35879999999997
2025-07-19,0:00,7,3054.8625,3054.8625,0.0
2025-07-19,0:00,8,4828.1926,4515.0375,313.15509999999995
2025-07-19,0:00,9,5983.5739,5674.425,309.14890000000014
2025-07-19,0:00,10,7160.3452,6793.5375,366.8076999999994
2025-07-19,0:00,11,7943.0754,7948.275,5.1995999999999185
2025-07-19,0:00,12,8033.9633,8872.725,838.7617
2025-07-19,0:00,13,6418.8315,8529.9,2111.0684999999994
2025-07-19,0:00,14,6097.5597,7485.375,1387.8153000000002
2025-07-19,0:00,15,4346.0231,5958.2625,1612.2393999999995
2025-07-19,0:00,16,3101.2955,4341.825,1240.5294999999996
2025-07-19,0:00,17,1975.32,2470.4625,495.14250000000015
2025-07-19,0:00,18,1036.6169,971.7375,64.87940000000003
2025-07-19,0:00,19,0.0,0.0,0.0
2025-07-19,0:00,20,0.0,0.0,0.0
2025-07-19,0:00,21,0.0,0.0,0.0
2025-07-19,0:00,22,0.0,0.0,0.0
2025-07-19,0:00,23,0.0,0.0,0.0
2025-07-19,0:00,24,0.0,0.0,0.0
2025-07-19,6:00,1,3054.8625,3054.8625,0.0
2025-07-19,6:00,2,4609.1077,4515.0375,94.0701999999992
2025-07-19,6:00,3,5893.9189,5674.425,219.49389999999948
2025-07-19,6:00,4,7157.5057,6793.5375,363.96819999999934
2025-07-19,6:00,5,8767.1767,7948.275,818.9017000000003
2025-07-19,6:00,6,9488.25,8872.725,615.5249999999996
2025-07-19,6:00,7,9785.3625,8529.9,1255.4624999999996
2025-07-19,6:00,8,8556.3825,7485.375,1071.0074999999997
2025-07-19,6:00,9,6781.335,5958.2625,823.0725000000002
2025-07-19,6:00,10,4516.0705,4341.825,174.2455
2025-07-19,6:00,11,2700.9749,2470.4625,230.51240000000007
2025-07-19,6:00,12,1007.2885,971.7375,35.551000000000045
2025-07-19,6:00,13,0.0,0.0,0.0
2025-07-19,6:00,14,0.0,0.0,0.0
2025-07-19,6:00,15,0.0,0.0,0.0
2025-07-19,6:00,16,0.0,0.0,0.0
2025-07-19,6:00,17,0.0,0.0,0.0
2025-07-19,6:00,18,0.0,0.0,0.0
2025-07-19,12:00,1,8481.6822,8529.9,48.21780000000035
2025-07-19,12:00,2,7481.2875,7485.375,4.087499999999636
2025-07-19,12:00,3,5881.9776,5958.2625,76.28489999999965
2025-07-19,12:00,4,4177.2635,4341.825,164.5614999999998
2025-07-19,12:00,5,2380.759,2470.4625,89.70350000000008
2025-07-19,12:00,6,916.5288,971.7375,55.20869999999991
2025-07-19,12:00,7,0.0,0.0,0.0
2025-07-19,12:00,8,0.0,0.0,0.0
2025-07-19,12:00,9,0.0,0.0,0.0
2025-07-19,12:00,10,0.0,0.0,0.0
2025-07-19,12:00,11,0.0,0.0,0.0
2025-07-19,12:00,12,0.0,0.0,0.0
2025-07-19,18:00,1,0.0,0.0,0.0
2025-07-19,18:00,2,0.0,0.0,0.0
2025-07-19,18:00,3,0.0,0.0,0.0
2025-07-19,18:00,4,0.0,0.0,0.0
2025-07-19,18:00,5,0.0,0.0,0.0
2025-07-19,18:00,6,0.0,0.0,0.0
2025-07-20,0:00,1,0.0,0.0,0.0
2025-07-20,0:00,2,0.0,0.0,0.0
2025-07-20,0:00,3,0.0,0.0,0.0
2025-07-20,0:00,4,0.0,0.0,0.0
2025-07-20,0:00,5,0.0,0.0,0.0
2025-07-20,0:00,6,990.0634,1049.85,59.78659999999991
2025-07-20,0:00,7,2620.5684,2555.175,65.39339999999993
2025-07-20,0:00,8,4417.8634,4522.65,104.78659999999945
2025-07-20,0:00,9,6322.1852,6219.7875,102.39769999999953
2025-07-20,0:00,10,6550.205,6614.3625,64.15750000000025
2025-07-20,0:00,11,7986.8023,8286.0,299.1976999999997
2025-07-20,0:00,12,6604.1495,7731.9,1127.7504999999992
2025-07-20,0:00,13,6786.7312,8073.0,1286.2687999999998
2025-07-20,0:00,14,6530.0522,7691.5875,1161.5352999999996
2025-07-20,0:00,15,6226.5395,5686.6875,539.8519999999999
2025-07-20,0:00,16,4740.3219,4700.2875,40.03439999999955
2025-07-20,0:00,17,2987.9447,2729.325,258.6197000000002
2025-07-20,0:00,18,1264.9125,1095.2625,169.64999999999986
2025-07-20,0:00,19,0.0,0.0,0.0
2025-07-20,0:00,20,0.0,0.0,0.0
2025-07-20,0:00,21,0.0,0.0,0.0
2025-07-20,0:00,22,0.0,0.0,0.0
2025-07-20,0:00,23,0.0,0.0,0.0
2025-07-20,0:00,24,0.0,0.0,0.0
2025-07-20,6:00,1,2556.6108,2555.175,1.4357999999997446
2025-07-20,6:00,2,4468.5122,4522.65,54.137799999999515
2025-07-20,6:00,3,6127.8024,6219.7875,91.98510000000078
2025-07-20,6:00,4,6491.7206,6614.3625,122.64190000000053
2025-07-20,6:00,5,7949.2686,8286.0,336.73139999999967
2025-07-20,6:00,6,7153.191,7731.9,578.7089999999998
2025-07-20,6:00,7,7583.7572,8073.0,489.2428
2025-07-20,6:00,8,7253.5266,7691.5875,438.0608999999995
2025-07-20,6:00,9,5321.9614,5686.6875,364.72609999999986
2025-07-20,6:00,10,4698.8358,4700.2875,1.4517000000005282
2025-07-20,6:00,11,2821.0162,2729.325,91.69120000000021
2025-07-20,6:00,12,1133.9584,1095.2625,38.69589999999994
2025-07-20,6:00,13,0.0,0.0,0.0
2025-07-20,6:00,14,0.0,0.0,0.0
2025-07-20,6:00,15,0.0,0.0,0.0
2025-07-20,6:00,16,0.0,0.0,0.0
2025-07-20,6:00,17,0.0,0.0,0.0
2025-07-20,6:00,18,0.0,0.0,0.0
2025-07-20,12:00,1,8090.3726,8073.0,17.372599999999693
2025-07-20,12:00,2,7687.8309,7691.5875,3.7565999999997075
2025-07-20,12:00,3,5649.2014,5686.6875,37.48610000000008
2025-07-20,12:00,4,4656.5053,4700.2875,43.78220000000056
2025-07-20,12:00,5,2649.4966,2729.325,79.82839999999987
2025-07-20,12:00,6,1058.941,1095.2625,36.321500000000015
2025-07-20,12:00,7,0.0,0.0,0.0
2025-07-20,12:00,8,0.0,0.0,0.0
2025-07-20,12:00,9,0.0,0.0,0.0
2025-07-20,12:00,10,0.0,0.0,0.0
2025-07-20,12:00,11,0.0,0.0,0.0
2025-07-20,12:00,12,0.0,0.0,0.0
2025-07-20,18:00,1,0.0,0.0,0.0
2025-07-20,18:00,2,0.0,0.0,0.0
2025-07-20,18:00,3,0.0,0.0,0.0
2025-07-20,18:00,4,0.0,0.0,0.0
2025-07-20,18:00,5,0.0,0.0,0.0
2025-07-20,18:00,6,0.0,0.0,0.0
2025-07-21,0:00,1,0.0,0.0,0.0
2025-07-21,0:00,2,0.0,0.0,0.0
2025-07-21,0:00,3,0.0,0.0,0.0
2025-07-21,0:00,4,0.0,0.0,0.0
2025-07-21,0:00,5,0.0,0.0,0.0
2025-07-21,0:00,6,1090.3104,1043.2125,47.09789999999998
2025-07-21,0:00,7,2745.159,2671.9875,73.17149999999992
2025-07-21,0:00,8,4092.3989,4146.225,53.826100000000224
2025-07-21,0:00,9,5514.6164,5726.625,212.00860000000011
2025-07-21,0:00,10,7313.1841,7319.475,6.290899999999965
2025-07-21,0:00,11,8040.4252,8524.425,483.9997999999996
2025-07-21,0:00,12,7326.3987,7463.775,137.3762999999999
2025-07-21,0:00,13,7228.8126,7331.1,102.28740000000016
2025-07-21,0:00,14,7576.365,7317.975,258.3899999999994
2025-07-21,0:00,15,5495.1018,5793.675,298.5731999999998
2025-07-21,0:00,16,3563.2079,3722.3625,159.1546000000003
2025-07-21,0:00,17,2395.5858,2441.7375,46.151700000000346
2025-07-21,0:00,18,1109.0887,977.625,131.46370000000002
2025-07-21,0:00,19,0.0,0.0,0.0
2025-07-21,0:00,20,0.0,0.0,0.0
2025-07-21,0:00,21,0.0,0.0,0.0
2025-07-21,0:00,22,0.0,0.0,0.0
2025-07-21,0:00,23,0.0,0.0,0.0
2025-07-21,0:00,24,0.0,0.0,0.0
2025-07-21,6:00,1,2647.3924,2671.9875,24.595100000000002
2025-07-21,6:00,2,4101.2115,4146.225,45.01350000000002
2025-07-21,6:00,3,5616.7331,5726.625,109.89189999999962
2025-07-21,6:00,4,7181.177,7319.475,138.29800000000068
2025-07-21,6:00,5,8653.184,8524.425,128.75900000000001
2025-07-21,6:00,6,7738.9246,7463.775,275.14960000000065
2025-07-21,6:00,7,7882.6222,7331.1,551.5221999999994
2025-07-21,6:00,8,8207.8071,7317.975,889.8320999999996
2025-07-21,6:00,9,6325.2298,5793.675,531.5547999999999
2025-07-21,6:00,10,4028.1861,3722.3625,305.8235999999997
2025-07-21,6:00,11,2700.4179,2441.7375,258.68039999999974
2025-07-21,6:00,12,1095.2676,977.625,117.6425999999999
2025-07-21,6:00,13,0.0,0.0,0.0
2025-07-21,6:00,14,0.0,0.0,0.0
2025-07-21,6:00,15,0.0,0.0,0.0
2025-07-21,6:00,16,0.0,0.0,0.0
2025-07-21,6:00,17,0.0,0.0,0.0
2025-07-21,6:00,18,0.0,0.0,0.0
2025-07-21,12:00,1,7318.3217,7331.1,12.778299999999945
2025-07-21,12:00,2,7206.1823,7317.975,111.79269999999997
2025-07-21,12:00,3,5679.3693,5793.675,114.30569999999989
2025-07-21,12:00,4,3701.0115,3722.3625,21.351000000000113
2025-07-21,12:00,5,2349.724,2441.7375,92.01350000000002
2025-07-21,12:00,6,939.1049,977.625,38.52009999999996
2025-07-21,12:00,7,0.0,0.0,0.0
2025-07-21,12:00,8,0.0,0.0,0.0
2025-07-21,12:00,9,0.0,0.0,0.0
2025-07-21,12:00,10,0.0,0.0,0.0
2025-07-21,12:00,11,0.0,0.0,0.0
2025-07-21,12:00,12,0.0,0.0,0.0
2025-07-21,18:00,1,0.0,0.0,0.0
2025-07-21,18:00,2,0.0,0.0,0.0
2025-07-21,18:00,3,0.0,0.0,0.0
2025-07-21,18:00,4,0.0,0.0,0.0
2025-07-21,18:00,5,0.0,0.0,0.0
2025-07-21,18:00,6,0.0,0.0,0.0
2025-07-22,0:00,1,0.0,0.0,0.0
2025-07-22,0:00,2,0.0,0.0,0.0
2025-07-22,0:00,3,0.0,0.0,0.0
2025-07-22,0:00,4,0.0,0.0,0.0
2025-07-22,0:00,5,0.0,0.0,0.0
2025-07-22,0:00,6,1017.193,981.2625,35.93049999999994
2025-07-22,0:00,7,2841.7992,2599.5,242.29919999999993
2025-07-22,0:00,8,4934.7704,4587.0,347.77040000000034
2025-07-22,0:00,9,6565.4417,6162.825,402.6167000000005
2025-07-22,0:00,10,6671.864,6944.925,273.0610000000006
2025-07-22,0:00,11,7196.4084,7258.1625,61.75410000000011
2025-07-22,0:00,12,9488.25,8873.175,615.0750000000007
2025-07-22,0:00,13,8113.0763,7693.35,419.72629999999936
2025-07-22,0:00,14,6274.1212,6350.325,76.20380000000023
2025-07-22,0:00,15,5754.3266,5773.0125,18.685899999999492
2025-07-22,0:00,16,5010.6,5010.6,0.0
2025-07-22,0:00,17,2699.3063,2615.625,83.68130000000019
2025-07-22,0:00,18,921.7872,1026.15,104.3628000000001
2025-07-22,0:00,19,0.0,0.0,0.0
2025-07-22,0:00,20,0.0,0.0,0.0
2025-07-22,0:00,21,0.0,0.0,0.0
2025-07-22,0:00,22,0.0,0.0,0.0
2025-07-22,0:00,23,0.0,0.0,0.0
2025-07-22,0:00,24,0.0,0.0,0.0
2025-07-22,6:00,1,2629.4982,2599.5,29.998199999999997
2025-07-22,6:00,2,4656.8557,4587.0,69.85570000000007
2025-07-22,6:00,3,6147.935,6162.825,14.889999999999418
2025-07-22,6:00,4,6596.842,6944.925,348.08300000000054
2025-07-22,6:00,5,6413.3994,7258.1625,844.7631000000001
2025-07-22,6:00,6,7482.5561,8873.175,1390.6188999999995
2025-07-22,6:00,7,5880.545,7693.35,1812.8050000000003
2025-07-22,6:00,8,4785.6809,6350.325,1564.6440999999995
2025-07-22,6:00,9,4681.4121,5773.0125,1091.6004000000003
2025-07-22,6:00,10,4501.2526,5010.6,509.34740000000056
2025-07-22,6:00,11,2270.4797,2615.625,345.14530000000013
2025-07-22,6:00,12,1029.4299,1026.15,3.279899999999998
2025-07-22,6:00,13,0.0,0.0,0.0
2025-07-22,6:00,14,0.0,0.0,0.0
2025-07-22,6:00,15,0.0,0.0,0.0
2025-07-22,6:00,16,0.0,0.0,0.0
2025-07-22,6:00,17,0.0,0.0,0.0
2025-07-22,6:00,18,0.0,0.0,0.0
2025-07-22,12:00,1,7648.375,7693.35,44.975000000000364
2025-07-22,12:00,2,6261.2826,6350.325,89.04240000000027
2025-07-22,12:00,3,5756.3816,5773.0125,16.63090000000011
2025-07-22,12:00,4,4852.8504,5010.6,157.7496000000001
2025-07-22,12:00,5,2642.2487,2615.625,26.6237000000001
2025-07-22,12:00,6,1070.4371,1026.15,44.28710000000001
2025-07-22,12:00,7,0.0,0.0,0.0
2025-07-22,12:00,8,0.0,0.0,0.0
2025-07-22,12:00,9,0.0,0.0,0.0
2025-07-22,12:00,10,0.0,0.0,0.0
2025-07-22,12:00,11,0.0,0.0,0.0
2025-07-22,12:00,12,0.0,0.0,0.0
2025-07-22,18:00,1,0.0,0.0,0.0
2025-07-22,18:00,2,0.0,0.0,0.0
2025-07-22,18:00,3,0.0,0.0,0.0
2025-07-22,18:00,4,0.0,0.0,0.0
2025-07-22,18:00,5,0.0,0.0,0.0
2025-07-22,18:00,6,0.0,0.0,0.0
2025-07-23,0:00,1,0.0,0.0,0.0
2025-07-23,0:00,2,0.0,0.0,0.0
2025-07-23,0:00,3,0.0,0.0,0.0
2025-07-23,0:00,4,0.0,0.0,0.0
2025-07-23,0:00,5,0.0,0.0,0.0
2025-07-23,0:00,6,933.0874,985.2375,52.15009999999995
2025-07-23,0:00,7,2138.2138,2275.35,137.13619999999992
2025-07-23,0:00,8,3789.621,4168.1625,378.54150000000027
2025-07-23,0:00,9,5031.1838,5781.9,750.7161999999998
2025-07-23,0:00,10,6700.5572,7476.15,775.5927999999994
2025-07-23,0:00,11,6782.3938,7670.6625,888.2687000000005
2025-07-23,0:00,12,7543.3112,8096.85,553.5388000000003
2025-07-23,0:00,13,7710.9652,8681.4375,970.4723000000004
2025-07-23,0:00,14,6371.5578,7158.1125,786.5547000000006
2025-07-23,0:00,15,4302.0353,5476.8,1174.7647000000006
2025-07-23,0:00,16,3041.4375,3818.325,776.8874999999998
2025-07-23,0:00,17,2192.7785,2504.85,312.0715
2025-07-23,0:00,18,1034.1719,989.475,44.69690000000003
2025-07-23,0:00,19,0.0,0.0,0.0
2025-07-23,0:00,20,0.0,0.0,0.0
2025-07-23,0:00,21,0.0,0.0,0.0
2025-07-23,0:00,22,0.0,0.0,0.0
2025-07-23,0:00,23,0.0,0.0,0.0
2025-07-23,0:00,24,0.0,0.0,0.0
2025-07-23,6:00,1,2309.7174,2275.35,34.36740000000009
2025-07-23,6:00,2,4362.6696,4168.1625,194.5070999999998
2025-07-23,6:00,3,6134.0378,5781.9,352.1378000000004
2025-07-23,6:00,4,7914.8268,7476.15,438.6768000000002
2025-07-23,6:00,5,8055.8291,7670.6625,385.16659999999956
2025-07-23,6:00,6,8505.9813,8096.85,409.1312999999991
2025-07-23,6:00,7,8491.7383,8681.4375,189.6991999999991
2025-07-23,6:00,8,7096.9102,7158.1125,61.20229999999992
2025-07-23,6:00,9,5736.4023,5476.8,259.60229999999956
2025-07-23,6:00,10,4042.5832,3818.325,224.25820000000022
2025-07-23,6:00,11,2492.7247,2504.85,12.125299999999697
2025-07-23,6:00,12,1056.0562,989.475,66.58119999999997
2025-07-23,6:00,13,0.0,0.0,0.0
2025-07-23,6:00,14,0.0,0.0,0.0
2025-07-23,6:00,15,0.0,0.0,0.0
2025-07-23,6:00,16,0.0,0.0,0.0
2025-07-23,6:00,17,0.0,0.0,0.0
2025-07-23,6:00,18,0.0,0.0,0.0
2025-07-23,12:00,1,8728.3817,8681.4375,46.94419999999991
2025-07-23,12:00,2,7168.683,7158.1125,10.57049999999981
2025-07-23,12:00,3,5601.6466,5476.8,124.84659999999985
2025-07-23,12:00,4,3774.0479,3818.325,44.27709999999979
2025-07-23,12:00,5,2476.0884,2504.85,28.761599999999817
2025-07-23,12:00,6,919.4446,989.475,70.03039999999999
2025-07-23,12:00,7,0.0,0.0,0.0
2025-07-23,12:00,8,0.0,0.0,0.0
2025-07-23,12:00,9,0.0,0.0,0.0
2025-07-23,12:00,10,0.0,0.0,0.0
2025-07-23,12:00,11,0.0,0.0,0.0
2025-07-23,12:00,12,0.0,0.0,0.0
2025-07-23,18:00,1,0.0,0.0,0.0
2025-07-23,18:00,2,0.0,0.0,0.0
2025-07-23,18:00,3,0.0,0.0,0.0
2025-07-23,18:00,4,0.0,0.0,0.0
2025-07-23,18:00,5,0.0,0.0,0.0
2025-07-23,18:00,6,0.0,0.0,0.0
2025-07-24,0:00,1,0.0,0.0,0.0
2025-07-24,0:00,2,0.0,0.0,0.0
2025-07-24,0:00,3,0.0,0.0,0.0
2025-07-24,0:00,4,0.0,0.0,0.0
2025-07-24,0:00,5,0.0,0.0,0.0
2025-07-24,0:00,6,1038.7181,1074.15,35.43190000000004
2025-07-24,0:00,7,2574.9511,2843.8125,268.8613999999998
2025-07-24,0:00,8,4356.8374,4786.575,429.7375999999995
2025-07-24,0:00,9,5979.8137,6320.25,340.4363000000003
2025-07-24,0:00,10,6560.2442,7688.55,1128.3058
2025-07-24,0:00,11,7405.6454,7923.5625,517.9170999999997
2025-07-24,0:00,12,7672.5917,8396.3625,723.7707999999993
2025-07-24,0:00,13,6118.3264,7053.375,935.0486000000001
2025-07-24,0:00,14,5498.9621,6548.175,1049.2129000000004
2025-07-24,0:00,15,4768.4937,5381.8125,613.3188
2025-07-24,0:00,16,3281.4134,3640.425,359.01160000000027
2025-07-24,0:00,17,2062.0023,2222.8125,160.8101999999999
2025-07-24,0:00,18,943.4997,1035.0,91.50030000000004
2025-07-24,0:00,19,0.0,0.0,0.0
2025-07-24,0:00,20,0.0,0.0,0.0
2025-07-24,0:00,21,0.0,0.0,0.0
2025-07-24,0:00,22,0.0,0.0,0.0
2025-07-24,0:00,23,0.0,0.0,0.0
2025-07-24,0:00,24,0.0,0.0,0.0
2025-07-24,6:00,1,2850.516,2843.8125,6.703500000000076
2025-07-24,6:00,2,4751.3477,4786.575,35.22729999999956
2025-07-24,6:00,3,6323.5905,6320.25,3.3405000000002474
2025-07-24,6:00,4,7489.9581,7688.55,198.59190000000035
2025-07-24,6:00,5,7844.2628,7923.5625,79.29969999999958
2025-07-24,6:00,6,8599.2136,8396.3625,202.85109999999986
2025-07-24,6:00,7,7222.6153,7053.375,169.2403000000004
2025-07-24,6:00,8,6422.0606,6548.175,126.11440000000039
2025-07-24,6:00,9,5409.597,5381.8125,27.784499999999753
2025-07-24,6:00,10,3477.5188,3640.425,162.90620000000035
2025-07-24,6:00,11,2110.1824,2222.8125,112.63009999999986
2025-07-24,6:00,12,1064.7757,1035.0,29.775699999999915
2025-07-24,6:00,13,0.0,0.0,0.0
2025-07-24,6:00,14,0.0,0.0,0.0
2025-07-24,6:00,15,0.0,0.0,0.0
2025-07-24,6:00,16,0.0,0.0,0.0
2025-07-24,6:00,17,0.0,0.0,0.0
2025-07-24,6:00,18,0.0,0.0,0.0
2025-07-24,12:00,1,7002.285,7053.375,51.090000000000146
2025-07-24,12:00,2,6543.8837,6548.175,4.291299999999865
2025-07-24,12:00,3,5336.4476,5381.8125,45.36489999999958
2025-07-24,12:00,4,3807.0319,3640.425,166.60689999999977
2025-07-24,12:00,5,2348.8503,2222.8125,126.03780000000006
2025-07-24,12:00,6,1101.4781,1035.0,66.47810000000004
2025-07-24,12:00,7,0.0,0.0,0.0
2025-07-24,12:00,8,0.0,0.0,0.0
2025-07-24,12:00,9,0.0,0.0,0.0
2025-07-24,12:00,10,0.0,0.0,0.0
2025-07-24,12:00,11,0.0,0.0,0.0
2025-07-24,12:00,12,0.0,0.0,0.0
2025-07-24,18:00,1,0.0,0.0,0.0
2025-07-24,18:00,2,0.0,0.0,0.0
2025-07-24,18:00,3,0.0,0.0,0.0
2025-07-24,18:00,4,0.0,0.0,0.0
2025-07-24,18:00,5,0.0,0.0,0.0
2025-07-24,18:00,6,0.0,0.0,0.0
2025-07-25,0:00,1,0.0,0.0,0.0
2025-07-25,0:00,2,0.0,0.0,0.0
2025-07-25,0:00,3,0.0,0.0,0.0
2025-07-25,0:00,4,0.0,0.0,0.0
2025-07-25,0:00,5,0.0,0.0,0.0
2025-07-25,0:00,6,1136.2788,1094.8875,41.3913
2025-07-25,0:00,7,2952.3193,2791.9125,160.4068000000002
2025-07-25,0:00,8,4332.0309,4084.1625,247.86839999999984
2025-07-25,0:00,9,6540.9335,6081.6375,459.2960000000003
2025-07-25,0:00,10,7204.355,6856.125,348.22999999999956
2025-07-25,0:00,11,8562.5824,7699.9875,862.5948999999991
2025-07-25,0:00,12,8375.8037,8017.125,358.6787000000004
2025-07-25,0:00,13,8431.2378,8131.95,299.28780000000097
2025-07-25,0:00,14,7315.3214,6976.9875,338.33389999999963
2025-07-25,0:00,15,5753.3818,6033.3,279.91820000000007
2025-07-25,0:00,16,4022.687,4441.2375,418.5505000000003
2025-07-25,0:00,17,2804.7794,2800.0875,4.691899999999805
2025-07-25,0:00,18,923.4705,916.1625,7.307999999999993
2025-07-25,0:00,19,0.0,0.0,0.0
2025-07-25,0:00,20,0.0,0.0,0.0
2025-07-25,0:00,21,0.0,0.0,0.0
2025-07-25,0:00,22,0.0,0.0,0.0
2025-07-25,0:00,23,0.0,0.0,0.0
2025-07-25,0:00,24,0.0,0.0,0.0
2025-07-25,6:00,1,2822.0852,2791.9125,30.172700000000077
2025-07-25,6:00,2,4189.3852,4084.1625,105.2226999999998
2025-07-25,6:00,3,6288.6743,6081.6375,207.03679999999986
2025-07-25,6:00,4,6973.1721,6856.125,117.04709999999977
2025-07-25,6:00,5,7709.6807,7699.9875,9.693199999999706
2025-07-25,6:00,6,7682.9058,8017.125,334.21919999999955
2025-07-25,6:00,7,7232.3805,8131.95,899.5694999999996
2025-07-25,6:00,8,5808.0629,6976.9875,1168.9246000000003
2025-07-25,6:00,9,5216.4191,6033.3,816.8809000000001
2025-07-25,6:00,10,4442.5032,4441.2375,1.2656999999999243
2025-07-25,6:00,11,2643.2996,2800.0875,156.78790000000026
2025-07-25,6:00,12,872.223,916.1625,43.939500000000066
2025-07-25,6:00,13,0.0,0.0,0.0
2025-07-25,6:00,14,0.0,0.0,0.0
2025-07-25,6:00,15,0.0,0.0,0.0
2025-07-25,6:00,16,0.0,0.0,0.0
2025-07-25,6:00,17,0.0,0.0,0.0
2025-07-25,6:00,18,0.0,0.0,0.0
2025-07-25,12:00,1,8172.3223,8131.95,40.372299999999996
2025-07-25,12:00,2,7000.3369,6976.9875,23.34940000000006
2025-07-25,12:00,3,6041.9992,6033.3,8.699200000000019
2025-07-25,12:00,4,4498.4427,4441.2375,57.20519999999942
2025-07-25,12:00,5,2826.2138,2800.0875,26.1262999999999
2025-07-25,12:00,6,854.4627,916.1625,61.69979999999998
2025-07-25,12:00,7,0.0,0.0,0.0
2025-07-25,12:00,8,0.0,0.0,0.0
2025-07-25,12:00,9,0.0,0.0,0.0
2025-07-25,12:00,10,0.0,0.0,0.0
2025-07-25,12:00,11,0.0,0.0,0.0
2025-07-25,12:00,12,0.0,0.0,0.0
2025-07-25,18:00,1,0.0,0.0,0.0
2025-07-25,18:00,2,0.0,0.0,0.0
2025-07-25,18:00,3,0.0,0.0,0.0
2025-07-25,18:00,4,0.0,0.0,0.0
2025-07-25,18:00,5,0.0,0.0,0.0
2025-07-25,18:00,6,0.0,0.0,0.0
2025-07-26,0:00,1,0.0,0.0,0.0
2025-07-26,0:00,2,0.0,0.0,0.0
2025-07-26,0:00,3,0.0,0.0,0.0
2025-07-26,0:00,4,0.0,0.0,0.0
2025-07-26,0:00,5,0.0,0.0,0.0
2025-07-26,0:00,6,901.0346,893.4375,7.597099999999955
2025-07-26,0:00,7,2659.3708,2673.9,14.529199999999946
2025-07-26,0:00,8,4340.2316,4284.3,55.93159999999989
2025-07-26,0:00,9,5207.1641,5553.1125,345.9484000000002
2025-07-26,0:00,10,7212.0267,7343.5875,131.5607999999993
2025-07-26,0:00,11,7314.9076,7387.2375,72.32990000000063
2025-07-26,0:00,12,7385.069,7714.875,329.8059999999996
2025-07-26,0:00,13,6865.6513,7651.65,785.9986999999992
2025-07-26,0:00,14,6637.8157,7124.2125,486.39679999999953
2025-07-26,0:00,15,5010.006,5580.825,570.8189999999995
2025-07-26,0:00,16,4519.0006,4533.7125,14.711899999999332
2025-07-26,0:00,17,2974.8359,2707.5375,267.29840000000013
2025-07-26,0:00,18,1144.4467,953.55,190.8967
2025-07-26,0:00,19,0.0,0.0,0.0
2025-07-26,0:00,20,0.0,0.0,0.0
2025-07-26,0:00,21,0.0,0.0,0.0
2025-07-26,0:00,22,0.0,0.0,0.0
2025-07-26,0:00,23,0.0,0.0,0.0
2025-07-26,0:00,24,0.0,0.0,0.0
2025-07-26,6:00,1,2670.6362,2673.9,3.263800000000174
2025-07-26,6:00,2,4293.8577,4284.3,9.557699999999386
2025-07-26,6:00,3,5598.1242,5553.1125,45.01170000000002
2025-07-26,6:00,4,7482.4939,7343.5875,138.90640000000076
2025-07-26,6:00,5,7307.242,7387.2375,79.99549999999999
2025-07-26,6:00,6,7699.7396,7714.875,15.135400000000118
2025-07-26,6:00,7,7427.5239,7651.65,224.1260999999995
2025-07-26,6:00,8,6846.9593,7124.2125,277.2531999999992
2025-07-26,6:00,9,5635.3037,5580.825,54.47870000000057
2025-07-26,6:00,10,4458.7815,4533.7125,74.93099999999959
2025-07-26,6:00,11,2625.6906,2707.5375,81.8469
2025-07-26,6:00,12,1000.4682,953.55,46.91820000000007
2025-07-26,6:00,13,0.0,0.0,0.0
2025-07-26,6:00,14,0.0,0.0,0.0
2025-07-26,6:00,15,0.0,0.0,0.0
2025-07-26,6:00,16,0.0,0.0,0.0
2025-07-26,6:00,17,0.0,0.0,0.0
2025-07-26,6:00,18,0.0,0.0,0.0
2025-07-26,12:00,1,7673.4093,7651.65,21.75930000000062
2025-07-26,12:00,2,7068.2185,7124.2125,55.99399999999969
2025-07-26,12:00,3,5522.0437,5580.825,58.781299999999646
2025-07-26,12:00,4,4553.687,4533.7125,19.974500000000262
2025-07-26,12:00,5,2787.7319,2707.5375,80.19440000000031
2025-07-26,12:00,6,966.1581,953.55,12.608100000000036
2025-07-26,12:00,7,0.0,0.0,0.0
2025-07-26,12:00,8,0.0,0.0,0.0
2025-07-26,12:00,9,0.0,0.0,0.0
2025-07-26,12:00,10,0.0,0.0,0.0
2025-07-26,12:00,11,0.0,0.0,0.0
2025-07-26,12:00,12,0.0,0.0,0.0
2025-07-26,18:00,1,0.0,0.0,0.0
2025-07-26,18:00,2,0.0,0.0,0.0
2025-07-26,18:00,3,0.0,0.0,0.0
2025-07-26,18:00,4,0.0,0.0,0.0
2025-07-26,18:00,5,0.0,0.0,0.0
2025-07-26,18:00,6,0.0,0.0,0.0
2025-07-27,0:00,1,0.0,0.0,0.0
2025-07-27,0:00,2,0.0,0.0,0.0
2025-07-27,0:00,3,0.0,0.0,0.0
2025-07-27,0:00,4,0.0,0.0,0.0
2025-07-27,0:00,5,0.0,0.0,0.0
2025-07-27,0:00,6,838.1091,881.3625,43.25339999999994
2025-07-27,0:00,7,2146.289,2365.0125,218.7234999999996
2025-07-27,0:00,8,3320.1022,3813.5625,493.4603000000002
2025-07-27,0:00,9,4834.7821,5164.0125,329.23039999999946
2025-07-27,0:00,10,6687.2979,7212.075,524.7771000000002
2025-07-27,0:00,11,7485.2538,8120.1,634.8462
2025-07-27,0:00,12,8276.3426,8564.5125,288.1699000000008
2025-07-27,0:00,13,7859.8494,7641.675,218.17439999999988
2025-07-27,0:00,14,7649.213,6915.375,733.8379999999997
2025-07-27,0:00,15,6862.6548,5821.725,1040.9298
2025-07-27,0:00,16,5010.6,4398.9375,611.6625000000004
2025-07-27,0:00,17,3138.9375,2694.225,444.7125000000001
2025-07-27,0:00,18,1162.95,1005.525,157.42500000000007
2025-07-27,0:00,19,0.0,0.0,0.0
2025-07-27,0:00,20,0.0,0.0,0.0
2025-07-27,0:00,21,0.0,0.0,0.0
2025-07-27,0:00,22,0.0,0.0,0.0
2025-07-27,0:00,23,0.0,0.0,0.0
2025-07-27,0:00,24,0.0,0.0,0.0
2025-07-27,6:00,1,2334.4194,2365.0125,30.593099999999595
2025-07-27,6:00,2,3735.5774,3813.5625,77.98509999999987
2025-07-27,6:00,3,5119.5493,5164.0125,44.46320000000014
2025-07-27,6:00,4,7050.742,7212.075,161.33299999999963
2025-07-27,6:00,5,8066.9718,8120.1,53.128200000000106
2025-07-27,6:00,6,8994.9406,8564.5125,430.4280999999992
2025-07-27,6:00,7,7966.1259,7641.675,324.4508999999998
2025-07-27,6:00,8,7161.7162,6915.375,246.34119999999984
2025-07-27,6:00,9,6454.5044,5821.725,632.7793999999994
2025-07-27,6:00,10,4575.8227,4398.9375,176.8851999999997
2025-07-27,6:00,11,2625.5317,2694.225,68.69329999999991
2025-07-27,6:00,12,1020.4338,1005.525,14.908800000000042
2025-07-27,6:00,13,0.0,0.0,0.0
2025-07-27,6:00,14,0.0,0.0,0.0
2025-07-27,6:00,15,0.0,0.0,0.0
2025-07-27,6:00,16,0.0,0.0,0.0
2025-07-27,6:00,17,0.0,0.0,0.0
2025-07-27,6:00,18,0.0,0.0,0.0
2025-07-27,12:00,1,7675.2182,7641.675,33.54320000000007
2025-07-27,12:00,2,7027.3611,6915.375,111.98610000000008
2025-07-27,12:00,3,6002.2269,5821.725,180.5018999999993
2025-07-27,12:00,4,4423.39,4398.9375,24.452500000000327
2025-07-27,12:00,5,2766.0458,2694.225,71.82079999999996
2025-07-27,12:00,6,1000.3213,1005.525,5.203700000000026
2025-07-27,12:00,7,0.0,0.0,0.0
2025-07-27,12:00,8,0.0,0.0,0.0
2025-07-27,12:00,9,0.0,0.0,0.0
2025-07-27,12:00,10,0.0,0.0,0.0
2025-07-27,12:00,11,0.0,0.0,0.0
2025-07-27,12:00,12,0.0,0.0,0.0
2025-07-27,18:00,1,0.0,0.0,0.0
2025-07-27,18:00,2,0.0,0.0,0.0
2025-07-27,18:00,3,0.0,0.0,0.0
2025-07-27,18:00,4,0.0,0.0,0.0
2025-07-27,18:00,5,0.0,0.0,0.0
2025-07-27,18:00,6,0.0,0.0,0.0
2025-07-28,0:00,1,0.0,0.0,0.0
2025-07-28,0:00,2,0.0,0.0,0.0
2025-07-28,0:00,3,0.0,0.0,0.0
2025-07-28,0:00,4,0.0,0.0,0.0
2025-07-28,0:00,5,0.0,0.0,0.0
2025-07-28,0:00,6,987.6088,1003.35,15.741200000000049
2025-07-28,0:00,7,2580.4807,2597.55,17.069300000000112
2025-07-28,0:00,8,3975.2413,3946.2375,29.003799999999956
2025-07-28,0:00,9,5372.5279,5132.625,239.90290000000005
2025-07-28,0:00,10,7260.628,6630.825,629.8029999999999
2025-07-28,0:00,11,8144.3128,7531.875,612.4377999999997
2025-07-28,0:00,12,7424.7008,7359.225,65.47579999999925
2025-07-28,0:00,13,6820.2245,6833.3625,13.13799999999992
2025-07-28,0:00,14,6523.7483,6933.7875,410.03920000000016
2025-07-28,0:00,15,5256.8957,5450.9625,194.0667999999996
2025-07-28,0:00,16,4179.3552,3897.9,281.4551999999999
2025-07-28,0:00,17,2726.2833,2242.1625,484.12080000000014
2025-07-28,0:00,18,1162.95,904.35,258.6
2025-07-28,0:00,19,0.0,0.0,0.0
2025-07-28,0:00,20,0.0,0.0,0.0
2025-07-28,0:00,21,0.0,0.0,0.0
2025-07-28,0:00,22,0.0,0.0,0.0
2025-07-28,0:00,23,0.0,0.0,0.0
2025-07-28,0:00,24,0.0,0.0,0.0
2025-07-28,6:00,1,2586.2281,2597.55,11.321900000000369
2025-07-28,6:00,2,3910.481,3946.2375,35.75649999999996
2025-07-28,6:00,3,5225.7151,5132.625,93.09010000000035
2025-07-28,6:00,4,6782.0325,6630.825,151.20750000000044
2025-07-28,6:00,5,7846.5555,7531.875,314.6805000000004
2025-07-28,6:00,6,7357.5164,7359.225,1.708599999999933
2025-07-28,6:00,7,6945.25,6833.3625,111.88749999999982
2025-07-28,6:00,8,6937.6954,6933.7875,3.9078999999992448
2025-07-28,6:00,9,5538.802,5450.9625,87.83950000000004
2025-07-28,6:00,10,3532.2435,3897.9,365.65650000000005
2025-07-28,6:00,11,2121.3431,2242.1625,120.81939999999986
2025-07-28,6:00,12,769.0011,904.35,135.34890000000007
2025-07-28,6:00,13,0.0,0.0,0.0
2025-07-28,6:00,14,0.0,0.0,0.0
2025-07-28,6:00,15,0.0,0.0,0.0
2025-07-28,6:00,16,0.0,0.0,0.0
2025-07-28,6:00,17,0.0,0.0,0.0
2025-07-28,6:00,18,0.0,0.0,0.0
2025-07-28,12:00,1,6916.9566,6833.3625,83.59410000000025
2025-07-28,12:00,2,6969.1867,6933.7875,35.39919999999984
2025-07-28,12:00,3,5428.2262,5450.9625,22.736299999999574
2025-07-28,12:00,4,3917.5641,3897.9,19.664099999999962
2025-07-28,12:00,5,2364.3379,2242.1625,122.17540000000008
2025-07-28,12:00,6,941.4512,904.35,37.10119999999995
2025-07-28,12:00,7,0.0,0.0,0.0
2025-07-28,12:00,8,0.0,0.0,0.0
2025-07-28,12:00,9,0.0,0.0,0.0
2025-07-28,12:00,10,0.0,0.0,0.0
2025-07-28,12:00,11,0.0,0.0,0.0
2025-07-28,12:00,12,0.0,0.0,0.0
2025-07-28,18:00,1,0.0,0.0,0.0
2025-07-28,18:00,2,0.0,0.0,0.0
2025-07-28,18:00,3,0.0,0.0,0.0
2025-07-28,18:00,4,0.0,0.0,0.0
2025-07-28,18:00,5,0.0,0.0,0.0
2025-07-28,18:00,6,0.0,0.0,0.0
2025-07-29,0:00,1,0.0,0.0,0.0
2025-07-29,0:00,2,0.0,0.0,0.0
2025-07-29,0:00,3,0.0,0.0,0.0
2025-07-29,0:00,4,0.0,0.0,0.0
2025-07-29,0:00,5,0.0,0.0,0.0
2025-07-29,0:00,6,1151.9984,1136.1,15.898400000000038
2025-07-29,0:00,7,2594.1323,2485.4625,108.66980000000012
2025-07-29,0:00,8,4475.6935,4261.3125,214.3810000000003
2025-07-29,0:00,9,5827.1458,5700.3,126.84580000000005
2025-07-29,0:00,10,7048.1541,6293.3625,754.7915999999996
2025-07-29,0:00,11,7096.9614,6030.0375,1066.9238999999998
2025-07-29,0:00,12,8075.7354,7298.9625,776.7728999999999
2025-07-29,0:00,13,8209.4147,7604.325,605.0896999999995
2025-07-29,0:00,14,7721.2989,7052.7375,668.5613999999996
2025-07-29,0:00,15,5783.8191,5984.55,200.73090000000047
2025-07-29,0:00,16,4116.8963,4432.9125,316.0162
2025-07-29,0:00,17,2432.3037,2496.375,64.07130000000006
2025-07-29,0:00,18,1055.4385,1033.6125,21.826000000000022
2025-07-29,0:00,19,0.0,0.0,0.0
2025-07-29,0:00,20,0.0,0.0,0.0
2025-07-29,0:00,21,0.0,0.0,0.0
2025-07-29,0:00,22,0.0,0.0,0.0
2025-07-29,0:00,23,0.0,0.0,0.0
2025-07-29,0:00,24,0.0,0.0,0.0
2025-07-29,6:00,1,2435.4217,2485.4625,50.04080000000022
2025-07-29,6:00,2,4108.0266,4261.3125,153.28589999999986
2025-07-29,6:00,3,5493.6379,5700.3,206.66210000000046
2025-07-29,6:00,4,6030.6823,6293.3625,262.6801999999998
2025-07-29,6:00,5,5735.026,6030.0375,295.0115000000005
2025-07-29,6:00,6,7084.8742,7298.9625,214.08829999999944
2025-07-29,6:00,7,7453.1789,7604.325,151.14609999999993
2025-07-29,6:00,8,6837.0563,7052.7375,215.6812
2025-07-29,6:00,9,5892.8235,5984.55,91.72649999999976
2025-07-29,6:00,10,4606.0474,4432.9125,173.13490000000002
2025-07-29,6:00,11,2702.4102,2496.375,206.0351999999998
2025-07-29,6:00,12,1095.4078,1033.6125,61.7953
2025-07-29,6:00,13,0.0,0.0,0.0
2025-07-29,6:00,14,0.0,0.0,0.0
2025-07-29,6:00,15,0.0,0.0,0.0
2025-07-29,6:00,16,0.0,0.0,0.0
2025-07-29,6:00,17,0.0,0.0,0.0
2025-07-29,6:00,18,0.0,0.0,0.0
2025-07-29,12:00,1,7492.894,7604.325,111.43099999999959
2025-07-29,12:00,2,6933.0207,7052.7375,119.71680000000015
2025-07-29,12:00,3,5738.0481,5984.55,246.5019000000002
2025-07-29,12:00,4,4181.6836,4432.9125,251.22890000000007
2025-07-29,12:00,5,2311.6652,2496.375,184.7098000000001
2025-07-29,12:00,6,910.2671,1033.6125,123.34539999999993
2025-07-29,12:00,7,0.0,0.0,0.0
2025-07-29,12:00,8,0.0,0.0,0.0
2025-07-29,12:00,9,0.0,0.0,0.0
2025-07-29,12:00,10,0.0,0.0,0.0
2025-07-29,12:00,11,0.0,0.0,0.0
2025-07-29,12:00,12,0.0,0.0,0.0
2025-07-29,18:00,1,0.0,0.0,0.0
2025-07-29,18:00,2,0.0,0.0,0.0
2025-07-29,18:00,3,0.0,0.0,0.0
2025-07-29,18:00,4,0.0,0.0,0.0
2025-07-29,18:00,5,0.0,0.0,0.0
2025-07-29,18:00,6,0.0,0.0,0.0
2025-07-30,0:00,1,0.0,0.0,0.0
2025-07-30,0:00,2,0.0,0.0,0.0
2025-07-30,0:00,3,0.0,0.0,0.0
2025-07-30,0:00,4,0.0,0.0,0.0
2025-07-30,0:00,5,0.0,0.0,0.0
2025-07-30,0:00,6,979.3511,945.45,33.90109999999993
2025-07-30,0:00,7,2682.4398,2370.675,311.7647999999999
2025-07-30,0:00,8,4119.2211,3792.4875,326.73359999999957
2025-07-30,0:00,9,5539.4598,5241.15,298.3098
2025-07-30,0:00,10,7562.1596,6794.925,767.2345999999998
2025-07-30,0:00,11,7933.9022,6962.9625,970.9397000000008
2025-07-30,0:00,12,9290.3073,8521.3125,768.9948000000004
2025-07-30,0:00,13,9757.4487,8244.6,1512.8487000000005
2025-07-30,0:00,14,8954.8125,7375.4625,1579.3500000000004
2025-07-30,0:00,15,7191.225,5498.3625,1692.8625000000002
2025-07-30,0:00,16,4458.6684,3887.85,570.8183999999997
2025-07-30,0:00,17,2864.5011,2623.9125,240.58860000000004
2025-07-30,0:00,18,1136.6077,932.1375,204.47019999999998
2025-07-30,0:00,19,0.0,0.0,0.0
2025-07-30,0:00,20,0.0,0.0,0.0
2025-07-30,0:00,21,0.0,0.0,0.0
2025-07-30,0:00,22,0.0,0.0,0.0
2025-07-30,0:00,23,0.0,0.0,0.0
2025-07-30,0:00,24,0.0,0.0,0.0
2025-07-30,6:00,1,2384.3893,2370.675,13.71429999999964
2025-07-30,6:00,2,3780.4919,3792.4875,11.995600000000195
2025-07-30,6:00,3,5230.9664,5241.15,10.183599999999387
2025-07-30,6:00,4,6683.8851,6794.925,111.03989999999976
2025-07-30,6:00,5,6987.9038,6962.9625,24.94130000000041
2025-07-30,6:00,6,8467.1696,8521.3125,54.142900000000736
2025-07-30,6:00,7,8449.0177,8244.6,204.41769999999997
2025-07-30,6:00,8,7470.5265,7375.4625,95.0640000000003
2025-07-30,6:00,9,5739.0085,5498.3625,240.64599999999973
2025-07-30,6:00,10,3857.1721,3887.85,30.677900000000136
2025-07-30,6:00,11,2571.8557,2623.9125,52.05679999999984
2025-07-30,6:00,12,853.7691,932.1375,78.36840000000007
2025-07-30,6:00,13,0.0,0.0,0.0
2025-07-30,6:00,14,0.0,0.0,0.0
2025-07-30,6:00,15,0.0,0.0,0.0
2025-07-30,6:00,16,0.0,0.0,0.0
2025-07-30,6:00,17,0.0,0.0,0.0
2025-07-30,6:00,18,0.0,0.0,0.0
2025-07-30,12:00,1,8093.0659,8244.6,151.53410000000076
2025-07-30,12:00,2,7174.6888,7375.4625,200.77369999999974
2025-07-30,12:00,3,5311.9888,5498.3625,186.3737000000001
2025-07-30,12:00,4,3813.2323,3887.85,74.61769999999979
2025-07-30,12:00,5,2641.0981,2623.9125,17.18560000000025
2025-07-30,12:00,6,980.4445,932.1375,48.3069999999999
2025-07-30,12:00,7,0.0,0.0,0.0
2025-07-30,12:00,8,0.0,0.0,0.0
2025-07-30,12:00,9,0.0,0.0,0.0
2025-07-30,12:00,10,0.0,0.0,0.0
2025-07-30,12:00,11,0.0,0.0,0.0
2025-07-30,12:00,12,0.0,0.0,0.0
2025-07-30,18:00,1,0.0,0.0,0.0
2025-07-30,18:00,2,0.0,0.0,0.0
2025-07-30,18:00,3,0.0,0.0,0.0
2025-07-30,18:00,4,0.0,0.0,0.0
2025-07-30,18:00,5,0.0,0.0,0.0
2025-07-30,18:00,6,0.0,0.0,0.0
2025-07-31,0:00,1,0.0,0.0,0.0
2025-07-31,0:00,2,0.0,0.0,0.0
2025-07-31,0:00,3,0.0,0.0,0.0
2025-07-31,0:00,4,0.0,0.0,0.0
2025-07-31,0:00,5,0.0,0.0,0.0
2025-07-31,0:00,6,1040.3685,966.225,74.14350000000002
2025-07-31,0:00,7,3054.8625,2802.825,252.03750000000036
2025-07-31,0:00,8,4117.8794,3751.8375,366.0418999999997
2025-07-31,0:00,9,5919.3178,5614.2375,305.0802999999996
2025-07-31,0:00,10,6814.8346,6453.15,361.6846000000005
2025-07-31,0:00,11,7982.7477,7772.325,210.42270000000008
2025-07-31,0:00,12,8359.9491,7661.55,698.3990999999996
2025-07-31,0:00,13,8393.9048,7334.2875,1059.6173
2025-07-31,0:00,14,6756.1251,6544.9125,211.21259999999984
2025-07-31,0:00,15,6622.8385,5776.05,846.7884999999997
2025-07-31,0:00,16,5089.6125,4466.3625,623.25
2025-07-31,0:00,17,2802.455,2486.2125,316.24249999999984
2025-07-31,0:00,18,1013.3758,968.8875,44.48829999999998
2025-07-31,0:00,19,0.0,0.0,0.0
2025-07-31,0:00,20,0.0,0.0,0.0
2025-07-31,0:00,21,0.0,0.0,0.0
2025-07-31,0:00,22,0.0,0.0,0.0
2025-07-31,0:00,23,0.0,0.0,0.0
2025-07-31,0:00,24,0.0,0.0,0.0
2025-07-31,6:00,1,2814.9206,2802.825,12.095600000000104
2025-07-31,6:00,2,3764.9862,3751.8375,13.148699999999735
2025-07-31,6:00,3,5630.9703,5614.2375,16.73279999999977
2025-07-31,6:00,4,6614.7043,6453.15,161.5543000000007
2025-07-31,6:00,5,7994.1957,7772.325,221.8707000000004
2025-07-31,6:00,6,7826.996,7661.55,165.4459999999999
2025-07-31,6:00,7,7539.2233,7334.2875,204.9357999999993
2025-07-31,6:00,8,6701.1248,6544.9125,156.21229999999923
2025-07-31,6:00,9,6031.6543,5776.05,255.60429999999997
2025-07-31,6:00,10,4744.4873,4466.3625,278.1247999999996
2025-07-31,6:00,11,2672.3152,2486.2125,186.1026999999999
2025-07-31,6:00,12,995.1066,968.8875,26.219099999999912
2025-07-31,6:00,13,0.0,0.0,0.0
2025-07-31,6:00,14,0.0,0.0,0.0
2025-07-31,6:00,15,0.0,0.0,0.0
2025-07-31,6:00,16,0.0,0.0,0.0
2025-07-31,6:00,17,0.0,0.0,0.0
2025-07-31,6:00,18,0.0,0.0,0.0
2025-07-31,12:00,1,7349.4573,7334.2875,15.169799999999668
2025-07-31,12:00,2,6579.8615,6544.9125,34.948999999999614
2025-07-31,12:00,3,5739.2505,5776.05,36.79950000000008
2025-07-31,12:00,4,4428.6133,4466.3625,37.7492000000002
2025-07-31,12:00,5,2473.3085,2486.2125,12.903999999999996
2025-07-31,12:00,6,975.4477,968.8875,6.560200000000009
2025-07-31,12:00,7,0.0,0.0,0.0
2025-07-31,12:00,8,0.0,0.0,0.0
2025-07-31,12:00,9,0.0,0.0,0.0
2025-07-31,12:00,10,0.0,0.0,0.0
2025-07-31,12:00,11,0.0,0.0,0.0
2025-07-31,12:00,12,0.0,0.0,0.0
2025-07-31,18:00,1,0.0,0.0,0.0
2025-07-31,18:00,2,0.0,0.0,0.0
2025-07-31,18:00,3,0.0,0.0,0.0
2025-07-31,18:00,4,0.0,0.0,0.0
2025-07-31,18:00,5,0.0,0.0,0.0
2025-07-31,18:00,6,0.0,0.0,0.0
2025-08-01,0:00,1,0.0,0.0,0.0
2025-08-01,0:00,2,0.0,0.0,0.0
2025-08-01,0:00,3,0.0,0.0,0.0
2025-08-01,0:00,4,0.0,0.0,0.0
2025-08-01,0:00,5,0.0,0.0,0.0
2025-08-01,0:00,6,1217.2879,1218.1875,0.899599999999964
2025-08-01,0:00,7,2982.6738,2967.9,14.773799999999937
2025-08-01,0:00,8,4661.4147,4482.8625,178.55220000000008
2025-08-01,0:00,9,6792.4877,6578.6625,213.8251999999993
2025-08-01,0:00,10,7782.5117,7387.2375,395.27419999999984
2025-08-01,0:00,11,8589.4639,8324.325,265.1388999999999
2025-08-01,0:00,12,8006.5408,8300.475,293.9342000000006
2025-08-01,0:00,13,8267.5793,9158.6625,891.0832000000009
2025-08-01,0:00,14,6892.4727,7962.0375,1069.5648
2025-08-01,0:00,15,5542.7391,6413.9625,871.2233999999999
2025-08-01,0:00,16,4053.5333,4779.4875,725.9542000000001
2025-08-01,0:00,17,2305.6071,2808.4875,502.8804
2025-08-01,0:00,18,997.3558,1048.5375,51.181699999999864
2025-08-01,0:00,19,0.0,0.0,0.0
2025-08-01,0:00,20,0.0,0.0,0.0
2025-08-01,0:00,21,0.0,0.0,0.0
2025-08-01,0:00,22,0.0,0.0,0.0
2025-08-01,0:00,23,0.0,0.0,0.0
2025-08-01,0:00,24,0.0,0.0,0.0
2025-08-01,6:00,1,2972.4481,2967.9,4.548099999999977
2025-08-01,6:00,2,4523.742,4482.8625,40.87950000000001
2025-08-01,6:00,3,6738.6333,6578.6625,159.97080000000005
2025-08-01,6:00,4,7833.8435,7387.2375,446.60599999999977
2025-08-01,6:00,5,9198.1753,8324.325,873.8503000000001
2025-08-01,6:00,6,9012.366,8300.475,711.8909999999996
2025-08-01,6:00,7,9785.3625,9158.6625,626.6999999999989
2025-08-01,6:00,8,8871.0515,7962.0375,909.0139999999992
2025-08-01,6:00,9,6812.9717,6413.9625,399.0092000000004
2025-08-01,6:00,10,4739.9249,4779.4875,39.5626000000002
2025-08-01,6:00,11,2803.7414,2808.4875,4.746100000000297
2025-08-01,6:00,12,995.3374,1048.5375,53.20009999999991
2025-08-01,6:00,13,0.0,0.0,0.0
2025-08-01,6:00,14,0.0,0.0,0.0
2025-08-01,6:00,15,0.0,0.0,0.0
2025-08-01,6:00,16,0.0,0.0,0.0
2025-08-01,6:00,17,0.0,0.0,0.0
2025-08-01,6:00,18,0.0,0.0,0.0
2025-08-01,12:00,1,9070.6785,9158.6625,87.98400000000038
2025-08-01,12:00,2,7791.5965,7962.0375,170.4410000000007
2025-08-01,12:00,3,6229.8801,6413.9625,184.08239999999932
2025-08-01,12:00,4,4785.1919,4779.4875,5.704399999999623
2025-08-01,12:00,5,2877.7144,2808.4875,69.22689999999966
2025-08-01,12:00,6,1048.4932,1048.5375,0.0443000000000211
2025-08-01,12:00,7,0.0,0.0,0.0
2025-08-01,12:00,8,0.0,0.0,0.0
2025-08-01,12:00,9,0.0,0.0,0.0
2025-08-01,12:00,10,0.0,0.0,0.0
2025-08-01,12:00,11,0.0,0.0,0.0
2025-08-01,12:00,12,0.0,0.0,0.0
2025-08-01,18:00,1,0.0,0.0,0.0
2025-08-01,18:00,2,0.0,0.0,0.0
2025-08-01,18:00,3,0.0,0.0,0.0
2025-08-01,18:00,4,0.0,0.0,0.0
2025-08-01,18:00,5,0.0,0.0,0.0
2025-08-01,18:00,6,0.0,0.0,0.0
2025-08-02,0:00,1,0.0,0.0,0.0
2025-08-02,0:00,2,0.0,0.0,0.0
2025-08-02,0:00,3,0.0,0.0,0.0
2025-08-02,0:00,4,0.0,0.0,0.0
2025-08-02,0:00,5,0.0,0.0,0.0
2025-08-02,0:00,6,1060.6624,1023.9375,36.724899999999934
2025-08-02,0:00,7,2764.4621,2725.5375,38.92460000000028
2025-08-02,0:00,8,4298.5166,4238.6625,59.85409999999956
2025-08-02,0:00,9,6244.6674,6382.5,137.83259999999973
2025-08-02,0:00,10,7079.9094,7690.95,611.0406000000003
2025-08-02,0:00,11,7461.8845,8687.8875,1226.0030000000006
2025-08-02,0:00,12,7279.9513,8740.7625,1460.811200000001
2025-08-02,0:00,13,6630.1016,8631.675,2001.5733999999993
2025-08-02,0:00,14,5329.568,8119.6125,2790.0445
2025-08-02,0:00,15,4922.5471,6410.4375,1487.8904000000002
2025-08-02,0:00,16,3598.0019,4201.0125,603.0105999999996
2025-08-02,0:00,17,2513.1127,2811.75,298.63729999999987
2025-08-02,0:00,18,989.92,1005.7125,15.792500000000018
2025-08-02,0:00,19,0.0,0.0,0.0
2025-08-02,0:00,20,0.0,0.0,0.0
2025-08-02,0:00,21,0.0,0.0,0.0
2025-08-02,0:00,22,0.0,0.0,0.0
2025-08-02,0:00,23,0.0,0.0,0.0
2025-08-02,0:00,24,0.0,0.0,0.0
2025-08-02,6:00,1,2774.1859,2725.5375,48.64840000000004
2025-08-02,6:00,2,4322.3937,4238.6625,83.73119999999926
2025-08-02,6:00,3,6481.8716,6382.5,99.3716000000004
2025-08-02,6:00,4,7838.3328,7690.95,147.38280000000032
2025-08-02,6:00,5,8559.6954,8687.8875,128.1921000000002
2025-08-02,6:00,6,8420.5164,8740.7625,320.2461000000003
2025-08-02,6:00,7,8440.8694,8631.675,190.80559999999969
2025-08-02,6:00,8,8181.643,8119.6125,62.03049999999985
2025-08-02,6:00,9,6501.6385,6410.4375,91.20100000000002
2025-08-02,6:00,10,4339.7903,4201.0125,138.77779999999984
2025-08-02,6:00,11,2871.7113,2811.75,59.96129999999994
2025-08-02,6:00,12,1001.6542,1005.7125,4.058300000000031
2025-08-02,6:00,13,0.0,0.0,0.0
2025-08-02,6:00,14,0.0,0.0,0.0
2025-08-02,6:00,15,0.0,0.0,0.0
2025-08-02,6:00,16,0.0,0.0,0.0
2025-08-02,6:00,17,0.0,0.0,0.0
2025-08-02,6:00,18,0.0,0.0,0.0
2025-08-02,12:00,1,8820.5947,8631.675,188.91970000000038
2025-08-02,12:00,2,8406.8224,8119.6125,287.2098999999989
2025-08-02,12:00,3,6640.6499,6410.4375,230.21240000000034
2025-08-02,12:00,4,4233.611,4201.0125,32.59850000000006
2025-08-02,12:00,5,2669.9835,2811.75,141.76650000000018
2025-08-02,12:00,6,951.8922,1005.7125,53.820299999999975
2025-08-02,12:00,7,0.0,0.0,0.0
2025-08-02,12:00,8,0.0,0.0,0.0
2025-08-02,12:00,9,0.0,0.0,0.0
2025-08-02,12:00,10,0.0,0.0,0.0
2025-08-02,12:00,11,0.0,0.0,0.0
2025-08-02,12:00,12,0.0,0.0,0.0
2025-08-02,18:00,1,0.0,0.0,0.0
2025-08-02,18:00,2,0.0,0.0,0.0
2025-08-02,18:00,3,0.0,0.0,0.0
2025-08-02,18:00,4,0.0,0.0,0.0
2025-08-02,18:00,5,0.0,0.0,0.0
2025-08-02,18:00,6,0.0,0.0,0.0
2025-08-03,0:00,1,0.0,0.0,0.0
2025-08-03,0:00,2,0.0,0.0,0.0
2025-08-03,0:00,3,0.0,0.0,0.0
2025-08-03,0:00,4,0.0,0.0,0.0
2025-08-03,0:00,5,0.0,0.0,0.0
2025-08-03,0:00,6,1089.2469,1035.45,53.79690000000005
2025-08-03,0:00,7,2834.7434,2821.9875,12.755899999999656
2025-08-03,0:00,8,4820.4869,4667.175,153.3118999999997
2025-08-03,0:00,9,7117.7806,7148.0625,30.28189999999995
2025-08-03,0:00,10,8314.2467,8281.2,33.046699999998964
2025-08-03,0:00,11,8682.3623,8770.65,88.28769999999895
2025-08-03,0:00,12,9612.8548,9253.3125,359.54229999999916
2025-08-03,0:00,13,9785.3625,9785.3625,0.0
2025-08-03,0:00,14,8954.8125,8637.975,316.83749999999964
2025-08-03,0:00,15,7191.225,7191.225,0.0
2025-08-03,0:00,16,5089.6125,4954.05,135.5625
2025-08-03,0:00,17,3138.9375,3138.9375,0.0
2025-08-03,0:00,18,1095.2625,1059.4125,35.850000000000136
2025-08-03,0:00,19,0.0,0.0,0.0
2025-08-03,0:00,20,0.0,0.0,0.0
2025-08-03,0:00,21,0.0,0.0,0.0
2025-08-03,0:00,22,0.0,0.0,0.0
2025-08-03,0:00,23,0.0,0.0,0.0
2025-08-03,0:00,24,0.0,0.0,0.0
2025-08-03,6:00,1,2858.948,2821.9875,36.96049999999968
2025-08-03,6:00,2,4714.8236,4667.175,47.64859999999953
2025-08-03,6:00,3,7292.1,7148.0625,144.03750000000036
2025-08-03,6:00,4,8376.0,8281.2,94.79999999999927
2025-08-03,6:00,5,8700.8457,8770.65,69.80429999999978
2025-08-03,6:00,6,8983.577,9253.3125,269.7355000000007
2025-08-03,6:00,7,9770.8225,9785.3625,14.539999999999054
2025-08-03,6:00,8,8149.1153,8637.975,488.8597
2025-08-03,6:00,9,6385.3017,7191.225,805.9233000000004
2025-08-03,6:00,10,4375.2351,4954.05,578.8149000000003
2025-08-03,6:00,11,2906.8606,3138.9375,232.07690000000002
2025-08-03,6:00,12,1024.1955,1059.4125,35.21699999999987
2025-08-03,6:00,13,0.0,0.0,0.0
2025-08-03,6:00,14,0.0,0.0,0.0
2025-08-03,6:00,15,0.0,0.0,0.0
2025-08-03,6:00,16,0.0,0.0,0.0
2025-08-03,6:00,17,0.0,0.0,0.0
2025-08-03,6:00,18,0.0,0.0,0.0
2025-08-03,12:00,1,9785.3625,9785.3625,0.0
2025-08-03,12:00,2,8830.1411,8637.975,192.16610000000037
2025-08-03,12:00,3,7191.225,7191.225,0.0
2025-08-03,12:00,4,5089.6125,4954.05,135.5625
2025-08-03,12:00,5,3138.9375,3138.9375,0.0
2025-08-03,12:00,6,1095.2625,1059.4125,35.850000000000136
2025-08-03,12:00,7,0.0,0.0,0.0
2025-08-03,12:00,8,0.0,0.0,0.0
2025-08-03,12:00,9,0.0,0.0,0.0
2025-08-03,12:00,10,0.0,0.0,0.0
2025-08-03,12:00,11,0.0,0.0,0.0
2025-08-03,12:00,12,0.0,0.0,0.0
2025-08-03,18:00,1,0.0,0.0,0.0
2025-08-03,18:00,2,0.0,0.0,0.0
2025-08-03,18:00,3,0.0,0.0,0.0
2025-08-03,18:00,4,0.0,0.0,0.0
2025-08-03,18:00,5,0.0,0.0,0.0
2025-08-03,18:00,6,0.0,0.0,0.0
2025-08-04,0:00,1,0.0,0.0,0.0
2025-08-04,0:00,2,0.0,0.0,0.0
2025-08-04,0:00,3,0.0,0.0,0.0
2025-08-04,0:00,4,0.0,0.0,0.0
2025-08-04,0:00,5,0.0,0.0,0.0
2025-08-04,0:00,6,917.2382,946.0125,28.77430000000004
2025-08-04,0:00,7,2816.0373,2825.0625,9.02520000000004
2025-08-04,0:00,8,4784.1705,4763.775,20.39550000000054
2025-08-04,0:00,9,6538.5711,6772.2375,233.66640000000007
2025-08-04,0:00,10,8376.0,8047.65,328.35000000000036
2025-08-04,0:00,11,8893.567,8695.425,198.14199999999983
2025-08-04,0:00,12,9051.2115,9163.8375,112.6260000000002
2025-08-04,0:00,13,9170.0783,8832.6375,337.4407999999985
2025-08-04,0:00,14,8814.6245,8043.2625,771.3620000000001
2025-08-04,0:00,15,6017.6881,6502.0125,484.3243999999995
2025-08-04,0:00,16,3867.8596,4534.7625,666.9029
2025-08-04,0:00,17,2541.56,2993.5875,452.02750000000015
2025-08-04,0:00,18,794.7367,1020.075,225.3383
2025-08-04,0:00,19,0.0,0.0,0.0
2025-08-04,0:00,20,0.0,0.0,0.0
2025-08-04,0:00,21,0.0,0.0,0.0
2025-08-04,0:00,22,0.0,0.0,0.0
2025-08-04,0:00,23,0.0,0.0,0.0
2025-08-04,0:00,24,0.0,0.0,0.0
2025-08-04,6:00,1,2843.6405,2825.0625,18.577999999999975
2025-08-04,6:00,2,4682.9962,4763.775,80.77880000000005
2025-08-04,6:00,3,6647.0386,6772.2375,125.19890000000032
2025-08-04,6:00,4,7688.2163,8047.65,359.4336999999996
2025-08-04,6:00,5,8206.074,8695.425,489.35099999999875
2025-08-04,6:00,6,8478.8907,9163.8375,684.9467999999997
2025-08-04,6:00,7,8593.7851,8832.6375,238.85240000000158
2025-08-04,6:00,8,7435.4081,8043.2625,607.8544000000002
2025-08-04,6:00,9,6168.6769,6502.0125,333.33559999999943
2025-08-04,6:00,10,4097.6895,4534.7625,437.0729999999994
2025-08-04,6:00,11,2437.0916,2993.5875,556.4958999999999
2025-08-04,6:00,12,805.7807,1020.075,214.29430000000002
2025-08-04,6:00,13,0.0,0.0,0.0
2025-08-04,6:00,14,0.0,0.0,0.0
2025-08-04,6:00,15,0.0,0.0,0.0
2025-08-04,6:00,16,0.0,0.0,0.0
2025-08-04,6:00,17,0.0,0.0,0.0
2025-08-04,6:00,18,0.0,0.0,0.0
2025-08-04,12:00,1,8989.4282,8832.6375,156.79069999999956
2025-08-04,12:00,2,8405.8834,8043.2625,362.6209000000008
2025-08-04,12:00,3,6793.4506,6502.0125,291.4381000000003
2025-08-04,12:00,4,4793.2385,4534.7625,258.47600000000057
2025-08-04,12:00,5,3138.9375,2993.5875,145.3499999999999
2025-08-04,12:00,6,1069.5847,1020.075,49.509700000000066
2025-08-04,12:00,7,0.0,0.0,0.0
2025-08-04,12:00,8,0.0,0.0,0.0
2025-08-04,12:00,9,0.0,0.0,0.0
2025-08-04,12:00,10,0.0,0.0,0.0
2025-08-04,12:00,11,0.0,0.0,0.0
2025-08-04,12:00,12,0.0,0.0,0.0
2025-08-04,18:00,1,0.0,0.0,0.0
2025-08-04,18:00,2,0.0,0.0,0.0
2025-08-04,18:00,3,0.0,0.0,0.0
2025-08-04,18:00,4,0.0,0.0,0.0
2025-08-04,18:00,5,0.0,0.0,0.0
2025-08-04,18:00,6,0.0,0.0,0.0
2025-08-05,0:00,1,0.0,0.0,0.0
2025-08-05,0:00,2,0.0,0.0,0.0
2025-08-05,0:00,3,0.0,0.0,0.0
2025-08-05,0:00,4,0.0,0.0,0.0
2025-08-05,0:00,5,0.0,0.0,0.0
2025-08-05,0:00,6,835.0473,838.8375,3.790200000000027
2025-08-05,0:00,7,2638.4614,2711.7375,73.27610000000004
2025-08-05,0:00,8,4515.554,4717.8375,202.28349999999955
2025-08-05,0:00,9,6373.7526,6127.9875,245.76509999999962
2025-08-05,0:00,10,8270.38,7552.05,718.329999999999
2025-08-05,0:00,11,9205.4387,7790.9625,1414.476200000001
2025-08-05,0:00,12,9708.2625,8913.0375,795.2250000000004
2025-08-05,0:00,13,9693.0687,8971.3125,721.7561999999998
2025-08-05,0:00,14,8033.6926,8299.6875,265.9948999999997
2025-08-05,0:00,15,6888.3049,6357.45,530.8549000000003
2025-08-05,0:00,16,4388.3347,4618.3125,229.97779999999966
2025-08-05,0:00,17,2678.7907,2955.1875,276.3968
2025-08-05,0:00,18,1059.4125,985.6125,73.79999999999995
2025-08-05,0:00,19,0.0,0.0,0.0
2025-08-05,0:00,20,0.0,0.0,0.0
2025-08-05,0:00,21,0.0,0.0,0.0
2025-08-05,0:00,22,0.0,0.0,0.0
2025-08-05,0:00,23,0.0,0.0,0.0
2025-08-05,0:00,24,0.0,0.0,0.0
2025-08-05,6:00,1,2696.6912,2711.7375,15.046299999999974
2025-08-05,6:00,2,4733.4222,4717.8375,15.584700000000339
2025-08-05,6:00,3,6177.4377,6127.9875,49.45020000000022
2025-08-05,6:00,4,7436.1789,7552.05,115.8711000000003
2025-08-05,6:00,5,8084.9015,7790.9625,293.9390000000003
2025-08-05,6:00,6,9105.7369,8913.0375,192.6993999999995
2025-08-05,6:00,7,8636.8409,8971.3125,334.47160000000076
2025-08-05,6:00,8,7806.1092,8299.6875,493.5783000000001
2025-08-05,6:00,9,6534.1298,6357.45,176.6797999999999
2025-08-05,6:00,10,4054.6597,4618.3125,563.6527999999998
2025-08-05,6:00,11,2761.3153,2955.1875,193.8721999999998
2025-08-05,6:00,12,989.6847,985.6125,4.072200000000066
2025-08-05,6:00,13,0.0,0.0,0.0
2025-08-05,6:00,14,0.0,0.0,0.0
2025-08-05,6:00,15,0.0,0.0,0.0
2025-08-05,6:00,16,0.0,0.0,0.0
2025-08-05,6:00,17,0.0,0.0,0.0
2025-08-05,6:00,18,0.0,0.0,0.0
2025-08-05,12:00,1,9013.7173,8971.3125,42.40480000000025
2025-08-05,12:00,2,8449.6443,8299.6875,149.95679999999993
2025-08-05,12:00,3,6501.1078,6357.45,143.65779999999995
2025-08-05,12:00,4,4699.1534,4618.3125,80.84090000000015
2025-08-05,12:00,5,3039.8807,2955.1875,84.69320000000016
2025-08-05,12:00,6,1042.8533,985.6125,57.240800000000036
2025-08-05,12:00,7,0.0,0.0,0.0
2025-08-05,12:00,8,0.0,0.0,0.0
2025-08-05,12:00,9,0.0,0.0,0.0
2025-08-05,12:00,10,0.0,0.0,0.0
2025-08-05,12:00,11,0.0,0.0,0.0
2025-08-05,12:00,12,0.0,0.0,0.0
2025-08-05,18:00,1,0.0,0.0,0.0
2025-08-05,18:00,2,0.0,0.0,0.0
2025-08-05,18:00,3,0.0,0.0,0.0
2025-08-05,18:00,4,0.0,0.0,0.0
2025-08-05,18:00,5,0.0,0.0,0.0
2025-08-05,18:00,6,0.0,0.0,0.0
2025-08-06,0:00,1,0.0,0.0,0.0
2025-08-06,0:00,2,0.0,0.0,0.0
2025-08-06,0:00,3,0.0,0.0,0.0
2025-08-06,0:00,4,0.0,0.0,0.0
2025-08-06,0:00,5,0.0,0.0,0.0
2025-08-06,0:00,6,931.9271,924.525,7.4021000000000186
2025-08-06,0:00,7,2815.0567,2686.0875,128.9692
2025-08-06,0:00,8,5011.5599,4683.1125,328.4474
2025-08-06,0:00,9,7292.1,6634.8375,657.2625000000007
2025-08-06,0:00,10,8376.0,7871.55,504.4499999999998
2025-08-06,0:00,11,8659.3452,8229.15,430.1952000000001
2025-08-06,0:00,12,9217.7444,9095.4,122.34439999999995
2025-08-06,0:00,13,8634.3159,8339.775,294.54089999999997
2025-08-06,0:00,14,6573.7315,7105.8,532.0685000000003
2025-08-06,0:00,15,3419.8926,5072.8125,1652.9198999999999
2025-08-06,0:00,16,3086.8078,3764.0625,677.2547
2025-08-06,0:00,17,2081.8679,2637.7125,555.8445999999999
2025-08-06,0:00,18,782.8645,972.9,190.03549999999996
2025-08-06,0:00,19,0.0,0.0,0.0
2025-08-06,0:00,20,0.0,0.0,0.0
2025-08-06,0:00,21,0.0,0.0,0.0
2025-08-06,0:00,22,0.0,0.0,0.0
2025-08-06,0:00,23,0.0,0.0,0.0
2025-08-06,0:00,24,0.0,0.0,0.0
2025-08-06,6:00,1,2692.0005,2686.0875,5.913000000000011
2025-08-06,6:00,2,4702.9448,4683.1125,19.832300000000032
2025-08-06,6:00,3,6719.0961,6634.8375,84.25860000000011
2025-08-06,6:00,4,8122.6141,7871.55,251.0640999999996
2025-08-06,6:00,5,8392.9767,8229.15,163.82669999999962
2025-08-06,6:00,6,9029.3495,9095.4,66.05049999999937
2025-08-06,6:00,7,8487.5173,8339.775,147.7422999999999
2025-08-06,6:00,8,7051.8946,7105.8,53.905400000000554
2025-08-06,6:00,9,5267.3301,5072.8125,194.51760000000013
2025-08-06,6:00,10,4002.4246,3764.0625,238.36209999999983
2025-08-06,6:00,11,2978.1586,2637.7125,340.4461000000001
2025-08-06,6:00,12,1049.4067,972.9,76.50670000000002
2025-08-06,6:00,13,0.0,0.0,0.0
2025-08-06,6:00,14,0.0,0.0,0.0
2025-08-06,6:00,15,0.0,0.0,0.0
2025-08-06,6:00,16,0.0,0.0,0.0
2025-08-06,6:00,17,0.0,0.0,0.0
2025-08-06,6:00,18,0.0,0.0,0.0
2025-08-06,12:00,1,8393.0542,8339.775,53.279200000000856
2025-08-06,12:00,2,7117.9571,7105.8,12.157099999999446
2025-08-06,12:00,3,5146.7715,5072.8125,73.95899999999983
2025-08-06,12:00,4,3815.6638,3764.0625,51.60129999999981
2025-08-06,12:00,5,2645.0719,2637.7125,7.359399999999823
2025-08-06,12:00,6,974.0414,972.9,1.141399999999976
2025-08-06,12:00,7,0.0,0.0,0.0
2025-08-06,12:00,8,0.0,0.0,0.0
2025-08-06,12:00,9,0.0,0.0,0.0
2025-08-06,12:00,10,0.0,0.0,0.0
2025-08-06,12:00,11,0.0,0.0,0.0
2025-08-06,12:00,12,0.0,0.0,0.0
2025-08-06,18:00,1,0.0,0.0,0.0
2025-08-06,18:00,2,0.0,0.0,0.0
2025-08-06,18:00,3,0.0,0.0,0.0
2025-08-06,18:00,4,0.0,0.0,0.0
2025-08-06,18:00,5,0.0,0.0,0.0
2025-08-06,18:00,6,0.0,0.0,0.0
2025-08-07,0:00,1,0.0,0.0,0.0
2025-08-07,0:00,2,0.0,0.0,0.0
2025-08-07,0:00,3,0.0,0.0,0.0
2025-08-07,0:00,4,0.0,0.0,0.0
2025-08-07,0:00,5,0.0,0.0,0.0
2025-08-07,0:00,6,1049.2521,1043.25,6.002099999999928
2025-08-07,0:00,7,2697.3466,2647.9125,49.434099999999944
2025-08-07,0:00,8,4084.0592,4474.9875,390.92830000000004
2025-08-07,0:00,9,5814.722,6733.3875,918.6655000000001
2025-08-07,0:00,10,6783.9278,7739.5125,955.5846999999994
2025-08-07,0:00,11,7048.3572,8725.9125,1677.5553
2025-08-07,0:00,12,7658.0567,9612.8625,1954.8057999999992
2025-08-07,0:00,13,7223.4436,9274.1625,2050.7189000000008
2025-08-07,0:00,14,7628.5551,8746.1625,1117.6074000000008
2025-08-07,0:00,15,5559.6385,6341.5875,781.9489999999996
2025-08-07,0:00,16,4844.5324,4539.3375,305.1949000000004
2025-08-07,0:00,17,3138.9375,2820.9,318.0374999999999
2025-08-07,0:00,18,1059.4125,959.625,99.78749999999991
2025-08-07,0:00,19,0.0,0.0,0.0
2025-08-07,0:00,20,0.0,0.0,0.0
2025-08-07,0:00,21,0.0,0.0,0.0
2025-08-07,0:00,22,0.0,0.0,0.0
2025-08-07,0:00,23,0.0,0.0,0.0
2025-08-07,0:00,24,0.0,0.0,0.0
2025-08-07,6:00,1,2624.8072,2647.9125,23.105299999999716
2025-08-07,6:00,2,4409.4947,4474.9875,65.49279999999999
2025-08-07,6:00,3,6646.3677,6733.3875,87.01980000000003
2025-08-07,6:00,4,7764.9433,7739.5125,25.43080000000009
2025-08-07,6:00,5,8942.1463,8725.9125,216.23379999999997
2025-08-07,6:00,6,9476.5342,9612.8625,136.32829999999922
2025-08-07,6:00,7,8737.0122,9274.1625,537.1503000000012
2025-08-07,6:00,8,7843.5586,8746.1625,902.6039000000001
2025-08-07,6:00,9,5589.9407,6341.5875,751.6467999999995
2025-08-07,6:00,10,4206.3171,4539.3375,333.0203999999994
2025-08-07,6:00,11,2627.8591,2820.9,193.04089999999997
2025-08-07,6:00,12,944.3957,959.625,15.229299999999967
2025-08-07,6:00,13,0.0,0.0,0.0
2025-08-07,6:00,14,0.0,0.0,0.0
2025-08-07,6:00,15,0.0,0.0,0.0
2025-08-07,6:00,16,0.0,0.0,0.0
2025-08-07,6:00,17,0.0,0.0,0.0
2025-08-07,6:00,18,0.0,0.0,0.0
2025-08-07,12:00,1,9334.3097,9274.1625,60.14719999999943
2025-08-07,12:00,2,8700.6932,8746.1625,45.46930000000066
2025-08-07,12:00,3,6201.7082,6341.5875,139.8792999999996
2025-08-07,12:00,4,4427.8068,4539.3375,111.53069999999934
2025-08-07,12:00,5,2638.1517,2820.9,182.7483000000002
2025-08-07,12:00,6,903.0344,959.625,56.590599999999995
2025-08-07,12:00,7,0.0,0.0,0.0
2025-08-07,12:00,8,0.0,0.0,0.0
2025-08-07,12:00,9,0.0,0.0,0.0
2025-08-07,12:00,10,0.0,0.0,0.0
2025-08-07,12:00,11,0.0,0.0,0.0
2025-08-07,12:00,12,0.0,0.0,0.0
2025-08-07,18:00,1,0.0,0.0,0.0
2025-08-07,18:00,2,0.0,0.0,0.0
2025-08-07,18:00,3,0.0,0.0,0.0
2025-08-07,18:00,4,0.0,0.0,0.0
2025-08-07,18:00,5,0.0,0.0,0.0
2025-08-07,18:00,6,0.0,0.0,0.0
2025-08-08,0:00,1,0.0,0.0,0.0
2025-08-08,0:00,2,0.0,0.0,0.0
2025-08-08,0:00,3,0.0,0.0,0.0
2025-08-08,0:00,4,0.0,0.0,0.0
2025-08-08,0:00,5,0.0,0.0,0.0
2025-08-08,0:00,6,842.9833,871.65,28.66669999999999
2025-08-08,0:00,7,2557.09,2508.0,49.090000000000146
2025-08-08,0:00,8,4203.5655,4322.6625,119.09700000000066
2025-08-08,0:00,9,6405.866,6119.8125,286.0535
2025-08-08,0:00,10,8376.0,8258.2875,117.71249999999964
2025-08-08,0:00,11,9542.025,9059.0625,482.96249999999964
2025-08-08,0:00,12,9708.2625,9488.8875,219.375
2025-08-08,0:00,13,9785.3625,9038.3625,747.0
2025-08-08,0:00,14,8954.8125,8954.8125,0.0
2025-08-08,0:00,15,7191.225,6622.875,568.3500000000004
2025-08-08,0:00,16,4746.0286,4991.1375,245.10890000000018
2025-08-08,0:00,17,2819.6834,2791.8375,27.8458999999998
2025-08-08,0:00,18,952.3581,950.85,1.508100000000013
2025-08-08,0:00,19,0.0,0.0,0.0
2025-08-08,0:00,20,0.0,0.0,0.0
2025-08-08,0:00,21,0.0,0.0,0.0
2025-08-08,0:00,22,0.0,0.0,0.0
2025-08-08,0:00,23,0.0,0.0,0.0
2025-08-08,0:00,24,0.0,0.0,0.0
2025-08-08,6:00,1,2522.4161,2508.0,14.416099999999915
2025-08-08,6:00,2,4375.734,4322.6625,53.071500000000015
2025-08-08,6:00,3,6242.4623,6119.8125,122.64980000000014
2025-08-08,6:00,4,8376.0,8258.2875,117.71249999999964
2025-08-08,6:00,5,9542.025,9059.0625,482.96249999999964
2025-08-08,6:00,6,9708.2625,9488.8875,219.375
2025-08-08,6:00,7,9480.0981,9038.3625,441.7356
2025-08-08,6:00,8,8954.8125,8954.8125,0.0
2025-08-08,6:00,9,6791.5194,6622.875,168.64440000000013
2025-08-08,6:00,10,4955.617,4991.1375,35.52049999999963
2025-08-08,6:00,11,2743.9946,2791.8375,47.8429000000001
2025-08-08,6:00,12,840.5877,950.85,110.26229999999998
2025-08-08,6:00,13,0.0,0.0,0.0
2025-08-08,6:00,14,0.0,0.0,0.0
2025-08-08,6:00,15,0.0,0.0,0.0
2025-08-08,6:00,16,0.0,0.0,0.0
2025-08-08,6:00,17,0.0,0.0,0.0
2025-08-08,6:00,18,0.0,0.0,0.0
2025-08-08,12:00,1,9217.3532,9038.3625,178.9907000000003
2025-08-08,12:00,2,8954.8125,8954.8125,0.0
2025-08-08,12:00,3,6751.571,6622.875,128.6959999999999
2025-08-08,12:00,4,5100.156,4991.1375,109.01850000000013
2025-08-08,12:00,5,2773.1265,2791.8375,18.71100000000024
2025-08-08,12:00,6,927.967,950.85,22.883000000000038
2025-08-08,12:00,7,0.0,0.0,0.0
2025-08-08,12:00,8,0.0,0.0,0.0
2025-08-08,12:00,9,0.0,0.0,0.0
2025-08-08,12:00,10,0.0,0.0,0.0
2025-08-08,12:00,11,0.0,0.0,0.0
2025-08-08,12:00,12,0.0,0.0,0.0
2025-08-08,18:00,1,0.0,0.0,0.0
2025-08-08,18:00,2,0.0,0.0,0.0
2025-08-08,18:00,3,0.0,0.0,0.0
2025-08-08,18:00,4,0.0,0.0,0.0
2025-08-08,18:00,5,0.0,0.0,0.0
2025-08-08,18:00,6,0.0,0.0,0.0
2025-08-09,0:00,1,0.0,0.0,0.0
2025-08-09,0:00,2,0.0,0.0,0.0
2025-08-09,0:00,3,0.0,0.0,0.0
2025-08-09,0:00,4,0.0,0.0,0.0
2025-08-09,0:00,5,0.0,0.0,0.0
2025-08-09,0:00,6,834.7978,835.2,0.40219999999999345
2025-08-09,0:00,7,2640.0534,2569.3875,70.66589999999997
2025-08-09,0:00,8,4899.9083,4653.3,246.60829999999987
2025-08-09,0:00,9,7212.37,6779.8875,432.4825000000001
2025-08-09,0:00,10,8203.931,8376.0,172.0689999999995
2025-08-09,0:00,11,7898.5572,8427.825,529.2678000000005
2025-08-09,0:00,12,8280.3371,8466.3,185.96289999999863
2025-08-09,0:00,13,7712.907,8015.5875,302.6804999999995
2025-08-09,0:00,14,8142.0673,8199.9375,57.870200000000295
2025-08-09,0:00,15,6187.9113,6492.6375,304.72620000000006
2025-08-09,0:00,16,4819.6446,4940.4375,120.79290000000037
2025-08-09,0:00,17,2627.6127,2720.475,92.86229999999978
2025-08-09,0:00,18,801.8879,854.7375,52.84960000000001
2025-08-09,0:00,19,0.0,0.0,0.0
2025-08-09,0:00,20,0.0,0.0,0.0
2025-08-09,0:00,21,0.0,0.0,0.0
2025-08-09,0:00,22,0.0,0.0,0.0
2025-08-09,0:00,23,0.0,0.0,0.0
2025-08-09,0:00,24,0.0,0.0,0.0
2025-08-09,6:00,1,2622.6403,2569.3875,53.25280000000021
2025-08-09,6:00,2,4821.8494,4653.3,168.54939999999988
2025-08-09,6:00,3,7022.6156,6779.8875,242.72810000000027
2025-08-09,6:00,4,8698.6875,8376.0,322.6875
2025-08-09,6:00,5,8798.4357,8427.825,370.61069999999927
2025-08-09,6:00,6,8610.3943,8466.3,144.09430000000066
2025-08-09,6:00,7,7968.4512,8015.5875,47.13629999999921
2025-08-09,6:00,8,8389.6518,8199.9375,189.71429999999964
2025-08-09,6:00,9,6551.5835,6492.6375,58.94599999999991
2025-08-09,6:00,10,4970.1743,4940.4375,29.736799999999675
2025-08-09,6:00,11,2718.504,2720.475,1.9710000000000036
2025-08-09,6:00,12,870.0299,854.7375,15.292400000000043
2025-08-09,6:00,13,0.0,0.0,0.0
2025-08-09,6:00,14,0.0,0.0,0.0
2025-08-09,6:00,15,0.0,0.0,0.0
2025-08-09,6:00,16,0.0,0.0,0.0
2025-08-09,6:00,17,0.0,0.0,0.0
2025-08-09,6:00,18,0.0,0.0,0.0
2025-08-09,12:00,1,8044.7467,8015.5875,29.159200000000055
2025-08-09,12:00,2,8146.6886,8199.9375,53.248899999999594
2025-08-09,12:00,3,6319.7008,6492.6375,172.9367000000002
2025-08-09,12:00,4,4770.8461,4940.4375,169.59140000000025
2025-08-09,12:00,5,2617.6016,2720.475,102.87339999999995
2025-08-09,12:00,6,821.1435,854.7375,33.59399999999994
2025-08-09,12:00,7,0.0,0.0,0.0
2025-08-09,12:00,8,0.0,0.0,0.0
2025-08-09,12:00,9,0.0,0.0,0.0
2025-08-09,12:00,10,0.0,0.0,0.0
2025-08-09,12:00,11,0.0,0.0,0.0
2025-08-09,12:00,12,0.0,0.0,0.0
2025-08-09,18:00,1,0.0,0.0,0.0
2025-08-09,18:00,2,0.0,0.0,0.0
2025-08-09,18:00,3,0.0,0.0,0.0
2025-08-09,18:00,4,0.0,0.0,0.0
2025-08-09,18:00,5,0.0,0.0,0.0
2025-08-09,18:00,6,0.0,0.0,0.0
2025-08-10,0:00,1,0.0,0.0,0.0
2025-08-10,0:00,2,0.0,0.0,0.0
2025-08-10,0:00,3,0.0,0.0,0.0
2025-08-10,0:00,4,0.0,0.0,0.0
2025-08-10,0:00,5,0.0,0.0,0.0
2025-08-10,0:00,6,902.3104,940.2,37.88960000000009
2025-08-10,0:00,7,2988.675,2988.675,0.0
2025-08-10,0:00,8,4887.2193,4686.7125,200.5068000000001
2025-08-10,0:00,9,7275.5789,6528.45,747.1289000000006
2025-08-10,0:00,10,8416.0596,7960.2375,455.8221000000003
2025-08-10,0:00,11,9542.025,9358.8375,183.1875
2025-08-10,0:00,12,8424.7164,8676.4875,251.77109999999993
2025-08-10,0:00,13,7828.1127,7905.6,77.48730000000069
2025-08-10,0:00,14,6371.785,7714.3875,1342.6025
2025-08-10,0:00,15,6529.8421,6753.3,223.45790000000034
2025-08-10,0:00,16,4245.5844,4637.2125,391.6280999999999
2025-08-10,0:00,17,2428.9982,2705.325,276.3267999999998
2025-08-10,0:00,18,728.4354,913.5,185.06460000000004
2025-08-10,0:00,19,0.0,0.0,0.0
2025-08-10,0:00,20,0.0,0.0,0.0
2025-08-10,0:00,21,0.0,0.0,0.0
2025-08-10,0:00,22,0.0,0.0,0.0
2025-08-10,0:00,23,0.0,0.0,0.0
2025-08-10,0:00,24,0.0,0.0,0.0
2025-08-10,6:00,1,2988.675,2988.675,0.0
2025-08-10,6:00,2,4764.4382,4686.7125,77.72569999999996
2025-08-10,6:00,3,6659.225,6528.45,130.77500000000055
2025-08-10,6:00,4,8153.3325,7960.2375,193.09500000000025
2025-08-10,6:00,5,9542.025,9358.8375,183.1875
2025-08-10,6:00,6,9173.2023,8676.4875,496.71480000000156
2025-08-10,6:00,7,8109.7967,7905.6,204.1966999999995
2025-08-10,6:00,8,7666.5863,7714.3875,47.80119999999988
2025-08-10,6:00,9,6502.038,6753.3,251.26200000000063
2025-08-10,6:00,10,4364.8738,4637.2125,272.33869999999933
2025-08-10,6:00,11,2633.9376,2705.325,71.38739999999962
2025-08-10,6:00,12,887.3348,913.5,26.165200000000027
2025-08-10,6:00,13,0.0,0.0,0.0
2025-08-10,6:00,14,0.0,0.0,0.0
2025-08-10,6:00,15,0.0,0.0,0.0
2025-08-10,6:00,16,0.0,0.0,0.0
2025-08-10,6:00,17,0.0,0.0,0.0
2025-08-10,6:00,18,0.0,0.0,0.0
2025-08-10,12:00,1,7938.8606,7905.6,33.26059999999961
2025-08-10,12:00,2,7811.6591,7714.3875,97.27160000000003
2025-08-10,12:00,3,6887.5782,6753.3,134.27819999999974
2025-08-10,12:00,4,4607.3187,4637.2125,29.89379999999983
2025-08-10,12:00,5,2614.9576,2705.325,90.36739999999963
2025-08-10,12:00,6,862.286,913.5,51.214000000000055
2025-08-10,12:00,7,0.0,0.0,0.0
2025-08-10,12:00,8,0.0,0.0,0.0
2025-08-10,12:00,9,0.0,0.0,0.0
2025-08-10,12:00,10,0.0,0.0,0.0
2025-08-10,12:00,11,0.0,0.0,0.0
2025-08-10,12:00,12,0.0,0.0,0.0
2025-08-10,18:00,1,0.0,0.0,0.0
2025-08-10,18:00,2,0.0,0.0,0.0
2025-08-10,18:00,3,0.0,0.0,0.0
2025-08-10,18:00,4,0.0,0.0,0.0
2025-08-10,18:00,5,0.0,0.0,0.0
2025-08-10,18:00,6,0.0,0.0,0.0
2025-08-11,0:00,1,0.0,0.0,0.0
2025-08-11,0:00,2,0.0,0.0,0.0
2025-08-11,0:00,3,0.0,0.0,0.0
2025-08-11,0:00,4,0.0,0.0,0.0
2025-08-11,0:00,5,0.0,0.0,0.0
2025-08-11,0:00,6,862.3035,888.75,26.446500000000015
2025-08-11,0:00,7,2650.337,2702.325,51.98799999999983
2025-08-11,0:00,8,4766.6281,4674.675,91.95309999999972
2025-08-11,0:00,9,5941.0384,5981.025,39.98659999999927
2025-08-11,0:00,10,6936.438,7593.1875,656.7494999999999
2025-08-11,0:00,11,9133.7739,9312.6375,178.8636000000006
2025-08-11,0:00,12,9206.0107,8908.95,297.0607
2025-08-11,0:00,13,7747.9535,8290.8,542.8464999999997
2025-08-11,0:00,14,8667.0228,8695.8,28.77719999999863
2025-08-11,0:00,15,7191.225,6540.0,651.2250000000004
2025-08-11,0:00,16,5102.325,4772.1,330.22499999999945
2025-08-11,0:00,17,3039.4565,2589.1875,450.2689999999998
2025-08-11,0:00,18,1041.329,871.2375,170.0915
2025-08-11,0:00,19,0.0,0.0,0.0
2025-08-11,0:00,20,0.0,0.0,0.0
2025-08-11,0:00,21,0.0,0.0,0.0
2025-08-11,0:00,22,0.0,0.0,0.0
2025-08-11,0:00,23,0.0,0.0,0.0
2025-08-11,0:00,24,0.0,0.0,0.0
2025-08-11,6:00,1,2658.731,2702.325,43.593999999999596
2025-08-11,6:00,2,4605.4761,4674.675,69.19890000000032
2025-08-11,6:00,3,5792.5847,5981.025,188.4402999999993
2025-08-11,6:00,4,7266.1546,7593.1875,327.03290000000015
2025-08-11,6:00,5,8774.2559,9312.6375,538.3816000000006
2025-08-11,6:00,6,8726.3291,8908.95,182.6208999999999
2025-08-11,6:00,7,7913.5295,8290.8,377.27049999999963
2025-08-11,6:00,8,8723.8084,8695.8,28.00840000000062
2025-08-11,6:00,9,6613.2925,6540.0,73.29249999999956
2025-08-11,6:00,10,4651.673,4772.1,120.42700000000059
2025-08-11,6:00,11,2533.8244,2589.1875,55.36310000000003
2025-08-11,6:00,12,921.9144,871.2375,50.676900000000046
2025-08-11,6:00,13,0.0,0.0,0.0
2025-08-11,6:00,14,0.0,0.0,0.0
2025-08-11,6:00,15,0.0,0.0,0.0
2025-08-11,6:00,16,0.0,0.0,0.0
2025-08-11,6:00,17,0.0,0.0,0.0
2025-08-11,6:00,18,0.0,0.0,0.0
2025-08-11,12:00,1,8130.2476,8290.8,160.55239999999958
2025-08-11,12:00,2,8516.9123,8695.8,178.8876999999993
2025-08-11,12:00,3,6352.8936,6540.0,187.10639999999967
2025-08-11,12:00,4,4768.8258,4772.1,3.2742000000007465
2025-08-11,12:00,5,2646.0772,2589.1875,56.889700000000175
2025-08-11,12:00,6,896.6442,871.2375,25.4067
2025-08-11,12:00,7,0.0,0.0,0.0
2025-08-11,12:00,8,0.0,0.0,0.0
2025-08-11,12:00,9,0.0,0.0,0.0
2025-08-11,12:00,10,0.0,0.0,0.0
2025-08-11,12:00,11,0.0,0.0,0.0
2025-08-11,12:00,12,0.0,0.0,0.0
2025-08-11,18:00,1,0.0,0.0,0.0
2025-08-11,18:00,2,0.0,0.0,0.0
2025-08-11,18:00,3,0.0,0.0,0.0
2025-08-11,18:00,4,0.0,0.0,0.0
2025-08-11,18:00,5,0.0,0.0,0.0
2025-08-11,18:00,6,0.0,0.0,0.0
2025-08-12,0:00,1,0.0,0.0,0.0
2025-08-12,0:00,2,0.0,0.0,0.0
2025-08-12,0:00,3,0.0,0.0,0.0
2025-08-12,0:00,4,0.0,0.0,0.0
2025-08-12,0:00,5,0.0,0.0,0.0
2025-08-12,0:00,6,1002.4748,943.2375,59.237300000000005
2025-08-12,0:00,7,2988.675,2977.0125,11.662500000000364
2025-08-12,0:00,8,5050.05,5050.05,0.0
2025-08-12,0:00,9,6167.9895,5993.5875,174.40200000000004
2025-08-12,0:00,10,7015.0415,7063.8,48.75849999999991
2025-08-12,0:00,11,7708.0664,7735.3125,27.246100000000297
2025-08-12,0:00,12,7856.7908,9008.925,1152.1341999999995
2025-08-12,0:00,13,6954.2384,8316.7125,1362.4740999999995
2025-08-12,0:00,14,6676.2474,7690.35,1014.1026000000002
2025-08-12,0:00,15,6309.1961,5935.6125,373.58359999999993
2025-08-12,0:00,16,4385.9424,4316.85,69.09239999999954
2025-08-12,0:00,17,2742.4132,2541.675,200.73819999999978
2025-08-12,0:00,18,919.9462,826.9125,93.03369999999995
2025-08-12,0:00,19,0.0,0.0,0.0
2025-08-12,0:00,20,0.0,0.0,0.0
2025-08-12,0:00,21,0.0,0.0,0.0
2025-08-12,0:00,22,0.0,0.0,0.0
2025-08-12,0:00,23,0.0,0.0,0.0
2025-08-12,0:00,24,0.0,0.0,0.0
2025-08-12,6:00,1,2988.675,2977.0125,11.662500000000364
2025-08-12,6:00,2,5050.05,5050.05,0.0
2025-08-12,6:00,3,6067.3223,5993.5875,73.73480000000018
2025-08-12,6:00,4,7167.9045,7063.8,104.10449999999946
2025-08-12,6:00,5,7865.2746,7735.3125,129.96209999999974
2025-08-12,6:00,6,8881.6111,9008.925,127.3138999999992
2025-08-12,6:00,7,8111.8554,8316.7125,204.85709999999926
2025-08-12,6:00,8,7334.6734,7690.35,355.6766000000007
2025-08-12,6:00,9,5595.8847,5935.6125,339.72780000000057
2025-08-12,6:00,10,3778.1924,4316.85,538.6576000000005
2025-08-12,6:00,11,2188.7167,2541.675,352.95830000000024
2025-08-12,6:00,12,756.66,826.9125,70.25250000000005
2025-08-12,6:00,13,0.0,0.0,0.0
2025-08-12,6:00,14,0.0,0.0,0.0
2025-08-12,6:00,15,0.0,0.0,0.0
2025-08-12,6:00,16,0.0,0.0,0.0
2025-08-12,6:00,17,0.0,0.0,0.0
2025-08-12,6:00,18,0.0,0.0,0.0
2025-08-12,12:00,1,8227.6333,8316.7125,89.07920000000013
2025-08-12,12:00,2,7551.8174,7690.35,138.53260000000046
2025-08-12,12:00,3,5823.5058,5935.6125,112.10670000000027
2025-08-12,12:00,4,4149.9092,4316.85,166.9408000000003
2025-08-12,12:00,5,2442.1777,2541.675,99.4973
2025-08-12,12:00,6,778.4581,826.9125,48.45440000000008
2025-08-12,12:00,7,0.0,0.0,0.0
2025-08-12,12:00,8,0.0,0.0,0.0
2025-08-12,12:00,9,0.0,0.0,0.0
2025-08-12,12:00,10,0.0,0.0,0.0
2025-08-12,12:00,11,0.0,0.0,0.0
2025-08-12,12:00,12,0.0,0.0,0.0
2025-08-12,18:00,1,0.0,0.0,0.0
2025-08-12,18:00,2,0.0,0.0,0.0
2025-08-12,18:00,3,0.0,0.0,0.0
2025-08-12,18:00,4,0.0,0.0,0.0
2025-08-12,18:00,5,0.0,0.0,0.0
2025-08-12,18:00,6,0.0,0.0,0.0
2025-08-13,0:00,1,0.0,0.0,0.0
2025-08-13,0:00,2,0.0,0.0,0.0
2025-08-13,0:00,3,0.0,0.0,0.0
2025-08-13,0:00,4,0.0,0.0,0.0
2025-08-13,0:00,5,0.0,0.0,0.0
2025-08-13,0:00,6,768.4503,825.2625,56.812200000000075
2025-08-13,0:00,7,2745.4591,2827.275,81.81590000000006
2025-08-13,0:00,8,4318.2785,4521.225,202.94650000000001
2025-08-13,0:00,9,6458.5052,6332.8125,125.6926999999996
2025-08-13,0:00,10,7680.682,7344.525,336.15700000000015
2025-08-13,0:00,11,8581.4315,7941.15,640.281500000001
2025-08-13,0:00,12,8407.9917,8686.8,278.8082999999988
2025-08-13,0:00,13,9037.3846,8119.9125,917.472099999999
2025-08-13,0:00,14,8954.8125,7556.325,1398.4875000000002
2025-08-13,0:00,15,7191.225,6511.8,679.4250000000002
2025-08-13,0:00,16,5102.325,5089.6125,12.712499999999636
2025-08-13,0:00,17,3138.9375,2975.6625,163.2750000000001
2025-08-13,0:00,18,1059.4125,898.35,161.0624999999999
2025-08-13,0:00,19,0.0,0.0,0.0
2025-08-13,0:00,20,0.0,0.0,0.0
2025-08-13,0:00,21,0.0,0.0,0.0
2025-08-13,0:00,22,0.0,0.0,0.0
2025-08-13,0:00,23,0.0,0.0,0.0
2025-08-13,0:00,24,0.0,0.0,0.0
2025-08-13,6:00,1,2863.0009,2827.275,35.72589999999991
2025-08-13,6:00,2,4581.8889,4521.225,60.66389999999956
2025-08-13,6:00,3,6522.2028,6332.8125,189.39030000000002
2025-08-13,6:00,4,7481.7634,7344.525,137.23840000000018
2025-08-13,6:00,5,8114.4164,7941.15,173.26640000000043
2025-08-13,6:00,6,8725.9299,8686.8,39.12989999999991
2025-08-13,6:00,7,8097.5356,8119.9125,22.376900000000205
2025-08-13,6:00,8,7394.6194,7556.325,161.70560000000023
2025-08-13,6:00,9,6971.2266,6511.8,459.4265999999998
2025-08-13,6:00,10,5102.325,5089.6125,12.712499999999636
2025-08-13,6:00,11,3123.516,2975.6625,147.85350000000017
2025-08-13,6:00,12,981.4581,898.35,83.10809999999992
2025-08-13,6:00,13,0.0,0.0,0.0
2025-08-13,6:00,14,0.0,0.0,0.0
2025-08-13,6:00,15,0.0,0.0,0.0
2025-08-13,6:00,16,0.0,0.0,0.0
2025-08-13,6:00,17,0.0,0.0,0.0
2025-08-13,6:00,18,0.0,0.0,0.0
2025-08-13,12:00,1,8171.9642,8119.9125,52.05169999999998
2025-08-13,12:00,2,7624.8486,7556.325,68.52360000000044
2025-08-13,12:00,3,6549.9679,6511.8,38.16789999999946
2025-08-13,12:00,4,4991.7914,5089.6125,97.82110000000011
2025-08-13,12:00,5,2916.0697,2975.6625,59.5927999999999
2025-08-13,12:00,6,901.9933,898.35,3.643299999999954
2025-08-13,12:00,7,0.0,0.0,0.0
2025-08-13,12:00,8,0.0,0.0,0.0
2025-08-13,12:00,9,0.0,0.0,0.0
2025-08-13,12:00,10,0.0,0.0,0.0
2025-08-13,12:00,11,0.0,0.0,0.0
2025-08-13,12:00,12,0.0,0.0,0.0
2025-08-13,18:00,1,0.0,0.0,0.0
2025-08-13,18:00,2,0.0,0.0,0.0
2025-08-13,18:00,3,0.0,0.0,0.0
2025-08-13,18:00,4,0.0,0.0,0.0
2025-08-13,18:00,5,0.0,0.0,0.0
2025-08-13,18:00,6,0.0,0.0,0.0
2025-08-14,0:00,1,0.0,0.0,0.0
2025-08-14,0:00,2,0.0,0.0,0.0
2025-08-14,0:00,3,0.0,0.0,0.0
2025-08-14,0:00,4,0.0,0.0,0.0
2025-08-14,0:00,5,0.0,0.0,0.0
2025-08-14,0:00,6,670.6955,667.6125,3.0830000000000837
2025-08-14,0:00,7,2548.476,2437.125,111.35100000000011
2025-08-14,0:00,8,4367.4112,3938.1,429.31119999999964
2025-08-14,0:00,9,6110.6024,5981.0625,129.53989999999976
2025-08-14,0:00,10,8442.2216,7445.9625,996.2591000000011
2025-08-14,0:00,11,9542.025,8785.8375,756.1875
2025-08-14,0:00,12,9205.0077,8597.7375,607.2702000000008
2025-08-14,0:00,13,8630.9351,8227.2,403.7350999999999
2025-08-14,0:00,14,8501.8497,8295.8625,205.9872000000014
2025-08-14,0:00,15,6199.2825,6883.0125,683.7299999999996
2025-08-14,0:00,16,4690.1305,4857.375,167.2444999999998
2025-08-14,0:00,17,2183.6281,2525.1,341.4719
2025-08-14,0:00,18,642.1179,763.875,121.75710000000004
2025-08-14,0:00,19,0.0,0.0,0.0
2025-08-14,0:00,20,0.0,0.0,0.0
2025-08-14,0:00,21,0.0,0.0,0.0
2025-08-14,0:00,22,0.0,0.0,0.0
2025-08-14,0:00,23,0.0,0.0,0.0
2025-08-14,0:00,24,0.0,0.0,0.0
2025-08-14,6:00,1,2420.7292,2437.125,16.39579999999978
2025-08-14,6:00,2,3857.09,3938.1,81.00999999999976
2025-08-14,6:00,3,5823.9658,5981.0625,157.09670000000006
2025-08-14,6:00,4,7388.2237,7445.9625,57.73880000000008
2025-08-14,6:00,5,8515.5482,8785.8375,270.28930000000037
2025-08-14,6:00,6,8253.1701,8597.7375,344.5673999999999
2025-08-14,6:00,7,8169.7943,8227.2,57.40570000000116
2025-08-14,6:00,8,7814.2347,8295.8625,481.6277999999993
2025-08-14,6:00,9,6170.8457,6883.0125,712.1668
2025-08-14,6:00,10,4483.9284,4857.375,373.4466000000002
2025-08-14,6:00,11,2334.7133,2525.1,190.38670000000002
2025-08-14,6:00,12,738.5574,763.875,25.31759999999997
2025-08-14,6:00,13,0.0,0.0,0.0
2025-08-14,6:00,14,0.0,0.0,0.0
2025-08-14,6:00,15,0.0,0.0,0.0
2025-08-14,6:00,16,0.0,0.0,0.0
2025-08-14,6:00,17,0.0,0.0,0.0
2025-08-14,6:00,18,0.0,0.0,0.0
2025-08-14,12:00,1,8212.5784,8227.2,14.621600000000399
2025-08-14,12:00,2,8225.1366,8295.8625,70.72589999999946
2025-08-14,12:00,3,6793.187,6883.0125,89.82549999999992
2025-08-14,12:00,4,4731.1523,4857.375,126.22270000000026
2025-08-14,12:00,5,2460.3206,2525.1,64.7793999999999
2025-08-14,12:00,6,753.4884,763.875,10.386600000000044
2025-08-14,12:00,7,0.0,0.0,0.0
2025-08-14,12:00,8,0.0,0.0,0.0
2025-08-14,12:00,9,0.0,0.0,0.0
2025-08-14,12:00,10,0.0,0.0,0.0
2025-08-14,12:00,11,0.0,0.0,0.0
2025-08-14,12:00,12,0.0,0.0,0.0
2025-08-14,18:00,1,0.0,0.0,0.0
2025-08-14,18:00,2,0.0,0.0,0.0
2025-08-14,18:00,3,0.0,0.0,0.0
2025-08-14,18:00,4,0.0,0.0,0.0
2025-08-14,18:00,5,0.0,0.0,0.0
2025-08-14,18:00,6,0.0,0.0,0.0
2025-08-15,0:00,1,0.0,0.0,0.0
2025-08-15,0:00,2,0.0,0.0,0.0
2025-08-15,0:00,3,0.0,0.0,0.0
2025-08-15,0:00,4,0.0,0.0,0.0
2025-08-15,0:00,5,0.0,0.0,0.0
2025-08-15,0:00,6,820.4695,762.825,57.644499999999994
2025-08-15,0:00,7,2560.8289,2459.475,101.35390000000007
2025-08-15,0:00,8,4452.9265,4344.7125,108.21399999999994
2025-08-15,0:00,9,6290.1743,6088.275,201.89930000000004
2025-08-15,0:00,10,7641.7991,7808.6625,166.86340000000018
2025-08-15,0:00,11,7793.7153,9156.9,1363.1846999999998
2025-08-15,0:00,12,7836.4211,9247.6875,1411.2664000000004
2025-08-15,0:00,13,6890.8108,8943.675,2052.864199999999
2025-08-15,0:00,14,5574.5735,8197.8375,2623.263999999999
2025-08-15,0:00,15,4939.0464,6401.325,1462.2785999999996
2025-08-15,0:00,16,4328.1144,4730.5875,402.47309999999925
2025-08-15,0:00,17,2131.648,2719.5,587.8519999999999
2025-08-15,0:00,18,611.711,857.1,245.389
2025-08-15,0:00,19,0.0,0.0,0.0
2025-08-15,0:00,20,0.0,0.0,0.0
2025-08-15,0:00,21,0.0,0.0,0.0
2025-08-15,0:00,22,0.0,0.0,0.0
2025-08-15,0:00,23,0.0,0.0,0.0
2025-08-15,0:00,24,0.0,0.0,0.0
2025-08-15,6:00,1,2468.6699,2459.475,9.194899999999961
2025-08-15,6:00,2,4332.1135,4344.7125,12.59899999999925
2025-08-15,6:00,3,6130.1877,6088.275,41.91270000000077
2025-08-15,6:00,4,7597.6368,7808.6625,211.02570000000014
2025-08-15,6:00,5,8932.1901,9156.9,224.70989999999983
2025-08-15,6:00,6,9056.294,9247.6875,191.39350000000013
2025-08-15,6:00,7,8726.5343,8943.675,217.14069999999992
2025-08-15,6:00,8,8132.7928,8197.8375,65.04469999999947
2025-08-15,6:00,9,6387.1324,6401.325,14.192599999999402
2025-08-15,6:00,10,4682.0338,4730.5875,48.55369999999948
2025-08-15,6:00,11,2499.8333,2719.5,219.66670000000022
2025-08-15,6:00,12,798.2492,857.1,58.85080000000005
2025-08-15,6:00,13,0.0,0.0,0.0
2025-08-15,6:00,14,0.0,0.0,0.0
2025-08-15,6:00,15,0.0,0.0,0.0
2025-08-15,6:00,16,0.0,0.0,0.0
2025-08-15,6:00,17,0.0,0.0,0.0
2025-08-15,6:00,18,0.0,0.0,0.0
2025-08-15,12:00,1,9095.8878,8943.675,152.21280000000115
2025-08-15,12:00,2,8352.3281,8197.8375,154.490600000001
2025-08-15,12:00,3,6619.5282,6401.325,218.20319999999992
2025-08-15,12:00,4,4891.6802,4730.5875,161.09270000000015
2025-08-15,12:00,5,2738.0613,2719.5,18.561299999999846
2025-08-15,12:00,6,853.5919,857.1,3.508100000000013
2025-08-15,12:00,7,0.0,0.0,0.0
2025-08-15,12:00,8,0.0,0.0,0.0
2025-08-15,12:00,9,0.0,0.0,0.0
2025-08-15,12:00,10,0.0,0.0,0.0
2025-08-15,12:00,11,0.0,0.0,0.0
2025-08-15,12:00,12,0.0,0.0,0.0
2025-08-15,18:00,1,0.0,0.0,0.0
2025-08-15,18:00,2,0.0,0.0,0.0
2025-08-15,18:00,3,0.0,0.0,0.0
2025-08-15,18:00,4,0.0,0.0,0.0
2025-08-15,18:00,5,0.0,0.0,0.0
2025-08-15,18:00,6,0.0,0.0,0.0
2025-08-16,0:00,1,0.0,0.0,0.0
2025-08-16,0:00,2,0.0,0.0,0.0
2025-08-16,0:00,3,0.0,0.0,0.0
2025-08-16,0:00,4,0.0,0.0,0.0
2025-08-16,0:00,5,0.0,0.0,0.0
2025-08-16,0:00,6,935.6977,830.4,105.29770000000008
2025-08-16,0:00,7,2988.675,2786.9625,201.7125000000001
2025-08-16,0:00,8,5050.05,4988.4375,61.61250000000018
2025-08-16,0:00,9,6792.7133,7292.1,499.3867
2025-08-16,0:00,10,7635.013,8003.8875,368.8744999999999
2025-08-16,0:00,11,8002.8036,8681.775,678.9713999999994
2025-08-16,0:00,12,8645.0409,9708.2625,1063.2216000000008
2025-08-16,0:00,13,7144.222,8491.05,1346.8279999999995
2025-08-16,0:00,14,6685.7146,7619.5125,933.7978999999996
2025-08-16,0:00,15,4658.0482,6397.5375,1739.4893000000002
2025-08-16,0:00,16,3078.2604,4733.9625,1655.7020999999995
2025-08-16,0:00,17,1558.0817,2557.1625,999.0808
2025-08-16,0:00,18,618.4504,795.75,177.29960000000005
2025-08-16,0:00,19,0.0,0.0,0.0
2025-08-16,0:00,20,0.0,0.0,0.0
2025-08-16,0:00,21,0.0,0.0,0.0
2025-08-16,0:00,22,0.0,0.0,0.0
2025-08-16,0:00,23,0.0,0.0,0.0
2025-08-16,0:00,24,0.0,0.0,0.0
2025-08-16,6:00,1,2800.4277,2786.9625,13.465200000000095
2025-08-16,6:00,2,5017.9062,4988.4375,29.468700000000354
2025-08-16,6:00,3,7247.3552,7292.1,44.744800000000396
2025-08-16,6:00,4,8019.382,8003.8875,15.494499999999789
2025-08-16,6:00,5,8727.3072,8681.775,45.53219999999965
2025-08-16,6:00,6,9806.7484,9708.2625,98.48589999999967
2025-08-16,6:00,7,8481.7747,8491.05,9.275299999999334
2025-08-16,6:00,8,8271.0412,7619.5125,651.5286999999998
2025-08-16,6:00,9,6754.0083,6397.5375,356.47080000000005
2025-08-16,6:00,10,4896.7808,4733.9625,162.81830000000082
2025-08-16,6:00,11,2482.0376,2557.1625,75.1248999999998
2025-08-16,6:00,12,829.4816,795.75,33.73159999999996
2025-08-16,6:00,13,0.0,0.0,0.0
2025-08-16,6:00,14,0.0,0.0,0.0
2025-08-16,6:00,15,0.0,0.0,0.0
2025-08-16,6:00,16,0.0,0.0,0.0
2025-08-16,6:00,17,0.0,0.0,0.0
2025-08-16,6:00,18,0.0,0.0,0.0
2025-08-16,12:00,1,8480.3317,8491.05,10.718299999998635
2025-08-16,12:00,2,7656.3863,7619.5125,36.8738000000003
2025-08-16,12:00,3,6448.0332,6397.5375,50.49569999999949
2025-08-16,12:00,4,4693.4339,4733.9625,40.52859999999964
2025-08-16,12:00,5,2605.7846,2557.1625,48.622100000000046
2025-08-16,12:00,6,765.8512,795.75,29.89880000000005
2025-08-16,12:00,7,0.0,0.0,0.0
2025-08-16,12:00,8,0.0,0.0,0.0
2025-08-16,12:00,9,0.0,0.0,0.0
2025-08-16,12:00,10,0.0,0.0,0.0
2025-08-16,12:00,11,0.0,0.0,0.0
2025-08-16,12:00,12,0.0,0.0,0.0
2025-08-16,18:00,1,0.0,0.0,0.0
2025-08-16,18:00,2,0.0,0.0,0.0
2025-08-16,18:00,3,0.0,0.0,0.0
2025-08-16,18:00,4,0.0,0.0,0.0
2025-08-16,18:00,5,0.0,0.0,0.0
2025-08-16,18:00,6,0.0,0.0,0.0
2025-08-17,0:00,1,0.0,0.0,0.0
2025-08-17,0:00,2,0.0,0.0,0.0
2025-08-17,0:00,3,0.0,0.0,0.0
2025-08-17,0:00,4,0.0,0.0,0.0
2025-08-17,0:00,5,0.0,0.0,0.0
2025-08-17,0:00,6,609.7466,670.9875,61.24090000000001
2025-08-17,0:00,7,2154.178,2267.8125,113.63450000000012
2025-08-17,0:00,8,4662.7639,4761.0,98.23610000000008
2025-08-17,0:00,9,5790.7676,6437.8875,647.1198999999997
2025-08-17,0:00,10,7369.3396,7662.2625,292.9228999999996
2025-08-17,0:00,11,8965.2212,9542.025,576.8037999999997
2025-08-17,0:00,12,7681.3355,9097.0125,1415.6770000000006
2025-08-17,0:00,13,7275.8762,8301.4125,1025.5363000000007
2025-08-17,0:00,14,8063.0758,8592.675,529.5991999999997
2025-08-17,0:00,15,6626.2459,6838.6125,212.3666000000003
2025-08-17,0:00,16,4606.2334,4761.2625,155.02909999999974
2025-08-17,0:00,17,3138.9375,2702.025,436.9124999999999
2025-08-17,0:00,18,870.8472,758.475,112.37220000000002
2025-08-17,0:00,19,0.0,0.0,0.0
2025-08-17,0:00,20,0.0,0.0,0.0
2025-08-17,0:00,21,0.0,0.0,0.0
2025-08-17,0:00,22,0.0,0.0,0.0
2025-08-17,0:00,23,0.0,0.0,0.0
2025-08-17,0:00,24,0.0,0.0,0.0
2025-08-17,6:00,1,2256.6574,2267.8125,11.155099999999948
2025-08-17,6:00,2,4732.7916,4761.0,28.208400000000438
2025-08-17,6:00,3,6334.5737,6437.8875,103.3137999999999
2025-08-17,6:00,4,7652.055,7662.2625,10.207499999999527
2025-08-17,6:00,5,9226.7684,9542.025,315.2565999999988
2025-08-17,6:00,6,8499.7437,9097.0125,597.2687999999998
2025-08-17,6:00,7,7328.656,8301.4125,972.7565000000004
2025-08-17,6:00,8,7711.266,8592.675,881.4089999999997
2025-08-17,6:00,9,6580.5272,6838.6125,258.08529999999973
2025-08-17,6:00,10,4988.8676,4761.2625,227.60509999999977
2025-08-17,6:00,11,2784.6599,2702.025,82.63490000000002
2025-08-17,6:00,12,853.2718,758.475,94.79679999999996
2025-08-17,6:00,13,0.0,0.0,0.0
2025-08-17,6:00,14,0.0,0.0,0.0
2025-08-17,6:00,15,0.0,0.0,0.0
2025-08-17,6:00,16,0.0,0.0,0.0
2025-08-17,6:00,17,0.0,0.0,0.0
2025-08-17,6:00,18,0.0,0.0,0.0
2025-08-17,12:00,1,8306.8678,8301.4125,5.455299999999625
2025-08-17,12:00,2,8678.4577,8592.675,85.78270000000157
2025-08-17,12:00,3,6823.1913,6838.6125,15.421199999999772
2025-08-17,12:00,4,4664.4318,4761.2625,96.83069999999952
2025-08-17,12:00,5,2578.339,2702.025,123.68600000000015
2025-08-17,12:00,6,731.5581,758.475,26.916900000000055
2025-08-17,12:00,7,0.0,0.0,0.0
2025-08-17,12:00,8,0.0,0.0,0.0
2025-08-17,12:00,9,0.0,0.0,0.0
2025-08-17,12:00,10,0.0,0.0,0.0
2025-08-17,12:00,11,0.0,0.0,0.0
2025-08-17,12:00,12,0.0,0.0,0.0
2025-08-17,18:00,1,0.0,0.0,0.0
2025-08-17,18:00,2,0.0,0.0,0.0
2025-08-17,18:00,3,0.0,0.0,0.0
2025-08-17,18:00,4,0.0,0.0,0.0
2025-08-17,18:00,5,0.0,0.0,0.0
2025-08-17,18:00,6,0.0,0.0,0.0
2025-08-18,0:00,1,0.0,0.0,0.0
2025-08-18,0:00,2,0.0,0.0,0.0
2025-08-18,0:00,3,0.0,0.0,0.0
2025-08-18,0:00,4,0.0,0.0,0.0
2025-08-18,0:00,5,0.0,0.0,0.0
2025-08-18,0:00,6,723.1527,726.4125,3.259800000000041
2025-08-18,0:00,7,2437.759,2563.2,125.4409999999998
2025-08-18,0:00,8,4124.5285,4621.275,496.7464999999993
2025-08-18,0:00,9,5706.8258,5966.8875,260.0617000000002
2025-08-18,0:00,10,7590.9439,7526.0625,64.88140000000021
2025-08-18,0:00,11,9517.7374,9285.4125,232.32489999999962
2025-08-18,0:00,12,9787.3963,9678.9375,108.45880000000034
2025-08-18,0:00,13,9148.7537,8772.2625,376.49119999999857
2025-08-18,0:00,14,7308.8336,7756.3125,447.47890000000007
2025-08-18,0:00,15,6919.2353,6559.6875,359.5478000000003
2025-08-18,0:00,16,4694.9151,4917.1875,222.27239999999983
2025-08-18,0:00,17,2074.8122,2499.6375,424.82529999999997
2025-08-18,0:00,18,548.1655,695.55,147.3845
2025-08-18,0:00,19,0.0,0.0,0.0
2025-08-18,0:00,20,0.0,0.0,0.0
2025-08-18,0:00,21,0.0,0.0,0.0
2025-08-18,0:00,22,0.0,0.0,0.0
2025-08-18,0:00,23,0.0,0.0,0.0
2025-08-18,0:00,24,0.0,0.0,0.0
2025-08-18,6:00,1,2524.135,2563.2,39.0649999999996
2025-08-18,6:00,2,4548.9805,4621.275,72.29449999999997
2025-08-18,6:00,3,5804.3714,5966.8875,162.51609999999982
2025-08-18,6:00,4,7120.9139,7526.0625,405.14860000000044
2025-08-18,6:00,5,9246.2907,9285.4125,39.1218000000008
2025-08-18,6:00,6,9535.1199,9678.9375,143.8176000000003
2025-08-18,6:00,7,8375.6035,8772.2625,396.65900000000147
2025-08-18,6:00,8,7336.6482,7756.3125,419.66430000000037
2025-08-18,6:00,9,6438.0288,6559.6875,121.65869999999995
2025-08-18,6:00,10,4643.8227,4917.1875,273.3648000000003
2025-08-18,6:00,11,2355.6158,2499.6375,144.02169999999978
2025-08-18,6:00,12,633.8561,695.55,61.693899999999985
2025-08-18,6:00,13,0.0,0.0,0.0
2025-08-18,6:00,14,0.0,0.0,0.0
2025-08-18,6:00,15,0.0,0.0,0.0
2025-08-18,6:00,16,0.0,0.0,0.0
2025-08-18,6:00,17,0.0,0.0,0.0
2025-08-18,6:00,18,0.0,0.0,0.0
2025-08-18,12:00,1,8717.2717,8772.2625,54.9908000000014
2025-08-18,12:00,2,7743.5641,7756.3125,12.748400000000402
2025-08-18,12:00,3,6648.2211,6559.6875,88.53359999999975
2025-08-18,12:00,4,4974.9949,4917.1875,57.80739999999969
2025-08-18,12:00,5,2523.795,2499.6375,24.157500000000255
2025-08-18,12:00,6,689.833,695.55,5.7169999999999845
2025-08-18,12:00,7,0.0,0.0,0.0
2025-08-18,12:00,8,0.0,0.0,0.0
2025-08-18,12:00,9,0.0,0.0,0.0
2025-08-18,12:00,10,0.0,0.0,0.0
2025-08-18,12:00,11,0.0,0.0,0.0
2025-08-18,12:00,12,0.0,0.0,0.0
2025-08-18,18:00,1,0.0,0.0,0.0
2025-08-18,18:00,2,0.0,0.0,0.0
2025-08-18,18:00,3,0.0,0.0,0.0
2025-08-18,18:00,4,0.0,0.0,0.0
2025-08-18,18:00,5,0.0,0.0,0.0
2025-08-18,18:00,6,0.0,0.0,0.0
2025-08-19,0:00,1,0.0,0.0,0.0
2025-08-19,0:00,2,0.0,0.0,0.0
2025-08-19,0:00,3,0.0,0.0,0.0
2025-08-19,0:00,4,0.0,0.0,0.0
2025-08-19,0:00,5,0.0,0.0,0.0
2025-08-19,0:00,6,874.2847,863.325,10.959699999999998
2025-08-19,0:00,7,2680.3761,2701.9875,21.61140000000023
2025-08-19,0:00,8,4871.503,4901.5125,30.009500000000116
2025-08-19,0:00,9,6187.8004,6552.6,364.7996000000003
2025-08-19,0:00,10,7673.4568,7974.3,300.84320000000025
2025-08-19,0:00,11,8990.1557,8635.2375,354.91820000000007
2025-08-19,0:00,12,9240.8792,8775.7125,465.16669999999976
2025-08-19,0:00,13,8650.0688,8768.25,118.1812000000009
2025-08-19,0:00,14,7963.2658,7544.2125,419.0533000000005
2025-08-19,0:00,15,6534.2017,6208.275,325.9267
2025-08-19,0:00,16,4237.7237,4482.0375,244.3138000000008
2025-08-19,0:00,17,2741.4157,2791.5375,50.121799999999894
2025-08-19,0:00,18,737.869,762.1875,24.318499999999972
2025-08-19,0:00,19,0.0,0.0,0.0
2025-08-19,0:00,20,0.0,0.0,0.0
2025-08-19,0:00,21,0.0,0.0,0.0
2025-08-19,0:00,22,0.0,0.0,0.0
2025-08-19,0:00,23,0.0,0.0,0.0
2025-08-19,0:00,24,0.0,0.0,0.0
2025-08-19,6:00,1,2724.7173,2701.9875,22.729799999999614
2025-08-19,6:00,2,4995.4003,4901.5125,93.88780000000042
2025-08-19,6:00,3,6621.5221,6552.6,68.92209999999977
2025-08-19,6:00,4,7921.4943,7974.3,52.80569999999989
2025-08-19,6:00,5,8199.0336,8635.2375,436.2038999999986
2025-08-19,6:00,6,8546.9956,8775.7125,228.71689999999944
2025-08-19,6:00,7,8810.6203,8768.25,42.3703000000005
2025-08-19,6:00,8,7674.2672,7544.2125,130.0547000000006
2025-08-19,6:00,9,6640.7885,6208.275,432.5135
2025-08-19,6:00,10,5102.325,4482.0375,620.2874999999995
2025-08-19,6:00,11,2993.5875,2791.5375,202.05000000000018
2025-08-19,6:00,12,876.216,762.1875,114.02850000000001
2025-08-19,6:00,13,0.0,0.0,0.0
2025-08-19,6:00,14,0.0,0.0,0.0
2025-08-19,6:00,15,0.0,0.0,0.0
2025-08-19,6:00,16,0.0,0.0,0.0
2025-08-19,6:00,17,0.0,0.0,0.0
2025-08-19,6:00,18,0.0,0.0,0.0
2025-08-19,12:00,1,8814.7153,8768.25,46.46529999999984
2025-08-19,12:00,2,7602.1807,7544.2125,57.96820000000025
2025-08-19,12:00,3,6269.4359,6208.275,61.160900000000765
2025-08-19,12:00,4,4423.6065,4482.0375,58.431000000000495
2025-08-19,12:00,5,2764.1106,2791.5375,27.426899999999932
2025-08-19,12:00,6,789.1767,762.1875,26.989199999999983
2025-08-19,12:00,7,0.0,0.0,0.0
2025-08-19,12:00,8,0.0,0.0,0.0
2025-08-19,12:00,9,0.0,0.0,0.0
2025-08-19,12:00,10,0.0,0.0,0.0
2025-08-19,12:00,11,0.0,0.0,0.0
2025-08-19,12:00,12,0.0,0.0,0.0
2025-08-19,18:00,1,0.0,0.0,0.0
2025-08-19,18:00,2,0.0,0.0,0.0
2025-08-19,18:00,3,0.0,0.0,0.0
2025-08-19,18:00,4,0.0,0.0,0.0
2025-08-19,18:00,5,0.0,0.0,0.0
2025-08-19,18:00,6,0.0,0.0,0.0
2025-08-20,0:00,1,0.0,0.0,0.0
2025-08-20,0:00,2,0.0,0.0,0.0
2025-08-20,0:00,3,0.0,0.0,0.0
2025-08-20,0:00,4,0.0,0.0,0.0
2025-08-20,0:00,5,0.0,0.0,0.0
2025-08-20,0:00,6,575.5033,561.3,14.203300000000013
2025-08-20,0:00,7,2148.4874,2016.975,131.51240000000007
2025-08-20,0:00,8,3567.8032,3412.0875,155.71569999999974
2025-08-20,0:00,9,5712.2067,5213.1375,499.0691999999999
2025-08-20,0:00,10,7801.8341,7517.0625,284.77160000000003
2025-08-20,0:00,11,7396.5973,7934.5875,537.9901999999993
2025-08-20,0:00,12,7014.672,7723.5375,708.8655000000008
2025-08-20,0:00,13,8186.4437,8693.775,507.3312999999998
2025-08-20,0:00,14,6228.7299,7401.375,1172.6450999999997
2025-08-20,0:00,15,5534.1039,6110.9625,576.8585999999996
2025-08-20,0:00,16,5102.325,5102.325,0.0
2025-08-20,0:00,17,2975.6625,2672.2125,303.4499999999998
2025-08-20,0:00,18,768.2103,694.575,73.63529999999992
2025-08-20,0:00,19,0.0,0.0,0.0
2025-08-20,0:00,20,0.0,0.0,0.0
2025-08-20,0:00,21,0.0,0.0,0.0
2025-08-20,0:00,22,0.0,0.0,0.0
2025-08-20,0:00,23,0.0,0.0,0.0
2025-08-20,0:00,24,0.0,0.0,0.0
2025-08-20,6:00,1,2005.8126,2016.975,11.162399999999934
2025-08-20,6:00,2,3344.2487,3412.0875,67.83879999999999
2025-08-20,6:00,3,5102.0934,5213.1375,111.04410000000007
2025-08-20,6:00,4,7389.0268,7517.0625,128.03570000000036
2025-08-20,6:00,5,7973.904,7934.5875,39.316500000000815
2025-08-20,6:00,6,8017.7433,7723.5375,294.2057999999997
2025-08-20,6:00,7,9340.0125,8693.775,646.2375000000011
2025-08-20,6:00,8,7733.8976,7401.375,332.52260000000024
2025-08-20,6:00,9,6322.6629,6110.9625,211.70040000000063
2025-08-20,6:00,10,4984.0536,5102.325,118.27139999999963
2025-08-20,6:00,11,2429.8011,2672.2125,242.41139999999996
2025-08-20,6:00,12,637.0437,694.575,57.5313000000001
2025-08-20,6:00,13,0.0,0.0,0.0
2025-08-20,6:00,14,0.0,0.0,0.0
2025-08-20,6:00,15,0.0,0.0,0.0
2025-08-20,6:00,16,0.0,0.0,0.0
2025-08-20,6:00,17,0.0,0.0,0.0
2025-08-20,6:00,18,0.0,0.0,0.0
2025-08-20,12:00,1,8778.5128,8693.775,84.73780000000079
2025-08-20,12:00,2,7574.7866,7401.375,173.41160000000036
2025-08-20,12:00,3,6282.3634,6110.9625,171.40090000000055
2025-08-20,12:00,4,5030.3197,5102.325,72.0052999999998
2025-08-20,12:00,5,2689.103,2672.2125,16.890499999999975
2025-08-20,12:00,6,668.3786,694.575,26.19640000000004
2025-08-20,12:00,7,0.0,0.0,0.0
2025-08-20,12:00,8,0.0,0.0,0.0
2025-08-20,12:00,9,0.0,0.0,0.0
2025-08-20,12:00,10,0.0,0.0,0.0
2025-08-20,12:00,11,0.0,0.0,0.0
2025-08-20,12:00,12,0.0,0.0,0.0
2025-08-20,18:00,1,0.0,0.0,0.0
2025-08-20,18:00,2,0.0,0.0,0.0
2025-08-20,18:00,3,0.0,0.0,0.0
2025-08-20,18:00,4,0.0,0.0,0.0
2025-08-20,18:00,5,0.0,0.0,0.0
2025-08-20,18:00,6,0.0,0.0,0.0
2025-08-21,0:00,1,0.0,0.0,0.0
2025-08-21,0:00,2,0.0,0.0,0.0
2025-08-21,0:00,3,0.0,0.0,0.0
2025-08-21,0:00,4,0.0,0.0,0.0
2025-08-21,0:00,5,0.0,0.0,0.0
2025-08-21,0:00,6,629.1459,661.6125,32.46659999999997
2025-08-21,0:00,7,2595.7154,2637.4875,41.77210000000014
2025-08-21,0:00,8,4282.3562,4649.5875,367.23129999999946
2025-08-21,0:00,9,5970.9369,6482.0625,511.1256000000003
2025-08-21,0:00,10,7424.8264,7687.3875,262.5610999999999
2025-08-21,0:00,11,8481.9752,8984.8875,502.91229999999996
2025-08-21,0:00,12,7749.3286,8279.5875,530.2588999999998
2025-08-21,0:00,13,8287.5767,8416.6125,129.03579999999965
2025-08-21,0:00,14,6740.4573,7270.0125,529.5551999999998
2025-08-21,0:00,15,5810.7035,6144.6375,333.9340000000002
2025-08-21,0:00,16,5010.0417,5016.1125,6.070800000000418
2025-08-21,0:00,17,2975.6625,2712.975,262.6875
2025-08-21,0:00,18,686.2071,653.175,33.032100000000014
2025-08-21,0:00,19,0.0,0.0,0.0
2025-08-21,0:00,20,0.0,0.0,0.0
2025-08-21,0:00,21,0.0,0.0,0.0
2025-08-21,0:00,22,0.0,0.0,0.0
2025-08-21,0:00,23,0.0,0.0,0.0
2025-08-21,0:00,24,0.0,0.0,0.0
2025-08-21,6:00,1,2597.6144,2637.4875,39.87310000000025
2025-08-21,6:00,2,4539.6294,4649.5875,109.95809999999983
2025-08-21,6:00,3,6327.0313,6482.0625,155.03120000000035
2025-08-21,6:00,4,7377.6817,7687.3875,309.7057999999997
2025-08-21,6:00,5,8977.9646,8984.8875,6.922900000001391
2025-08-21,6:00,6,8634.5516,8279.5875,354.96410000000105
2025-08-21,6:00,7,8861.2687,8416.6125,444.65620000000126
2025-08-21,6:00,8,7610.0158,7270.0125,340.0033000000003
2025-08-21,6:00,9,6750.882,6144.6375,606.2444999999998
2025-08-21,6:00,10,4673.591,5016.1125,342.52149999999983
2025-08-21,6:00,11,2460.4067,2712.975,252.5682999999999
2025-08-21,6:00,12,532.0618,653.175,121.1132
2025-08-21,6:00,13,0.0,0.0,0.0
2025-08-21,6:00,14,0.0,0.0,0.0
2025-08-21,6:00,15,0.0,0.0,0.0
2025-08-21,6:00,16,0.0,0.0,0.0
2025-08-21,6:00,17,0.0,0.0,0.0
2025-08-21,6:00,18,0.0,0.0,0.0
2025-08-21,12:00,1,8483.7024,8416.6125,67.08990000000085
2025-08-21,12:00,2,7310.3829,7270.0125,40.37039999999979
2025-08-21,12:00,3,6114.5743,6144.6375,30.063199999999597
2025-08-21,12:00,4,4910.8913,5016.1125,105.22119999999995
2025-08-21,12:00,5,2842.5951,2712.975,129.6201000000001
2025-08-21,12:00,6,688.3827,653.175,35.207700000000045
2025-08-21,12:00,7,0.0,0.0,0.0
2025-08-21,12:00,8,0.0,0.0,0.0
2025-08-21,12:00,9,0.0,0.0,0.0
2025-08-21,12:00,10,0.0,0.0,0.0
2025-08-21,12:00,11,0.0,0.0,0.0
2025-08-21,12:00,12,0.0,0.0,0.0
2025-08-21,18:00,1,0.0,0.0,0.0
2025-08-21,18:00,2,0.0,0.0,0.0
2025-08-21,18:00,3,0.0,0.0,0.0
2025-08-21,18:00,4,0.0,0.0,0.0
2025-08-21,18:00,5,0.0,0.0,0.0
2025-08-21,18:00,6,0.0,0.0,0.0
2025-08-22,0:00,1,0.0,0.0,0.0
2025-08-22,0:00,2,0.0,0.0,0.0
2025-08-22,0:00,3,0.0,0.0,0.0
2025-08-22,0:00,4,0.0,0.0,0.0
2025-08-22,0:00,5,0.0,0.0,0.0
2025-08-22,0:00,6,710.6869,680.175,30.511900000000082
2025-08-22,0:00,7,2869.0839,2726.55,142.5338999999999
2025-08-22,0:00,8,4788.7255,4793.5875,4.86200000000008
2025-08-22,0:00,9,6833.3922,6942.3,108.90779999999995
2025-08-22,0:00,10,8423.6964,8021.925,401.77140000000054
2025-08-22,0:00,11,8581.6781,8707.65,125.97190000000046
2025-08-22,0:00,12,8524.5116,9318.5625,794.0509000000002
2025-08-22,0:00,13,7772.2911,8334.15,561.8588999999993
2025-08-22,0:00,14,7257.5388,7502.775,245.23619999999937
2025-08-22,0:00,15,4819.3529,5422.35,602.9971000000005
2025-08-22,0:00,16,4021.4576,4290.225,268.7674000000002
2025-08-22,0:00,17,2234.012,2354.625,120.61299999999983
2025-08-22,0:00,18,684.8058,714.6375,29.83170000000007
2025-08-22,0:00,19,0.0,0.0,0.0
2025-08-22,0:00,20,0.0,0.0,0.0
2025-08-22,0:00,21,0.0,0.0,0.0
2025-08-22,0:00,22,0.0,0.0,0.0
2025-08-22,0:00,23,0.0,0.0,0.0
2025-08-22,0:00,24,0.0,0.0,0.0
2025-08-22,6:00,1,2759.268,2726.55,32.71799999999985
2025-08-22,6:00,2,4926.1692,4793.5875,132.58170000000064
2025-08-22,6:00,3,7089.9516,6942.3,147.65160000000014
2025-08-22,6:00,4,8153.2538,8021.925,131.32880000000023
2025-08-22,6:00,5,9074.0284,8707.65,366.3783999999996
2025-08-22,6:00,6,9723.7846,9318.5625,405.22210000000086
2025-08-22,6:00,7,8479.6558,8334.15,145.50580000000082
2025-08-22,6:00,8,8009.6455,7502.775,506.8705
2025-08-22,6:00,9,6231.7072,5422.35,809.3571999999995
2025-08-22,6:00,10,4697.7212,4290.225,407.4961999999996
2025-08-22,6:00,11,2509.0675,2354.625,154.4425000000001
2025-08-22,6:00,12,779.8466,714.6375,65.20909999999992
2025-08-22,6:00,13,0.0,0.0,0.0
2025-08-22,6:00,14,0.0,0.0,0.0
2025-08-22,6:00,15,0.0,0.0,0.0
2025-08-22,6:00,16,0.0,0.0,0.0
2025-08-22,6:00,17,0.0,0.0,0.0
2025-08-22,6:00,18,0.0,0.0,0.0
2025-08-22,12:00,1,8333.761,8334.15,0.3889999999992142
2025-08-22,12:00,2,7526.1326,7502.775,23.357600000000275
2025-08-22,12:00,3,5600.1763,5422.35,177.82629999999972
2025-08-22,12:00,4,4564.2383,4290.225,274.0132999999996
2025-08-22,12:00,5,2568.5579,2354.625,213.9328999999998
2025-08-22,12:00,6,803.4649,714.6375,88.8273999999999
2025-08-22,12:00,7,0.0,0.0,0.0
2025-08-22,12:00,8,0.0,0.0,0.0
2025-08-22,12:00,9,0.0,0.0,0.0
2025-08-22,12:00,10,0.0,0.0,0.0
2025-08-22,12:00,11,0.0,0.0,0.0
2025-08-22,12:00,12,0.0,0.0,0.0
2025-08-22,18:00,1,0.0,0.0,0.0
2025-08-22,18:00,2,0.0,0.0,0.0
2025-08-22,18:00,3,0.0,0.0,0.0
2025-08-22,18:00,4,0.0,0.0,0.0
2025-08-22,18:00,5,0.0,0.0,0.0
2025-08-22,18:00,6,0.0,0.0,0.0
2025-08-23,0:00,1,0.0,0.0,0.0
2025-08-23,0:00,2,0.0,0.0,0.0
2025-08-23,0:00,3,0.0,0.0,0.0
2025-08-23,0:00,4,0.0,0.0,0.0
2025-08-23,0:00,5,0.0,0.0,0.0
2025-08-23,0:00,6,625.2487,673.3875,48.13880000000006
2025-08-23,0:00,7,2391.5287,2602.725,211.19630000000006
2025-08-23,0:00,8,3959.2267,4438.8,479.5733
2025-08-23,0:00,9,5625.1779,5628.1125,2.9346000000005006
2025-08-23,0:00,10,6907.642,7026.45,118.80799999999999
2025-08-23,0:00,11,8082.6864,7834.6875,247.9988999999996
2025-08-23,0:00,12,9351.1834,8774.7,576.4833999999992
2025-08-23,0:00,13,9340.0125,8361.45,978.5625
2025-08-23,0:00,14,7533.6584,7377.075,156.58340000000044
2025-08-23,0:00,15,6814.561,6693.2625,121.29849999999988
2025-08-23,0:00,16,4785.0805,4489.05,296.03049999999985
2025-08-23,0:00,17,2969.7137,2497.5375,472.1761999999999
2025-08-23,0:00,18,859.127,666.3,192.827
2025-08-23,0:00,19,0.0,0.0,0.0
2025-08-23,0:00,20,0.0,0.0,0.0
2025-08-23,0:00,21,0.0,0.0,0.0
2025-08-23,0:00,22,0.0,0.0,0.0
2025-08-23,0:00,23,0.0,0.0,0.0
2025-08-23,0:00,24,0.0,0.0,0.0
2025-08-23,6:00,1,2605.0028,2602.725,2.2778000000002976
2025-08-23,6:00,2,4493.575,4438.8,54.774999999999636
2025-08-23,6:00,3,5736.1245,5628.1125,108.01199999999972
2025-08-23,6:00,4,7425.5475,7026.45,399.09749999999985
2025-08-23,6:00,5,8268.7805,7834.6875,434.09300000000076
2025-08-23,6:00,6,9803.4362,8774.7,1028.7361999999994
2025-08-23,6:00,7,9340.0125,8361.45,978.5625
2025-08-23,6:00,8,8327.7857,7377.075,950.7107000000005
2025-08-23,6:00,9,6883.0125,6693.2625,189.75
2025-08-23,6:00,10,4561.9799,4489.05,72.92990000000009
2025-08-23,6:00,11,2433.8312,2497.5375,63.70629999999983
2025-08-23,6:00,12,631.1199,666.3,35.180099999999925
2025-08-23,6:00,13,0.0,0.0,0.0
2025-08-23,6:00,14,0.0,0.0,0.0
2025-08-23,6:00,15,0.0,0.0,0.0
2025-08-23,6:00,16,0.0,0.0,0.0
2025-08-23,6:00,17,0.0,0.0,0.0
2025-08-23,6:00,18,0.0,0.0,0.0
2025-08-23,12:00,1,8438.6708,8361.45,77.22079999999914
2025-08-23,12:00,2,7465.3775,7377.075,88.30249999999978
2025-08-23,12:00,3,6748.4537,6693.2625,55.19120000000021
2025-08-23,12:00,4,4436.6775,4489.05,52.3725000000004
2025-08-23,12:00,5,2459.773,2497.5375,37.76449999999977
2025-08-23,12:00,6,649.106,666.3,17.19399999999996
2025-08-23,12:00,7,0.0,0.0,0.0
2025-08-23,12:00,8,0.0,0.0,0.0
2025-08-23,12:00,9,0.0,0.0,0.0
2025-08-23,12:00,10,0.0,0.0,0.0
2025-08-23,12:00,11,0.0,0.0,0.0
2025-08-23,12:00,12,0.0,0.0,0.0
2025-08-23,18:00,1,0.0,0.0,0.0
2025-08-23,18:00,2,0.0,0.0,0.0
2025-08-23,18:00,3,0.0,0.0,0.0
2025-08-23,18:00,4,0.0,0.0,0.0
2025-08-23,18:00,5,0.0,0.0,0.0
2025-08-23,18:00,6,0.0,0.0,0.0
2025-08-24,0:00,1,0.0,0.0,0.0
2025-08-24,0:00,2,0.0,0.0,0.0
2025-08-24,0:00,3,0.0,0.0,0.0
2025-08-24,0:00,4,0.0,0.0,0.0
2025-08-24,0:00,5,0.0,0.0,0.0
2025-08-24,0:00,6,649.1666,624.225,24.941599999999994
2025-08-24,0:00,7,2452.2578,2396.025,56.23279999999977
2025-08-24,0:00,8,4437.978,4337.6625,100.3154999999997
2025-08-24,0:00,9,6351.4077,6047.325,304.08269999999993
2025-08-24,0:00,10,8698.6875,8698.6875,0.0
2025-08-24,0:00,11,9670.4625,9492.825,177.6374999999989
2025-08-24,0:00,12,9891.9,9891.9,0.0
2025-08-24,0:00,13,9230.3153,9340.0125,109.69720000000052
2025-08-24,0:00,14,6659.8232,7581.1125,921.2893000000004
2025-08-24,0:00,15,5721.9491,5854.9125,132.96340000000055
2025-08-24,0:00,16,4577.9293,4492.9125,85.01679999999942
2025-08-24,0:00,17,2257.5108,2393.3625,135.85170000000016
2025-08-24,0:00,18,561.297,600.825,39.52800000000002
2025-08-24,0:00,19,0.0,0.0,0.0
2025-08-24,0:00,20,0.0,0.0,0.0
2025-08-24,0:00,21,0.0,0.0,0.0
2025-08-24,0:00,22,0.0,0.0,0.0
2025-08-24,0:00,23,0.0,0.0,0.0
2025-08-24,0:00,24,0.0,0.0,0.0
2025-08-24,6:00,1,2402.1545,2396.025,6.129500000000007
2025-08-24,6:00,2,4308.5475,4337.6625,29.11500000000069
2025-08-24,6:00,3,6016.6455,6047.325,30.67950000000019
2025-08-24,6:00,4,8564.2706,8698.6875,134.41690000000017
2025-08-24,6:00,5,9597.8009,9492.825,104.97589999999946
2025-08-24,6:00,6,9885.1182,9891.9,6.781799999998839
2025-08-24,6:00,7,9340.0125,9340.0125,0.0
2025-08-24,6:00,8,8411.1672,7581.1125,830.0546999999997
2025-08-24,6:00,9,6861.9785,5854.9125,1007.0659999999998
2025-08-24,6:00,10,5102.325,4492.9125,609.4124999999995
2025-08-24,6:00,11,2975.6625,2393.3625,582.2999999999997
2025-08-24,6:00,12,716.8603,600.825,116.0353
2025-08-24,6:00,13,0.0,0.0,0.0
2025-08-24,6:00,14,0.0,0.0,0.0
2025-08-24,6:00,15,0.0,0.0,0.0
2025-08-24,6:00,16,0.0,0.0,0.0
2025-08-24,6:00,17,0.0,0.0,0.0
2025-08-24,6:00,18,0.0,0.0,0.0
2025-08-24,12:00,1,9315.215,9340.0125,24.797500000000582
2025-08-24,12:00,2,7437.9693,7581.1125,143.14320000000043
2025-08-24,12:00,3,5753.5437,5854.9125,101.36880000000019
2025-08-24,12:00,4,4356.4398,4492.9125,136.47270000000026
2025-08-24,12:00,5,2231.0932,2393.3625,162.26930000000038
2025-08-24,12:00,6,515.8238,600.825,85.00120000000004
2025-08-24,12:00,7,0.0,0.0,0.0
2025-08-24,12:00,8,0.0,0.0,0.0
2025-08-24,12:00,9,0.0,0.0,0.0
2025-08-24,12:00,10,0.0,0.0,0.0
2025-08-24,12:00,11,0.0,0.0,0.0
2025-08-24,12:00,12,0.0,0.0,0.0
2025-08-24,18:00,1,0.0,0.0,0.0
2025-08-24,18:00,2,0.0,0.0,0.0
2025-08-24,18:00,3,0.0,0.0,0.0
2025-08-24,18:00,4,0.0,0.0,0.0
2025-08-24,18:00,5,0.0,0.0,0.0
2025-08-24,18:00,6,0.0,0.0,0.0
2025-08-25,0:00,1,0.0,0.0,0.0
2025-08-25,0:00,2,0.0,0.0,0.0
2025-08-25,0:00,3,0.0,0.0,0.0
2025-08-25,0:00,4,0.0,0.0,0.0
2025-08-25,0:00,5,0.0,0.0,0.0
2025-08-25,0:00,6,565.8515,540.7875,25.063999999999965
2025-08-25,0:00,7,2141.1578,2195.1375,53.979699999999866
2025-08-25,0:00,8,4102.1506,4276.0125,173.86189999999988
2025-08-25,0:00,9,5769.59,6415.9875,646.3975
2025-08-25,0:00,10,6396.5456,7630.6875,1234.1418999999996
2025-08-25,0:00,11,5894.9284,8211.9375,2317.0091
2025-08-25,0:00,12,5426.9434,7708.2375,2281.2941
2025-08-25,0:00,13,4771.8886,7236.9,2465.0113999999994
2025-08-25,0:00,14,4883.8137,7134.7125,2250.8988
2025-08-25,0:00,15,4030.0998,5556.075,1525.9751999999999
2025-08-25,0:00,16,2917.02,3666.5625,749.5425
2025-08-25,0:00,17,2125.785,2316.675,190.89000000000033
2025-08-25,0:00,18,565.2668,581.8875,16.620700000000056
2025-08-25,0:00,19,0.0,0.0,0.0
2025-08-25,0:00,20,0.0,0.0,0.0
2025-08-25,0:00,21,0.0,0.0,0.0
2025-08-25,0:00,22,0.0,0.0,0.0
2025-08-25,0:00,23,0.0,0.0,0.0
2025-08-25,0:00,24,0.0,0.0,0.0
2025-08-25,6:00,1,2213.3241,2195.1375,18.1866
2025-08-25,6:00,2,4315.3509,4276.0125,39.33840000000055
2025-08-25,6:00,3,6525.0978,6415.9875,109.11029999999937
2025-08-25,6:00,4,7792.2442,7630.6875,161.5567000000001
2025-08-25,6:00,5,8479.2501,8211.9375,267.3125999999993
2025-08-25,6:00,6,7702.5314,7708.2375,5.706100000000333
2025-08-25,6:00,7,7216.0061,7236.9,20.89390000000003
2025-08-25,6:00,8,7156.7736,7134.7125,22.061100000000806
2025-08-25,6:00,9,5191.0892,5556.075,364.9857999999995
2025-08-25,6:00,10,3214.9832,3666.5625,451.5792999999999
2025-08-25,6:00,11,1976.2226,2316.675,340.4524000000001
2025-08-25,6:00,12,504.2025,581.8875,77.68500000000006
2025-08-25,6:00,13,0.0,0.0,0.0
2025-08-25,6:00,14,0.0,0.0,0.0
2025-08-25,6:00,15,0.0,0.0,0.0
2025-08-25,6:00,16,0.0,0.0,0.0
2025-08-25,6:00,17,0.0,0.0,0.0
2025-08-25,6:00,18,0.0,0.0,0.0
2025-08-25,12:00,1,7257.7234,7236.9,20.82340000000022
2025-08-25,12:00,2,7139.8411,7134.7125,5.128600000000006
2025-08-25,12:00,3,5526.6718,5556.075,29.403199999999742
2025-08-25,12:00,4,3810.9438,3666.5625,144.3813
2025-08-25,12:00,5,2404.0921,2316.675,87.41709999999966
2025-08-25,12:00,6,604.803,581.8875,22.915499999999952
2025-08-25,12:00,7,0.0,0.0,0.0
2025-08-25,12:00,8,0.0,0.0,0.0
2025-08-25,12:00,9,0.0,0.0,0.0
2025-08-25,12:00,10,0.0,0.0,0.0
2025-08-25,12:00,11,0.0,0.0,0.0
2025-08-25,12:00,12,0.0,0.0,0.0
2025-08-25,18:00,1,0.0,0.0,0.0
2025-08-25,18:00,2,0.0,0.0,0.0
2025-08-25,18:00,3,0.0,0.0,0.0
2025-08-25,18:00,4,0.0,0.0,0.0
2025-08-25,18:00,5,0.0,0.0,0.0
2025-08-25,18:00,6,0.0,0.0,0.0
2025-08-26,0:00,1,0.0,0.0,0.0
2025-08-26,0:00,2,0.0,0.0,0.0
2025-08-26,0:00,3,0.0,0.0,0.0
2025-08-26,0:00,4,0.0,0.0,0.0
2025-08-26,0:00,5,0.0,0.0,0.0
2025-08-26,0:00,6,575.0942,536.175,38.919200000000046
2025-08-26,0:00,7,2570.3982,2418.15,152.2482
2025-08-26,0:00,8,4235.732,4226.2875,9.444499999999607
2025-08-26,0:00,9,6091.4272,6095.4,3.972799999999552
2025-08-26,0:00,10,8150.2841,7980.6,169.6840999999995
2025-08-26,0:00,11,9055.1617,8594.1,461.0617000000002
2025-08-26,0:00,12,9891.9,9822.6,69.29999999999927
2025-08-26,0:00,13,9340.0125,8445.1875,894.8250000000007
2025-08-26,0:00,14,8569.0081,7664.5875,904.4205999999995
2025-08-26,0:00,15,5571.4507,6397.6875,826.2367999999997
2025-08-26,0:00,16,3787.5326,4140.6,353.06740000000036
2025-08-26,0:00,17,1864.6553,2277.6375,412.9821999999999
2025-08-26,0:00,18,465.8342,607.5375,141.7033
2025-08-26,0:00,19,0.0,0.0,0.0
2025-08-26,0:00,20,0.0,0.0,0.0
2025-08-26,0:00,21,0.0,0.0,0.0
2025-08-26,0:00,22,0.0,0.0,0.0
2025-08-26,0:00,23,0.0,0.0,0.0
2025-08-26,0:00,24,0.0,0.0,0.0
2025-08-26,6:00,1,2440.1579,2418.15,22.007900000000063
2025-08-26,6:00,2,4301.8783,4226.2875,75.59079999999994
2025-08-26,6:00,3,6190.2519,6095.4,94.85190000000057
2025-08-26,6:00,4,8203.0442,7980.6,222.4441999999999
2025-08-26,6:00,5,8618.6865,8594.1,24.586499999999432
2025-08-26,6:00,6,9560.1119,9822.6,262.4881000000005
2025-08-26,6:00,7,8101.1894,8445.1875,343.9980999999998
2025-08-26,6:00,8,6993.9378,7664.5875,670.6496999999999
2025-08-26,6:00,9,5310.3115,6397.6875,1087.3760000000002
2025-08-26,6:00,10,3808.0605,4140.6,332.5395000000003
2025-08-26,6:00,11,2221.6364,2277.6375,56.00109999999995
2025-08-26,6:00,12,595.2717,607.5375,12.265800000000013
2025-08-26,6:00,13,0.0,0.0,0.0
2025-08-26,6:00,14,0.0,0.0,0.0
2025-08-26,6:00,15,0.0,0.0,0.0
2025-08-26,6:00,16,0.0,0.0,0.0
2025-08-26,6:00,17,0.0,0.0,0.0
2025-08-26,6:00,18,0.0,0.0,0.0
2025-08-26,12:00,1,8392.7644,8445.1875,52.42309999999998
2025-08-26,12:00,2,7607.7499,7664.5875,56.83759999999984
2025-08-26,12:00,3,6167.2829,6397.6875,230.40459999999985
2025-08-26,12:00,4,3944.7084,4140.6,195.89160000000038
2025-08-26,12:00,5,2099.6088,2277.6375,178.02869999999984
2025-08-26,12:00,6,593.6668,607.5375,13.870700000000056
2025-08-26,12:00,7,0.0,0.0,0.0
2025-08-26,12:00,8,0.0,0.0,0.0
2025-08-26,12:00,9,0.0,0.0,0.0
2025-08-26,12:00,10,0.0,0.0,0.0
2025-08-26,12:00,11,0.0,0.0,0.0
2025-08-26,12:00,12,0.0,0.0,0.0
2025-08-26,18:00,1,0.0,0.0,0.0
2025-08-26,18:00,2,0.0,0.0,0.0
2025-08-26,18:00,3,0.0,0.0,0.0
2025-08-26,18:00,4,0.0,0.0,0.0
2025-08-26,18:00,5,0.0,0.0,0.0
2025-08-26,18:00,6,0.0,0.0,0.0
2025-08-27,0:00,1,0.0,0.0,0.0
2025-08-27,0:00,2,0.0,0.0,0.0
2025-08-27,0:00,3,0.0,0.0,0.0
2025-08-27,0:00,4,0.0,0.0,0.0
2025-08-27,0:00,5,0.0,0.0,0.0
2025-08-27,0:00,6,471.9589,488.775,16.81609999999995
2025-08-27,0:00,7,2149.2586,2282.925,133.66640000000007
2025-08-27,0:00,8,3918.7277,4119.975,201.24730000000045
2025-08-27,0:00,9,4775.2505,5225.0625,449.8119999999999
2025-08-27,0:00,10,7035.4697,7859.475,824.0053000000007
2025-08-27,0:00,11,7955.2971,8443.0125,487.71540000000095
2025-08-27,0:00,12,9891.9,8854.575,1037.324999999999
2025-08-27,0:00,13,9763.3875,8834.6625,928.7250000000004
2025-08-27,0:00,14,8591.4894,7074.3375,1517.1519000000008
2025-08-27,0:00,15,6883.0125,5889.6375,993.375
2025-08-27,0:00,16,4688.2846,4093.875,594.4096
2025-08-27,0:00,17,2107.8243,2139.75,31.92569999999978
2025-08-27,0:00,18,521.5438,485.7,35.843800000000044
2025-08-27,0:00,19,0.0,0.0,0.0
2025-08-27,0:00,20,0.0,0.0,0.0
2025-08-27,0:00,21,0.0,0.0,0.0
2025-08-27,0:00,22,0.0,0.0,0.0
2025-08-27,0:00,23,0.0,0.0,0.0
2025-08-27,0:00,24,0.0,0.0,0.0
2025-08-27,6:00,1,2296.4773,2282.925,13.552299999999832
2025-08-27,6:00,2,4162.1987,4119.975,42.22369999999955
2025-08-27,6:00,3,5211.2144,5225.0625,13.848100000000159
2025-08-27,6:00,4,7704.9013,7859.475,154.57369999999992
2025-08-27,6:00,5,7841.267,8443.0125,601.7455000000009
2025-08-27,6:00,6,8035.0476,8854.575,819.5274000000009
2025-08-27,6:00,7,7452.076,8834.6625,1382.5865000000003
2025-08-27,6:00,8,6036.0256,7074.3375,1038.3118999999997
2025-08-27,6:00,9,5288.9865,5889.6375,600.6509999999998
2025-08-27,6:00,10,4104.7048,4093.875,10.829800000000432
2025-08-27,6:00,11,2032.3428,2139.75,107.4072000000001
2025-08-27,6:00,12,469.8636,485.7,15.83639999999997
2025-08-27,6:00,13,0.0,0.0,0.0
2025-08-27,6:00,14,0.0,0.0,0.0
2025-08-27,6:00,15,0.0,0.0,0.0
2025-08-27,6:00,16,0.0,0.0,0.0
2025-08-27,6:00,17,0.0,0.0,0.0
2025-08-27,6:00,18,0.0,0.0,0.0
2025-08-27,12:00,1,8735.1948,8834.6625,99.46770000000106
2025-08-27,12:00,2,6944.8347,7074.3375,129.5027999999993
2025-08-27,12:00,3,5743.3606,5889.6375,146.27689999999984
2025-08-27,12:00,4,4099.9564,4093.875,6.081400000000031
2025-08-27,12:00,5,2155.8362,2139.75,16.08620000000019
2025-08-27,12:00,6,496.9874,485.7,11.287399999999991
2025-08-27,12:00,7,0.0,0.0,0.0
2025-08-27,12:00,8,0.0,0.0,0.0
2025-08-27,12:00,9,0.0,0.0,0.0
2025-08-27,12:00,10,0.0,0.0,0.0
2025-08-27,12:00,11,0.0,0.0,0.0
2025-08-27,12:00,12,0.0,0.0,0.0
2025-08-27,18:00,1,0.0,0.0,0.0
2025-08-27,18:00,2,0.0,0.0,0.0
2025-08-27,18:00,3,0.0,0.0,0.0
2025-08-27,18:00,4,0.0,0.0,0.0
2025-08-27,18:00,5,0.0,0.0,0.0
2025-08-27,18:00,6,0.0,0.0,0.0
2025-08-28,0:00,1,0.0,0.0,0.0
2025-08-28,0:00,2,0.0,0.0,0.0
2025-08-28,0:00,3,0.0,0.0,0.0
2025-08-28,0:00,4,0.0,0.0,0.0
2025-08-28,0:00,5,0.0,0.0,0.0
2025-08-28,0:00,6,511.2421,474.075,37.167100000000005
2025-08-28,0:00,7,2543.7537,2410.725,133.0287000000003
2025-08-28,0:00,8,4216.7056,4129.1625,87.54309999999987
2025-08-28,0:00,9,5909.8329,5627.625,282.20790000000034
2025-08-28,0:00,10,6808.1057,6454.6875,353.41820000000007
2025-08-28,0:00,11,6899.4756,6480.075,419.40059999999994
2025-08-28,0:00,12,8458.6748,7876.05,582.6248000000005
2025-08-28,0:00,13,9763.3875,8832.45,930.9375
2025-08-28,0:00,14,8592.675,7689.7125,902.9624999999996
2025-08-28,0:00,15,6883.0125,6158.25,724.7624999999998
2025-08-28,0:00,16,5102.325,4637.775,464.5500000000002
2025-08-28,0:00,17,2975.6625,2212.2375,763.4249999999997
2025-08-28,0:00,18,695.4218,506.55,188.87179999999995
2025-08-28,0:00,19,0.0,0.0,0.0
2025-08-28,0:00,20,0.0,0.0,0.0
2025-08-28,0:00,21,0.0,0.0,0.0
2025-08-28,0:00,22,0.0,0.0,0.0
2025-08-28,0:00,23,0.0,0.0,0.0
2025-08-28,0:00,24,0.0,0.0,0.0
2025-08-28,6:00,1,2448.9626,2410.725,38.23759999999993
2025-08-28,6:00,2,4225.2439,4129.1625,96.08140000000003
2025-08-28,6:00,3,5822.1107,5627.625,194.48570000000018
2025-08-28,6:00,4,6740.8852,6454.6875,286.1976999999997
2025-08-28,6:00,5,7099.4497,6480.075,619.3747000000003
2025-08-28,6:00,6,7884.6409,7876.05,8.590900000000147
2025-08-28,6:00,7,8784.1055,8832.45,48.34450000000106
2025-08-28,6:00,8,7333.4593,7689.7125,356.2531999999992
2025-08-28,6:00,9,5452.9746,6158.25,705.2754000000004
2025-08-28,6:00,10,3781.1871,4637.775,856.5878999999995
2025-08-28,6:00,11,2014.0563,2212.2375,198.18120000000022
2025-08-28,6:00,12,437.7716,506.55,68.77840000000003
2025-08-28,6:00,13,0.0,0.0,0.0
2025-08-28,6:00,14,0.0,0.0,0.0
2025-08-28,6:00,15,0.0,0.0,0.0
2025-08-28,6:00,16,0.0,0.0,0.0
2025-08-28,6:00,17,0.0,0.0,0.0
2025-08-28,6:00,18,0.0,0.0,0.0
2025-08-28,12:00,1,8678.7966,8832.45,153.65340000000106
2025-08-28,12:00,2,7477.2563,7689.7125,212.45619999999963
2025-08-28,12:00,3,5915.6636,6158.25,242.58640000000014
2025-08-28,12:00,4,4455.1672,4637.775,182.60779999999977
2025-08-28,12:00,5,2073.2794,2212.2375,138.9581000000003
2025-08-28,12:00,6,501.2704,506.55,5.279600000000016
2025-08-28,12:00,7,0.0,0.0,0.0
2025-08-28,12:00,8,0.0,0.0,0.0
2025-08-28,12:00,9,0.0,0.0,0.0
2025-08-28,12:00,10,0.0,0.0,0.0
2025-08-28,12:00,11,0.0,0.0,0.0
2025-08-28,12:00,12,0.0,0.0,0.0
2025-08-28,18:00,1,0.0,0.0,0.0
2025-08-28,18:00,2,0.0,0.0,0.0
2025-08-28,18:00,3,0.0,0.0,0.0
2025-08-28,18:00,4,0.0,0.0,0.0
2025-08-28,18:00,5,0.0,0.0,0.0
2025-08-28,18:00,6,0.0,0.0,0.0
2025-08-29,0:00,1,0.0,0.0,0.0
2025-08-29,0:00,2,0.0,0.0,0.0
2025-08-29,0:00,3,0.0,0.0,0.0
2025-08-29,0:00,4,0.0,0.0,0.0
2025-08-29,0:00,5,0.0,0.0,0.0
2025-08-29,0:00,6,428.3256,431.9625,3.6368999999999687
2025-08-29,0:00,7,1984.939,2009.7375,24.798499999999876
2025-08-29,0:00,8,3831.2879,3832.8375,1.5496000000002823
2025-08-29,0:00,9,5908.7014,5795.1,113.60139999999956
2025-08-29,0:00,10,7107.9969,7431.375,323.3780999999999
2025-08-29,0:00,11,7482.5557,8285.6625,803.1068000000005
2025-08-29,0:00,12,7702.8767,8923.5375,1220.6608000000006
2025-08-29,0:00,13,7281.1826,8138.475,857.2924000000003
2025-08-29,0:00,14,6366.9457,7785.3375,1418.3917999999994
2025-08-29,0:00,15,5155.2442,6330.9375,1175.6933
2025-08-29,0:00,16,3513.9792,4104.9375,590.9582999999998
2025-08-29,0:00,17,1904.9867,2169.3,264.31330000000025
2025-08-29,0:00,18,387.3773,481.9125,94.53520000000003
2025-08-29,0:00,19,0.0,0.0,0.0
2025-08-29,0:00,20,0.0,0.0,0.0
2025-08-29,0:00,21,0.0,0.0,0.0
2025-08-29,0:00,22,0.0,0.0,0.0
2025-08-29,0:00,23,0.0,0.0,0.0
2025-08-29,0:00,24,0.0,0.0,0.0
2025-08-29,6:00,1,2007.6188,2009.7375,2.11869999999999
2025-08-29,6:00,2,3844.1488,3832.8375,11.311299999999846
2025-08-29,6:00,3,5767.9616,5795.1,27.13840000000073
2025-08-29,6:00,4,7491.4829,7431.375,60.10789999999997
2025-08-29,6:00,5,8499.1084,8285.6625,213.4458999999988
2025-08-29,6:00,6,9052.2005,8923.5375,128.66300000000047
2025-08-29,6:00,7,8185.1817,8138.475,46.70669999999973
2025-08-29,6:00,8,8295.3811,7785.3375,510.0436000000009
2025-08-29,6:00,9,6548.6127,6330.9375,217.67519999999968
2025-08-29,6:00,10,4536.0279,4104.9375,431.09040000000005
2025-08-29,6:00,11,2573.9856,2169.3,404.6855999999998
2025-08-29,6:00,12,530.2204,481.9125,48.30790000000002
2025-08-29,6:00,13,0.0,0.0,0.0
2025-08-29,6:00,14,0.0,0.0,0.0
2025-08-29,6:00,15,0.0,0.0,0.0
2025-08-29,6:00,16,0.0,0.0,0.0
2025-08-29,6:00,17,0.0,0.0,0.0
2025-08-29,6:00,18,0.0,0.0,0.0
2025-08-29,12:00,1,8177.7974,8138.475,39.322400000000016
2025-08-29,12:00,2,7865.9044,7785.3375,80.56690000000071
2025-08-29,12:00,3,6381.0684,6330.9375,50.13090000000011
2025-08-29,12:00,4,3995.0322,4104.9375,109.9052999999999
2025-08-29,12:00,5,2115.6789,2169.3,53.6211000000003
2025-08-29,12:00,6,456.9211,481.9125,24.9914
2025-08-29,12:00,7,0.0,0.0,0.0
2025-08-29,12:00,8,0.0,0.0,0.0
2025-08-29,12:00,9,0.0,0.0,0.0
2025-08-29,12:00,10,0.0,0.0,0.0
2025-08-29,12:00,11,0.0,0.0,0.0
2025-08-29,12:00,12,0.0,0.0,0.0
2025-08-29,18:00,1,0.0,0.0,0.0
2025-08-29,18:00,2,0.0,0.0,0.0
2025-08-29,18:00,3,0.0,0.0,0.0
2025-08-29,18:00,4,0.0,0.0,0.0
2025-08-29,18:00,5,0.0,0.0,0.0
2025-08-29,18:00,6,0.0,0.0,0.0
2025-08-30,0:00,1,0.0,0.0,0.0
2025-08-30,0:00,2,0.0,0.0,0.0
2025-08-30,0:00,3,0.0,0.0,0.0
2025-08-30,0:00,4,0.0,0.0,0.0
2025-08-30,0:00,5,0.0,0.0,0.0
2025-08-30,0:00,6,471.0125,501.4875,30.475000000000023
2025-08-30,0:00,7,2442.3971,2531.775,89.37789999999995
2025-08-30,0:00,8,4386.981,4626.15,239.16899999999987
2025-08-30,0:00,9,6809.0691,6621.075,187.9940999999999
2025-08-30,0:00,10,8698.6875,8470.7625,227.92499999999927
2025-08-30,0:00,11,9351.0579,9670.4625,319.40459999999985
2025-08-30,0:00,12,7464.4995,8795.3625,1330.8629999999994
2025-08-30,0:00,13,7815.3501,9136.3125,1320.9624000000003
2025-08-30,0:00,14,5857.2583,7462.875,1605.6166999999996
2025-08-30,0:00,15,4008.5272,5428.0875,1419.5602999999996
2025-08-30,0:00,16,3817.1616,4311.45,494.2883999999999
2025-08-30,0:00,17,2301.4093,2374.425,73.01570000000038
2025-08-30,0:00,18,450.6585,477.375,26.716499999999996
2025-08-30,0:00,19,0.0,0.0,0.0
2025-08-30,0:00,20,0.0,0.0,0.0
2025-08-30,0:00,21,0.0,0.0,0.0
2025-08-30,0:00,22,0.0,0.0,0.0
2025-08-30,0:00,23,0.0,0.0,0.0
2025-08-30,0:00,24,0.0,0.0,0.0
2025-08-30,6:00,1,2501.5453,2531.775,30.229699999999866
2025-08-30,6:00,2,4601.2925,4626.15,24.857500000000073
2025-08-30,6:00,3,6533.9715,6621.075,87.10350000000017
2025-08-30,6:00,4,8379.441,8470.7625,91.32150000000001
2025-08-30,6:00,5,9632.3244,9670.4625,38.13810000000012
2025-08-30,6:00,6,9246.1477,8795.3625,450.78520000000026
2025-08-30,6:00,7,9312.3183,9136.3125,176.00580000000082
2025-08-30,6:00,8,7257.4194,7462.875,205.45560000000023
2025-08-30,6:00,9,5136.2147,5428.0875,291.8727999999992
2025-08-30,6:00,10,4051.984,4311.45,259.4659999999999
2025-08-30,6:00,11,2115.9384,2374.425,258.4866000000002
2025-08-30,6:00,12,412.2833,477.375,65.0917
2025-08-30,6:00,13,0.0,0.0,0.0
2025-08-30,6:00,14,0.0,0.0,0.0
2025-08-30,6:00,15,0.0,0.0,0.0
2025-08-30,6:00,16,0.0,0.0,0.0
2025-08-30,6:00,17,0.0,0.0,0.0
2025-08-30,6:00,18,0.0,0.0,0.0
2025-08-30,12:00,1,9257.2935,9136.3125,120.98099999999977
2025-08-30,12:00,2,7541.6558,7462.875,78.78080000000045
2025-08-30,12:00,3,5410.9622,5428.0875,17.125299999999697
2025-08-30,12:00,4,4225.165,4311.45,86.28499999999985
2025-08-30,12:00,5,2292.7058,2374.425,81.7192
2025-08-30,12:00,6,461.7009,477.375,15.67410000000001
2025-08-30,12:00,7,0.0,0.0,0.0
2025-08-30,12:00,8,0.0,0.0,0.0
2025-08-30,12:00,9,0.0,0.0,0.0
2025-08-30,12:00,10,0.0,0.0,0.0
2025-08-30,12:00,11,0.0,0.0,0.0
2025-08-30,12:00,12,0.0,0.0,0.0
2025-08-30,18:00,1,0.0,0.0,0.0
2025-08-30,18:00,2,0.0,0.0,0.0
2025-08-30,18:00,3,0.0,0.0,0.0
2025-08-30,18:00,4,0.0,0.0,0.0
2025-08-30,18:00,5,0.0,0.0,0.0
2025-08-30,18:00,6,0.0,0.0,0.0
2025-08-31,0:00,1,0.0,0.0,0.0
2025-08-31,0:00,2,0.0,0.0,0.0
2025-08-31,0:00,3,0.0,0.0,0.0
2025-08-31,0:00,4,0.0,0.0,0.0
2025-08-31,0:00,5,0.0,0.0,0.0
2025-08-31,0:00,6,465.2808,441.2625,24.01830000000001
2025-08-31,0:00,7,2412.4902,2202.0375,210.45270000000028
2025-08-31,0:00,8,4903.3356,4412.325,491.0106000000005
2025-08-31,0:00,9,7292.1,6580.7625,711.3375000000005
2025-08-31,0:00,10,8287.8116,7159.7625,1128.049100000001
2025-08-31,0:00,11,8609.1737,7939.3875,669.7861999999996
2025-08-31,0:00,12,7828.1475,8206.875,378.72749999999996
2025-08-31,0:00,13,9538.3782,8673.0375,865.3406999999988
2025-08-31,0:00,14,8203.5629,7803.9375,399.6254000000008
2025-08-31,0:00,15,5302.5326,5845.6875,543.1549000000005
2025-08-31,0:00,16,3911.7311,4293.45,381.71889999999985
2025-08-31,0:00,17,2449.1098,2379.1875,69.92230000000018
2025-08-31,0:00,18,432.6335,448.95,16.316499999999962
2025-08-31,0:00,19,0.0,0.0,0.0
2025-08-31,0:00,20,0.0,0.0,0.0
2025-08-31,0:00,21,0.0,0.0,0.0
2025-08-31,0:00,22,0.0,0.0,0.0
2025-08-31,0:00,23,0.0,0.0,0.0
2025-08-31,0:00,24,0.0,0.0,0.0
2025-08-31,6:00,1,2205.4435,2202.0375,3.405999999999949
2025-08-31,6:00,2,4383.5683,4412.325,28.75669999999991
2025-08-31,6:00,3,6539.7288,6580.7625,41.03369999999995
2025-08-31,6:00,4,7018.3749,7159.7625,141.38760000000002
2025-08-31,6:00,5,8041.6619,7939.3875,102.27440000000024
2025-08-31,6:00,6,7824.7203,8206.875,382.15470000000005
2025-08-31,6:00,7,8763.5399,8673.0375,90.5023999999994
2025-08-31,6:00,8,7795.6501,7803.9375,8.287400000000162
2025-08-31,6:00,9,6204.5267,5845.6875,358.83920000000035
2025-08-31,6:00,10,4652.7861,4293.45,359.33610000000044
2025-08-31,6:00,11,2488.4807,2379.1875,109.29320000000007
2025-08-31,6:00,12,440.0179,448.95,8.932099999999991
2025-08-31,6:00,13,0.0,0.0,0.0
2025-08-31,6:00,14,0.0,0.0,0.0
2025-08-31,6:00,15,0.0,0.0,0.0
2025-08-31,6:00,16,0.0,0.0,0.0
2025-08-31,6:00,17,0.0,0.0,0.0
2025-08-31,6:00,18,0.0,0.0,0.0
2025-08-31,12:00,1,8809.3418,8673.0375,136.30429999999978
2025-08-31,12:00,2,7915.7392,7803.9375,111.80169999999998
2025-08-31,12:00,3,5981.9275,5845.6875,136.23999999999978
2025-08-31,12:00,4,4488.8558,4293.45,195.40580000000045
2025-08-31,12:00,5,2496.56,2379.1875,117.37249999999995
2025-08-31,12:00,6,448.1731,448.95,0.7769000000000119
2025-08-31,12:00,7,0.0,0.0,0.0
2025-08-31,12:00,8,0.0,0.0,0.0
2025-08-31,12:00,9,0.0,0.0,0.0
2025-08-31,12:00,10,0.0,0.0,0.0
2025-08-31,12:00,11,0.0,0.0,0.0
2025-08-31,12:00,12,0.0,0.0,0.0
2025-08-31,18:00,1,0.0,0.0,0.0
2025-08-31,18:00,2,0.0,0.0,0.0
2025-08-31,18:00,3,0.0,0.0,0.0
2025-08-31,18:00,4,0.0,0.0,0.0
2025-08-31,18:00,5,0.0,0.0,0.0
2025-08-31,18:00,6,0.0,0.0,0.0
2025-09-01,0:00,1,0.0,0.0,0.0
2025-09-01,0:00,2,0.0,0.0,0.0
2025-09-01,0:00,3,0.0,0.0,0.0
2025-09-01,0:00,4,0.0,0.0,0.0
2025-09-01,0:00,5,0.0,0.0,0.0
2025-09-01,0:00,6,443.7173,465.3,21.58269999999999
2025-09-01,0:00,7,2191.5496,2454.1125,262.56290000000035
2025-09-01,0:00,8,4155.3012,4899.2625,743.9612999999999
2025-09-01,0:00,9,5502.473,6570.7875,1068.3145000000004
2025-09-01,0:00,10,6390.6888,7231.3875,840.6986999999999
2025-09-01,0:00,11,7131.0147,8334.6,1203.5853000000006
2025-09-01,0:00,12,6196.3863,7907.25,1710.8636999999999
2025-09-01,0:00,13,7626.4512,8521.5375,895.0862999999999
2025-09-01,0:00,14,6962.1784,8098.4625,1136.2840999999999
2025-09-01,0:00,15,5841.9052,6362.1,520.1948000000002
2025-09-01,0:00,16,4798.1706,4574.1375,224.03310000000056
2025-09-01,0:00,17,2253.4839,2161.6125,91.8714
2025-09-01,0:00,18,382.7811,398.625,15.84390000000002
2025-09-01,0:00,19,0.0,0.0,0.0
2025-09-01,0:00,20,0.0,0.0,0.0
2025-09-01,0:00,21,0.0,0.0,0.0
2025-09-01,0:00,22,0.0,0.0,0.0
2025-09-01,0:00,23,0.0,0.0,0.0
2025-09-01,0:00,24,0.0,0.0,0.0
2025-09-01,6:00,1,2413.0664,2454.1125,41.046100000000024
2025-09-01,6:00,2,4715.1599,4899.2625,184.10260000000017
2025-09-01,6:00,3,6258.3694,6570.7875,312.4181000000008
2025-09-01,6:00,4,6746.8573,7231.3875,484.53020000000015
2025-09-01,6:00,5,7835.6855,8334.6,498.91450000000077
2025-09-01,6:00,6,7930.8456,7907.25,23.59559999999965
2025-09-01,6:00,7,8784.7725,8521.5375,263.23499999999876
2025-09-01,6:00,8,8592.675,8098.4625,494.21249999999964
2025-09-01,6:00,9,6838.6125,6362.1,476.5124999999998
2025-09-01,6:00,10,5102.325,4574.1375,528.1875
2025-09-01,6:00,11,2442.6364,2161.6125,281.0238999999997
2025-09-01,6:00,12,497.9671,398.625,99.34210000000002
2025-09-01,6:00,13,0.0,0.0,0.0
2025-09-01,6:00,14,0.0,0.0,0.0
2025-09-01,6:00,15,0.0,0.0,0.0
2025-09-01,6:00,16,0.0,0.0,0.0
2025-09-01,6:00,17,0.0,0.0,0.0
2025-09-01,6:00,18,0.0,0.0,0.0
2025-09-01,12:00,1,8500.1476,8521.5375,21.389900000000125
2025-09-01,12:00,2,8118.0875,8098.4625,19.625
2025-09-01,12:00,3,6264.934,6362.1,97.16600000000017
2025-09-01,12:00,4,4530.467,4574.1375,43.670500000000175
2025-09-01,12:00,5,2088.4567,2161.6125,73.1558
2025-09-01,12:00,6,391.2415,398.625,7.383500000000026
2025-09-01,12:00,7,0.0,0.0,0.0
2025-09-01,12:00,8,0.0,0.0,0.0
2025-09-01,12:00,9,0.0,0.0,0.0
2025-09-01,12:00,10,0.0,0.0,0.0
2025-09-01,12:00,11,0.0,0.0,0.0
2025-09-01,12:00,12,0.0,0.0,0.0
2025-09-01,18:00,1,0.0,0.0,0.0
2025-09-01,18:00,2,0.0,0.0,0.0
2025-09-01,18:00,3,0.0,0.0,0.0
2025-09-01,18:00,4,0.0,0.0,0.0
2025-09-01,18:00,5,0.0,0.0,0.0
2025-09-01,18:00,6,0.0,0.0,0.0
2025-09-02,0:00,1,0.0,0.0,0.0
2025-09-02,0:00,2,0.0,0.0,0.0
2025-09-02,0:00,3,0.0,0.0,0.0
2025-09-02,0:00,4,0.0,0.0,0.0
2025-09-02,0:00,5,0.0,0.0,0.0
2025-09-02,0:00,6,413.7543,407.6625,6.091799999999978
2025-09-02,0:00,7,2049.7172,1999.6125,50.10470000000009
2025-09-02,0:00,8,4134.4579,4083.1125,51.345400000000154
2025-09-02,0:00,9,5825.31,5877.4125,52.102499999999964
2025-09-02,0:00,10,7057.3821,7253.1375,195.7554
2025-09-02,0:00,11,8283.3895,8432.0625,148.67300000000068
2025-09-02,0:00,12,8822.161,9123.45,301.28900000000067
2025-09-02,0:00,13,9638.8396,9162.3,476.53960000000006
2025-09-02,0:00,14,8098.4625,7454.6625,643.7999999999993
2025-09-02,0:00,15,6550.5143,5912.925,637.5892999999996
2025-09-02,0:00,16,5102.325,4568.025,534.3000000000002
2025-09-02,0:00,17,2791.5375,2562.45,229.0875000000001
2025-09-02,0:00,18,498.2835,436.35,61.93349999999998
2025-09-02,0:00,19,0.0,0.0,0.0
2025-09-02,0:00,20,0.0,0.0,0.0
2025-09-02,0:00,21,0.0,0.0,0.0
2025-09-02,0:00,22,0.0,0.0,0.0
2025-09-02,0:00,23,0.0,0.0,0.0
2025-09-02,0:00,24,0.0,0.0,0.0
2025-09-02,6:00,1,2038.4119,1999.6125,38.799400000000105
2025-09-02,6:00,2,4178.696,4083.1125,95.58349999999973
2025-09-02,6:00,3,6027.1851,5877.4125,149.77259999999933
2025-09-02,6:00,4,7100.3036,7253.1375,152.83389999999963
2025-09-02,6:00,5,7974.2633,8432.0625,457.7992000000004
2025-09-02,6:00,6,8284.1066,9123.45,839.3434000000016
2025-09-02,6:00,7,8147.0615,9162.3,1015.2384999999995
2025-09-02,6:00,8,6386.0452,7454.6625,1068.6173000000008
2025-09-02,6:00,9,5646.3841,5912.925,266.54089999999997
2025-09-02,6:00,10,4353.2561,4568.025,214.76890000000003
2025-09-02,6:00,11,2573.4053,2562.45,10.95530000000008
2025-09-02,6:00,12,447.5873,436.35,11.237300000000005
2025-09-02,6:00,13,0.0,0.0,0.0
2025-09-02,6:00,14,0.0,0.0,0.0
2025-09-02,6:00,15,0.0,0.0,0.0
2025-09-02,6:00,16,0.0,0.0,0.0
2025-09-02,6:00,17,0.0,0.0,0.0
2025-09-02,6:00,18,0.0,0.0,0.0
2025-09-02,12:00,1,9209.8908,9162.3,47.590799999999945
2025-09-02,12:00,2,7538.8073,7454.6625,84.14480000000003
2025-09-02,12:00,3,5964.0733,5912.925,51.148299999999836
2025-09-02,12:00,4,4698.8267,4568.025,130.80169999999998
2025-09-02,12:00,5,2712.6607,2562.45,150.2107000000001
2025-09-02,12:00,6,454.9653,436.35,18.61529999999999
2025-09-02,12:00,7,0.0,0.0,0.0
2025-09-02,12:00,8,0.0,0.0,0.0
2025-09-02,12:00,9,0.0,0.0,0.0
2025-09-02,12:00,10,0.0,0.0,0.0
2025-09-02,12:00,11,0.0,0.0,0.0
2025-09-02,12:00,12,0.0,0.0,0.0
2025-09-02,18:00,1,0.0,0.0,0.0
2025-09-02,18:00,2,0.0,0.0,0.0
2025-09-02,18:00,3,0.0,0.0,0.0
2025-09-02,18:00,4,0.0,0.0,0.0
2025-09-02,18:00,5,0.0,0.0,0.0
2025-09-02,18:00,6,0.0,0.0,0.0
2025-09-03,0:00,1,0.0,0.0,0.0
2025-09-03,0:00,2,0.0,0.0,0.0
2025-09-03,0:00,3,0.0,0.0,0.0
2025-09-03,0:00,4,0.0,0.0,0.0
2025-09-03,0:00,5,0.0,0.0,0.0
2025-09-03,0:00,6,407.4023,406.5375,0.8648000000000025
2025-09-03,0:00,7,2587.8892,2485.8375,102.05169999999998
2025-09-03,0:00,8,4546.3832,4720.2,173.8167999999996
2025-09-03,0:00,9,6526.3001,6577.35,51.04989999999998
2025-09-03,0:00,10,7234.9431,7591.3125,356.3693999999996
2025-09-03,0:00,11,7124.5767,7874.6625,750.0858000000007
2025-09-03,0:00,12,8361.2476,9046.8375,685.589899999999
2025-09-03,0:00,13,7962.4975,8447.25,484.7524999999996
2025-09-03,0:00,14,7020.9122,7531.9125,511.0003000000006
2025-09-03,0:00,15,5569.2916,5530.425,38.86659999999938
2025-09-03,0:00,16,4097.8392,3655.6125,442.22670000000016
2025-09-03,0:00,17,2383.5024,2137.35,246.15239999999994
2025-09-03,0:00,18,369.3999,313.125,56.2749
2025-09-03,0:00,19,0.0,0.0,0.0
2025-09-03,0:00,20,0.0,0.0,0.0
2025-09-03,0:00,21,0.0,0.0,0.0
2025-09-03,0:00,22,0.0,0.0,0.0
2025-09-03,0:00,23,0.0,0.0,0.0
2025-09-03,0:00,24,0.0,0.0,0.0
2025-09-03,6:00,1,2478.1973,2485.8375,7.640200000000277
2025-09-03,6:00,2,4708.9101,4720.2,11.289899999999761
2025-09-03,6:00,3,6520.6549,6577.35,56.69509999999991
2025-09-03,6:00,4,7436.7535,7591.3125,154.5590000000002
2025-09-03,6:00,5,7674.9854,7874.6625,199.6771000000008
2025-09-03,6:00,6,9018.8979,9046.8375,27.9395999999997
2025-09-03,6:00,7,8607.6916,8447.25,160.4416000000001
2025-09-03,6:00,8,7651.7769,7531.9125,119.86439999999948
2025-09-03,6:00,9,5901.715,5530.425,371.28999999999996
2025-09-03,6:00,10,3564.8277,3655.6125,90.78480000000036
2025-09-03,6:00,11,2201.6954,2137.35,64.34540000000015
2025-09-03,6:00,12,290.484,313.125,22.64100000000002
2025-09-03,6:00,13,0.0,0.0,0.0
2025-09-03,6:00,14,0.0,0.0,0.0
2025-09-03,6:00,15,0.0,0.0,0.0
2025-09-03,6:00,16,0.0,0.0,0.0
2025-09-03,6:00,17,0.0,0.0,0.0
2025-09-03,6:00,18,0.0,0.0,0.0
2025-09-03,12:00,1,8443.5591,8447.25,3.6908999999996013
2025-09-03,12:00,2,7543.7258,7531.9125,11.8132999999998
2025-09-03,12:00,3,5667.7072,5530.425,137.28219999999965
2025-09-03,12:00,4,3727.9078,3655.6125,72.29529999999977
2025-09-03,12:00,5,2189.9856,2137.35,52.63560000000007
2025-09-03,12:00,6,309.9935,313.125,3.131500000000017
2025-09-03,12:00,7,0.0,0.0,0.0
2025-09-03,12:00,8,0.0,0.0,0.0
2025-09-03,12:00,9,0.0,0.0,0.0
2025-09-03,12:00,10,0.0,0.0,0.0
2025-09-03,12:00,11,0.0,0.0,0.0
2025-09-03,12:00,12,0.0,0.0,0.0
2025-09-03,18:00,1,0.0,0.0,0.0
2025-09-03,18:00,2,0.0,0.0,0.0
2025-09-03,18:00,3,0.0,0.0,0.0
2025-09-03,18:00,4,0.0,0.0,0.0
2025-09-03,18:00,5,0.0,0.0,0.0
2025-09-03,18:00,6,0.0,0.0,0.0
2025-09-04,0:00,1,0.0,0.0,0.0
2025-09-04,0:00,2,0.0,0.0,0.0
2025-09-04,0:00,3,0.0,0.0,0.0
2025-09-04,0:00,4,0.0,0.0,0.0
2025-09-04,0:00,5,0.0,0.0,0.0
2025-09-04,0:00,6,349.6858,345.8625,3.8232999999999606
2025-09-04,0:00,7,2408.4587,2236.8,171.65869999999995
2025-09-04,0:00,8,4377.8495,4030.7625,347.08700000000044
2025-09-04,0:00,9,6942.3,6397.7625,544.5375000000004
2025-09-04,0:00,10,8381.5179,8502.9,121.3820999999989
2025-09-04,0:00,11,8438.4083,8700.1125,261.7042000000001
2025-09-04,0:00,12,9055.2848,8953.4625,101.82229999999981
2025-09-04,0:00,13,8668.0314,8481.1875,186.84389999999985
2025-09-04,0:00,14,6385.633,7463.85,1078.2170000000006
2025-09-04,0:00,15,5417.8685,6111.8625,693.9940000000006
2025-09-04,0:00,16,3909.7027,3597.75,311.9526999999998
2025-09-04,0:00,17,1778.9116,1858.6125,79.70090000000005
2025-09-04,0:00,18,259.4506,290.2875,30.836900000000014
2025-09-04,0:00,19,0.0,0.0,0.0
2025-09-04,0:00,20,0.0,0.0,0.0
2025-09-04,0:00,21,0.0,0.0,0.0
2025-09-04,0:00,22,0.0,0.0,0.0
2025-09-04,0:00,23,0.0,0.0,0.0
2025-09-04,0:00,24,0.0,0.0,0.0
2025-09-04,6:00,1,2263.4727,2236.8,26.672699999999622
2025-09-04,6:00,2,4168.0905,4030.7625,137.32800000000043
2025-09-04,6:00,3,6687.9588,6397.7625,290.1963000000005
2025-09-04,6:00,4,8698.6875,8502.9,195.78750000000036
2025-09-04,6:00,5,9124.2968,8700.1125,424.1843000000008
2025-09-04,6:00,6,9513.2369,8953.4625,559.7744000000002
2025-09-04,6:00,7,8709.9194,8481.1875,228.73190000000068
2025-09-04,6:00,8,7139.224,7463.85,324.6260000000002
2025-09-04,6:00,9,5808.4696,6111.8625,303.3928999999998
2025-09-04,6:00,10,3362.4207,3597.75,235.32929999999988
2025-09-04,6:00,11,1681.8328,1858.6125,176.77970000000005
2025-09-04,6:00,12,246.5854,290.2875,43.70210000000003
2025-09-04,6:00,13,0.0,0.0,0.0
2025-09-04,6:00,14,0.0,0.0,0.0
2025-09-04,6:00,15,0.0,0.0,0.0
2025-09-04,6:00,16,0.0,0.0,0.0
2025-09-04,6:00,17,0.0,0.0,0.0
2025-09-04,6:00,18,0.0,0.0,0.0
2025-09-04,12:00,1,8601.3219,8481.1875,120.13440000000082
2025-09-04,12:00,2,7584.1522,7463.85,120.30220000000008
2025-09-04,12:00,3,6224.4352,6111.8625,112.57269999999971
2025-09-04,12:00,4,3609.9576,3597.75,12.207600000000184
2025-09-04,12:00,5,1868.3867,1858.6125,9.774200000000064
2025-09-04,12:00,6,286.2292,290.2875,4.058300000000031
2025-09-04,12:00,7,0.0,0.0,0.0
2025-09-04,12:00,8,0.0,0.0,0.0
2025-09-04,12:00,9,0.0,0.0,0.0
2025-09-04,12:00,10,0.0,0.0,0.0
2025-09-04,12:00,11,0.0,0.0,0.0
2025-09-04,12:00,12,0.0,0.0,0.0
2025-09-04,18:00,1,0.0,0.0,0.0
2025-09-04,18:00,2,0.0,0.0,0.0
2025-09-04,18:00,3,0.0,0.0,0.0
2025-09-04,18:00,4,0.0,0.0,0.0
2025-09-04,18:00,5,0.0,0.0,0.0
2025-09-04,18:00,6,0.0,0.0,0.0
2025-09-05,0:00,1,0.0,0.0,0.0
2025-09-05,0:00,2,0.0,0.0,0.0
2025-09-05,0:00,3,0.0,0.0,0.0
2025-09-05,0:00,4,0.0,0.0,0.0
2025-09-05,0:00,5,0.0,0.0,0.0
2025-09-05,0:00,6,312.5534,308.625,3.9284000000000106
2025-09-05,0:00,7,2463.8145,2331.1125,132.70199999999977
2025-09-05,0:00,8,4883.1285,4463.0625,420.0659999999998
2025-09-05,0:00,9,6942.3,6581.5875,360.71250000000055
2025-09-05,0:00,10,8236.5092,7799.4,437.1092000000008
2025-09-05,0:00,11,8878.7103,8928.2625,49.552200000000084
2025-09-05,0:00,12,9216.1634,8851.0875,365.0758999999998
2025-09-05,0:00,13,8823.7593,8100.825,722.9342999999999
2025-09-05,0:00,14,8098.4625,7999.8,98.66249999999945
2025-09-05,0:00,15,6771.0021,6466.2375,304.7645999999995
2025-09-05,0:00,16,4016.5539,4152.825,136.27109999999993
2025-09-05,0:00,17,1787.9739,2219.4375,431.46360000000004
2025-09-05,0:00,18,223.806,344.1,120.29400000000001
2025-09-05,0:00,19,0.0,0.0,0.0
2025-09-05,0:00,20,0.0,0.0,0.0
2025-09-05,0:00,21,0.0,0.0,0.0
2025-09-05,0:00,22,0.0,0.0,0.0
2025-09-05,0:00,23,0.0,0.0,0.0
2025-09-05,0:00,24,0.0,0.0,0.0
2025-09-05,6:00,1,2305.1283,2331.1125,25.984200000000328
2025-09-05,6:00,2,4386.3634,4463.0625,76.69909999999982
2025-09-05,6:00,3,6505.6953,6581.5875,75.89219999999932
2025-09-05,6:00,4,7814.081,7799.4,14.681000000000495
2025-09-05,6:00,5,9119.3496,8928.2625,191.08709999999883
2025-09-05,6:00,6,9184.3384,8851.0875,333.2509000000009
2025-09-05,6:00,7,8465.8077,8100.825,364.98269999999957
2025-09-05,6:00,8,8098.4625,7999.8,98.66249999999945
2025-09-05,6:00,9,6774.75,6466.2375,308.5124999999998
2025-09-05,6:00,10,4410.0887,4152.825,257.2637000000004
2025-09-05,6:00,11,2386.3264,2219.4375,166.88889999999992
2025-09-05,6:00,12,373.3759,344.1,29.27589999999998
2025-09-05,6:00,13,0.0,0.0,0.0
2025-09-05,6:00,14,0.0,0.0,0.0
2025-09-05,6:00,15,0.0,0.0,0.0
2025-09-05,6:00,16,0.0,0.0,0.0
2025-09-05,6:00,17,0.0,0.0,0.0
2025-09-05,6:00,18,0.0,0.0,0.0
2025-09-05,12:00,1,8303.531,8100.825,202.70600000000104
2025-09-05,12:00,2,8098.4625,7999.8,98.66249999999945
2025-09-05,12:00,3,6774.75,6466.2375,308.5124999999998
2025-09-05,12:00,4,4444.7128,4152.825,291.8878000000004
2025-09-05,12:00,5,2474.1894,2219.4375,254.7519000000002
2025-09-05,12:00,6,385.1016,344.1,41.001599999999996
2025-09-05,12:00,7,0.0,0.0,0.0
2025-09-05,12:00,8,0.0,0.0,0.0
2025-09-05,12:00,9,0.0,0.0,0.0
2025-09-05,12:00,10,0.0,0.0,0.0
2025-09-05,12:00,11,0.0,0.0,0.0
2025-09-05,12:00,12,0.0,0.0,0.0
2025-09-05,18:00,1,0.0,0.0,0.0
2025-09-05,18:00,2,0.0,0.0,0.0
2025-09-05,18:00,3,0.0,0.0,0.0
2025-09-05,18:00,4,0.0,0.0,0.0
2025-09-05,18:00,5,0.0,0.0,0.0
2025-09-05,18:00,6,0.0,0.0,0.0
2025-09-06,0:00,1,0.0,0.0,0.0
2025-09-06,0:00,2,0.0,0.0,0.0
2025-09-06,0:00,3,0.0,0.0,0.0
2025-09-06,0:00,4,0.0,0.0,0.0
2025-09-06,0:00,5,0.0,0.0,0.0
2025-09-06,0:00,6,311.3532,295.575,15.778200000000027
2025-09-06,0:00,7,2227.5042,2146.65,80.85419999999976
2025-09-06,0:00,8,4367.1436,3760.725,606.4186000000004
2025-09-06,0:00,9,6138.4442,5461.875,676.5691999999999
2025-09-06,0:00,10,7808.3533,7212.225,596.1282999999994
2025-09-06,0:00,11,8904.7628,8659.9125,244.85030000000006
2025-09-06,0:00,12,9965.475,9767.55,197.9250000000011
2025-09-06,0:00,13,8498.0279,9212.625,714.5971000000009
2025-09-06,0:00,14,7807.9723,8038.875,230.90269999999964
2025-09-06,0:00,15,6774.75,6774.75,0.0
2025-09-06,0:00,16,4124.4518,4432.725,308.27320000000054
2025-09-06,0:00,17,2069.6918,2329.8,260.1082000000001
2025-09-06,0:00,18,267.3382,302.8875,35.54930000000002
2025-09-06,0:00,19,0.0,0.0,0.0
2025-09-06,0:00,20,0.0,0.0,0.0
2025-09-06,0:00,21,0.0,0.0,0.0
2025-09-06,0:00,22,0.0,0.0,0.0
2025-09-06,0:00,23,0.0,0.0,0.0
2025-09-06,0:00,24,0.0,0.0,0.0
2025-09-06,6:00,1,2150.0179,2146.65,3.367899999999736
2025-09-06,6:00,2,3751.4232,3760.725,9.30179999999973
2025-09-06,6:00,3,5417.7245,5461.875,44.15049999999974
2025-09-06,6:00,4,7017.7821,7212.225,194.4429
2025-09-06,6:00,5,8213.5529,8659.9125,446.3595999999998
2025-09-06,6:00,6,9650.7285,9767.55,116.82150000000001
2025-09-06,6:00,7,9479.6463,9212.625,267.02130000000034
2025-09-06,6:00,8,8098.4625,8038.875,59.587499999999636
2025-09-06,6:00,9,6774.75,6774.75,0.0
2025-09-06,6:00,10,4406.8582,4432.725,25.866800000000694
2025-09-06,6:00,11,2329.3852,2329.8,0.4148000000000138
2025-09-06,6:00,12,292.4478,302.8875,10.439700000000016
2025-09-06,6:00,13,0.0,0.0,0.0
2025-09-06,6:00,14,0.0,0.0,0.0
2025-09-06,6:00,15,0.0,0.0,0.0
2025-09-06,6:00,16,0.0,0.0,0.0
2025-09-06,6:00,17,0.0,0.0,0.0
2025-09-06,6:00,18,0.0,0.0,0.0
2025-09-06,12:00,1,9242.0173,9212.625,29.392299999999523
2025-09-06,12:00,2,8098.4625,8038.875,59.587499999999636
2025-09-06,12:00,3,6774.75,6774.75,0.0
2025-09-06,12:00,4,4482.1572,4432.725,49.432199999999284
2025-09-06,12:00,5,2376.1424,2329.8,46.3424
2025-09-06,12:00,6,303.0433,302.8875,0.15579999999999927
2025-09-06,12:00,7,0.0,0.0,0.0
2025-09-06,12:00,8,0.0,0.0,0.0
2025-09-06,12:00,9,0.0,0.0,0.0
2025-09-06,12:00,10,0.0,0.0,0.0
2025-09-06,12:00,11,0.0,0.0,0.0
2025-09-06,12:00,12,0.0,0.0,0.0
2025-09-06,18:00,1,0.0,0.0,0.0
2025-09-06,18:00,2,0.0,0.0,0.0
2025-09-06,18:00,3,0.0,0.0,0.0
2025-09-06,18:00,4,0.0,0.0,0.0
2025-09-06,18:00,5,0.0,0.0,0.0
2025-09-06,18:00,6,0.0,0.0,0.0
2025-09-07,0:00,1,0.0,0.0,0.0
2025-09-07,0:00,2,0.0,0.0,0.0
2025-09-07,0:00,3,0.0,0.0,0.0
2025-09-07,0:00,4,0.0,0.0,0.0
2025-09-07,0:00,5,0.0,0.0,0.0
2025-09-07,0:00,6,306.5696,289.2,17.36959999999999
2025-09-07,0:00,7,2473.2071,2205.6375,267.56960000000026
2025-09-07,0:00,8,4661.163,4208.1375,453.02549999999974
2025-09-07,0:00,9,6359.667,6027.0,332.66700000000037
2025-09-07,0:00,10,7853.3655,7419.2625,434.10300000000007
2025-09-07,0:00,11,8977.7778,8586.2625,391.5152999999991
2025-09-07,0:00,12,8682.2923,8640.375,41.91729999999916
2025-09-07,0:00,13,7981.7966,7813.05,168.7465999999995
2025-09-07,0:00,14,8098.4625,7647.7125,450.75
2025-09-07,0:00,15,6774.75,6486.6375,288.1125000000002
2025-09-07,0:00,16,4332.6076,4422.45,89.84239999999954
2025-09-07,0:00,17,2146.0976,2189.0625,42.96489999999994
2025-09-07,0:00,18,258.1106,259.2,1.089400000000012
2025-09-07,0:00,19,0.0,0.0,0.0
2025-09-07,0:00,20,0.0,0.0,0.0
2025-09-07,0:00,21,0.0,0.0,0.0
2025-09-07,0:00,22,0.0,0.0,0.0
2025-09-07,0:00,23,0.0,0.0,0.0
2025-09-07,0:00,24,0.0,0.0,0.0
2025-09-07,6:00,1,2200.6194,2205.6375,5.018099999999777
2025-09-07,6:00,2,4196.1941,4208.1375,11.94340000000011
2025-09-07,6:00,3,5945.2967,6027.0,81.70330000000013
2025-09-07,6:00,4,7492.1714,7419.2625,72.90890000000036
2025-09-07,6:00,5,8132.2447,8586.2625,454.01780000000053
2025-09-07,6:00,6,8000.2533,8640.375,640.1216999999997
2025-09-07,6:00,7,6704.9696,7813.05,1108.0803999999998
2025-09-07,6:00,8,6921.9256,7647.7125,725.7869000000001
2025-09-07,6:00,9,5509.2669,6486.6375,977.3706000000002
2025-09-07,6:00,10,4417.9479,4422.45,4.5020999999997
2025-09-07,6:00,11,2146.7542,2189.0625,42.308300000000145
2025-09-07,6:00,12,254.1994,259.2,5.0005999999999915
2025-09-07,6:00,13,0.0,0.0,0.0
2025-09-07,6:00,14,0.0,0.0,0.0
2025-09-07,6:00,15,0.0,0.0,0.0
2025-09-07,6:00,16,0.0,0.0,0.0
2025-09-07,6:00,17,0.0,0.0,0.0
2025-09-07,6:00,18,0.0,0.0,0.0
2025-09-07,12:00,1,7921.8652,7813.05,108.8152
2025-09-07,12:00,2,7684.0189,7647.7125,36.306400000000394
2025-09-07,12:00,3,6442.5237,6486.6375,44.11380000000008
2025-09-07,12:00,4,4279.8147,4422.45,142.63529999999992
2025-09-07,12:00,5,2068.4763,2189.0625,120.58620000000019
2025-09-07,12:00,6,239.6667,259.2,19.533299999999997
2025-09-07,12:00,7,0.0,0.0,0.0
2025-09-07,12:00,8,0.0,0.0,0.0
2025-09-07,12:00,9,0.0,0.0,0.0
2025-09-07,12:00,10,0.0,0.0,0.0
2025-09-07,12:00,11,0.0,0.0,0.0
2025-09-07,12:00,12,0.0,0.0,0.0
2025-09-07,18:00,1,0.0,0.0,0.0
2025-09-07,18:00,2,0.0,0.0,0.0
2025-09-07,18:00,3,0.0,0.0,0.0
2025-09-07,18:00,4,0.0,0.0,0.0
2025-09-07,18:00,5,0.0,0.0,0.0
2025-09-07,18:00,6,0.0,0.0,0.0
2025-09-08,0:00,1,0.0,0.0,0.0
2025-09-08,0:00,2,0.0,0.0,0.0
2025-09-08,0:00,3,0.0,0.0,0.0
2025-09-08,0:00,4,0.0,0.0,0.0
2025-09-08,0:00,5,0.0,0.0,0.0
2025-09-08,0:00,6,286.7323,281.1375,5.594800000000021
2025-09-08,0:00,7,2267.0583,2291.775,24.716699999999946
2025-09-08,0:00,8,4264.5969,4369.9125,105.31560000000081
2025-09-08,0:00,9,5894.5684,6306.0375,411.46910000000025
2025-09-08,0:00,10,6139.1459,6522.2625,383.1165999999994
2025-09-08,0:00,11,7212.8884,8259.375,1046.4866000000002
2025-09-08,0:00,12,7562.4264,8087.9625,525.5360999999994
2025-09-08,0:00,13,7716.9762,7960.0875,243.11129999999957
2025-09-08,0:00,14,7417.5615,6597.1875,820.3739999999998
2025-09-08,0:00,15,5589.8431,4830.45,759.3931000000002
2025-09-08,0:00,16,4023.5722,3706.3875,317.18470000000025
2025-09-08,0:00,17,1944.4038,1953.0375,8.633699999999862
2025-09-08,0:00,18,276.187,259.8,16.387
2025-09-08,0:00,19,0.0,0.0,0.0
2025-09-08,0:00,20,0.0,0.0,0.0
2025-09-08,0:00,21,0.0,0.0,0.0
2025-09-08,0:00,22,0.0,0.0,0.0
2025-09-08,0:00,23,0.0,0.0,0.0
2025-09-08,0:00,24,0.0,0.0,0.0
2025-09-08,6:00,1,2270.5154,2291.775,21.259599999999864
2025-09-08,6:00,2,4260.8076,4369.9125,109.10490000000027
2025-09-08,6:00,3,6195.5101,6306.0375,110.52739999999994
2025-09-08,6:00,4,6531.9553,6522.2625,9.692799999999806
2025-09-08,6:00,5,8344.2613,8259.375,84.88630000000012
2025-09-08,6:00,6,8150.2225,8087.9625,62.26000000000022
2025-09-08,6:00,7,8172.3828,7960.0875,212.29530000000068
2025-09-08,6:00,8,7008.4083,6597.1875,411.22080000000005
2025-09-08,6:00,9,4886.3863,4830.45,55.9363000000003
2025-09-08,6:00,10,3785.3306,3706.3875,78.94309999999996
2025-09-08,6:00,11,2083.5507,1953.0375,130.51319999999987
2025-09-08,6:00,12,293.0883,259.8,33.28829999999999
2025-09-08,6:00,13,0.0,0.0,0.0
2025-09-08,6:00,14,0.0,0.0,0.0
2025-09-08,6:00,15,0.0,0.0,0.0
2025-09-08,6:00,16,0.0,0.0,0.0
2025-09-08,6:00,17,0.0,0.0,0.0
2025-09-08,6:00,18,0.0,0.0,0.0
2025-09-08,12:00,1,7872.6228,7960.0875,87.46469999999954
2025-09-08,12:00,2,6442.9119,6597.1875,154.27559999999994
2025-09-08,12:00,3,4656.5703,4830.45,173.8796999999995
2025-09-08,12:00,4,3644.8107,3706.3875,61.57679999999982
2025-09-08,12:00,5,2019.4244,1953.0375,66.3869000000002
2025-09-08,12:00,6,266.5768,259.8,6.77679999999998
2025-09-08,12:00,7,0.0,0.0,0.0
2025-09-08,12:00,8,0.0,0.0,0.0
2025-09-08,12:00,9,0.0,0.0,0.0
2025-09-08,12:00,10,0.0,0.0,0.0
2025-09-08,12:00,11,0.0,0.0,0.0
2025-09-08,12:00,12,0.0,0.0,0.0
2025-09-08,18:00,1,0.0,0.0,0.0
2025-09-08,18:00,2,0.0,0.0,0.0
2025-09-08,18:00,3,0.0,0.0,0.0
2025-09-08,18:00,4,0.0,0.0,0.0
2025-09-08,18:00,5,0.0,0.0,0.0
2025-09-08,18:00,6,0.0,0.0,0.0
2025-09-09,0:00,1,0.0,0.0,0.0
2025-09-09,0:00,2,0.0,0.0,0.0
2025-09-09,0:00,3,0.0,0.0,0.0
2025-09-09,0:00,4,0.0,0.0,0.0
2025-09-09,0:00,5,0.0,0.0,0.0
2025-09-09,0:00,6,242.428,243.0375,0.609499999999997
2025-09-09,0:00,7,2187.6732,2133.0,54.67320000000018
2025-09-09,0:00,8,4330.8672,4281.9375,48.929699999999684
2025-09-09,0:00,9,6539.4827,6911.1,371.6173000000008
2025-09-09,0:00,10,7853.1069,8109.6,256.4931000000006
2025-09-09,0:00,11,9480.1923,8759.625,720.5673000000006
2025-09-09,0:00,12,9832.178,9456.3375,375.84050000000025
2025-09-09,0:00,13,9250.2413,8870.8125,379.4287999999997
2025-09-09,0:00,14,8098.4625,7247.1375,851.3249999999998
2025-09-09,0:00,15,6576.0292,5484.6375,1091.3917000000001
2025-09-09,0:00,16,4446.458,3905.2875,541.1704999999997
2025-09-09,0:00,17,2343.214,2091.4125,251.80150000000003
2025-09-09,0:00,18,245.8637,242.25,3.6136999999999944
2025-09-09,0:00,19,0.0,0.0,0.0
2025-09-09,0:00,20,0.0,0.0,0.0
2025-09-09,0:00,21,0.0,0.0,0.0
2025-09-09,0:00,22,0.0,0.0,0.0
2025-09-09,0:00,23,0.0,0.0,0.0
2025-09-09,0:00,24,0.0,0.0,0.0
2025-09-09,6:00,1,2151.0577,2133.0,18.05769999999984
2025-09-09,6:00,2,4394.2718,4281.9375,112.33430000000044
2025-09-09,6:00,3,6911.1,6911.1,0.0
2025-09-09,6:00,4,8338.6479,8109.6,229.04789999999957
2025-09-09,6:00,5,8853.4233,8759.625,93.79830000000038
2025-09-09,6:00,6,9268.9201,9456.3375,187.41740000000027
2025-09-09,6:00,7,8260.7804,8870.8125,610.0321000000004
2025-09-09,6:00,8,6159.3081,7247.1375,1087.8293999999996
2025-09-09,6:00,9,4706.9737,5484.6375,777.6638000000003
2025-09-09,6:00,10,3643.7447,3905.2875,261.5427999999997
2025-09-09,6:00,11,1985.912,2091.4125,105.50049999999987
2025-09-09,6:00,12,220.0942,242.25,22.1558
2025-09-09,6:00,13,0.0,0.0,0.0
2025-09-09,6:00,14,0.0,0.0,0.0
2025-09-09,6:00,15,0.0,0.0,0.0
2025-09-09,6:00,16,0.0,0.0,0.0
2025-09-09,6:00,17,0.0,0.0,0.0
2025-09-09,6:00,18,0.0,0.0,0.0
2025-09-09,12:00,1,8826.7265,8870.8125,44.08599999999933
2025-09-09,12:00,2,7292.3313,7247.1375,45.19380000000001
2025-09-09,12:00,3,5435.1889,5484.6375,49.448599999999715
2025-09-09,12:00,4,3935.8603,3905.2875,30.572799999999916
2025-09-09,12:00,5,2127.5013,2091.4125,36.08879999999999
2025-09-09,12:00,6,242.8474,242.25,0.5973999999999933
2025-09-09,12:00,7,0.0,0.0,0.0
2025-09-09,12:00,8,0.0,0.0,0.0
2025-09-09,12:00,9,0.0,0.0,0.0
2025-09-09,12:00,10,0.0,0.0,0.0
2025-09-09,12:00,11,0.0,0.0,0.0
2025-09-09,12:00,12,0.0,0.0,0.0
2025-09-09,18:00,1,0.0,0.0,0.0
2025-09-09,18:00,2,0.0,0.0,0.0
2025-09-09,18:00,3,0.0,0.0,0.0
2025-09-09,18:00,4,0.0,0.0,0.0
2025-09-09,18:00,5,0.0,0.0,0.0
2025-09-09,18:00,6,0.0,0.0,0.0
2025-09-10,0:00,1,0.0,0.0,0.0
2025-09-10,0:00,2,0.0,0.0,0.0
2025-09-10,0:00,3,0.0,0.0,0.0
2025-09-10,0:00,4,0.0,0.0,0.0
2025-09-10,0:00,5,0.0,0.0,0.0
2025-09-10,0:00,6,192.2806,195.7875,3.5069000000000017
2025-09-10,0:00,7,1876.0072,1872.6,3.4072000000001026
2025-09-10,0:00,8,3955.4513,3827.4375,128.01380000000017
2025-09-10,0:00,9,5349.0231,5403.7125,54.689399999999296
2025-09-10,0:00,10,6248.8994,6860.7375,611.8380999999999
2025-09-10,0:00,11,7386.6183,7903.8375,517.2191999999995
2025-09-10,0:00,12,7684.4372,8600.2875,915.8503000000001
2025-09-10,0:00,13,6745.6884,7414.6875,668.9991
2025-09-10,0:00,14,6508.8654,6060.3375,448.52790000000005
2025-09-10,0:00,15,5997.953,5348.775,649.1780000000008
2025-09-10,0:00,16,4225.2594,3833.1375,392.1219000000001
2025-09-10,0:00,17,2483.4055,2206.725,276.68049999999994
2025-09-10,0:00,18,216.8985,204.825,12.073500000000024
2025-09-10,0:00,19,0.0,0.0,0.0
2025-09-10,0:00,20,0.0,0.0,0.0
2025-09-10,0:00,21,0.0,0.0,0.0
2025-09-10,0:00,22,0.0,0.0,0.0
2025-09-10,0:00,23,0.0,0.0,0.0
2025-09-10,0:00,24,0.0,0.0,0.0
2025-09-10,6:00,1,1893.2688,1872.6,20.668800000000147
2025-09-10,6:00,2,3920.0446,3827.4375,92.60710000000017
2025-09-10,6:00,3,5481.5186,5403.7125,77.8061000000007
2025-09-10,6:00,4,6917.3705,6860.7375,56.63299999999981
2025-09-10,6:00,5,7980.48,7903.8375,76.64249999999993
2025-09-10,6:00,6,8801.7189,8600.2875,201.43139999999948
2025-09-10,6:00,7,8066.9353,7414.6875,652.2478000000001
2025-09-10,6:00,8,6923.919,6060.3375,863.5815000000002
2025-09-10,6:00,9,6142.6466,5348.775,793.8716000000004
2025-09-10,6:00,10,4380.0859,3833.1375,546.9484000000002
2025-09-10,6:00,11,2495.4588,2206.725,288.7338
2025-09-10,6:00,12,221.6852,204.825,16.86020000000002
2025-09-10,6:00,13,0.0,0.0,0.0
2025-09-10,6:00,14,0.0,0.0,0.0
2025-09-10,6:00,15,0.0,0.0,0.0
2025-09-10,6:00,16,0.0,0.0,0.0
2025-09-10,6:00,17,0.0,0.0,0.0
2025-09-10,6:00,18,0.0,0.0,0.0
2025-09-10,12:00,1,7444.4208,7414.6875,29.733299999999872
2025-09-10,12:00,2,6031.6899,6060.3375,28.64759999999933
2025-09-10,12:00,3,5362.0612,5348.775,13.286200000000463
2025-09-10,12:00,4,3937.8624,3833.1375,104.72490000000016
2025-09-10,12:00,5,2273.0254,2206.725,66.30040000000008
2025-09-10,12:00,6,205.6684,204.825,0.8434000000000026
2025-09-10,12:00,7,0.0,0.0,0.0
2025-09-10,12:00,8,0.0,0.0,0.0
2025-09-10,12:00,9,0.0,0.0,0.0
2025-09-10,12:00,10,0.0,0.0,0.0
2025-09-10,12:00,11,0.0,0.0,0.0
2025-09-10,12:00,12,0.0,0.0,0.0
2025-09-10,18:00,1,0.0,0.0,0.0
2025-09-10,18:00,2,0.0,0.0,0.0
2025-09-10,18:00,3,0.0,0.0,0.0
2025-09-10,18:00,4,0.0,0.0,0.0
2025-09-10,18:00,5,0.0,0.0,0.0
2025-09-10,18:00,6,0.0,0.0,0.0
2025-09-11,0:00,1,0.0,0.0,0.0
2025-09-11,0:00,2,0.0,0.0,0.0
2025-09-11,0:00,3,0.0,0.0,0.0
2025-09-11,0:00,4,0.0,0.0,0.0
2025-09-11,0:00,5,0.0,0.0,0.0
2025-09-11,0:00,6,204.6557,198.7875,5.868200000000002
2025-09-11,0:00,7,2329.8345,2162.4,167.43449999999984
2025-09-11,0:00,8,4692.4711,4263.4125,429.0585999999994
2025-09-11,0:00,9,6421.6158,6084.375,337.2407999999996
2025-09-11,0:00,10,7597.9128,7706.2875,108.3747000000003
2025-09-11,0:00,11,7348.0026,8622.7875,1274.7849000000006
2025-09-11,0:00,12,7502.2141,9147.1125,1644.8983999999991
2025-09-11,0:00,13,7300.0657,9763.3875,2463.3218000000006
2025-09-11,0:00,14,5744.7085,7558.8375,1814.129
2025-09-11,0:00,15,4962.1412,5972.4375,1010.2963
2025-09-11,0:00,16,3857.9008,4026.1875,168.2867000000001
2025-09-11,0:00,17,1433.3305,1800.8625,367.5319999999999
2025-09-11,0:00,18,161.7801,181.275,19.4949
2025-09-11,0:00,19,0.0,0.0,0.0
2025-09-11,0:00,20,0.0,0.0,0.0
2025-09-11,0:00,21,0.0,0.0,0.0
2025-09-11,0:00,22,0.0,0.0,0.0
2025-09-11,0:00,23,0.0,0.0,0.0
2025-09-11,0:00,24,0.0,0.0,0.0
2025-09-11,6:00,1,2167.6791,2162.4,5.279099999999744
2025-09-11,6:00,2,4202.3293,4263.4125,61.08320000000003
2025-09-11,6:00,3,5942.8179,6084.375,141.5571
2025-09-11,6:00,4,7804.5372,7706.2875,98.2496999999994
2025-09-11,6:00,5,8643.0314,8622.7875,20.243899999999485
2025-09-11,6:00,6,9516.7515,9147.1125,369.63900000000103
2025-09-11,6:00,7,9763.3875,9763.3875,0.0
2025-09-11,6:00,8,8098.4625,7558.8375,539.625
2025-09-11,6:00,9,6182.3304,5972.4375,209.89289999999983
2025-09-11,6:00,10,4036.9042,4026.1875,10.716699999999946
2025-09-11,6:00,11,1858.4667,1800.8625,57.60419999999999
2025-09-11,6:00,12,181.9455,181.275,0.6705000000000041
2025-09-11,6:00,13,0.0,0.0,0.0
2025-09-11,6:00,14,0.0,0.0,0.0
2025-09-11,6:00,15,0.0,0.0,0.0
2025-09-11,6:00,16,0.0,0.0,0.0
2025-09-11,6:00,17,0.0,0.0,0.0
2025-09-11,6:00,18,0.0,0.0,0.0
2025-09-11,12:00,1,9763.3875,9763.3875,0.0
2025-09-11,12:00,2,7697.7109,7558.8375,138.8734000000004
2025-09-11,12:00,3,6172.1609,5972.4375,199.72339999999986
2025-09-11,12:00,4,4108.0447,4026.1875,81.85720000000038
2025-09-11,12:00,5,1786.6033,1800.8625,14.259199999999964
2025-09-11,12:00,6,175.4655,181.275,5.809500000000014
2025-09-11,12:00,7,0.0,0.0,0.0
2025-09-11,12:00,8,0.0,0.0,0.0
2025-09-11,12:00,9,0.0,0.0,0.0
2025-09-11,12:00,10,0.0,0.0,0.0
2025-09-11,12:00,11,0.0,0.0,0.0
2025-09-11,12:00,12,0.0,0.0,0.0
2025-09-11,18:00,1,0.0,0.0,0.0
2025-09-11,18:00,2,0.0,0.0,0.0
2025-09-11,18:00,3,0.0,0.0,0.0
2025-09-11,18:00,4,0.0,0.0,0.0
2025-09-11,18:00,5,0.0,0.0,0.0
2025-09-11,18:00,6,0.0,0.0,0.0
2025-09-12,0:00,1,0.0,0.0,0.0
2025-09-12,0:00,2,0.0,0.0,0.0
2025-09-12,0:00,3,0.0,0.0,0.0
2025-09-12,0:00,4,0.0,0.0,0.0
2025-09-12,0:00,5,0.0,0.0,0.0
2025-09-12,0:00,6,145.4571,148.2375,2.7804000000000144
2025-09-12,0:00,7,1771.0112,1833.4125,62.40129999999999
2025-09-12,0:00,8,3983.73,3892.575,91.1550000000002
2025-09-12,0:00,9,6320.2747,6067.125,253.14969999999994
2025-09-12,0:00,10,8380.5164,7543.9875,836.5289000000002
2025-09-12,0:00,11,8928.7358,8389.7625,538.9732999999997
2025-09-12,0:00,12,9465.7192,8536.1625,929.5566999999992
2025-09-12,0:00,13,9677.6469,8707.35,970.2968999999994
2025-09-12,0:00,14,8098.4625,7830.1875,268.27499999999964
2025-09-12,0:00,15,6220.9841,5943.8625,277.1215999999995
2025-09-12,0:00,16,3662.463,3803.2125,140.7494999999999
2025-09-12,0:00,17,1891.6749,2020.5,128.82510000000002
2025-09-12,0:00,18,153.0298,160.9875,7.957700000000017
2025-09-12,0:00,19,0.0,0.0,0.0
2025-09-12,0:00,20,0.0,0.0,0.0
2025-09-12,0:00,21,0.0,0.0,0.0
2025-09-12,0:00,22,0.0,0.0,0.0
2025-09-12,0:00,23,0.0,0.0,0.0
2025-09-12,0:00,24,0.0,0.0,0.0
2025-09-12,6:00,1,1849.1436,1833.4125,15.731100000000197
2025-09-12,6:00,2,3943.619,3892.575,51.044000000000324
2025-09-12,6:00,3,6296.0648,6067.125,228.9398000000001
2025-09-12,6:00,4,7927.3451,7543.9875,383.35759999999937
2025-09-12,6:00,5,8946.573,8389.7625,556.8104999999996
2025-09-12,6:00,6,9326.9495,8536.1625,790.7870000000003
2025-09-12,6:00,7,9280.3576,8707.35,573.007599999999
2025-09-12,6:00,8,8098.4625,7830.1875,268.27499999999964
2025-09-12,6:00,9,6742.7947,5943.8625,798.9322000000002
2025-09-12,6:00,10,4312.8535,3803.2125,509.6410000000001
2025-09-12,6:00,11,2197.8744,2020.5,177.37440000000015
2025-09-12,6:00,12,166.5034,160.9875,5.515899999999988
2025-09-12,6:00,13,0.0,0.0,0.0
2025-09-12,6:00,14,0.0,0.0,0.0
2025-09-12,6:00,15,0.0,0.0,0.0
2025-09-12,6:00,16,0.0,0.0,0.0
2025-09-12,6:00,17,0.0,0.0,0.0
2025-09-12,6:00,18,0.0,0.0,0.0
2025-09-12,12:00,1,8604.8474,8707.35,102.5025999999998
2025-09-12,12:00,2,7609.3956,7830.1875,220.79190000000017
2025-09-12,12:00,3,5638.9193,5943.8625,304.9432000000006
2025-09-12,12:00,4,3521.8459,3803.2125,281.3666000000003
2025-09-12,12:00,5,1885.6751,2020.5,134.82490000000007
2025-09-12,12:00,6,146.1572,160.9875,14.830300000000022
2025-09-12,12:00,7,0.0,0.0,0.0
2025-09-12,12:00,8,0.0,0.0,0.0
2025-09-12,12:00,9,0.0,0.0,0.0
2025-09-12,12:00,10,0.0,0.0,0.0
2025-09-12,12:00,11,0.0,0.0,0.0
2025-09-12,12:00,12,0.0,0.0,0.0
2025-09-12,18:00,1,0.0,0.0,0.0
2025-09-12,18:00,2,0.0,0.0,0.0
2025-09-12,18:00,3,0.0,0.0,0.0
2025-09-12,18:00,4,0.0,0.0,0.0
2025-09-12,18:00,5,0.0,0.0,0.0
2025-09-12,18:00,6,0.0,0.0,0.0
2025-09-13,0:00,1,0.0,0.0,0.0
2025-09-13,0:00,2,0.0,0.0,0.0
2025-09-13,0:00,3,0.0,0.0,0.0
2025-09-13,0:00,4,0.0,0.0,0.0
2025-09-13,0:00,5,0.0,0.0,0.0
2025-09-13,0:00,6,137.0195,133.575,3.444500000000005
2025-09-13,0:00,7,1813.5389,1752.9,60.63889999999992
2025-09-13,0:00,8,4217.2003,3871.875,345.3253000000004
2025-09-13,0:00,9,6568.6668,5947.9125,620.7542999999996
2025-09-13,0:00,10,8502.9,7906.3875,596.5124999999998
2025-09-13,0:00,11,9670.4625,9410.1,260.3624999999993
2025-09-13,0:00,12,9965.475,9965.475,0.0
2025-09-13,0:00,13,9278.9657,8731.8375,547.128200000001
2025-09-13,0:00,14,7447.7097,7665.075,217.36529999999948
2025-09-13,0:00,15,5929.146,6024.3375,95.1914999999999
2025-09-13,0:00,16,4097.8272,3792.975,304.8521999999998
2025-09-13,0:00,17,1799.593,1793.4375,6.155500000000075
2025-09-13,0:00,18,148.2725,141.675,6.597499999999997
2025-09-13,0:00,19,0.0,0.0,0.0
2025-09-13,0:00,20,0.0,0.0,0.0
2025-09-13,0:00,21,0.0,0.0,0.0
2025-09-13,0:00,22,0.0,0.0,0.0
2025-09-13,0:00,23,0.0,0.0,0.0
2025-09-13,0:00,24,0.0,0.0,0.0
2025-09-13,6:00,1,1744.3034,1752.9,8.59660000000008
2025-09-13,6:00,2,3787.6686,3871.875,84.20640000000003
2025-09-13,6:00,3,5855.6906,5947.9125,92.22190000000046
2025-09-13,6:00,4,7625.8001,7906.3875,280.58739999999943
2025-09-13,6:00,5,8815.6137,9410.1,594.4863000000005
2025-09-13,6:00,6,9447.2302,9965.475,518.2448000000004
2025-09-13,6:00,7,8427.5349,8731.8375,304.3025999999991
2025-09-13,6:00,8,7283.1852,7665.075,381.8897999999999
2025-09-13,6:00,9,5978.3443,6024.3375,45.99319999999989
2025-09-13,6:00,10,4125.7312,3792.975,332.75620000000026
2025-09-13,6:00,11,1992.7694,1793.4375,199.3318999999999
2025-09-13,6:00,12,165.3451,141.675,23.67009999999999
2025-09-13,6:00,13,0.0,0.0,0.0
2025-09-13,6:00,14,0.0,0.0,0.0
2025-09-13,6:00,15,0.0,0.0,0.0
2025-09-13,6:00,16,0.0,0.0,0.0
2025-09-13,6:00,17,0.0,0.0,0.0
2025-09-13,6:00,18,0.0,0.0,0.0
2025-09-13,12:00,1,8745.1774,8731.8375,13.339900000000853
2025-09-13,12:00,2,7685.7965,7665.075,20.72150000000056
2025-09-13,12:00,3,6078.0521,6024.3375,53.714600000000246
2025-09-13,12:00,4,3862.5644,3792.975,69.5894000000003
2025-09-13,12:00,5,1916.8469,1793.4375,123.4094
2025-09-13,12:00,6,151.3584,141.675,9.683399999999978
2025-09-13,12:00,7,0.0,0.0,0.0
2025-09-13,12:00,8,0.0,0.0,0.0
2025-09-13,12:00,9,0.0,0.0,0.0
2025-09-13,12:00,10,0.0,0.0,0.0
2025-09-13,12:00,11,0.0,0.0,0.0
2025-09-13,12:00,12,0.0,0.0,0.0
2025-09-13,18:00,1,0.0,0.0,0.0
2025-09-13,18:00,2,0.0,0.0,0.0
2025-09-13,18:00,3,0.0,0.0,0.0
2025-09-13,18:00,4,0.0,0.0,0.0
2025-09-13,18:00,5,0.0,0.0,0.0
2025-09-13,18:00,6,0.0,0.0,0.0
2025-09-14,0:00,1,0.0,0.0,0.0
2025-09-14,0:00,2,0.0,0.0,0.0
2025-09-14,0:00,3,0.0,0.0,0.0
2025-09-14,0:00,4,0.0,0.0,0.0
2025-09-14,0:00,5,0.0,0.0,0.0
2025-09-14,0:00,6,103.9205,109.0875,5.167000000000002
2025-09-14,0:00,7,1635.4976,1820.6625,185.1649
2025-09-14,0:00,8,3167.1534,3921.3,754.1466
2025-09-14,0:00,9,4329.1671,5355.6375,1026.4704000000002
2025-09-14,0:00,10,5426.9709,6749.4375,1322.4665999999997
2025-09-14,0:00,11,7855.3924,8329.9125,474.52010000000064
2025-09-14,0:00,12,7140.6495,8025.6375,884.9879999999994
2025-09-14,0:00,13,7446.3536,7621.9875,175.6338999999998
2025-09-14,0:00,14,6895.7228,7019.1375,123.41470000000027
2025-09-14,0:00,15,5555.5111,5931.525,376.0138999999999
2025-09-14,0:00,16,3657.3634,4095.1125,437.7491
2025-09-14,0:00,17,1602.3578,1782.15,179.7922000000001
2025-09-14,0:00,18,108.7076,123.6375,14.929900000000004
2025-09-14,0:00,19,0.0,0.0,0.0
2025-09-14,0:00,20,0.0,0.0,0.0
2025-09-14,0:00,21,0.0,0.0,0.0
2025-09-14,0:00,22,0.0,0.0,0.0
2025-09-14,0:00,23,0.0,0.0,0.0
2025-09-14,0:00,24,0.0,0.0,0.0
2025-09-14,6:00,1,1798.6749,1820.6625,21.98759999999993
2025-09-14,6:00,2,3840.2161,3921.3,81.08390000000009
2025-09-14,6:00,3,5201.4742,5355.6375,154.16330000000016
2025-09-14,6:00,4,6439.717,6749.4375,309.72050000000036
2025-09-14,6:00,5,8201.6967,8329.9125,128.21579999999994
2025-09-14,6:00,6,8325.7074,8025.6375,300.0698999999995
2025-09-14,6:00,7,8072.3447,7621.9875,450.35719999999947
2025-09-14,6:00,8,7443.9668,7019.1375,424.82930000000033
2025-09-14,6:00,9,6089.6036,5931.525,158.07860000000073
2025-09-14,6:00,10,3967.8965,4095.1125,127.21600000000035
2025-09-14,6:00,11,1747.6648,1782.15,34.48520000000008
2025-09-14,6:00,12,118.4868,123.6375,5.1507000000000005
2025-09-14,6:00,13,0.0,0.0,0.0
2025-09-14,6:00,14,0.0,0.0,0.0
2025-09-14,6:00,15,0.0,0.0,0.0
2025-09-14,6:00,16,0.0,0.0,0.0
2025-09-14,6:00,17,0.0,0.0,0.0
2025-09-14,6:00,18,0.0,0.0,0.0
2025-09-14,12:00,1,7411.2438,7621.9875,210.7437
2025-09-14,12:00,2,6807.5829,7019.1375,211.55459999999948
2025-09-14,12:00,3,5769.0911,5931.525,162.4339
2025-09-14,12:00,4,4050.6175,4095.1125,44.495000000000346
2025-09-14,12:00,5,1794.0759,1782.15,11.925899999999956
2025-09-14,12:00,6,139.4343,123.6375,15.796800000000005
2025-09-14,12:00,7,0.0,0.0,0.0
2025-09-14,12:00,8,0.0,0.0,0.0
2025-09-14,12:00,9,0.0,0.0,0.0
2025-09-14,12:00,10,0.0,0.0,0.0
2025-09-14,12:00,11,0.0,0.0,0.0
2025-09-14,12:00,12,0.0,0.0,0.0
2025-09-14,18:00,1,0.0,0.0,0.0
2025-09-14,18:00,2,0.0,0.0,0.0
2025-09-14,18:00,3,0.0,0.0,0.0
2025-09-14,18:00,4,0.0,0.0,0.0
2025-09-14,18:00,5,0.0,0.0,0.0
2025-09-14,18:00,6,0.0,0.0,0.0
2025-09-15,0:00,1,0.0,0.0,0.0
2025-09-15,0:00,2,0.0,0.0,0.0
2025-09-15,0:00,3,0.0,0.0,0.0
2025-09-15,0:00,4,0.0,0.0,0.0
2025-09-15,0:00,5,0.0,0.0,0.0
2025-09-15,0:00,6,98.6749,98.2875,0.3873999999999995
2025-09-15,0:00,7,1730.2639,1715.2875,14.976400000000012
2025-09-15,0:00,8,4026.9223,3866.475,160.44730000000027
2025-09-15,0:00,9,6641.1092,5924.775,716.3342000000002
2025-09-15,0:00,10,8502.9,8227.3875,275.5124999999989
2025-09-15,0:00,11,9608.7,9608.7,0.0
2025-09-15,0:00,12,9965.475,9635.625,329.85000000000036
2025-09-15,0:00,13,9576.8195,8565.3,1011.5195000000003
2025-09-15,0:00,14,7830.7974,7262.7375,568.0599000000002
2025-09-15,0:00,15,5669.3618,5297.5125,371.84929999999986
2025-09-15,0:00,16,4043.457,3629.775,413.6819999999998
2025-09-15,0:00,17,1990.14,1884.1125,106.02750000000015
2025-09-15,0:00,18,92.785,86.7375,6.047499999999999
2025-09-15,0:00,19,0.0,0.0,0.0
2025-09-15,0:00,20,0.0,0.0,0.0
2025-09-15,0:00,21,0.0,0.0,0.0
2025-09-15,0:00,22,0.0,0.0,0.0
2025-09-15,0:00,23,0.0,0.0,0.0
2025-09-15,0:00,24,0.0,0.0,0.0
2025-09-15,6:00,1,1752.8047,1715.2875,37.5172
2025-09-15,6:00,2,3996.4344,3866.475,129.9594000000002
2025-09-15,6:00,3,6213.5794,5924.775,288.8044
2025-09-15,6:00,4,8502.9,8227.3875,275.5124999999989
2025-09-15,6:00,5,9608.7,9608.7,0.0
2025-09-15,6:00,6,9878.3854,9635.625,242.7603999999992
2025-09-15,6:00,7,8509.6237,8565.3,55.67629999999917
2025-09-15,6:00,8,7480.337,7262.7375,217.59950000000026
2025-09-15,6:00,9,5821.3534,5297.5125,523.8409000000001
2025-09-15,6:00,10,3769.7757,3629.775,140.00070000000005
2025-09-15,6:00,11,1856.2545,1884.1125,27.857999999999947
2025-09-15,6:00,12,93.9263,86.7375,7.1888000000000005
2025-09-15,6:00,13,0.0,0.0,0.0
2025-09-15,6:00,14,0.0,0.0,0.0
2025-09-15,6:00,15,0.0,0.0,0.0
2025-09-15,6:00,16,0.0,0.0,0.0
2025-09-15,6:00,17,0.0,0.0,0.0
2025-09-15,6:00,18,0.0,0.0,0.0
2025-09-15,12:00,1,8667.1333,8565.3,101.83330000000024
2025-09-15,12:00,2,7390.2024,7262.7375,127.46489999999994
2025-09-15,12:00,3,5446.5672,5297.5125,149.0547000000006
2025-09-15,12:00,4,3784.7354,3629.775,154.96039999999994
2025-09-15,12:00,5,1939.2737,1884.1125,55.16120000000001
2025-09-15,12:00,6,85.6924,86.7375,1.0450999999999908
2025-09-15,12:00,7,0.0,0.0,0.0
2025-09-15,12:00,8,0.0,0.0,0.0
2025-09-15,12:00,9,0.0,0.0,0.0
2025-09-15,12:00,10,0.0,0.0,0.0
2025-09-15,12:00,11,0.0,0.0,0.0
2025-09-15,12:00,12,0.0,0.0,0.0
2025-09-15,18:00,1,0.0,0.0,0.0
2025-09-15,18:00,2,0.0,0.0,0.0
2025-09-15,18:00,3,0.0,0.0,0.0
2025-09-15,18:00,4,0.0,0.0,0.0
2025-09-15,18:00,5,0.0,0.0,0.0
2025-09-15,18:00,6,0.0,0.0,0.0
2025-09-16,0:00,1,0.0,0.0,0.0
2025-09-16,0:00,2,0.0,0.0,0.0
2025-09-16,0:00,3,0.0,0.0,0.0
2025-09-16,0:00,4,0.0,0.0,0.0
2025-09-16,0:00,5,0.0,0.0,0.0
2025-09-16,0:00,6,84.2247,85.6125,1.3877999999999986
2025-09-16,0:00,7,1736.9653,1744.7625,7.797199999999975
2025-09-16,0:00,8,3817.5893,3986.0625,168.4731999999999
2025-09-16,0:00,9,5862.1261,6115.05,252.92389999999978
2025-09-16,0:00,10,7151.5816,7462.95,311.3683999999994
2025-09-16,0:00,11,7505.5846,8067.2625,561.6778999999997
2025-09-16,0:00,12,6723.5645,7723.575,1000.0104999999994
2025-09-16,0:00,13,7038.6489,8179.4625,1140.8135999999995
2025-09-16,0:00,14,5580.7942,7115.2875,1534.4933
2025-09-16,0:00,15,4153.5417,5323.875,1170.3333000000002
2025-09-16,0:00,16,3447.1751,4153.8375,706.6623999999997
2025-09-16,0:00,17,2181.5048,1919.5875,261.91730000000007
2025-09-16,0:00,18,98.2512,77.9625,20.28869999999999
2025-09-16,0:00,19,0.0,0.0,0.0
2025-09-16,0:00,20,0.0,0.0,0.0
2025-09-16,0:00,21,0.0,0.0,0.0
2025-09-16,0:00,22,0.0,0.0,0.0
2025-09-16,0:00,23,0.0,0.0,0.0
2025-09-16,0:00,24,0.0,0.0,0.0
2025-09-16,6:00,1,1729.8428,1744.7625,14.919700000000148
2025-09-16,6:00,2,3877.205,3986.0625,108.85750000000007
2025-09-16,6:00,3,5914.5175,6115.05,200.53250000000025
2025-09-16,6:00,4,7266.9612,7462.95,195.98880000000008
2025-09-16,6:00,5,7904.6139,8067.2625,162.64859999999953
2025-09-16,6:00,6,7331.1167,7723.575,392.45830000000024
2025-09-16,6:00,7,7595.8381,8179.4625,583.6243999999997
2025-09-16,6:00,8,6510.7044,7115.2875,604.5831000000007
2025-09-16,6:00,9,4946.2789,5323.875,377.59609999999975
2025-09-16,6:00,10,4210.4592,4153.8375,56.6217000000006
2025-09-16,6:00,11,1956.0214,1919.5875,36.433899999999994
2025-09-16,6:00,12,90.5106,77.9625,12.548099999999991
2025-09-16,6:00,13,0.0,0.0,0.0
2025-09-16,6:00,14,0.0,0.0,0.0
2025-09-16,6:00,15,0.0,0.0,0.0
2025-09-16,6:00,16,0.0,0.0,0.0
2025-09-16,6:00,17,0.0,0.0,0.0
2025-09-16,6:00,18,0.0,0.0,0.0
2025-09-16,12:00,1,8105.1099,8179.4625,74.35259999999926
2025-09-16,12:00,2,7072.8194,7115.2875,42.46810000000005
2025-09-16,12:00,3,5270.3852,5323.875,53.48980000000029
2025-09-16,12:00,4,4108.2388,4153.8375,45.59869999999955
2025-09-16,12:00,5,1998.075,1919.5875,78.48749999999995
2025-09-16,12:00,6,85.5312,77.9625,7.568699999999993
2025-09-16,12:00,7,0.0,0.0,0.0
2025-09-16,12:00,8,0.0,0.0,0.0
2025-09-16,12:00,9,0.0,0.0,0.0
2025-09-16,12:00,10,0.0,0.0,0.0
2025-09-16,12:00,11,0.0,0.0,0.0
2025-09-16,12:00,12,0.0,0.0,0.0
2025-09-16,18:00,1,0.0,0.0,0.0
2025-09-16,18:00,2,0.0,0.0,0.0
2025-09-16,18:00,3,0.0,0.0,0.0
2025-09-16,18:00,4,0.0,0.0,0.0
2025-09-16,18:00,5,0.0,0.0,0.0
2025-09-16,18:00,6,0.0,0.0,0.0
2025-09-17,0:00,1,0.0,0.0,0.0
2025-09-17,0:00,2,0.0,0.0,0.0
2025-09-17,0:00,3,0.0,0.0,0.0
2025-09-17,0:00,4,0.0,0.0,0.0
2025-09-17,0:00,5,0.0,0.0,0.0
2025-09-17,0:00,6,57.0403,54.075,2.965299999999999
2025-09-17,0:00,7,1738.4496,1744.95,6.500400000000127
2025-09-17,0:00,8,4054.8739,3910.875,143.99890000000005
2025-09-17,0:00,9,5491.2449,5061.45,429.79489999999987
2025-09-17,0:00,10,6657.7765,6514.575,143.20150000000012
2025-09-17,0:00,11,8236.9114,7778.4,458.51140000000123
2025-09-17,0:00,12,9311.9724,8699.925,612.0474000000013
2025-09-17,0:00,13,8636.0259,8517.5625,118.46340000000055
2025-09-17,0:00,14,5770.907,6936.9375,1166.0304999999998
2025-09-17,0:00,15,5261.5483,5903.55,642.0016999999998
2025-09-17,0:00,16,2791.6599,3718.4625,926.8026
2025-09-17,0:00,17,1415.35,1835.7,420.35000000000014
2025-09-17,0:00,18,38.8017,55.0875,16.285800000000002
2025-09-17,0:00,19,0.0,0.0,0.0
2025-09-17,0:00,20,0.0,0.0,0.0
2025-09-17,0:00,21,0.0,0.0,0.0
2025-09-17,0:00,22,0.0,0.0,0.0
2025-09-17,0:00,23,0.0,0.0,0.0
2025-09-17,0:00,24,0.0,0.0,0.0
2025-09-17,6:00,1,1754.4784,1744.95,9.52839999999992
2025-09-17,6:00,2,3925.4882,3910.875,14.613199999999779
2025-09-17,6:00,3,5038.403,5061.45,23.04699999999957
2025-09-17,6:00,4,6737.3319,6514.575,222.75690000000031
2025-09-17,6:00,5,8097.165,7778.4,318.7650000000003
2025-09-17,6:00,6,9038.5164,8699.925,338.59140000000116
2025-09-17,6:00,7,9060.3693,8517.5625,542.8068000000003
2025-09-17,6:00,8,7284.8896,6936.9375,347.9521000000004
2025-09-17,6:00,9,5473.544,5903.55,430.0060000000003
2025-09-17,6:00,10,3156.7675,3718.4625,561.6950000000002
2025-09-17,6:00,11,1575.7159,1835.7,259.9841000000001
2025-09-17,6:00,12,48.4925,55.0875,6.594999999999999
2025-09-17,6:00,13,0.0,0.0,0.0
2025-09-17,6:00,14,0.0,0.0,0.0
2025-09-17,6:00,15,0.0,0.0,0.0
2025-09-17,6:00,16,0.0,0.0,0.0
2025-09-17,6:00,17,0.0,0.0,0.0
2025-09-17,6:00,18,0.0,0.0,0.0
2025-09-17,12:00,1,8567.5717,8517.5625,50.00920000000042
2025-09-17,12:00,2,6978.5673,6936.9375,41.629799999999705
2025-09-17,12:00,3,5929.1014,5903.55,25.551399999999376
2025-09-17,12:00,4,3766.0248,3718.4625,47.56230000000005
2025-09-17,12:00,5,1835.4182,1835.7,0.2817999999999756
2025-09-17,12:00,6,50.7771,55.0875,4.310400000000001
2025-09-17,12:00,7,0.0,0.0,0.0
2025-09-17,12:00,8,0.0,0.0,0.0
2025-09-17,12:00,9,0.0,0.0,0.0
2025-09-17,12:00,10,0.0,0.0,0.0
2025-09-17,12:00,11,0.0,0.0,0.0
2025-09-17,12:00,12,0.0,0.0,0.0
2025-09-17,18:00,1,0.0,0.0,0.0
2025-09-17,18:00,2,0.0,0.0,0.0
2025-09-17,18:00,3,0.0,0.0,0.0
2025-09-17,18:00,4,0.0,0.0,0.0
2025-09-17,18:00,5,0.0,0.0,0.0
2025-09-17,18:00,6,0.0,0.0,0.0
2025-09-18,0:00,1,0.0,0.0,0.0
2025-09-18,0:00,2,0.0,0.0,0.0
2025-09-18,0:00,3,0.0,0.0,0.0
2025-09-18,0:00,4,0.0,0.0,0.0
2025-09-18,0:00,5,0.0,0.0,0.0
2025-09-18,0:00,6,38.3721,40.4625,2.0903999999999954
2025-09-18,0:00,7,1809.2517,1814.55,5.2982999999999265
2025-09-18,0:00,8,4202.6862,3927.225,275.4612000000002
2025-09-18,0:00,9,5902.7723,5350.3875,552.3847999999998
2025-09-18,0:00,10,7804.4392,6631.125,1173.3141999999998
2025-09-18,0:00,11,9608.7,8170.3875,1438.312500000001
2025-09-18,0:00,12,9965.475,8742.975,1222.5
2025-09-18,0:00,13,8415.3817,7613.2875,802.0941999999995
2025-09-18,0:00,14,8038.875,7210.95,827.9250000000002
2025-09-18,0:00,15,5654.037,5416.6125,237.42450000000008
2025-09-18,0:00,16,3742.2462,3877.4625,135.21630000000005
2025-09-18,0:00,17,1941.5496,1905.45,36.09960000000001
2025-09-18,0:00,18,39.5213,42.975,3.453700000000005
2025-09-18,0:00,19,0.0,0.0,0.0
2025-09-18,0:00,20,0.0,0.0,0.0
2025-09-18,0:00,21,0.0,0.0,0.0
2025-09-18,0:00,22,0.0,0.0,0.0
2025-09-18,0:00,23,0.0,0.0,0.0
2025-09-18,0:00,24,0.0,0.0,0.0
2025-09-18,6:00,1,1807.4555,1814.55,7.094499999999925
2025-09-18,6:00,2,3897.6432,3927.225,29.58179999999993
2025-09-18,6:00,3,5342.1782,5350.3875,8.20929999999953
2025-09-18,6:00,4,6590.417,6631.125,40.70799999999963
2025-09-18,6:00,5,7989.1486,8170.3875,181.23889999999938
2025-09-18,6:00,6,8205.1222,8742.975,537.8528000000006
2025-09-18,6:00,7,7021.9514,7613.2875,591.3361000000004
2025-09-18,6:00,8,6346.0687,7210.95,864.8813
2025-09-18,6:00,9,5090.9005,5416.6125,325.71200000000044
2025-09-18,6:00,10,3551.048,3877.4625,326.4145000000003
2025-09-18,6:00,11,1959.0003,1905.45,53.55029999999988
2025-09-18,6:00,12,42.0082,42.975,0.9667999999999992
2025-09-18,6:00,13,0.0,0.0,0.0
2025-09-18,6:00,14,0.0,0.0,0.0
2025-09-18,6:00,15,0.0,0.0,0.0
2025-09-18,6:00,16,0.0,0.0,0.0
2025-09-18,6:00,17,0.0,0.0,0.0
2025-09-18,6:00,18,0.0,0.0,0.0
2025-09-18,12:00,1,7547.6973,7613.2875,65.59020000000055
2025-09-18,12:00,2,7087.0156,7210.95,123.9344000000001
2025-09-18,12:00,3,5281.7066,5416.6125,134.90589999999975
2025-09-18,12:00,4,3914.1496,3877.4625,36.6871000000001
2025-09-18,12:00,5,1934.7997,1905.45,29.349699999999984
2025-09-18,12:00,6,42.9981,42.975,0.023099999999999454
2025-09-18,12:00,7,0.0,0.0,0.0
2025-09-18,12:00,8,0.0,0.0,0.0
2025-09-18,12:00,9,0.0,0.0,0.0
2025-09-18,12:00,10,0.0,0.0,0.0
2025-09-18,12:00,11,0.0,0.0,0.0
2025-09-18,12:00,12,0.0,0.0,0.0
2025-09-18,18:00,1,0.0,0.0,0.0
2025-09-18,18:00,2,0.0,0.0,0.0
2025-09-18,18:00,3,0.0,0.0,0.0
2025-09-18,18:00,4,0.0,0.0,0.0
2025-09-18,18:00,5,0.0,0.0,0.0
2025-09-18,18:00,6,0.0,0.0,0.0
2025-09-19,0:00,1,0.0,0.0,0.0
2025-09-19,0:00,2,0.0,0.0,0.0
2025-09-19,0:00,3,0.0,0.0,0.0
2025-09-19,0:00,4,0.0,0.0,0.0
2025-09-19,0:00,5,0.0,0.0,0.0
2025-09-19,0:00,6,20.615,20.5875,0.027499999999999858
2025-09-19,0:00,7,1961.7565,1824.2625,137.49399999999991
2025-09-19,0:00,8,3850.3485,3510.45,339.89850000000024
2025-09-19,0:00,9,5747.8528,5571.825,176.02779999999984
2025-09-19,0:00,10,7148.4452,6968.925,179.52019999999993
2025-09-19,0:00,11,7833.3926,7553.6625,279.73009999999977
2025-09-19,0:00,12,7452.481,7645.5375,193.0565000000006
2025-09-19,0:00,13,8348.9607,8233.8,115.16070000000036
2025-09-19,0:00,14,7312.8202,6950.925,361.89519999999993
2025-09-19,0:00,15,5773.7234,5635.4625,138.26090000000022
2025-09-19,0:00,16,3347.1203,3562.95,215.82969999999978
2025-09-19,0:00,17,1464.7648,1641.75,176.98520000000008
2025-09-19,0:00,18,15.9382,20.85,4.911800000000001
2025-09-19,0:00,19,0.0,0.0,0.0
2025-09-19,0:00,20,0.0,0.0,0.0
2025-09-19,0:00,21,0.0,0.0,0.0
2025-09-19,0:00,22,0.0,0.0,0.0
2025-09-19,0:00,23,0.0,0.0,0.0
2025-09-19,0:00,24,0.0,0.0,0.0
2025-09-19,6:00,1,1826.6575,1824.2625,2.394999999999982
2025-09-19,6:00,2,3539.0931,3510.45,28.64310000000023
2025-09-19,6:00,3,5653.6401,5571.825,81.8150999999998
2025-09-19,6:00,4,7206.5159,6968.925,237.59090000000015
2025-09-19,6:00,5,7590.376,7553.6625,36.71349999999984
2025-09-19,6:00,6,7822.2581,7645.5375,176.72059999999965
2025-09-19,6:00,7,8602.1155,8233.8,368.3155000000006
2025-09-19,6:00,8,7089.9312,6950.925,139.0061999999998
2025-09-19,6:00,9,5402.9274,5635.4625,232.53510000000006
2025-09-19,6:00,10,3116.3377,3562.95,446.6122999999998
2025-09-19,6:00,11,1347.1349,1641.75,294.6151
2025-09-19,6:00,12,16.1572,20.85,4.692800000000002
2025-09-19,6:00,13,0.0,0.0,0.0
2025-09-19,6:00,14,0.0,0.0,0.0
2025-09-19,6:00,15,0.0,0.0,0.0
2025-09-19,6:00,16,0.0,0.0,0.0
2025-09-19,6:00,17,0.0,0.0,0.0
2025-09-19,6:00,18,0.0,0.0,0.0
2025-09-19,12:00,1,8281.4885,8233.8,47.688500000000204
2025-09-19,12:00,2,7061.4619,6950.925,110.53690000000006
2025-09-19,12:00,3,5648.4986,5635.4625,13.03610000000026
2025-09-19,12:00,4,3607.1671,3562.95,44.2171000000003
2025-09-19,12:00,5,1690.7338,1641.75,48.983799999999974
2025-09-19,12:00,6,20.6957,20.85,0.15430000000000277
2025-09-19,12:00,7,0.0,0.0,0.0
2025-09-19,12:00,8,0.0,0.0,0.0
2025-09-19,12:00,9,0.0,0.0,0.0
2025-09-19,12:00,10,0.0,0.0,0.0
2025-09-19,12:00,11,0.0,0.0,0.0
2025-09-19,12:00,12,0.0,0.0,0.0
2025-09-19,18:00,1,0.0,0.0,0.0
2025-09-19,18:00,2,0.0,0.0,0.0
2025-09-19,18:00,3,0.0,0.0,0.0
2025-09-19,18:00,4,0.0,0.0,0.0
2025-09-19,18:00,5,0.0,0.0,0.0
2025-09-19,18:00,6,0.0,0.0,0.0
2025-09-20,0:00,1,0.0,0.0,0.0
2025-09-20,0:00,2,0.0,0.0,0.0
2025-09-20,0:00,3,0.0,0.0,0.0
2025-09-20,0:00,4,0.0,0.0,0.0
2025-09-20,0:00,5,0.0,0.0,0.0
2025-09-20,0:00,6,6.0923,5.625,0.4672999999999998
2025-09-20,0:00,7,1674.6511,1534.9875,139.6636000000001
2025-09-20,0:00,8,3966.9075,3544.0875,422.8199999999997
2025-09-20,0:00,9,5716.3512,4888.3875,827.9637000000002
2025-09-20,0:00,10,8114.4475,7366.0125,748.4350000000004
2025-09-20,0:00,11,9381.7913,8601.225,780.5663000000004
2025-09-20,0:00,12,9040.8304,8495.475,545.3554000000004
2025-09-20,0:00,13,8863.0044,8620.125,242.8793999999998
2025-09-20,0:00,14,6283.1669,6562.875,279.70809999999983
2025-09-20,0:00,15,5127.3612,5513.7,386.33879999999954
2025-09-20,0:00,16,3283.8479,3534.075,250.2270999999996
2025-09-20,0:00,17,1487.7192,1686.5625,198.8433
2025-09-20,0:00,18,5.9327,5.55,0.3826999999999998
2025-09-20,0:00,19,0.0,0.0,0.0
2025-09-20,0:00,20,0.0,0.0,0.0
2025-09-20,0:00,21,0.0,0.0,0.0
2025-09-20,0:00,22,0.0,0.0,0.0
2025-09-20,0:00,23,0.0,0.0,0.0
2025-09-20,0:00,24,0.0,0.0,0.0
2025-09-20,6:00,1,1567.7812,1534.9875,32.793699999999944
2025-09-20,6:00,2,3632.4043,3544.0875,88.31680000000006
2025-09-20,6:00,3,4970.107,4888.3875,81.71950000000015
2025-09-20,6:00,4,7228.61,7366.0125,137.40250000000015
2025-09-20,6:00,5,8088.8257,8601.225,512.3993
2025-09-20,6:00,6,7620.4538,8495.475,875.0212000000001
2025-09-20,6:00,7,7826.6869,8620.125,793.4381000000003
2025-09-20,6:00,8,6462.0546,6562.875,100.82039999999961
2025-09-20,6:00,9,5515.5081,5513.7,1.808100000000195
2025-09-20,6:00,10,3494.5674,3534.075,39.50759999999991
2025-09-20,6:00,11,1631.0387,1686.5625,55.52379999999994
2025-09-20,6:00,12,5.128,5.55,0.4219999999999997
2025-09-20,6:00,13,0.0,0.0,0.0
2025-09-20,6:00,14,0.0,0.0,0.0
2025-09-20,6:00,15,0.0,0.0,0.0
2025-09-20,6:00,16,0.0,0.0,0.0
2025-09-20,6:00,17,0.0,0.0,0.0
2025-09-20,6:00,18,0.0,0.0,0.0
2025-09-20,12:00,1,8643.0102,8620.125,22.885200000000623
2025-09-20,12:00,2,6599.1964,6562.875,36.32139999999981
2025-09-20,12:00,3,5575.883,5513.7,62.18299999999999
2025-09-20,12:00,4,3699.5193,3534.075,165.4443000000001
2025-09-20,12:00,5,1843.9934,1686.5625,157.43090000000007
2025-09-20,12:00,6,5.6783,5.55,0.1283000000000003
2025-09-20,12:00,7,0.0,0.0,0.0
2025-09-20,12:00,8,0.0,0.0,0.0
2025-09-20,12:00,9,0.0,0.0,0.0
2025-09-20,12:00,10,0.0,0.0,0.0
2025-09-20,12:00,11,0.0,0.0,0.0
2025-09-20,12:00,12,0.0,0.0,0.0
2025-09-20,18:00,1,0.0,0.0,0.0
2025-09-20,18:00,2,0.0,0.0,0.0
2025-09-20,18:00,3,0.0,0.0,0.0
2025-09-20,18:00,4,0.0,0.0,0.0
2025-09-20,18:00,5,0.0,0.0,0.0
2025-09-20,18:00,6,0.0,0.0,0.0
2025-09-21,0:00,1,0.0,0.0,0.0
2025-09-21,0:00,2,0.0,0.0,0.0
2025-09-21,0:00,3,0.0,0.0,0.0
2025-09-21,0:00,4,0.0,0.0,0.0
2025-09-21,0:00,5,0.0,0.0,0.0
2025-09-21,0:00,6,0.0,0.0,0.0
2025-09-21,0:00,7,1516.0351,1659.4875,143.4523999999999
2025-09-21,0:00,8,3393.6128,3814.575,420.96219999999994
2025-09-21,0:00,9,6195.7208,6475.9875,280.2667000000001
2025-09-21,0:00,10,6737.3786,7155.075,417.6963999999998
2025-09-21,0:00,11,7556.1625,7856.1375,299.97499999999945
2025-09-21,0:00,12,7659.5788,7855.0875,195.5086999999994
2025-09-21,0:00,13,8839.1518,8298.075,541.0767999999989
2025-09-21,0:00,14,6506.3249,7236.4125,730.0876000000007
2025-09-21,0:00,15,5799.9615,6054.8625,254.90099999999984
2025-09-21,0:00,16,3731.1436,3839.2125,108.06890000000021
2025-09-21,0:00,17,1585.5412,1629.8625,44.321300000000065
2025-09-21,0:00,18,0.0,0.0,0.0
2025-09-21,0:00,19,0.0,0.0,0.0
2025-09-21,0:00,20,0.0,0.0,0.0
2025-09-21,0:00,21,0.0,0.0,0.0
2025-09-21,0:00,22,0.0,0.0,0.0
2025-09-21,0:00,23,0.0,0.0,0.0
2025-09-21,0:00,24,0.0,0.0,0.0
2025-09-21,6:00,1,1659.8183,1659.4875,0.3307999999999538
2025-09-21,6:00,2,3828.1981,3814.575,13.62310000000025
2025-09-21,6:00,3,6352.679,6475.9875,123.3085000000001
2025-09-21,6:00,4,6890.5833,7155.075,264.4916999999996
2025-09-21,6:00,5,7154.4427,7856.1375,701.6948000000002
2025-09-21,6:00,6,7114.2915,7855.0875,740.7959999999994
2025-09-21,6:00,7,7465.6025,8298.075,832.4725000000008
2025-09-21,6:00,8,6795.4819,7236.4125,440.9306000000006
2025-09-21,6:00,9,5928.3736,6054.8625,126.48890000000029
2025-09-21,6:00,10,3732.6581,3839.2125,106.55439999999999
2025-09-21,6:00,11,1517.5695,1629.8625,112.29299999999989
2025-09-21,6:00,12,0.0,0.0,0.0
2025-09-21,6:00,13,0.0,0.0,0.0
2025-09-21,6:00,14,0.0,0.0,0.0
2025-09-21,6:00,15,0.0,0.0,0.0
2025-09-21,6:00,16,0.0,0.0,0.0
2025-09-21,6:00,17,0.0,0.0,0.0
2025-09-21,6:00,18,0.0,0.0,0.0
2025-09-21,12:00,1,8402.3459,8298.075,104.27089999999953
2025-09-21,12:00,2,7359.6182,7236.4125,123.20569999999952
2025-09-21,12:00,3,6260.6295,6054.8625,205.76699999999983
2025-09-21,12:00,4,3732.9639,3839.2125,106.2485999999999
2025-09-21,12:00,5,1549.9879,1629.8625,79.87459999999987
2025-09-21,12:00,6,0.0,0.0,0.0
2025-09-21,12:00,7,0.0,0.0,0.0
2025-09-21,12:00,8,0.0,0.0,0.0
2025-09-21,12:00,9,0.0,0.0,0.0
2025-09-21,12:00,10,0.0,0.0,0.0
2025-09-21,12:00,11,0.0,0.0,0.0
2025-09-21,12:00,12,0.0,0.0,0.0
2025-09-21,18:00,1,0.0,0.0,0.0
2025-09-21,18:00,2,0.0,0.0,0.0
2025-09-21,18:00,3,0.0,0.0,0.0
2025-09-21,18:00,4,0.0,0.0,0.0
2025-09-21,18:00,5,0.0,0.0,0.0
2025-09-21,18:00,6,0.0,0.0,0.0
2025-09-22,0:00,1,0.0,0.0,0.0
2025-09-22,0:00,2,0.0,0.0,0.0
2025-09-22,0:00,3,0.0,0.0,0.0
2025-09-22,0:00,4,0.0,0.0,0.0
2025-09-22,0:00,5,0.0,0.0,0.0
2025-09-22,0:00,6,0.0,0.0,0.0
2025-09-22,0:00,7,1731.9135,1678.1625,53.751000000000204
2025-09-22,0:00,8,3853.0811,3707.325,145.75610000000006
2025-09-22,0:00,9,5910.8213,5716.7625,194.0587999999998
2025-09-22,0:00,10,7672.6475,7375.3875,297.2600000000002
2025-09-22,0:00,11,7730.0543,8030.625,300.5707000000002
2025-09-22,0:00,12,7933.3524,8278.275,344.9225999999999
2025-09-22,0:00,13,7192.1691,8109.4125,917.2434000000003
2025-09-22,0:00,14,6119.0702,7022.8875,903.8172999999997
2025-09-22,0:00,15,3750.4316,5565.3375,1814.9058999999997
2025-09-22,0:00,16,2385.426,3392.3625,1006.9365000000003
2025-09-22,0:00,17,1044.5444,1558.65,514.1056000000001
2025-09-22,0:00,18,0.0,0.0,0.0
2025-09-22,0:00,19,0.0,0.0,0.0
2025-09-22,0:00,20,0.0,0.0,0.0
2025-09-22,0:00,21,0.0,0.0,0.0
2025-09-22,0:00,22,0.0,0.0,0.0
2025-09-22,0:00,23,0.0,0.0,0.0
2025-09-22,0:00,24,0.0,0.0,0.0
2025-09-22,6:00,1,1688.5949,1678.1625,10.432400000000143
2025-09-22,6:00,2,3778.9853,3707.325,71.6603
2025-09-22,6:00,3,5909.0831,5716.7625,192.3206
2025-09-22,6:00,4,7765.0664,7375.3875,389.6788999999999
2025-09-22,6:00,5,8616.7877,8030.625,586.1627000000008
2025-09-22,6:00,6,8599.1161,8278.275,320.84109999999964
2025-09-22,6:00,7,8383.8745,8109.4125,274.46199999999953
2025-09-22,6:00,8,6793.0214,7022.8875,229.8661000000002
2025-09-22,6:00,9,5072.7468,5565.3375,492.59069999999974
2025-09-22,6:00,10,3097.0709,3392.3625,295.2916
2025-09-22,6:00,11,1379.4093,1558.65,179.24070000000006
2025-09-22,6:00,12,0.0,0.0,0.0
2025-09-22,6:00,13,0.0,0.0,0.0
2025-09-22,6:00,14,0.0,0.0,0.0
2025-09-22,6:00,15,0.0,0.0,0.0
2025-09-22,6:00,16,0.0,0.0,0.0
2025-09-22,6:00,17,0.0,0.0,0.0
2025-09-22,6:00,18,0.0,0.0,0.0
2025-09-22,12:00,1,8038.7688,8109.4125,70.64370000000054
2025-09-22,12:00,2,6953.3391,7022.8875,69.54839999999967
2025-09-22,12:00,3,5490.353,5565.3375,74.98449999999957
2025-09-22,12:00,4,3433.1742,3392.3625,40.811699999999746
2025-09-22,12:00,5,1646.6606,1558.65,88.01059999999984
2025-09-22,12:00,6,0.0,0.0,0.0
2025-09-22,12:00,7,0.0,0.0,0.0
2025-09-22,12:00,8,0.0,0.0,0.0
2025-09-22,12:00,9,0.0,0.0,0.0
2025-09-22,12:00,10,0.0,0.0,0.0
2025-09-22,12:00,11,0.0,0.0,0.0
2025-09-22,12:00,12,0.0,0.0,0.0
2025-09-22,18:00,1,0.0,0.0,0.0
2025-09-22,18:00,2,0.0,0.0,0.0
2025-09-22,18:00,3,0.0,0.0,0.0
2025-09-22,18:00,4,0.0,0.0,0.0
2025-09-22,18:00,5,0.0,0.0,0.0
2025-09-22,18:00,6,0.0,0.0,0.0
2025-09-23,0:00,1,0.0,0.0,0.0
2025-09-23,0:00,2,0.0,0.0,0.0
2025-09-23,0:00,3,0.0,0.0,0.0
2025-09-23,0:00,4,0.0,0.0,0.0
2025-09-23,0:00,5,0.0,0.0,0.0
2025-09-23,0:00,6,0.0,0.0,0.0
2025-09-23,0:00,7,1557.3423,1511.775,45.56729999999993
2025-09-23,0:00,8,3790.5523,3753.1125,37.43979999999965
2025-09-23,0:00,9,5672.6385,5807.85,135.21150000000034
2025-09-23,0:00,10,6695.125,6487.7625,207.36250000000018
2025-09-23,0:00,11,7039.7028,7359.675,319.97220000000016
2025-09-23,0:00,12,8741.6789,8613.5625,128.1164000000008
2025-09-23,0:00,13,7807.7894,8135.1375,327.34810000000016
2025-09-23,0:00,14,6799.915,7094.9625,295.0474999999997
2025-09-23,0:00,15,4338.9708,4761.6375,422.66669999999976
2025-09-23,0:00,16,3204.0589,3543.675,339.6161000000002
2025-09-23,0:00,17,1288.1895,1465.3875,177.1980000000001
2025-09-23,0:00,18,0.0,0.0,0.0
2025-09-23,0:00,19,0.0,0.0,0.0
2025-09-23,0:00,20,0.0,0.0,0.0
2025-09-23,0:00,21,0.0,0.0,0.0
2025-09-23,0:00,22,0.0,0.0,0.0
2025-09-23,0:00,23,0.0,0.0,0.0
2025-09-23,0:00,24,0.0,0.0,0.0
2025-09-23,6:00,1,1509.2196,1511.775,2.5554000000001906
2025-09-23,6:00,2,3772.0576,3753.1125,18.94509999999991
2025-09-23,6:00,3,5829.5882,5807.85,21.73819999999978
2025-09-23,6:00,4,6509.1949,6487.7625,21.432400000000598
2025-09-23,6:00,5,7529.2452,7359.675,169.5702000000001
2025-09-23,6:00,6,8803.7336,8613.5625,190.17109999999957
2025-09-23,6:00,7,7942.5486,8135.1375,192.58889999999974
2025-09-23,6:00,8,6944.4765,7094.9625,150.48599999999988
2025-09-23,6:00,9,4590.2039,4761.6375,171.4335999999994
2025-09-23,6:00,10,3318.2284,3543.675,225.44660000000022
2025-09-23,6:00,11,1398.0938,1465.3875,67.29369999999994
2025-09-23,6:00,12,0.0,0.0,0.0
2025-09-23,6:00,13,0.0,0.0,0.0
2025-09-23,6:00,14,0.0,0.0,0.0
2025-09-23,6:00,15,0.0,0.0,0.0
2025-09-23,6:00,16,0.0,0.0,0.0
2025-09-23,6:00,17,0.0,0.0,0.0
2025-09-23,6:00,18,0.0,0.0,0.0
2025-09-23,12:00,1,8197.0556,8135.1375,61.91809999999987
2025-09-23,12:00,2,7182.1322,7094.9625,87.16970000000038
2025-09-23,12:00,3,4791.2126,4761.6375,29.57510000000002
2025-09-23,12:00,4,3585.5303,3543.675,41.855299999999716
2025-09-23,12:00,5,1441.7306,1465.3875,23.65689999999995
2025-09-23,12:00,6,0.0,0.0,0.0
2025-09-23,12:00,7,0.0,0.0,0.0
2025-09-23,12:00,8,0.0,0.0,0.0
2025-09-23,12:00,9,0.0,0.0,0.0
2025-09-23,12:00,10,0.0,0.0,0.0
2025-09-23,12:00,11,0.0,0.0,0.0
2025-09-23,12:00,12,0.0,0.0,0.0
2025-09-23,18:00,1,0.0,0.0,0.0
2025-09-23,18:00,2,0.0,0.0,0.0
2025-09-23,18:00,3,0.0,0.0,0.0
2025-09-23,18:00,4,0.0,0.0,0.0
2025-09-23,18:00,5,0.0,0.0,0.0
2025-09-23,18:00,6,0.0,0.0,0.0
2025-09-24,0:00,1,0.0,0.0,0.0
2025-09-24,0:00,2,0.0,0.0,0.0
2025-09-24,0:00,3,0.0,0.0,0.0
2025-09-24,0:00,4,0.0,0.0,0.0
2025-09-24,0:00,5,0.0,0.0,0.0
2025-09-24,0:00,6,0.0,0.0,0.0
2025-09-24,0:00,7,1459.098,1517.5125,58.41450000000009
2025-09-24,0:00,8,3271.153,3298.6875,27.534500000000207
2025-09-24,0:00,9,5343.1209,5206.4625,136.65840000000026
2025-09-24,0:00,10,7775.5432,7243.1625,532.3806999999997
2025-09-24,0:00,11,9573.3473,8010.45,1562.8972999999996
2025-09-24,0:00,12,9949.2517,8053.275,1895.976700000001
2025-09-24,0:00,13,9763.3875,8039.325,1724.062500000001
2025-09-24,0:00,14,7955.175,7357.5,597.6750000000002
2025-09-24,0:00,15,6115.875,5803.5375,312.33749999999964
2025-09-24,0:00,16,4153.8375,3853.65,300.18749999999955
2025-09-24,0:00,17,1895.595,1628.175,267.4200000000001
2025-09-24,0:00,18,0.0,0.0,0.0
2025-09-24,0:00,19,0.0,0.0,0.0
2025-09-24,0:00,20,0.0,0.0,0.0
2025-09-24,0:00,21,0.0,0.0,0.0
2025-09-24,0:00,22,0.0,0.0,0.0
2025-09-24,0:00,23,0.0,0.0,0.0
2025-09-24,0:00,24,0.0,0.0,0.0
2025-09-24,6:00,1,1519.5643,1517.5125,2.0517999999999574
2025-09-24,6:00,2,3310.0633,3298.6875,11.3757999999998
2025-09-24,6:00,3,5239.8568,5206.4625,33.39429999999993
2025-09-24,6:00,4,7361.4307,7243.1625,118.26819999999952
2025-09-24,6:00,5,8332.9534,8010.45,322.5034000000005
2025-09-24,6:00,6,8268.7021,8053.275,215.4271000000008
2025-09-24,6:00,7,8591.2683,8039.325,551.9432999999999
2025-09-24,6:00,8,7811.1198,7357.5,453.6198000000004
2025-09-24,6:00,9,6115.875,5803.5375,312.33749999999964
2025-09-24,6:00,10,3948.1333,3853.65,94.48329999999987
2025-09-24,6:00,11,1816.3086,1628.175,188.13360000000011
2025-09-24,6:00,12,0.0,0.0,0.0
2025-09-24,6:00,13,0.0,0.0,0.0
2025-09-24,6:00,14,0.0,0.0,0.0
2025-09-24,6:00,15,0.0,0.0,0.0
2025-09-24,6:00,16,0.0,0.0,0.0
2025-09-24,6:00,17,0.0,0.0,0.0
2025-09-24,6:00,18,0.0,0.0,0.0
2025-09-24,12:00,1,8125.6537,8039.325,86.32870000000003
2025-09-24,12:00,2,7459.0564,7357.5,101.5564000000004
2025-09-24,12:00,3,5816.0019,5803.5375,12.464399999999841
2025-09-24,12:00,4,3760.1555,3853.65,93.49450000000024
2025-09-24,12:00,5,1545.9629,1628.175,82.21209999999996
2025-09-24,12:00,6,0.0,0.0,0.0
2025-09-24,12:00,7,0.0,0.0,0.0
2025-09-24,12:00,8,0.0,0.0,0.0
2025-09-24,12:00,9,0.0,0.0,0.0
2025-09-24,12:00,10,0.0,0.0,0.0
2025-09-24,12:00,11,0.0,0.0,0.0
2025-09-24,12:00,12,0.0,0.0,0.0
2025-09-24,18:00,1,0.0,0.0,0.0
2025-09-24,18:00,2,0.0,0.0,0.0
2025-09-24,18:00,3,0.0,0.0,0.0
2025-09-24,18:00,4,0.0,0.0,0.0
2025-09-24,18:00,5,0.0,0.0,0.0
2025-09-24,18:00,6,0.0,0.0,0.0
2025-09-25,0:00,1,0.0,0.0,0.0
2025-09-25,0:00,2,0.0,0.0,0.0
2025-09-25,0:00,3,0.0,0.0,0.0
2025-09-25,0:00,4,0.0,0.0,0.0
2025-09-25,0:00,5,0.0,0.0,0.0
2025-09-25,0:00,6,0.0,0.0,0.0
2025-09-25,0:00,7,1626.4283,1594.2,32.22829999999999
2025-09-25,0:00,8,3572.0522,3448.8,123.2521999999999
2025-09-25,0:00,9,5413.0946,5644.65,231.55539999999928
2025-09-25,0:00,10,6866.3839,7230.4125,364.02860000000055
2025-09-25,0:00,11,8264.6507,8317.9875,53.33679999999913
2025-09-25,0:00,12,7736.7626,8303.25,566.4874
2025-09-25,0:00,13,8179.1512,7907.55,271.60120000000006
2025-09-25,0:00,14,7821.108,7211.175,609.933
2025-09-25,0:00,15,6115.875,5453.8125,662.0625
2025-09-25,0:00,16,3093.8985,3282.375,188.47650000000021
2025-09-25,0:00,17,1420.6988,1520.175,99.47620000000006
2025-09-25,0:00,18,0.0,0.0,0.0
2025-09-25,0:00,19,0.0,0.0,0.0
2025-09-25,0:00,20,0.0,0.0,0.0
2025-09-25,0:00,21,0.0,0.0,0.0
2025-09-25,0:00,22,0.0,0.0,0.0
2025-09-25,0:00,23,0.0,0.0,0.0
2025-09-25,0:00,24,0.0,0.0,0.0
2025-09-25,6:00,1,1561.8876,1594.2,32.312400000000025
2025-09-25,6:00,2,3329.3116,3448.8,119.48840000000018
2025-09-25,6:00,3,5310.9907,5644.65,333.65929999999935
2025-09-25,6:00,4,6503.6376,7230.4125,726.7749000000003
2025-09-25,6:00,5,7831.0696,8317.9875,486.91789999999946
2025-09-25,6:00,6,7771.6315,8303.25,531.6184999999996
2025-09-25,6:00,7,7191.6049,7907.55,715.9450999999999
2025-09-25,6:00,8,6835.7416,7211.175,375.4333999999999
2025-09-25,6:00,9,5401.6757,5453.8125,52.13680000000022
2025-09-25,6:00,10,3231.9809,3282.375,50.39409999999998
2025-09-25,6:00,11,1521.8548,1520.175,1.6798000000001139
2025-09-25,6:00,12,0.0,0.0,0.0
2025-09-25,6:00,13,0.0,0.0,0.0
2025-09-25,6:00,14,0.0,0.0,0.0
2025-09-25,6:00,15,0.0,0.0,0.0
2025-09-25,6:00,16,0.0,0.0,0.0
2025-09-25,6:00,17,0.0,0.0,0.0
2025-09-25,6:00,18,0.0,0.0,0.0
2025-09-25,12:00,1,7796.9324,7907.55,110.6176000000005
2025-09-25,12:00,2,7097.9846,7211.175,113.19040000000041
2025-09-25,12:00,3,5316.2338,5453.8125,137.57870000000003
2025-09-25,12:00,4,3200.8212,3282.375,81.55380000000014
2025-09-25,12:00,5,1487.0872,1520.175,33.087800000000016
2025-09-25,12:00,6,0.0,0.0,0.0
2025-09-25,12:00,7,0.0,0.0,0.0
2025-09-25,12:00,8,0.0,0.0,0.0
2025-09-25,12:00,9,0.0,0.0,0.0
2025-09-25,12:00,10,0.0,0.0,0.0
2025-09-25,12:00,11,0.0,0.0,0.0
2025-09-25,12:00,12,0.0,0.0,0.0
2025-09-25,18:00,1,0.0,0.0,0.0
2025-09-25,18:00,2,0.0,0.0,0.0
2025-09-25,18:00,3,0.0,0.0,0.0
2025-09-25,18:00,4,0.0,0.0,0.0
2025-09-25,18:00,5,0.0,0.0,0.0
2025-09-25,18:00,6,0.0,0.0,0.0
2025-09-26,0:00,1,0.0,0.0,0.0
2025-09-26,0:00,2,0.0,0.0,0.0
2025-09-26,0:00,3,0.0,0.0,0.0
2025-09-26,0:00,4,0.0,0.0,0.0
2025-09-26,0:00,5,0.0,0.0,0.0
2025-09-26,0:00,6,0.0,0.0,0.0
2025-09-26,0:00,7,1536.6075,1583.4,46.79250000000002
2025-09-26,0:00,8,3639.0507,3495.6,143.45069999999987
2025-09-26,0:00,9,4790.2725,4663.05,127.22249999999985
2025-09-26,0:00,10,6207.5113,6227.8875,20.3761999999997
2025-09-26,0:00,11,7163.1307,7432.8,269.6693000000005
2025-09-26,0:00,12,7609.9429,7832.7375,222.79460000000017
2025-09-26,0:00,13,7044.7763,8136.6,1091.8237
2025-09-26,0:00,14,6058.8546,6789.6,730.7454000000007
2025-09-26,0:00,15,4180.8034,5233.05,1052.2466000000004
2025-09-26,0:00,16,2732.8955,3525.1875,792.2919999999999
2025-09-26,0:00,17,1235.2399,1474.0875,238.84760000000006
2025-09-26,0:00,18,0.0,0.0,0.0
2025-09-26,0:00,19,0.0,0.0,0.0
2025-09-26,0:00,20,0.0,0.0,0.0
2025-09-26,0:00,21,0.0,0.0,0.0
2025-09-26,0:00,22,0.0,0.0,0.0
2025-09-26,0:00,23,0.0,0.0,0.0
2025-09-26,0:00,24,0.0,0.0,0.0
2025-09-26,6:00,1,1573.6624,1583.4,9.737600000000157
2025-09-26,6:00,2,3498.2691,3495.6,2.6691000000000713
2025-09-26,6:00,3,4702.6397,4663.05,39.58969999999954
2025-09-26,6:00,4,6214.6074,6227.8875,13.280099999999948
2025-09-26,6:00,5,7018.6739,7432.8,414.1261000000004
2025-09-26,6:00,6,7760.9907,7832.7375,71.7467999999999
2025-09-26,6:00,7,8096.0531,8136.6,40.54690000000028
2025-09-26,6:00,8,6886.4912,6789.6,96.89120000000003
2025-09-26,6:00,9,5420.8913,5233.05,187.84130000000005
2025-09-26,6:00,10,3851.8967,3525.1875,326.7091999999998
2025-09-26,6:00,11,1594.193,1474.0875,120.10549999999989
2025-09-26,6:00,12,0.0,0.0,0.0
2025-09-26,6:00,13,0.0,0.0,0.0
2025-09-26,6:00,14,0.0,0.0,0.0
2025-09-26,6:00,15,0.0,0.0,0.0
2025-09-26,6:00,16,0.0,0.0,0.0
2025-09-26,6:00,17,0.0,0.0,0.0
2025-09-26,6:00,18,0.0,0.0,0.0
2025-09-26,12:00,1,8247.3321,8136.6,110.73209999999926
2025-09-26,12:00,2,6934.4357,6789.6,144.83569999999963
2025-09-26,12:00,3,5390.1275,5233.05,157.07749999999942
2025-09-26,12:00,4,3726.7128,3525.1875,201.5252999999998
2025-09-26,12:00,5,1598.4094,1474.0875,124.32189999999991
2025-09-26,12:00,6,0.0,0.0,0.0
2025-09-26,12:00,7,0.0,0.0,0.0
2025-09-26,12:00,8,0.0,0.0,0.0
2025-09-26,12:00,9,0.0,0.0,0.0
2025-09-26,12:00,10,0.0,0.0,0.0
2025-09-26,12:00,11,0.0,0.0,0.0
2025-09-26,12:00,12,0.0,0.0,0.0
2025-09-26,18:00,1,0.0,0.0,0.0
2025-09-26,18:00,2,0.0,0.0,0.0
2025-09-26,18:00,3,0.0,0.0,0.0
2025-09-26,18:00,4,0.0,0.0,0.0
2025-09-26,18:00,5,0.0,0.0,0.0
2025-09-26,18:00,6,0.0,0.0,0.0
2025-09-27,0:00,1,0.0,0.0,0.0
2025-09-27,0:00,2,0.0,0.0,0.0
2025-09-27,0:00,3,0.0,0.0,0.0
2025-09-27,0:00,4,0.0,0.0,0.0
2025-09-27,0:00,5,0.0,0.0,0.0
2025-09-27,0:00,6,0.0,0.0,0.0
2025-09-27,0:00,7,1469.4069,1401.0,68.40689999999995
2025-09-27,0:00,8,3879.7026,3689.4375,190.26510000000007
2025-09-27,0:00,9,6460.0204,5967.225,492.7954
2025-09-27,0:00,10,8557.65,7780.0125,777.6374999999998
2025-09-27,0:00,11,8714.8072,7970.8875,743.9196999999995
2025-09-27,0:00,12,8913.7299,8021.3625,892.3674000000001
2025-09-27,0:00,13,9219.8535,7579.8375,1640.0159999999996
2025-09-27,0:00,14,7937.4604,6442.575,1494.8854000000001
2025-09-27,0:00,15,5129.1338,4605.4875,523.6462999999994
2025-09-27,0:00,16,3393.1235,3006.1125,387.01099999999997
2025-09-27,0:00,17,1543.9375,1439.4375,104.5
2025-09-27,0:00,18,0.0,0.0,0.0
2025-09-27,0:00,19,0.0,0.0,0.0
2025-09-27,0:00,20,0.0,0.0,0.0
2025-09-27,0:00,21,0.0,0.0,0.0
2025-09-27,0:00,22,0.0,0.0,0.0
2025-09-27,0:00,23,0.0,0.0,0.0
2025-09-27,0:00,24,0.0,0.0,0.0
2025-09-27,6:00,1,1379.4939,1401.0,21.50610000000006
2025-09-27,6:00,2,3652.084,3689.4375,37.35350000000017
2025-09-27,6:00,3,5906.5401,5967.225,60.6849000000002
2025-09-27,6:00,4,7818.2083,7780.0125,38.19580000000042
2025-09-27,6:00,5,8153.84,7970.8875,182.95250000000033
2025-09-27,6:00,6,8262.5673,8021.3625,241.20480000000043
2025-09-27,6:00,7,7197.9303,7579.8375,381.90719999999965
2025-09-27,6:00,8,5911.1537,6442.575,531.4213
2025-09-27,6:00,9,4085.878,4605.4875,519.6095
2025-09-27,6:00,10,2494.8389,3006.1125,511.2736
2025-09-27,6:00,11,1320.358,1439.4375,119.07950000000005
2025-09-27,6:00,12,0.0,0.0,0.0
2025-09-27,6:00,13,0.0,0.0,0.0
2025-09-27,6:00,14,0.0,0.0,0.0
2025-09-27,6:00,15,0.0,0.0,0.0
2025-09-27,6:00,16,0.0,0.0,0.0
2025-09-27,6:00,17,0.0,0.0,0.0
2025-09-27,6:00,18,0.0,0.0,0.0
2025-09-27,12:00,1,7591.5301,7579.8375,11.692600000000311
2025-09-27,12:00,2,6536.2582,6442.575,93.6832000000004
2025-09-27,12:00,3,4712.0219,4605.4875,106.53439999999955
2025-09-27,12:00,4,3085.3375,3006.1125,79.22499999999991
2025-09-27,12:00,5,1451.3106,1439.4375,11.873100000000022
2025-09-27,12:00,6,0.0,0.0,0.0
2025-09-27,12:00,7,0.0,0.0,0.0
2025-09-27,12:00,8,0.0,0.0,0.0
2025-09-27,12:00,9,0.0,0.0,0.0
2025-09-27,12:00,10,0.0,0.0,0.0
2025-09-27,12:00,11,0.0,0.0,0.0
2025-09-27,12:00,12,0.0,0.0,0.0
2025-09-27,18:00,1,0.0,0.0,0.0
2025-09-27,18:00,2,0.0,0.0,0.0
2025-09-27,18:00,3,0.0,0.0,0.0
2025-09-27,18:00,4,0.0,0.0,0.0
2025-09-27,18:00,5,0.0,0.0,0.0
2025-09-27,18:00,6,0.0,0.0,0.0
2025-09-28,0:00,1,0.0,0.0,0.0
2025-09-28,0:00,2,0.0,0.0,0.0
2025-09-28,0:00,3,0.0,0.0,0.0
2025-09-28,0:00,4,0.0,0.0,0.0
2025-09-28,0:00,5,0.0,0.0,0.0
2025-09-28,0:00,6,0.0,0.0,0.0
2025-09-28,0:00,7,1468.4227,1413.5625,54.86020000000008
2025-09-28,0:00,8,3520.7271,3393.675,127.05209999999988
2025-09-28,0:00,9,5422.6458,5196.7875,225.85829999999987
2025-09-28,0:00,10,6365.3102,6520.125,154.8148000000001
2025-09-28,0:00,11,7968.3044,7634.925,333.3793999999998
2025-09-28,0:00,12,9121.8898,8187.0,934.8898000000008
2025-09-28,0:00,13,7337.7112,7008.1125,329.59869999999955
2025-09-28,0:00,14,7056.1323,6636.675,419.45730000000003
2025-09-28,0:00,15,6115.875,5406.1875,709.6875
2025-09-28,0:00,16,3988.8552,3768.2625,220.59270000000015
2025-09-28,0:00,17,1401.2487,1527.1125,125.86379999999986
2025-09-28,0:00,18,0.0,0.0,0.0
2025-09-28,0:00,19,0.0,0.0,0.0
2025-09-28,0:00,20,0.0,0.0,0.0
2025-09-28,0:00,21,0.0,0.0,0.0
2025-09-28,0:00,22,0.0,0.0,0.0
2025-09-28,0:00,23,0.0,0.0,0.0
2025-09-28,0:00,24,0.0,0.0,0.0
2025-09-28,6:00,1,1404.741,1413.5625,8.821500000000015
2025-09-28,6:00,2,3346.6469,3393.675,47.028099999999995
2025-09-28,6:00,3,5016.5703,5196.7875,180.21720000000005
2025-09-28,6:00,4,6387.5205,6520.125,132.60450000000037
2025-09-28,6:00,5,7125.8838,7634.925,509.0412000000006
2025-09-28,6:00,6,7154.9964,8187.0,1032.0036
2025-09-28,6:00,7,5949.0208,7008.1125,1059.0917
2025-09-28,6:00,8,5822.2999,6636.675,814.3751000000002
2025-09-28,6:00,9,4721.9204,5406.1875,684.2671
2025-09-28,6:00,10,3527.0927,3768.2625,241.16979999999967
2025-09-28,6:00,11,1591.2513,1527.1125,64.13879999999995
2025-09-28,6:00,12,0.0,0.0,0.0
2025-09-28,6:00,13,0.0,0.0,0.0
2025-09-28,6:00,14,0.0,0.0,0.0
2025-09-28,6:00,15,0.0,0.0,0.0
2025-09-28,6:00,16,0.0,0.0,0.0
2025-09-28,6:00,17,0.0,0.0,0.0
2025-09-28,6:00,18,0.0,0.0,0.0
2025-09-28,12:00,1,7113.6593,7008.1125,105.54680000000008
2025-09-28,12:00,2,6705.3633,6636.675,68.6882999999998
2025-09-28,12:00,3,5545.67,5406.1875,139.48250000000007
2025-09-28,12:00,4,3799.4791,3768.2625,31.2166000000002
2025-09-28,12:00,5,1449.597,1527.1125,77.51549999999997
2025-09-28,12:00,6,0.0,0.0,0.0
2025-09-28,12:00,7,0.0,0.0,0.0
2025-09-28,12:00,8,0.0,0.0,0.0
2025-09-28,12:00,9,0.0,0.0,0.0
2025-09-28,12:00,10,0.0,0.0,0.0
2025-09-28,12:00,11,0.0,0.0,0.0
2025-09-28,12:00,12,0.0,0.0,0.0
2025-09-28,18:00,1,0.0,0.0,0.0
2025-09-28,18:00,2,0.0,0.0,0.0
2025-09-28,18:00,3,0.0,0.0,0.0
2025-09-28,18:00,4,0.0,0.0,0.0
2025-09-28,18:00,5,0.0,0.0,0.0
2025-09-28,18:00,6,0.0,0.0,0.0
2025-09-29,0:00,1,0.0,0.0,0.0
2025-09-29,0:00,2,0.0,0.0,0.0
2025-09-29,0:00,3,0.0,0.0,0.0
2025-09-29,0:00,4,0.0,0.0,0.0
2025-09-29,0:00,5,0.0,0.0,0.0
2025-09-29,0:00,6,0.0,0.0,0.0
2025-09-29,0:00,7,1411.6578,1436.925,25.267200000000003
2025-09-29,0:00,8,3400.9411,3481.65,80.70890000000009
2025-09-29,0:00,9,5207.3648,5294.5875,87.22269999999935
2025-09-29,0:00,10,6833.0641,6901.5375,68.47340000000077
2025-09-29,0:00,11,7989.4545,7693.5,295.9544999999998
2025-09-29,0:00,12,8518.799,8520.6375,1.83849999999984
2025-09-29,0:00,13,7474.5982,7674.4125,199.8143
2025-09-29,0:00,14,6692.117,7013.0625,320.9454999999998
2025-09-29,0:00,15,5062.3859,5629.8,567.4141
2025-09-29,0:00,16,2604.2037,3436.6875,832.4838
2025-09-29,0:00,17,966.4526,1491.7875,525.3349
2025-09-29,0:00,18,0.0,0.0,0.0
2025-09-29,0:00,19,0.0,0.0,0.0
2025-09-29,0:00,20,0.0,0.0,0.0
2025-09-29,0:00,21,0.0,0.0,0.0
2025-09-29,0:00,22,0.0,0.0,0.0
2025-09-29,0:00,23,0.0,0.0,0.0
2025-09-29,0:00,24,0.0,0.0,0.0
2025-09-29,6:00,1,1457.1571,1436.925,20.232099999999946
2025-09-29,6:00,2,3629.6527,3481.65,148.0027
2025-09-29,6:00,3,5662.4671,5294.5875,367.8796000000002
2025-09-29,6:00,4,7465.1317,6901.5375,563.5941999999995
2025-09-29,6:00,5,8297.8493,7693.5,604.3492999999999
2025-09-29,6:00,6,9461.0578,8520.6375,940.4202999999998
2025-09-29,6:00,7,8424.8115,7674.4125,750.3989999999994
2025-09-29,6:00,8,7545.8749,7013.0625,532.8123999999998
2025-09-29,6:00,9,5608.9179,5629.8,20.88209999999981
2025-09-29,6:00,10,3284.8063,3436.6875,151.8811999999998
2025-09-29,6:00,11,1311.1205,1491.7875,180.66699999999992
2025-09-29,6:00,12,0.0,0.0,0.0
2025-09-29,6:00,13,0.0,0.0,0.0
2025-09-29,6:00,14,0.0,0.0,0.0
2025-09-29,6:00,15,0.0,0.0,0.0
2025-09-29,6:00,16,0.0,0.0,0.0
2025-09-29,6:00,17,0.0,0.0,0.0
2025-09-29,6:00,18,0.0,0.0,0.0
2025-09-29,12:00,1,7676.2494,7674.4125,1.836899999999332
2025-09-29,12:00,2,6942.6121,7013.0625,70.45039999999972
2025-09-29,12:00,3,5558.6307,5629.8,71.16930000000048
2025-09-29,12:00,4,3349.1151,3436.6875,87.57240000000002
2025-09-29,12:00,5,1439.254,1491.7875,52.533500000000004
2025-09-29,12:00,6,0.0,0.0,0.0
2025-09-29,12:00,7,0.0,0.0,0.0
2025-09-29,12:00,8,0.0,0.0,0.0
2025-09-29,12:00,9,0.0,0.0,0.0
2025-09-29,12:00,10,0.0,0.0,0.0
2025-09-29,12:00,11,0.0,0.0,0.0
2025-09-29,12:00,12,0.0,0.0,0.0
2025-09-29,18:00,1,0.0,0.0,0.0
2025-09-29,18:00,2,0.0,0.0,0.0
2025-09-29,18:00,3,0.0,0.0,0.0
2025-09-29,18:00,4,0.0,0.0,0.0
2025-09-29,18:00,5,0.0,0.0,0.0
2025-09-29,18:00,6,0.0,0.0,0.0
2025-09-30,0:00,1,0.0,0.0,0.0
2025-09-30,0:00,2,0.0,0.0,0.0
2025-09-30,0:00,3,0.0,0.0,0.0
2025-09-30,0:00,4,0.0,0.0,0.0
2025-09-30,0:00,5,0.0,0.0,0.0
2025-09-30,0:00,6,0.0,0.0,0.0
2025-09-30,0:00,7,1271.5095,1280.1375,8.628000000000156
2025-09-30,0:00,8,3668.3291,3274.5,393.8290999999999
2025-09-30,0:00,9,5844.3242,5034.7125,809.6117000000004
2025-09-30,0:00,10,7272.1523,6490.0125,782.1397999999999
2025-09-30,0:00,11,8886.0258,7460.7,1425.3257999999996
2025-09-30,0:00,12,9815.8291,8227.0875,1588.7416000000012
2025-09-30,0:00,13,7577.0164,8001.0,423.98359999999957
2025-09-30,0:00,14,5427.3392,6025.2375,597.8982999999998
2025-09-30,0:00,15,4593.2307,4823.025,229.79429999999957
2025-09-30,0:00,16,2574.0882,3174.7125,600.6243
2025-09-30,0:00,17,967.0208,1385.2125,418.1917000000001
2025-09-30,0:00,18,0.0,0.0,0.0
2025-09-30,0:00,19,0.0,0.0,0.0
2025-09-30,0:00,20,0.0,0.0,0.0
2025-09-30,0:00,21,0.0,0.0,0.0
2025-09-30,0:00,22,0.0,0.0,0.0
2025-09-30,0:00,23,0.0,0.0,0.0
2025-09-30,0:00,24,0.0,0.0,0.0
2025-09-30,6:00,1,1279.1018,1280.1375,1.0357000000001335
2025-09-30,6:00,2,3290.7035,3274.5,16.203500000000076
2025-09-30,6:00,3,5145.3653,5034.7125,110.65280000000075
2025-09-30,6:00,4,6851.2815,6490.0125,361.26900000000023
2025-09-30,6:00,5,7634.3711,7460.7,173.67110000000048
2025-09-30,6:00,6,8617.6332,8227.0875,390.5457000000006
2025-09-30,6:00,7,8547.8764,8001.0,546.8763999999992
2025-09-30,6:00,8,6202.4224,6025.2375,177.1849000000002
2025-09-30,6:00,9,4522.3091,4823.025,300.71589999999924
2025-09-30,6:00,10,3122.9005,3174.7125,51.8119999999999
2025-09-30,6:00,11,1374.0787,1385.2125,11.133800000000065
2025-09-30,6:00,12,0.0,0.0,0.0
2025-09-30,6:00,13,0.0,0.0,0.0
2025-09-30,6:00,14,0.0,0.0,0.0
2025-09-30,6:00,15,0.0,0.0,0.0
2025-09-30,6:00,16,0.0,0.0,0.0
2025-09-30,6:00,17,0.0,0.0,0.0
2025-09-30,6:00,18,0.0,0.0,0.0
2025-09-30,12:00,1,7915.9033,8001.0,85.09670000000006
2025-09-30,12:00,2,5836.9339,6025.2375,188.3036000000002
2025-09-30,12:00,3,4630.2083,4823.025,192.8166999999994
2025-09-30,12:00,4,3080.885,3174.7125,93.82749999999987
2025-09-30,12:00,5,1307.4201,1385.2125,77.79240000000004
2025-09-30,12:00,6,0.0,0.0,0.0
2025-09-30,12:00,7,0.0,0.0,0.0
2025-09-30,12:00,8,0.0,0.0,0.0
2025-09-30,12:00,9,0.0,0.0,0.0
2025-09-30,12:00,10,0.0,0.0,0.0
2025-09-30,12:00,11,0.0,0.0,0.0
2025-09-30,12:00,12,0.0,0.0,0.0
2025-09-30,18:00,1,0.0,0.0,0.0
2025-09-30,18:00,2,0.0,0.0,0.0
2025-09-30,18:00,3,0.0,0.0,0.0
2025-09-30,18:00,4,0.0,0.0,0.0
2025-09-30,18:00,5,0.0,0.0,0.0
2025-09-30,18:00,6,0.0,0.0,0.0
2025-10-01,0:00,1,0.0,0.0,0.0
2025-10-01,0:00,2,0.0,0.0,0.0
2025-10-01,0:00,3,0.0,0.0,0.0
2025-10-01,0:00,4,0.0,0.0,0.0
2025-10-01,0:00,5,0.0,0.0,0.0
2025-10-01,0:00,6,0.0,0.0,0.0
2025-10-01,0:00,7,1588.5282,1600.875,12.34680000000003
2025-10-01,0:00,8,3924.6127,3910.65,13.96270000000004
2025-10-01,0:00,9,6487.05,6487.05,0.0
2025-10-01,0:00,10,8016.1104,8557.65,541.5396000000001
2025-10-01,0:00,11,8671.765,9439.4625,767.6975000000002
2025-10-01,0:00,12,8480.799,9835.125,1354.325999999999
2025-10-01,0:00,13,7398.4308,9135.9375,1737.5067
2025-10-01,0:00,14,6467.0355,7098.6,631.5645000000004
2025-10-01,0:00,15,5117.3049,5606.6625,489.3576000000003
2025-10-01,0:00,16,3580.547,3740.0625,159.51549999999997
2025-10-01,0:00,17,1486.9387,1420.0875,66.85119999999984
2025-10-01,0:00,18,0.0,0.0,0.0
2025-10-01,0:00,19,0.0,0.0,0.0
2025-10-01,0:00,20,0.0,0.0,0.0
2025-10-01,0:00,21,0.0,0.0,0.0
2025-10-01,0:00,22,0.0,0.0,0.0
2025-10-01,0:00,23,0.0,0.0,0.0
2025-10-01,0:00,24,0.0,0.0,0.0
2025-10-01,6:00,1,1607.1774,1600.875,6.302400000000034
2025-10-01,6:00,2,3892.3427,3910.65,18.30729999999994
2025-10-01,6:00,3,6350.5449,6487.05,136.5051000000003
2025-10-01,6:00,4,8264.7755,8557.65,292.8744999999999
2025-10-01,6:00,5,8642.7726,9439.4625,796.6898999999994
2025-10-01,6:00,6,8671.7552,9835.125,1163.3698000000004
2025-10-01,6:00,7,8415.5713,9135.9375,720.3662000000004
2025-10-01,6:00,8,6330.0861,7098.6,768.5138999999999
2025-10-01,6:00,9,5095.7459,5606.6625,510.91660000000047
2025-10-01,6:00,10,3294.6501,3740.0625,445.41240000000016
2025-10-01,6:00,11,1335.9379,1420.0875,84.14960000000019
2025-10-01,6:00,12,0.0,0.0,0.0
2025-10-01,6:00,13,0.0,0.0,0.0
2025-10-01,6:00,14,0.0,0.0,0.0
2025-10-01,6:00,15,0.0,0.0,0.0
2025-10-01,6:00,16,0.0,0.0,0.0
2025-10-01,6:00,17,0.0,0.0,0.0
2025-10-01,6:00,18,0.0,0.0,0.0
2025-10-01,12:00,1,9012.8605,9135.9375,123.07699999999932
2025-10-01,12:00,2,6996.803,7098.6,101.79700000000048
2025-10-01,12:00,3,5479.7848,5606.6625,126.8777
2025-10-01,12:00,4,3696.4436,3740.0625,43.61889999999994
2025-10-01,12:00,5,1410.3327,1420.0875,9.75480000000016
2025-10-01,12:00,6,0.0,0.0,0.0
2025-10-01,12:00,7,0.0,0.0,0.0
2025-10-01,12:00,8,0.0,0.0,0.0
2025-10-01,12:00,9,0.0,0.0,0.0
2025-10-01,12:00,10,0.0,0.0,0.0
2025-10-01,12:00,11,0.0,0.0,0.0
2025-10-01,12:00,12,0.0,0.0,0.0
2025-10-01,18:00,1,0.0,0.0,0.0
2025-10-01,18:00,2,0.0,0.0,0.0
2025-10-01,18:00,3,0.0,0.0,0.0
2025-10-01,18:00,4,0.0,0.0,0.0
2025-10-01,18:00,5,0.0,0.0,0.0
2025-10-01,18:00,6,0.0,0.0,0.0
2025-10-02,0:00,1,0.0,0.0,0.0
2025-10-02,0:00,2,0.0,0.0,0.0
2025-10-02,0:00,3,0.0,0.0,0.0
2025-10-02,0:00,4,0.0,0.0,0.0
2025-10-02,0:00,5,0.0,0.0,0.0
2025-10-02,0:00,6,0.0,0.0,0.0
2025-10-02,0:00,7,1521.2348,1583.925,62.690200000000004
2025-10-02,0:00,8,3498.1983,3823.0875,324.8892000000001
2025-10-02,0:00,9,5180.1495,5948.775,768.6254999999992
2025-10-02,0:00,10,6009.2417,7581.0,1571.7583000000004
2025-10-02,0:00,11,7376.14,8626.725,1250.585
2025-10-02,0:00,12,8248.7802,9304.1625,1055.3823000000011
2025-10-02,0:00,13,7800.5015,8952.675,1152.173499999999
2025-10-02,0:00,14,5899.3795,7772.2875,1872.9080000000004
2025-10-02,0:00,15,4676.8762,6082.5375,1405.6613000000007
2025-10-02,0:00,16,2804.2891,4003.6125,1199.3234000000002
2025-10-02,0:00,17,1244.1803,1642.3875,398.20720000000006
2025-10-02,0:00,18,0.0,0.0,0.0
2025-10-02,0:00,19,0.0,0.0,0.0
2025-10-02,0:00,20,0.0,0.0,0.0
2025-10-02,0:00,21,0.0,0.0,0.0
2025-10-02,0:00,22,0.0,0.0,0.0
2025-10-02,0:00,23,0.0,0.0,0.0
2025-10-02,0:00,24,0.0,0.0,0.0
2025-10-02,6:00,1,1565.359,1583.925,18.56600000000003
2025-10-02,6:00,2,3710.1067,3823.0875,112.98080000000027
2025-10-02,6:00,3,5650.052,5948.775,298.72299999999996
2025-10-02,6:00,4,7421.3127,7581.0,159.6872999999996
2025-10-02,6:00,5,8268.9794,8626.725,357.7456000000002
2025-10-02,6:00,6,8532.2187,9304.1625,771.9438000000009
2025-10-02,6:00,7,7932.7644,8952.675,1019.9105999999992
2025-10-02,6:00,8,7200.065,7772.2875,572.2225000000008
2025-10-02,6:00,9,5606.3779,6082.5375,476.15959999999995
2025-10-02,6:00,10,3985.7709,4003.6125,17.8416000000002
2025-10-02,6:00,11,1638.2583,1642.3875,4.129200000000083
2025-10-02,6:00,12,0.0,0.0,0.0
2025-10-02,6:00,13,0.0,0.0,0.0
2025-10-02,6:00,14,0.0,0.0,0.0
2025-10-02,6:00,15,0.0,0.0,0.0
2025-10-02,6:00,16,0.0,0.0,0.0
2025-10-02,6:00,17,0.0,0.0,0.0
2025-10-02,6:00,18,0.0,0.0,0.0
2025-10-02,12:00,1,8860.6531,8952.675,92.02189999999973
2025-10-02,12:00,2,7741.5945,7772.2875,30.69300000000021
2025-10-02,12:00,3,6053.8371,6082.5375,28.700400000000627
2025-10-02,12:00,4,4003.6125,4003.6125,0.0
2025-10-02,12:00,5,1734.6075,1642.3875,92.22000000000003
2025-10-02,12:00,6,0.0,0.0,0.0
2025-10-02,12:00,7,0.0,0.0,0.0
2025-10-02,12:00,8,0.0,0.0,0.0
2025-10-02,12:00,9,0.0,0.0,0.0
2025-10-02,12:00,10,0.0,0.0,0.0
2025-10-02,12:00,11,0.0,0.0,0.0
2025-10-02,12:00,12,0.0,0.0,0.0
2025-10-02,18:00,1,0.0,0.0,0.0
2025-10-02,18:00,2,0.0,0.0,0.0
2025-10-02,18:00,3,0.0,0.0,0.0
2025-10-02,18:00,4,0.0,0.0,0.0
2025-10-02,18:00,5,0.0,0.0,0.0
2025-10-02,18:00,6,0.0,0.0,0.0
2025-10-03,0:00,1,0.0,0.0,0.0
2025-10-03,0:00,2,0.0,0.0,0.0
2025-10-03,0:00,3,0.0,0.0,0.0
2025-10-03,0:00,4,0.0,0.0,0.0
2025-10-03,0:00,5,0.0,0.0,0.0
2025-10-03,0:00,6,0.0,0.0,0.0
2025-10-03,0:00,7,1514.8282,1476.6,38.228200000000015
2025-10-03,0:00,8,3927.225,3717.075,210.1500000000001
2025-10-03,0:00,9,5930.9327,5668.95,261.9827000000005
2025-10-03,0:00,10,7499.4223,7477.7625,21.65980000000036
2025-10-03,0:00,11,8376.4557,8686.275,309.8192999999992
2025-10-03,0:00,12,8564.2642,9055.7625,491.4983000000011
2025-10-03,0:00,13,8446.1856,9159.1875,713.0018999999993
2025-10-03,0:00,14,7052.2085,7328.5875,276.3789999999999
2025-10-03,0:00,15,5808.4184,5644.425,163.99339999999938
2025-10-03,0:00,16,4003.6125,3870.75,132.86250000000018
2025-10-03,0:00,17,1661.7156,1556.025,105.6905999999999
2025-10-03,0:00,18,0.0,0.0,0.0
2025-10-03,0:00,19,0.0,0.0,0.0
2025-10-03,0:00,20,0.0,0.0,0.0
2025-10-03,0:00,21,0.0,0.0,0.0
2025-10-03,0:00,22,0.0,0.0,0.0
2025-10-03,0:00,23,0.0,0.0,0.0
2025-10-03,0:00,24,0.0,0.0,0.0
2025-10-03,6:00,1,1470.4248,1476.6,6.175199999999904
2025-10-03,6:00,2,3664.9882,3717.075,52.08680000000004
2025-10-03,6:00,3,5605.1245,5668.95,63.82549999999992
2025-10-03,6:00,4,7444.1091,7477.7625,33.65340000000015
2025-10-03,6:00,5,8916.3477,8686.275,230.07270000000062
2025-10-03,6:00,6,9675.7294,9055.7625,619.9668999999994
2025-10-03,6:00,7,9435.3,9159.1875,276.1124999999993
2025-10-03,6:00,8,8225.6461,7328.5875,897.0586000000003
2025-10-03,6:00,9,6115.875,5644.425,471.4499999999998
2025-10-03,6:00,10,4003.6125,3870.75,132.86250000000018
2025-10-03,6:00,11,1571.2785,1556.025,15.253499999999804
2025-10-03,6:00,12,0.0,0.0,0.0
2025-10-03,6:00,13,0.0,0.0,0.0
2025-10-03,6:00,14,0.0,0.0,0.0
2025-10-03,6:00,15,0.0,0.0,0.0
2025-10-03,6:00,16,0.0,0.0,0.0
2025-10-03,6:00,17,0.0,0.0,0.0
2025-10-03,6:00,18,0.0,0.0,0.0
2025-10-03,12:00,1,9310.1718,9159.1875,150.98430000000008
2025-10-03,12:00,2,7428.2281,7328.5875,99.64060000000063
2025-10-03,12:00,3,5764.0172,5644.425,119.59220000000005
2025-10-03,12:00,4,3819.5727,3870.75,51.17729999999983
2025-10-03,12:00,5,1490.8539,1556.025,65.17110000000002
2025-10-03,12:00,6,0.0,0.0,0.0
2025-10-03,12:00,7,0.0,0.0,0.0
2025-10-03,12:00,8,0.0,0.0,0.0
2025-10-03,12:00,9,0.0,0.0,0.0
2025-10-03,12:00,10,0.0,0.0,0.0
2025-10-03,12:00,11,0.0,0.0,0.0
2025-10-03,12:00,12,0.0,0.0,0.0
2025-10-03,18:00,1,0.0,0.0,0.0
2025-10-03,18:00,2,0.0,0.0,0.0
2025-10-03,18:00,3,0.0,0.0,0.0
2025-10-03,18:00,4,0.0,0.0,0.0
2025-10-03,18:00,5,0.0,0.0,0.0
2025-10-03,18:00,6,0.0,0.0,0.0
2025-10-04,0:00,1,0.0,0.0,0.0
2025-10-04,0:00,2,0.0,0.0,0.0
2025-10-04,0:00,3,0.0,0.0,0.0
2025-10-04,0:00,4,0.0,0.0,0.0
2025-10-04,0:00,5,0.0,0.0,0.0
2025-10-04,0:00,6,0.0,0.0,0.0
2025-10-04,0:00,7,1347.8221,1420.275,72.4529
2025-10-04,0:00,8,3033.3295,3534.0375,500.7080000000001
2025-10-04,0:00,9,4494.7168,5440.575,945.8581999999997
2025-10-04,0:00,10,5837.8857,7190.0625,1352.1768000000002
2025-10-04,0:00,11,6306.494,7926.7125,1620.2185
2025-10-04,0:00,12,7169.189,8826.7875,1657.5985
2025-10-04,0:00,13,6839.455,8243.025,1403.5699999999997
2025-10-04,0:00,14,5945.421,7103.625,1158.2039999999997
2025-10-04,0:00,15,4856.45,5658.9,802.4499999999998
2025-10-04,0:00,16,3055.9905,3293.0625,237.07200000000012
2025-10-04,0:00,17,1264.6793,1421.4375,156.7582
2025-10-04,0:00,18,0.0,0.0,0.0
2025-10-04,0:00,19,0.0,0.0,0.0
2025-10-04,0:00,20,0.0,0.0,0.0
2025-10-04,0:00,21,0.0,0.0,0.0
2025-10-04,0:00,22,0.0,0.0,0.0
2025-10-04,0:00,23,0.0,0.0,0.0
2025-10-04,0:00,24,0.0,0.0,0.0
2025-10-04,6:00,1,1423.5355,1420.275,3.2604999999998654
2025-10-04,6:00,2,3544.9587,3534.0375,10.921200000000226
2025-10-04,6:00,3,5427.458,5440.575,13.11700000000019
2025-10-04,6:00,4,7224.3492,7190.0625,34.286699999999655
2025-10-04,6:00,5,8258.1098,7926.7125,331.39730000000054
2025-10-04,6:00,6,8840.4598,8826.7875,13.672300000000178
2025-10-04,6:00,7,7705.0158,8243.025,538.0091999999995
2025-10-04,6:00,8,7154.4209,7103.625,50.795900000000074
2025-10-04,6:00,9,5697.6439,5658.9,38.743900000000394
2025-10-04,6:00,10,3290.9668,3293.0625,2.0956999999998516
2025-10-04,6:00,11,1460.6008,1421.4375,39.163299999999936
2025-10-04,6:00,12,0.0,0.0,0.0
2025-10-04,6:00,13,0.0,0.0,0.0
2025-10-04,6:00,14,0.0,0.0,0.0
2025-10-04,6:00,15,0.0,0.0,0.0
2025-10-04,6:00,16,0.0,0.0,0.0
2025-10-04,6:00,17,0.0,0.0,0.0
2025-10-04,6:00,18,0.0,0.0,0.0
2025-10-04,12:00,1,8287.1429,8243.025,44.1179000000011
2025-10-04,12:00,2,7241.2952,7103.625,137.67019999999957
2025-10-04,12:00,3,5855.8599,5658.9,196.95990000000074
2025-10-04,12:00,4,3407.9188,3293.0625,114.85629999999992
2025-10-04,12:00,5,1496.6313,1421.4375,75.19380000000001
2025-10-04,12:00,6,0.0,0.0,0.0
2025-10-04,12:00,7,0.0,0.0,0.0
2025-10-04,12:00,8,0.0,0.0,0.0
2025-10-04,12:00,9,0.0,0.0,0.0
2025-10-04,12:00,10,0.0,0.0,0.0
2025-10-04,12:00,11,0.0,0.0,0.0
2025-10-04,12:00,12,0.0,0.0,0.0
2025-10-04,18:00,1,0.0,0.0,0.0
2025-10-04,18:00,2,0.0,0.0,0.0
2025-10-04,18:00,3,0.0,0.0,0.0
2025-10-04,18:00,4,0.0,0.0,0.0
2025-10-04,18:00,5,0.0,0.0,0.0
2025-10-04,18:00,6,0.0,0.0,0.0
2025-10-05,0:00,1,0.0,0.0,0.0
2025-10-05,0:00,2,0.0,0.0,0.0
2025-10-05,0:00,3,0.0,0.0,0.0
2025-10-05,0:00,4,0.0,0.0,0.0
2025-10-05,0:00,5,0.0,0.0,0.0
2025-10-05,0:00,6,0.0,0.0,0.0
2025-10-05,0:00,7,1330.5047,1519.0125,188.5078000000001
2025-10-05,0:00,8,3005.6088,3596.85,591.2411999999999
2025-10-05,0:00,9,5280.8762,5976.225,695.3488000000007
2025-10-05,0:00,10,5870.1901,7016.0625,1145.8724000000002
2025-10-05,0:00,11,7032.0711,8575.575,1543.5039000000006
2025-10-05,0:00,12,7109.2914,8781.4875,1672.1960999999992
2025-10-05,0:00,13,8088.9567,8830.35,741.3933000000006
2025-10-05,0:00,14,6503.002,7370.475,867.473
2025-10-05,0:00,15,5687.8731,5687.5875,0.2856000000001586
2025-10-05,0:00,16,3657.107,3774.75,117.64300000000003
2025-10-05,0:00,17,1374.6958,1375.5,0.8042000000000371
2025-10-05,0:00,18,0.0,0.0,0.0
2025-10-05,0:00,19,0.0,0.0,0.0
2025-10-05,0:00,20,0.0,0.0,0.0
2025-10-05,0:00,21,0.0,0.0,0.0
2025-10-05,0:00,22,0.0,0.0,0.0
2025-10-05,0:00,23,0.0,0.0,0.0
2025-10-05,0:00,24,0.0,0.0,0.0
2025-10-05,6:00,1,1507.1061,1519.0125,11.906400000000076
2025-10-05,6:00,2,3577.5327,3596.85,19.317299999999705
2025-10-05,6:00,3,5828.1219,5976.225,148.10310000000027
2025-10-05,6:00,4,6953.8629,7016.0625,62.19959999999992
2025-10-05,6:00,5,8850.2221,8575.575,274.64710000000014
2025-10-05,6:00,6,9324.2545,8781.4875,542.7669999999998
2025-10-05,6:00,7,9053.2196,8830.35,222.8696
2025-10-05,6:00,8,7883.7422,7370.475,513.2671999999993
2025-10-05,6:00,9,5776.9535,5687.5875,89.36599999999999
2025-10-05,6:00,10,3508.113,3774.75,266.63700000000017
2025-10-05,6:00,11,1347.9809,1375.5,27.51909999999998
2025-10-05,6:00,12,0.0,0.0,0.0
2025-10-05,6:00,13,0.0,0.0,0.0
2025-10-05,6:00,14,0.0,0.0,0.0
2025-10-05,6:00,15,0.0,0.0,0.0
2025-10-05,6:00,16,0.0,0.0,0.0
2025-10-05,6:00,17,0.0,0.0,0.0
2025-10-05,6:00,18,0.0,0.0,0.0
2025-10-05,12:00,1,8807.4886,8830.35,22.861399999999776
2025-10-05,12:00,2,7365.7928,7370.475,4.6822000000001935
2025-10-05,12:00,3,5620.9531,5687.5875,66.63439999999991
2025-10-05,12:00,4,3588.4049,3774.75,186.3451
2025-10-05,12:00,5,1263.4729,1375.5,112.02710000000002
2025-10-05,12:00,6,0.0,0.0,0.0
2025-10-05,12:00,7,0.0,0.0,0.0
2025-10-05,12:00,8,0.0,0.0,0.0
2025-10-05,12:00,9,0.0,0.0,0.0
2025-10-05,12:00,10,0.0,0.0,0.0
2025-10-05,12:00,11,0.0,0.0,0.0
2025-10-05,12:00,12,0.0,0.0,0.0
2025-10-05,18:00,1,0.0,0.0,0.0
2025-10-05,18:00,2,0.0,0.0,0.0
2025-10-05,18:00,3,0.0,0.0,0.0
2025-10-05,18:00,4,0.0,0.0,0.0
2025-10-05,18:00,5,0.0,0.0,0.0
2025-10-05,18:00,6,0.0,0.0,0.0
2025-10-06,0:00,1,0.0,0.0,0.0
2025-10-06,0:00,2,0.0,0.0,0.0
2025-10-06,0:00,3,0.0,0.0,0.0
2025-10-06,0:00,4,0.0,0.0,0.0
2025-10-06,0:00,5,0.0,0.0,0.0
2025-10-06,0:00,6,0.0,0.0,0.0
2025-10-06,0:00,7,1444.4839,1427.7,16.783899999999903
2025-10-06,0:00,8,3819.7046,3571.8,247.90459999999985
2025-10-06,0:00,9,6065.2025,5574.075,491.1275000000005
2025-10-06,0:00,10,8557.65,7468.9125,1088.7374999999993
2025-10-06,0:00,11,9439.4625,8246.475,1192.9874999999993
2025-10-06,0:00,12,9835.125,8428.7625,1406.3624999999993
2025-10-06,0:00,13,8746.3454,8010.7875,735.5578999999998
2025-10-06,0:00,14,8232.3375,7067.4,1164.9375
2025-10-06,0:00,15,5725.9671,5669.25,56.717099999999846
2025-10-06,0:00,16,3284.4294,3422.325,137.89559999999983
2025-10-06,0:00,17,1396.1576,1211.7,184.45759999999996
2025-10-06,0:00,18,0.0,0.0,0.0
2025-10-06,0:00,19,0.0,0.0,0.0
2025-10-06,0:00,20,0.0,0.0,0.0
2025-10-06,0:00,21,0.0,0.0,0.0
2025-10-06,0:00,22,0.0,0.0,0.0
2025-10-06,0:00,23,0.0,0.0,0.0
2025-10-06,0:00,24,0.0,0.0,0.0
2025-10-06,6:00,1,1417.3108,1427.7,10.389200000000073
2025-10-06,6:00,2,3576.9628,3571.8,5.162799999999606
2025-10-06,6:00,3,5638.455,5574.075,64.38000000000011
2025-10-06,6:00,4,7661.9507,7468.9125,193.03819999999996
2025-10-06,6:00,5,8568.068,8246.475,321.59299999999894
2025-10-06,6:00,6,8846.1293,8428.7625,417.3667999999998
2025-10-06,6:00,7,8000.9358,8010.7875,9.851700000000164
2025-10-06,6:00,8,7027.2267,7067.4,40.17329999999947
2025-10-06,6:00,9,5954.3485,5669.25,285.09850000000006
2025-10-06,6:00,10,3429.8753,3422.325,7.550300000000334
2025-10-06,6:00,11,1247.5177,1211.7,35.81770000000006
2025-10-06,6:00,12,0.0,0.0,0.0
2025-10-06,6:00,13,0.0,0.0,0.0
2025-10-06,6:00,14,0.0,0.0,0.0
2025-10-06,6:00,15,0.0,0.0,0.0
2025-10-06,6:00,16,0.0,0.0,0.0
2025-10-06,6:00,17,0.0,0.0,0.0
2025-10-06,6:00,18,0.0,0.0,0.0
2025-10-06,12:00,1,8061.7793,8010.7875,50.991799999999785
2025-10-06,12:00,2,7235.5099,7067.4,168.10990000000038
2025-10-06,12:00,3,5900.2183,5669.25,230.96830000000045
2025-10-06,12:00,4,3598.3612,3422.325,176.0362
2025-10-06,12:00,5,1238.7503,1211.7,27.05029999999988
2025-10-06,12:00,6,0.0,0.0,0.0
2025-10-06,12:00,7,0.0,0.0,0.0
2025-10-06,12:00,8,0.0,0.0,0.0
2025-10-06,12:00,9,0.0,0.0,0.0
2025-10-06,12:00,10,0.0,0.0,0.0
2025-10-06,12:00,11,0.0,0.0,0.0
2025-10-06,12:00,12,0.0,0.0,0.0
2025-10-06,18:00,1,0.0,0.0,0.0
2025-10-06,18:00,2,0.0,0.0,0.0
2025-10-06,18:00,3,0.0,0.0,0.0
2025-10-06,18:00,4,0.0,0.0,0.0
2025-10-06,18:00,5,0.0,0.0,0.0
2025-10-06,18:00,6,0.0,0.0,0.0
2025-10-07,0:00,1,0.0,0.0,0.0
2025-10-07,0:00,2,0.0,0.0,0.0
2025-10-07,0:00,3,0.0,0.0,0.0
2025-10-07,0:00,4,0.0,0.0,0.0
2025-10-07,0:00,5,0.0,0.0,0.0
2025-10-07,0:00,6,0.0,0.0,0.0
2025-10-07,0:00,7,1386.0418,1315.425,70.61680000000001
2025-10-07,0:00,8,3540.5621,3462.3375,78.22460000000001
2025-10-07,0:00,9,5470.9809,5211.1875,259.79339999999956
2025-10-07,0:00,10,7159.2135,7166.325,7.111499999999978
2025-10-07,0:00,11,7905.9207,7830.3375,75.58320000000003
2025-10-07,0:00,12,8480.2046,8675.8125,195.60790000000088
2025-10-07,0:00,13,8237.3607,8194.2,43.16069999999854
2025-10-07,0:00,14,7423.6265,7167.6,256.02649999999994
2025-10-07,0:00,15,6115.875,5522.3625,593.5124999999998
2025-10-07,0:00,16,4003.6125,3404.325,599.2875000000004
2025-10-07,0:00,17,1534.8386,1335.225,199.61360000000013
2025-10-07,0:00,18,0.0,0.0,0.0
2025-10-07,0:00,19,0.0,0.0,0.0
2025-10-07,0:00,20,0.0,0.0,0.0
2025-10-07,0:00,21,0.0,0.0,0.0
2025-10-07,0:00,22,0.0,0.0,0.0
2025-10-07,0:00,23,0.0,0.0,0.0
2025-10-07,0:00,24,0.0,0.0,0.0
2025-10-07,6:00,1,1301.7842,1315.425,13.6407999999999
2025-10-07,6:00,2,3399.3441,3462.3375,62.99340000000029
2025-10-07,6:00,3,5115.8784,5211.1875,95.3091000000004
2025-10-07,6:00,4,7016.0566,7166.325,150.26839999999993
2025-10-07,6:00,5,7818.8446,7830.3375,11.492899999999281
2025-10-07,6:00,6,8558.0134,8675.8125,117.79910000000018
2025-10-07,6:00,7,8447.8759,8194.2,253.67589999999836
2025-10-07,6:00,8,7389.2178,7167.6,221.6178
2025-10-07,6:00,9,6115.875,5522.3625,593.5124999999998
2025-10-07,6:00,10,3776.9623,3404.325,372.6373000000003
2025-10-07,6:00,11,1491.3079,1335.225,156.0829000000001
2025-10-07,6:00,12,0.0,0.0,0.0
2025-10-07,6:00,13,0.0,0.0,0.0
2025-10-07,6:00,14,0.0,0.0,0.0
2025-10-07,6:00,15,0.0,0.0,0.0
2025-10-07,6:00,16,0.0,0.0,0.0
2025-10-07,6:00,17,0.0,0.0,0.0
2025-10-07,6:00,18,0.0,0.0,0.0
2025-10-07,12:00,1,8148.7766,8194.2,45.42340000000058
2025-10-07,12:00,2,7180.6794,7167.6,13.079399999999623
2025-10-07,12:00,3,5495.1095,5522.3625,27.25300000000061
2025-10-07,12:00,4,3407.121,3404.325,2.7960000000002765
2025-10-07,12:00,5,1367.7681,1335.225,32.543100000000095
2025-10-07,12:00,6,0.0,0.0,0.0
2025-10-07,12:00,7,0.0,0.0,0.0
2025-10-07,12:00,8,0.0,0.0,0.0
2025-10-07,12:00,9,0.0,0.0,0.0
2025-10-07,12:00,10,0.0,0.0,0.0
2025-10-07,12:00,11,0.0,0.0,0.0
2025-10-07,12:00,12,0.0,0.0,0.0
2025-10-07,18:00,1,0.0,0.0,0.0
2025-10-07,18:00,2,0.0,0.0,0.0
2025-10-07,18:00,3,0.0,0.0,0.0
2025-10-07,18:00,4,0.0,0.0,0.0
2025-10-07,18:00,5,0.0,0.0,0.0
2025-10-07,18:00,6,0.0,0.0,0.0
2025-10-08,0:00,1,0.0,0.0,0.0
2025-10-08,0:00,2,0.0,0.0,0.0
2025-10-08,0:00,3,0.0,0.0,0.0
2025-10-08,0:00,4,0.0,0.0,0.0
2025-10-08,0:00,5,0.0,0.0,0.0
2025-10-08,0:00,6,0.0,0.0,0.0
2025-10-08,0:00,7,1213.5798,1196.25,17.329799999999977
2025-10-08,0:00,8,3704.1323,3496.725,207.4073000000003
2025-10-08,0:00,9,5780.9438,5542.5,238.4438
2025-10-08,0:00,10,8557.65,7553.85,1003.7999999999993
2025-10-08,0:00,11,8540.289,8204.5875,335.70150000000103
2025-10-08,0:00,12,8209.9701,8061.75,148.22010000000046
2025-10-08,0:00,13,8198.4697,8161.1625,37.307199999999284
2025-10-08,0:00,14,7978.5374,7852.95,125.58740000000034
2025-10-08,0:00,15,5861.3097,6115.875,254.5653000000002
2025-10-08,0:00,16,3583.7621,3535.65,48.11209999999983
2025-10-08,0:00,17,1479.5769,1452.3375,27.239399999999932
2025-10-08,0:00,18,0.0,0.0,0.0
2025-10-08,0:00,19,0.0,0.0,0.0
2025-10-08,0:00,20,0.0,0.0,0.0
2025-10-08,0:00,21,0.0,0.0,0.0
2025-10-08,0:00,22,0.0,0.0,0.0
2025-10-08,0:00,23,0.0,0.0,0.0
2025-10-08,0:00,24,0.0,0.0,0.0
2025-10-08,6:00,1,1198.5802,1196.25,2.3302000000001044
2025-10-08,6:00,2,3522.0531,3496.725,25.328100000000177
2025-10-08,6:00,3,5667.1667,5542.5,124.66669999999976
2025-10-08,6:00,4,7767.1411,7553.85,213.29109999999946
2025-10-08,6:00,5,8420.1472,8204.5875,215.5596999999998
2025-10-08,6:00,6,8487.676,8061.75,425.9259999999995
2025-10-08,6:00,7,8660.0745,8161.1625,498.91200000000026
2025-10-08,6:00,8,7969.4123,7852.95,116.46230000000014
2025-10-08,6:00,9,6115.875,6115.875,0.0
2025-10-08,6:00,10,3700.4278,3535.65,164.77779999999984
2025-10-08,6:00,11,1474.5262,1452.3375,22.188699999999926
2025-10-08,6:00,12,0.0,0.0,0.0
2025-10-08,6:00,13,0.0,0.0,0.0
2025-10-08,6:00,14,0.0,0.0,0.0
2025-10-08,6:00,15,0.0,0.0,0.0
2025-10-08,6:00,16,0.0,0.0,0.0
2025-10-08,6:00,17,0.0,0.0,0.0
2025-10-08,6:00,18,0.0,0.0,0.0
2025-10-08,12:00,1,8170.4345,8161.1625,9.271999999999935
2025-10-08,12:00,2,7864.8514,7852.95,11.90139999999974
2025-10-08,12:00,3,6115.875,6115.875,0.0
2025-10-08,12:00,4,3492.5055,3535.65,43.14449999999988
2025-10-08,12:00,5,1502.6349,1452.3375,50.297399999999925
2025-10-08,12:00,6,0.0,0.0,0.0
2025-10-08,12:00,7,0.0,0.0,0.0
2025-10-08,12:00,8,0.0,0.0,0.0
2025-10-08,12:00,9,0.0,0.0,0.0
2025-10-08,12:00,10,0.0,0.0,0.0
2025-10-08,12:00,11,0.0,0.0,0.0
2025-10-08,12:00,12,0.0,0.0,0.0
2025-10-08,18:00,1,0.0,0.0,0.0
2025-10-08,18:00,2,0.0,0.0,0.0
2025-10-08,18:00,3,0.0,0.0,0.0
2025-10-08,18:00,4,0.0,0.0,0.0
2025-10-08,18:00,5,0.0,0.0,0.0
2025-10-08,18:00,6,0.0,0.0,0.0
2025-10-09,0:00,1,0.0,0.0,0.0
2025-10-09,0:00,2,0.0,0.0,0.0
2025-10-09,0:00,3,0.0,0.0,0.0
2025-10-09,0:00,4,0.0,0.0,0.0
2025-10-09,0:00,5,0.0,0.0,0.0
2025-10-09,0:00,6,0.0,0.0,0.0
2025-10-09,0:00,7,1133.8522,1164.225,30.37279999999987
2025-10-09,0:00,8,2930.453,3218.2875,287.83449999999993
2025-10-09,0:00,9,5189.1913,5875.05,685.8586999999998
2025-10-09,0:00,10,6829.8046,7677.975,848.1704
2025-10-09,0:00,11,7066.8126,7870.6875,803.8748999999998
2025-10-09,0:00,12,7754.1914,9061.1625,1306.9711000000007
2025-10-09,0:00,13,7717.9193,8760.0375,1042.1182000000008
2025-10-09,0:00,14,6188.5285,7955.175,1766.6464999999998
2025-10-09,0:00,15,4610.8042,5614.2375,1003.4333000000006
2025-10-09,0:00,16,2570.3083,3439.725,869.4166999999998
2025-10-09,0:00,17,1150.7585,1339.725,188.9665
2025-10-09,0:00,18,0.0,0.0,0.0
2025-10-09,0:00,19,0.0,0.0,0.0
2025-10-09,0:00,20,0.0,0.0,0.0
2025-10-09,0:00,21,0.0,0.0,0.0
2025-10-09,0:00,22,0.0,0.0,0.0
2025-10-09,0:00,23,0.0,0.0,0.0
2025-10-09,0:00,24,0.0,0.0,0.0
2025-10-09,6:00,1,1176.413,1164.225,12.188000000000102
2025-10-09,6:00,2,3300.3909,3218.2875,82.10339999999997
2025-10-09,6:00,3,6058.2565,5875.05,183.20650000000023
2025-10-09,6:00,4,7811.6425,7677.975,133.66749999999956
2025-10-09,6:00,5,8147.1155,7870.6875,276.4279999999999
2025-10-09,6:00,6,9434.8261,9061.1625,373.66359999999986
2025-10-09,6:00,7,9207.1618,8760.0375,447.1242999999995
2025-10-09,6:00,8,8134.0979,7955.175,178.92289999999957
2025-10-09,6:00,9,5898.2831,5614.2375,284.04559999999947
2025-10-09,6:00,10,3670.8256,3439.725,231.1006000000002
2025-10-09,6:00,11,1416.7589,1339.725,77.03390000000013
2025-10-09,6:00,12,0.0,0.0,0.0
2025-10-09,6:00,13,0.0,0.0,0.0
2025-10-09,6:00,14,0.0,0.0,0.0
2025-10-09,6:00,15,0.0,0.0,0.0
2025-10-09,6:00,16,0.0,0.0,0.0
2025-10-09,6:00,17,0.0,0.0,0.0
2025-10-09,6:00,18,0.0,0.0,0.0
2025-10-09,12:00,1,8864.3818,8760.0375,104.34429999999884
2025-10-09,12:00,2,8040.1565,7955.175,84.98149999999987
2025-10-09,12:00,3,5681.7704,5614.2375,67.53290000000015
2025-10-09,12:00,4,3521.0959,3439.725,81.37089999999989
2025-10-09,12:00,5,1382.4241,1339.725,42.699100000000044
2025-10-09,12:00,6,0.0,0.0,0.0
2025-10-09,12:00,7,0.0,0.0,0.0
2025-10-09,12:00,8,0.0,0.0,0.0
2025-10-09,12:00,9,0.0,0.0,0.0
2025-10-09,12:00,10,0.0,0.0,0.0
2025-10-09,12:00,11,0.0,0.0,0.0
2025-10-09,12:00,12,0.0,0.0,0.0
2025-10-09,18:00,1,0.0,0.0,0.0
2025-10-09,18:00,2,0.0,0.0,0.0
2025-10-09,18:00,3,0.0,0.0,0.0
2025-10-09,18:00,4,0.0,0.0,0.0
2025-10-09,18:00,5,0.0,0.0,0.0
2025-10-09,18:00,6,0.0,0.0,0.0
2025-10-10,0:00,1,0.0,0.0,0.0
2025-10-10,0:00,2,0.0,0.0,0.0
2025-10-10,0:00,3,0.0,0.0,0.0
2025-10-10,0:00,4,0.0,0.0,0.0
2025-10-10,0:00,5,0.0,0.0,0.0
2025-10-10,0:00,6,0.0,0.0,0.0
2025-10-10,0:00,7,1080.2656,1169.3625,89.0969
2025-10-10,0:00,8,3320.7695,3535.7625,214.99299999999994
2025-10-10,0:00,9,4858.2114,5496.1125,637.9011
2025-10-10,0:00,10,6323.4672,7236.0,912.5328
2025-10-10,0:00,11,8472.4771,8652.2625,179.78540000000066
2025-10-10,0:00,12,8206.9369,9380.0625,1173.1255999999994
2025-10-10,0:00,13,7413.9406,9435.3,2021.3593999999994
2025-10-10,0:00,14,6838.6358,8232.3375,1393.7016999999996
2025-10-10,0:00,15,5052.4158,5738.25,685.8342000000002
2025-10-10,0:00,16,2651.8736,3388.6125,736.7389000000003
2025-10-10,0:00,17,1155.4566,1198.5375,43.08089999999993
2025-10-10,0:00,18,0.0,0.0,0.0
2025-10-10,0:00,19,0.0,0.0,0.0
2025-10-10,0:00,20,0.0,0.0,0.0
2025-10-10,0:00,21,0.0,0.0,0.0
2025-10-10,0:00,22,0.0,0.0,0.0
2025-10-10,0:00,23,0.0,0.0,0.0
2025-10-10,0:00,24,0.0,0.0,0.0
2025-10-10,6:00,1,1196.5788,1169.3625,27.216300000000047
2025-10-10,6:00,2,3601.6065,3535.7625,65.84400000000005
2025-10-10,6:00,3,5632.9554,5496.1125,136.84289999999964
2025-10-10,6:00,4,7182.6954,7236.0,53.30460000000039
2025-10-10,6:00,5,8219.6061,8652.2625,432.65639999999985
2025-10-10,6:00,6,8509.891,9380.0625,870.1715000000004
2025-10-10,6:00,7,8729.7378,9435.3,705.5621999999985
2025-10-10,6:00,8,7373.4364,8232.3375,858.9011
2025-10-10,6:00,9,4969.6971,5738.25,768.5528999999997
2025-10-10,6:00,10,3067.6851,3388.6125,320.92740000000003
2025-10-10,6:00,11,1105.1855,1198.5375,93.35199999999986
2025-10-10,6:00,12,0.0,0.0,0.0
2025-10-10,6:00,13,0.0,0.0,0.0
2025-10-10,6:00,14,0.0,0.0,0.0
2025-10-10,6:00,15,0.0,0.0,0.0
2025-10-10,6:00,16,0.0,0.0,0.0
2025-10-10,6:00,17,0.0,0.0,0.0
2025-10-10,6:00,18,0.0,0.0,0.0
2025-10-10,12:00,1,9435.3,9435.3,0.0
2025-10-10,12:00,2,8229.8266,8232.3375,2.5108999999993102
2025-10-10,12:00,3,5865.1384,5738.25,126.88839999999982
2025-10-10,12:00,4,3441.651,3388.6125,53.03849999999966
2025-10-10,12:00,5,1273.902,1198.5375,75.36450000000013
2025-10-10,12:00,6,0.0,0.0,0.0
2025-10-10,12:00,7,0.0,0.0,0.0
2025-10-10,12:00,8,0.0,0.0,0.0
2025-10-10,12:00,9,0.0,0.0,0.0
2025-10-10,12:00,10,0.0,0.0,0.0
2025-10-10,12:00,11,0.0,0.0,0.0
2025-10-10,12:00,12,0.0,0.0,0.0
2025-10-10,18:00,1,0.0,0.0,0.0
2025-10-10,18:00,2,0.0,0.0,0.0
2025-10-10,18:00,3,0.0,0.0,0.0
2025-10-10,18:00,4,0.0,0.0,0.0
2025-10-10,18:00,5,0.0,0.0,0.0
2025-10-10,18:00,6,0.0,0.0,0.0
2025-10-11,0:00,1,0.0,0.0,0.0
2025-10-11,0:00,2,0.0,0.0,0.0
2025-10-11,0:00,3,0.0,0.0,0.0
2025-10-11,0:00,4,0.0,0.0,0.0
2025-10-11,0:00,5,0.0,0.0,0.0
2025-10-11,0:00,6,0.0,0.0,0.0
2025-10-11,0:00,7,1033.023,1051.7625,18.739500000000135
2025-10-11,0:00,8,3046.8155,3182.925,136.10950000000003
2025-10-11,0:00,9,4434.2384,4918.35,484.1116000000002
2025-10-11,0:00,10,6265.436,6582.7875,317.35150000000067
2025-10-11,0:00,11,6860.842,7849.6875,988.8455000000004
2025-10-11,0:00,12,7752.7478,8224.95,472.20220000000063
2025-10-11,0:00,13,7657.5989,8518.425,860.8260999999993
2025-10-11,0:00,14,7588.5636,7283.4,305.16360000000077
2025-10-11,0:00,15,5162.0064,5290.875,128.8685999999998
2025-10-11,0:00,16,3158.8577,3383.7,224.8422999999998
2025-10-11,0:00,17,1141.5444,1201.875,60.330600000000004
2025-10-11,0:00,18,0.0,0.0,0.0
2025-10-11,0:00,19,0.0,0.0,0.0
2025-10-11,0:00,20,0.0,0.0,0.0
2025-10-11,0:00,21,0.0,0.0,0.0
2025-10-11,0:00,22,0.0,0.0,0.0
2025-10-11,0:00,23,0.0,0.0,0.0
2025-10-11,0:00,24,0.0,0.0,0.0
2025-10-11,6:00,1,1056.0922,1051.7625,4.3297000000000025
2025-10-11,6:00,2,3195.1294,3182.925,12.204399999999623
2025-10-11,6:00,3,4923.3274,4918.35,4.977399999999761
2025-10-11,6:00,4,6629.5893,6582.7875,46.801799999999275
2025-10-11,6:00,5,8046.8016,7849.6875,197.11409999999978
2025-10-11,6:00,6,8344.5025,8224.95,119.55249999999978
2025-10-11,6:00,7,8764.5768,8518.425,246.15180000000146
2025-10-11,6:00,8,7326.327,7283.4,42.92700000000059
2025-10-11,6:00,9,5352.1759,5290.875,61.30090000000018
2025-10-11,6:00,10,2876.6824,3383.7,507.0175999999997
2025-10-11,6:00,11,1014.0925,1201.875,187.78250000000003
2025-10-11,6:00,12,0.0,0.0,0.0
2025-10-11,6:00,13,0.0,0.0,0.0
2025-10-11,6:00,14,0.0,0.0,0.0
2025-10-11,6:00,15,0.0,0.0,0.0
2025-10-11,6:00,16,0.0,0.0,0.0
2025-10-11,6:00,17,0.0,0.0,0.0
2025-10-11,6:00,18,0.0,0.0,0.0
2025-10-11,12:00,1,8613.4657,8518.425,95.04070000000138
2025-10-11,12:00,2,7298.9988,7283.4,15.598800000000665
2025-10-11,12:00,3,5322.6902,5290.875,31.815200000000004
2025-10-11,12:00,4,3426.6544,3383.7,42.95440000000008
2025-10-11,12:00,5,1156.8158,1201.875,45.05919999999992
2025-10-11,12:00,6,0.0,0.0,0.0
2025-10-11,12:00,7,0.0,0.0,0.0
2025-10-11,12:00,8,0.0,0.0,0.0
2025-10-11,12:00,9,0.0,0.0,0.0
2025-10-11,12:00,10,0.0,0.0,0.0
2025-10-11,12:00,11,0.0,0.0,0.0
2025-10-11,12:00,12,0.0,0.0,0.0
2025-10-11,18:00,1,0.0,0.0,0.0
2025-10-11,18:00,2,0.0,0.0,0.0
2025-10-11,18:00,3,0.0,0.0,0.0
2025-10-11,18:00,4,0.0,0.0,0.0
2025-10-11,18:00,5,0.0,0.0,0.0
2025-10-11,18:00,6,0.0,0.0,0.0
2025-10-12,0:00,1,0.0,0.0,0.0
2025-10-12,0:00,2,0.0,0.0,0.0
2025-10-12,0:00,3,0.0,0.0,0.0
2025-10-12,0:00,4,0.0,0.0,0.0
2025-10-12,0:00,5,0.0,0.0,0.0
2025-10-12,0:00,6,0.0,0.0,0.0
2025-10-12,0:00,7,1041.9505,1147.575,105.62450000000013
2025-10-12,0:00,8,3024.2858,3257.8875,233.6016999999997
2025-10-12,0:00,9,5295.0566,5571.5625,276.5059000000001
2025-10-12,0:00,10,7464.2645,7172.7,291.5645000000004
2025-10-12,0:00,11,7926.2139,7820.025,106.1889000000001
2025-10-12,0:00,12,8205.2319,8346.9375,141.70559999999932
2025-10-12,0:00,13,7660.7,7734.975,74.27500000000055
2025-10-12,0:00,14,7287.0951,6919.7625,367.33259999999973
2025-10-12,0:00,15,6115.3639,5788.6125,326.7514000000001
2025-10-12,0:00,16,4003.6125,3641.4,362.2125000000001
2025-10-12,0:00,17,1485.1844,1198.5,286.6844000000001
2025-10-12,0:00,18,0.0,0.0,0.0
2025-10-12,0:00,19,0.0,0.0,0.0
2025-10-12,0:00,20,0.0,0.0,0.0
2025-10-12,0:00,21,0.0,0.0,0.0
2025-10-12,0:00,22,0.0,0.0,0.0
2025-10-12,0:00,23,0.0,0.0,0.0
2025-10-12,0:00,24,0.0,0.0,0.0
2025-10-12,6:00,1,1182.1069,1147.575,34.53189999999995
2025-10-12,6:00,2,3434.3798,3257.8875,176.49230000000034
2025-10-12,6:00,3,5840.4354,5571.5625,268.8729000000003
2025-10-12,6:00,4,7294.2226,7172.7,121.52260000000024
2025-10-12,6:00,5,7687.0789,7820.025,132.9460999999992
2025-10-12,6:00,6,7700.445,8346.9375,646.4925000000003
2025-10-12,6:00,7,7047.8479,7734.975,687.1271000000006
2025-10-12,6:00,8,6921.1539,6919.7625,1.3914000000004307
2025-10-12,6:00,9,6115.875,5788.6125,327.2624999999998
2025-10-12,6:00,10,3762.5846,3641.4,121.18460000000005
2025-10-12,6:00,11,1334.8604,1198.5,136.36040000000003
2025-10-12,6:00,12,0.0,0.0,0.0
2025-10-12,6:00,13,0.0,0.0,0.0
2025-10-12,6:00,14,0.0,0.0,0.0
2025-10-12,6:00,15,0.0,0.0,0.0
2025-10-12,6:00,16,0.0,0.0,0.0
2025-10-12,6:00,17,0.0,0.0,0.0
2025-10-12,6:00,18,0.0,0.0,0.0
2025-10-12,12:00,1,7803.7432,7734.975,68.76819999999952
2025-10-12,12:00,2,7107.3623,6919.7625,187.59979999999996
2025-10-12,12:00,3,6082.7812,5788.6125,294.1687000000002
2025-10-12,12:00,4,3986.784,3641.4,345.384
2025-10-12,12:00,5,1346.9171,1198.5,148.4170999999999
2025-10-12,12:00,6,0.0,0.0,0.0
2025-10-12,12:00,7,0.0,0.0,0.0
2025-10-12,12:00,8,0.0,0.0,0.0
2025-10-12,12:00,9,0.0,0.0,0.0
2025-10-12,12:00,10,0.0,0.0,0.0
2025-10-12,12:00,11,0.0,0.0,0.0
2025-10-12,12:00,12,0.0,0.0,0.0
2025-10-12,18:00,1,0.0,0.0,0.0
2025-10-12,18:00,2,0.0,0.0,0.0
2025-10-12,18:00,3,0.0,0.0,0.0
2025-10-12,18:00,4,0.0,0.0,0.0
2025-10-12,18:00,5,0.0,0.0,0.0
2025-10-12,18:00,6,0.0,0.0,0.0
2025-10-13,0:00,1,0.0,0.0,0.0
2025-10-13,0:00,2,0.0,0.0,0.0
2025-10-13,0:00,3,0.0,0.0,0.0
2025-10-13,0:00,4,0.0,0.0,0.0
2025-10-13,0:00,5,0.0,0.0,0.0
2025-10-13,0:00,6,0.0,0.0,0.0
2025-10-13,0:00,7,1385.9764,1277.625,108.35140000000001
2025-10-13,0:00,8,3910.65,3447.7125,462.9375
2025-10-13,0:00,9,5633.7664,5448.15,185.6164000000008
2025-10-13,0:00,10,7494.4191,7340.4375,153.98160000000007
2025-10-13,0:00,11,8091.1684,8584.1625,492.9941000000008
2025-10-13,0:00,12,8519.2458,9154.05,634.8041999999987
2025-10-13,0:00,13,6725.426,8083.425,1357.9989999999998
2025-10-13,0:00,14,7042.5228,7271.5875,229.0646999999999
2025-10-13,0:00,15,4888.8126,5595.15,706.3373999999994
2025-10-13,0:00,16,2747.7495,3296.0625,548.3130000000001
2025-10-13,0:00,17,1067.4028,1130.4,62.99720000000002
2025-10-13,0:00,18,0.0,0.0,0.0
2025-10-13,0:00,19,0.0,0.0,0.0
2025-10-13,0:00,20,0.0,0.0,0.0
2025-10-13,0:00,21,0.0,0.0,0.0
2025-10-13,0:00,22,0.0,0.0,0.0
2025-10-13,0:00,23,0.0,0.0,0.0
2025-10-13,0:00,24,0.0,0.0,0.0
2025-10-13,6:00,1,1280.7963,1277.625,3.171299999999974
2025-10-13,6:00,2,3425.3682,3447.7125,22.344300000000203
2025-10-13,6:00,3,5398.6747,5448.15,49.47530000000006
2025-10-13,6:00,4,7179.4018,7340.4375,161.03570000000036
2025-10-13,6:00,5,8728.4483,8584.1625,144.28579999999965
2025-10-13,6:00,6,9121.1092,9154.05,32.94079999999849
2025-10-13,6:00,7,8482.5892,8083.425,399.16420000000016
2025-10-13,6:00,8,7723.4926,7271.5875,451.90509999999995
2025-10-13,6:00,9,6020.4251,5595.15,425.27510000000075
2025-10-13,6:00,10,3714.7879,3296.0625,418.7253999999998
2025-10-13,6:00,11,1260.8247,1130.4,130.4246999999998
2025-10-13,6:00,12,0.0,0.0,0.0
2025-10-13,6:00,13,0.0,0.0,0.0
2025-10-13,6:00,14,0.0,0.0,0.0
2025-10-13,6:00,15,0.0,0.0,0.0
2025-10-13,6:00,16,0.0,0.0,0.0
2025-10-13,6:00,17,0.0,0.0,0.0
2025-10-13,6:00,18,0.0,0.0,0.0
2025-10-13,12:00,1,8364.8919,8083.425,281.46690000000035
2025-10-13,12:00,2,7720.445,7271.5875,448.8575000000001
2025-10-13,12:00,3,6006.7086,5595.15,411.5586000000003
2025-10-13,12:00,4,3514.23,3296.0625,218.16750000000002
2025-10-13,12:00,5,1248.734,1130.4,118.33399999999983
2025-10-13,12:00,6,0.0,0.0,0.0
2025-10-13,12:00,7,0.0,0.0,0.0
2025-10-13,12:00,8,0.0,0.0,0.0
2025-10-13,12:00,9,0.0,0.0,0.0
2025-10-13,12:00,10,0.0,0.0,0.0
2025-10-13,12:00,11,0.0,0.0,0.0
2025-10-13,12:00,12,0.0,0.0,0.0
2025-10-13,18:00,1,0.0,0.0,0.0
2025-10-13,18:00,2,0.0,0.0,0.0
2025-10-13,18:00,3,0.0,0.0,0.0
2025-10-13,18:00,4,0.0,0.0,0.0
2025-10-13,18:00,5,0.0,0.0,0.0
2025-10-13,18:00,6,0.0,0.0,0.0
2025-10-14,0:00,1,0.0,0.0,0.0
2025-10-14,0:00,2,0.0,0.0,0.0
2025-10-14,0:00,3,0.0,0.0,0.0
2025-10-14,0:00,4,0.0,0.0,0.0
2025-10-14,0:00,5,0.0,0.0,0.0
2025-10-14,0:00,6,0.0,0.0,0.0
2025-10-14,0:00,7,1178.6446,1116.8625,61.78210000000013
2025-10-14,0:00,8,3219.6759,2892.225,327.4509000000003
2025-10-14,0:00,9,5671.4198,5161.6875,509.73229999999967
2025-10-14,0:00,10,7321.005,7266.075,54.93000000000029
2025-10-14,0:00,11,7817.9027,7884.7875,66.88480000000072
2025-10-14,0:00,12,8447.2683,8386.2,61.068299999999
2025-10-14,0:00,13,7202.6479,7897.8375,695.1895999999997
2025-10-14,0:00,14,5326.6818,6826.875,1500.1931999999997
2025-10-14,0:00,15,4829.2305,5420.8125,591.5820000000003
2025-10-14,0:00,16,2651.7591,3008.7375,356.97839999999997
2025-10-14,0:00,17,940.4056,1043.55,103.1443999999999
2025-10-14,0:00,18,0.0,0.0,0.0
2025-10-14,0:00,19,0.0,0.0,0.0
2025-10-14,0:00,20,0.0,0.0,0.0
2025-10-14,0:00,21,0.0,0.0,0.0
2025-10-14,0:00,22,0.0,0.0,0.0
2025-10-14,0:00,23,0.0,0.0,0.0
2025-10-14,0:00,24,0.0,0.0,0.0
2025-10-14,6:00,1,1115.8791,1116.8625,0.9833999999998468
2025-10-14,6:00,2,2878.9413,2892.225,13.283699999999953
2025-10-14,6:00,3,5203.0586,5161.6875,41.3711000000003
2025-10-14,6:00,4,7559.8394,7266.075,293.7644
2025-10-14,6:00,5,8629.4439,7884.7875,744.6563999999998
2025-10-14,6:00,6,9541.7851,8386.2,1155.5850999999984
2025-10-14,6:00,7,9270.2507,7897.8375,1372.4132000000009
2025-10-14,6:00,8,8232.3375,6826.875,1405.4624999999996
2025-10-14,6:00,9,5730.7509,5420.8125,309.9384
2025-10-14,6:00,10,3061.8205,3008.7375,53.08299999999963
2025-10-14,6:00,11,963.0594,1043.55,80.49059999999997
2025-10-14,6:00,12,0.0,0.0,0.0
2025-10-14,6:00,13,0.0,0.0,0.0
2025-10-14,6:00,14,0.0,0.0,0.0
2025-10-14,6:00,15,0.0,0.0,0.0
2025-10-14,6:00,16,0.0,0.0,0.0
2025-10-14,6:00,17,0.0,0.0,0.0
2025-10-14,6:00,18,0.0,0.0,0.0
2025-10-14,12:00,1,7946.0443,7897.8375,48.20679999999993
2025-10-14,12:00,2,6949.5323,6826.875,122.65729999999985
2025-10-14,12:00,3,5550.7387,5420.8125,129.92619999999988
2025-10-14,12:00,4,3135.3808,3008.7375,126.64329999999973
2025-10-14,12:00,5,1084.5209,1043.55,40.97090000000003
2025-10-14,12:00,6,0.0,0.0,0.0
2025-10-14,12:00,7,0.0,0.0,0.0
2025-10-14,12:00,8,0.0,0.0,0.0
2025-10-14,12:00,9,0.0,0.0,0.0
2025-10-14,12:00,10,0.0,0.0,0.0
2025-10-14,12:00,11,0.0,0.0,0.0
2025-10-14,12:00,12,0.0,0.0,0.0
2025-10-14,18:00,1,0.0,0.0,0.0
2025-10-14,18:00,2,0.0,0.0,0.0
2025-10-14,18:00,3,0.0,0.0,0.0
2025-10-14,18:00,4,0.0,0.0,0.0
2025-10-14,18:00,5,0.0,0.0,0.0
2025-10-14,18:00,6,0.0,0.0,0.0
2025-10-15,0:00,1,0.0,0.0,0.0
2025-10-15,0:00,2,0.0,0.0,0.0
2025-10-15,0:00,3,0.0,0.0,0.0
2025-10-15,0:00,4,0.0,0.0,0.0
2025-10-15,0:00,5,0.0,0.0,0.0
2025-10-15,0:00,6,0.0,0.0,0.0
2025-10-15,0:00,7,998.7632,1067.025,68.26180000000011
2025-10-15,0:00,8,3125.9518,3202.9875,77.03570000000036
2025-10-15,0:00,9,5379.7445,5086.2375,293.5069999999996
2025-10-15,0:00,10,7134.9533,6907.8,227.15329999999994
2025-10-15,0:00,11,7948.3941,7431.3,517.0941000000003
2025-10-15,0:00,12,7728.9856,8134.6875,405.7019
2025-10-15,0:00,13,6743.1227,7446.6,703.4773000000005
2025-10-15,0:00,14,5702.7088,6595.3125,892.6036999999997
2025-10-15,0:00,15,3833.1208,5091.3375,1258.2166999999995
2025-10-15,0:00,16,2257.6271,3391.2,1133.5728999999997
2025-10-15,0:00,17,813.214,1024.5,211.28599999999994
2025-10-15,0:00,18,0.0,0.0,0.0
2025-10-15,0:00,19,0.0,0.0,0.0
2025-10-15,0:00,20,0.0,0.0,0.0
2025-10-15,0:00,21,0.0,0.0,0.0
2025-10-15,0:00,22,0.0,0.0,0.0
2025-10-15,0:00,23,0.0,0.0,0.0
2025-10-15,0:00,24,0.0,0.0,0.0
2025-10-15,6:00,1,1065.804,1067.025,1.2210000000000036
2025-10-15,6:00,2,3227.6338,3202.9875,24.646299999999883
2025-10-15,6:00,3,5178.3256,5086.2375,92.08809999999994
2025-10-15,6:00,4,7292.7551,6907.8,384.95510000000013
2025-10-15,6:00,5,8115.4682,7431.3,684.1682000000001
2025-10-15,6:00,6,9091.6013,8134.6875,956.9138000000003
2025-10-15,6:00,7,8111.1134,7446.6,664.5133999999998
2025-10-15,6:00,8,6909.0018,6595.3125,313.6893
2025-10-15,6:00,9,5585.5763,5091.3375,494.2388000000001
2025-10-15,6:00,10,3618.836,3391.2,227.63599999999997
2025-10-15,6:00,11,1030.299,1024.5,5.798999999999978
2025-10-15,6:00,12,0.0,0.0,0.0
2025-10-15,6:00,13,0.0,0.0,0.0
2025-10-15,6:00,14,0.0,0.0,0.0
2025-10-15,6:00,15,0.0,0.0,0.0
2025-10-15,6:00,16,0.0,0.0,0.0
2025-10-15,6:00,17,0.0,0.0,0.0
2025-10-15,6:00,18,0.0,0.0,0.0
2025-10-15,12:00,1,7457.454,7446.6,10.85399999999936
2025-10-15,12:00,2,6584.6015,6595.3125,10.71100000000024
2025-10-15,12:00,3,5129.6805,5091.3375,38.34300000000076
2025-10-15,12:00,4,3358.1108,3391.2,33.08919999999989
2025-10-15,12:00,5,1071.918,1024.5,47.41799999999989
2025-10-15,12:00,6,0.0,0.0,0.0
2025-10-15,12:00,7,0.0,0.0,0.0
2025-10-15,12:00,8,0.0,0.0,0.0
2025-10-15,12:00,9,0.0,0.0,0.0
2025-10-15,12:00,10,0.0,0.0,0.0
2025-10-15,12:00,11,0.0,0.0,0.0
2025-10-15,12:00,12,0.0,0.0,0.0
2025-10-15,18:00,1,0.0,0.0,0.0
2025-10-15,18:00,2,0.0,0.0,0.0
2025-10-15,18:00,3,0.0,0.0,0.0
2025-10-15,18:00,4,0.0,0.0,0.0
2025-10-15,18:00,5,0.0,0.0,0.0
2025-10-15,18:00,6,0.0,0.0,0.0
2025-10-16,0:00,1,0.0,0.0,0.0
2025-10-16,0:00,2,0.0,0.0,0.0
2025-10-16,0:00,3,0.0,0.0,0.0
2025-10-16,0:00,4,0.0,0.0,0.0
2025-10-16,0:00,5,0.0,0.0,0.0
2025-10-16,0:00,6,0.0,0.0,0.0
2025-10-16,0:00,7,971.198,946.0125,25.185499999999934
2025-10-16,0:00,8,3278.57,3096.7875,181.78250000000025
2025-10-16,0:00,9,5371.0348,4927.125,443.90980000000036
2025-10-16,0:00,10,7575.9124,7271.325,304.58740000000034
2025-10-16,0:00,11,8441.8103,8139.9375,301.8727999999992
2025-10-16,0:00,12,9270.1642,8532.525,737.6391999999996
2025-10-16,0:00,13,6817.7317,7463.1375,645.4057999999995
2025-10-16,0:00,14,6045.5047,6448.3875,402.8827999999994
2025-10-16,0:00,15,4003.7052,4278.8625,275.1573000000003
2025-10-16,0:00,16,2687.5073,2908.3125,220.8051999999998
2025-10-16,0:00,17,942.9265,987.9,44.973499999999945
2025-10-16,0:00,18,0.0,0.0,0.0
2025-10-16,0:00,19,0.0,0.0,0.0
2025-10-16,0:00,20,0.0,0.0,0.0
2025-10-16,0:00,21,0.0,0.0,0.0
2025-10-16,0:00,22,0.0,0.0,0.0
2025-10-16,0:00,23,0.0,0.0,0.0
2025-10-16,0:00,24,0.0,0.0,0.0
2025-10-16,6:00,1,940.538,946.0125,5.474500000000035
2025-10-16,6:00,2,3074.457,3096.7875,22.33050000000003
2025-10-16,6:00,3,4822.0642,4927.125,105.0608000000002
2025-10-16,6:00,4,6966.7917,7271.325,304.53330000000005
2025-10-16,6:00,5,8074.3648,8139.9375,65.57269999999971
2025-10-16,6:00,6,8869.1808,8532.525,336.65580000000045
2025-10-16,6:00,7,7792.9817,7463.1375,329.84420000000046
2025-10-16,6:00,8,6748.5567,6448.3875,300.1692000000003
2025-10-16,6:00,9,4610.9394,4278.8625,332.0769
2025-10-16,6:00,10,3026.269,2908.3125,117.95649999999978
2025-10-16,6:00,11,949.5742,987.9,38.32579999999996
2025-10-16,6:00,12,0.0,0.0,0.0
2025-10-16,6:00,13,0.0,0.0,0.0
2025-10-16,6:00,14,0.0,0.0,0.0
2025-10-16,6:00,15,0.0,0.0,0.0
2025-10-16,6:00,16,0.0,0.0,0.0
2025-10-16,6:00,17,0.0,0.0,0.0
2025-10-16,6:00,18,0.0,0.0,0.0
2025-10-16,12:00,1,7470.2058,7463.1375,7.068299999999908
2025-10-16,12:00,2,6513.0787,6448.3875,64.69120000000021
2025-10-16,12:00,3,4347.2247,4278.8625,68.36219999999958
2025-10-16,12:00,4,3063.7146,2908.3125,155.4020999999998
2025-10-16,12:00,5,1034.3152,987.9,46.41520000000003
2025-10-16,12:00,6,0.0,0.0,0.0
2025-10-16,12:00,7,0.0,0.0,0.0
2025-10-16,12:00,8,0.0,0.0,0.0
2025-10-16,12:00,9,0.0,0.0,0.0
2025-10-16,12:00,10,0.0,0.0,0.0
2025-10-16,12:00,11,0.0,0.0,0.0
2025-10-16,12:00,12,0.0,0.0,0.0
2025-10-16,18:00,1,0.0,0.0,0.0
2025-10-16,18:00,2,0.0,0.0,0.0
2025-10-16,18:00,3,0.0,0.0,0.0
2025-10-16,18:00,4,0.0,0.0,0.0
2025-10-16,18:00,5,0.0,0.0,0.0
2025-10-16,18:00,6,0.0,0.0,0.0
2025-10-17,0:00,1,0.0,0.0,0.0
2025-10-17,0:00,2,0.0,0.0,0.0
2025-10-17,0:00,3,0.0,0.0,0.0
2025-10-17,0:00,4,0.0,0.0,0.0
2025-10-17,0:00,5,0.0,0.0,0.0
2025-10-17,0:00,6,0.0,0.0,0.0
2025-10-17,0:00,7,1094.1079,1018.8375,75.2704
2025-10-17,0:00,8,3781.7541,3289.725,492.0291000000002
2025-10-17,0:00,9,5976.225,5536.9125,439.3125
2025-10-17,0:00,10,7677.975,6975.4125,702.5625
2025-10-17,0:00,11,8686.275,7630.9125,1055.3624999999993
2025-10-17,0:00,12,9380.0625,8286.5625,1093.5
2025-10-17,0:00,13,8897.0929,7636.8375,1260.2554
2025-10-17,0:00,14,8232.3375,6542.1,1690.2374999999993
2025-10-17,0:00,15,6115.875,4968.2625,1147.6125000000002
2025-10-17,0:00,16,3936.043,3057.1875,878.8555000000001
2025-10-17,0:00,17,1341.8665,1028.7,313.16650000000004
2025-10-17,0:00,18,0.0,0.0,0.0
2025-10-17,0:00,19,0.0,0.0,0.0
2025-10-17,0:00,20,0.0,0.0,0.0
2025-10-17,0:00,21,0.0,0.0,0.0
2025-10-17,0:00,22,0.0,0.0,0.0
2025-10-17,0:00,23,0.0,0.0,0.0
2025-10-17,0:00,24,0.0,0.0,0.0
2025-10-17,6:00,1,1004.1829,1018.8375,14.65459999999996
2025-10-17,6:00,2,3212.6035,3289.725,77.12149999999974
2025-10-17,6:00,3,5492.8959,5536.9125,44.016599999999926
2025-10-17,6:00,4,7218.842,6975.4125,243.42949999999928
2025-10-17,6:00,5,7991.8144,7630.9125,360.90189999999984
2025-10-17,6:00,6,9170.98,8286.5625,884.4174999999996
2025-10-17,6:00,7,8517.0306,7636.8375,880.1931000000004
2025-10-17,6:00,8,7083.6196,6542.1,541.5195999999996
2025-10-17,6:00,9,5058.7658,4968.2625,90.50330000000031
2025-10-17,6:00,10,3056.4165,3057.1875,0.7710000000001855
2025-10-17,6:00,11,929.3745,1028.7,99.32550000000003
2025-10-17,6:00,12,0.0,0.0,0.0
2025-10-17,6:00,13,0.0,0.0,0.0
2025-10-17,6:00,14,0.0,0.0,0.0
2025-10-17,6:00,15,0.0,0.0,0.0
2025-10-17,6:00,16,0.0,0.0,0.0
2025-10-17,6:00,17,0.0,0.0,0.0
2025-10-17,6:00,18,0.0,0.0,0.0
2025-10-17,12:00,1,7586.6846,7636.8375,50.152900000000045
2025-10-17,12:00,2,6505.311,6542.1,36.78900000000067
2025-10-17,12:00,3,4971.8278,4968.2625,3.5653000000002066
2025-10-17,12:00,4,3037.643,3057.1875,19.54449999999997
2025-10-17,12:00,5,1057.0162,1028.7,28.31619999999998
2025-10-17,12:00,6,0.0,0.0,0.0
2025-10-17,12:00,7,0.0,0.0,0.0
2025-10-17,12:00,8,0.0,0.0,0.0
2025-10-17,12:00,9,0.0,0.0,0.0
2025-10-17,12:00,10,0.0,0.0,0.0
2025-10-17,12:00,11,0.0,0.0,0.0
2025-10-17,12:00,12,0.0,0.0,0.0
2025-10-17,18:00,1,0.0,0.0,0.0
2025-10-17,18:00,2,0.0,0.0,0.0
2025-10-17,18:00,3,0.0,0.0,0.0
2025-10-17,18:00,4,0.0,0.0,0.0
2025-10-17,18:00,5,0.0,0.0,0.0
2025-10-17,18:00,6,0.0,0.0,0.0
2025-10-18,0:00,1,0.0,0.0,0.0
2025-10-18,0:00,2,0.0,0.0,0.0
2025-10-18,0:00,3,0.0,0.0,0.0
2025-10-18,0:00,4,0.0,0.0,0.0
2025-10-18,0:00,5,0.0,0.0,0.0
2025-10-18,0:00,6,0.0,0.0,0.0
2025-10-18,0:00,7,1098.5143,1034.0625,64.45180000000005
2025-10-18,0:00,8,3549.5931,3225.0,324.59310000000005
2025-10-18,0:00,9,5747.6002,5509.3125,238.28769999999986
2025-10-18,0:00,10,7106.6831,7196.25,89.5668999999998
2025-10-18,0:00,11,7728.2422,7808.2875,80.04530000000068
2025-10-18,0:00,12,7785.5538,8152.5375,366.9837000000007
2025-10-18,0:00,13,6613.094,7774.7625,1161.6684999999998
2025-10-18,0:00,14,5559.4964,6661.275,1101.7785999999996
2025-10-18,0:00,15,3833.8203,4753.5375,919.7172000000005
2025-10-18,0:00,16,2265.89,3063.525,797.6350000000002
2025-10-18,0:00,17,680.8374,913.575,232.73760000000004
2025-10-18,0:00,18,0.0,0.0,0.0
2025-10-18,0:00,19,0.0,0.0,0.0
2025-10-18,0:00,20,0.0,0.0,0.0
2025-10-18,0:00,21,0.0,0.0,0.0
2025-10-18,0:00,22,0.0,0.0,0.0
2025-10-18,0:00,23,0.0,0.0,0.0
2025-10-18,0:00,24,0.0,0.0,0.0
2025-10-18,6:00,1,1037.5378,1034.0625,3.475300000000061
2025-10-18,6:00,2,3233.5565,3225.0,8.556500000000142
2025-10-18,6:00,3,5491.4248,5509.3125,17.887700000000223
2025-10-18,6:00,4,6904.2418,7196.25,292.0082000000002
2025-10-18,6:00,5,7376.2995,7808.2875,431.9880000000003
2025-10-18,6:00,6,7586.6131,8152.5375,565.9244000000008
2025-10-18,6:00,7,6664.3056,7774.7625,1110.4569000000001
2025-10-18,6:00,8,5594.0737,6661.275,1067.2012999999997
2025-10-18,6:00,9,3999.7333,4753.5375,753.8042000000005
2025-10-18,6:00,10,2651.3993,3063.525,412.12570000000005
2025-10-18,6:00,11,753.3834,913.575,160.1916
2025-10-18,6:00,12,0.0,0.0,0.0
2025-10-18,6:00,13,0.0,0.0,0.0
2025-10-18,6:00,14,0.0,0.0,0.0
2025-10-18,6:00,15,0.0,0.0,0.0
2025-10-18,6:00,16,0.0,0.0,0.0
2025-10-18,6:00,17,0.0,0.0,0.0
2025-10-18,6:00,18,0.0,0.0,0.0
2025-10-18,12:00,1,7828.8198,7774.7625,54.057300000000396
2025-10-18,12:00,2,6683.1034,6661.275,21.82840000000033
2025-10-18,12:00,3,4807.9949,4753.5375,54.457399999999325
2025-10-18,12:00,4,3090.316,3063.525,26.790999999999713
2025-10-18,12:00,5,915.3892,913.575,1.8141999999999143
2025-10-18,12:00,6,0.0,0.0,0.0
2025-10-18,12:00,7,0.0,0.0,0.0
2025-10-18,12:00,8,0.0,0.0,0.0
2025-10-18,12:00,9,0.0,0.0,0.0
2025-10-18,12:00,10,0.0,0.0,0.0
2025-10-18,12:00,11,0.0,0.0,0.0
2025-10-18,12:00,12,0.0,0.0,0.0
2025-10-18,18:00,1,0.0,0.0,0.0
2025-10-18,18:00,2,0.0,0.0,0.0
2025-10-18,18:00,3,0.0,0.0,0.0
2025-10-18,18:00,4,0.0,0.0,0.0
2025-10-18,18:00,5,0.0,0.0,0.0
2025-10-18,18:00,6,0.0,0.0,0.0
2025-10-19,0:00,1,0.0,0.0,0.0
2025-10-19,0:00,2,0.0,0.0,0.0
2025-10-19,0:00,3,0.0,0.0,0.0
2025-10-19,0:00,4,0.0,0.0,0.0
2025-10-19,0:00,5,0.0,0.0,0.0
2025-10-19,0:00,6,0.0,0.0,0.0
2025-10-19,0:00,7,968.8429,1016.2125,47.36959999999999
2025-10-19,0:00,8,3042.489,3079.6875,37.19849999999997
2025-10-19,0:00,9,5254.8214,5263.425,8.60360000000037
2025-10-19,0:00,10,7001.6799,6788.475,213.20489999999972
2025-10-19,0:00,11,8324.9996,8008.6125,316.387099999999
2025-10-19,0:00,12,8684.2562,8657.2875,26.968699999999444
2025-10-19,0:00,13,7661.399,7747.8,86.40099999999984
2025-10-19,0:00,14,6281.6703,6548.925,267.2547000000004
2025-10-19,0:00,15,3558.4942,4273.05,714.5558000000001
2025-10-19,0:00,16,2279.7342,2584.9125,305.17830000000004
2025-10-19,0:00,17,760.6637,880.275,119.61130000000003
2025-10-19,0:00,18,0.0,0.0,0.0
2025-10-19,0:00,19,0.0,0.0,0.0
2025-10-19,0:00,20,0.0,0.0,0.0
2025-10-19,0:00,21,0.0,0.0,0.0
2025-10-19,0:00,22,0.0,0.0,0.0
2025-10-19,0:00,23,0.0,0.0,0.0
2025-10-19,0:00,24,0.0,0.0,0.0
2025-10-19,6:00,1,1018.8315,1016.2125,2.619000000000028
2025-10-19,6:00,2,3106.1308,3079.6875,26.44329999999991
2025-10-19,6:00,3,5315.2594,5263.425,51.83439999999973
2025-10-19,6:00,4,6917.0753,6788.475,128.60030000000006
2025-10-19,6:00,5,8161.5142,8008.6125,152.90169999999944
2025-10-19,6:00,6,8817.9251,8657.2875,160.63760000000002
2025-10-19,6:00,7,7272.6395,7747.8,475.16049999999996
2025-10-19,6:00,8,6170.7359,6548.925,378.1891000000005
2025-10-19,6:00,9,4110.6925,4273.05,162.35750000000007
2025-10-19,6:00,10,2457.3951,2584.9125,127.51739999999972
2025-10-19,6:00,11,842.118,880.275,38.156999999999925
2025-10-19,6:00,12,0.0,0.0,0.0
2025-10-19,6:00,13,0.0,0.0,0.0
2025-10-19,6:00,14,0.0,0.0,0.0
2025-10-19,6:00,15,0.0,0.0,0.0
2025-10-19,6:00,16,0.0,0.0,0.0
2025-10-19,6:00,17,0.0,0.0,0.0
2025-10-19,6:00,18,0.0,0.0,0.0
2025-10-19,12:00,1,7863.2791,7747.8,115.47909999999956
2025-10-19,12:00,2,6650.686,6548.925,101.76099999999951
2025-10-19,12:00,3,4329.1991,4273.05,56.149099999999635
2025-10-19,12:00,4,2587.4059,2584.9125,2.4934000000002925
2025-10-19,12:00,5,850.7427,880.275,29.532299999999964
2025-10-19,12:00,6,0.0,0.0,0.0
2025-10-19,12:00,7,0.0,0.0,0.0
2025-10-19,12:00,8,0.0,0.0,0.0
2025-10-19,12:00,9,0.0,0.0,0.0
2025-10-19,12:00,10,0.0,0.0,0.0
2025-10-19,12:00,11,0.0,0.0,0.0
2025-10-19,12:00,12,0.0,0.0,0.0
2025-10-19,18:00,1,0.0,0.0,0.0
2025-10-19,18:00,2,0.0,0.0,0.0
2025-10-19,18:00,3,0.0,0.0,0.0
2025-10-19,18:00,4,0.0,0.0,0.0
2025-10-19,18:00,5,0.0,0.0,0.0
2025-10-19,18:00,6,0.0,0.0,0.0
2025-10-20,0:00,1,0.0,0.0,0.0
2025-10-20,0:00,2,0.0,0.0,0.0
2025-10-20,0:00,3,0.0,0.0,0.0
2025-10-20,0:00,4,0.0,0.0,0.0
2025-10-20,0:00,5,0.0,0.0,0.0
2025-10-20,0:00,6,0.0,0.0,0.0
2025-10-20,0:00,7,878.9497,938.4,59.45029999999997
2025-10-20,0:00,8,2625.5146,2843.475,217.96039999999994
2025-10-20,0:00,9,4385.9432,4526.4375,140.4943000000003
2025-10-20,0:00,10,5820.1447,6077.3625,257.21780000000035
2025-10-20,0:00,11,7185.4403,7579.125,393.6846999999998
2025-10-20,0:00,12,8564.0023,8239.7625,324.2397999999994
2025-10-20,0:00,13,7889.5593,7722.1125,167.4467999999997
2025-10-20,0:00,14,5350.53,6610.875,1260.3450000000003
2025-10-20,0:00,15,4206.4037,4881.975,675.5713000000005
2025-10-20,0:00,16,2319.0628,3176.775,857.7121999999999
2025-10-20,0:00,17,576.9637,940.6875,363.7238
2025-10-20,0:00,18,0.0,0.0,0.0
2025-10-20,0:00,19,0.0,0.0,0.0
2025-10-20,0:00,20,0.0,0.0,0.0
2025-10-20,0:00,21,0.0,0.0,0.0
2025-10-20,0:00,22,0.0,0.0,0.0
2025-10-20,0:00,23,0.0,0.0,0.0
2025-10-20,0:00,24,0.0,0.0,0.0
2025-10-20,6:00,1,955.111,938.4,16.711000000000013
2025-10-20,6:00,2,2928.1139,2843.475,84.63889999999992
2025-10-20,6:00,3,4610.5459,4526.4375,84.10840000000007
2025-10-20,6:00,4,6114.5055,6077.3625,37.14300000000003
2025-10-20,6:00,5,7537.1447,7579.125,41.98030000000017
2025-10-20,6:00,6,7794.8035,8239.7625,444.95900000000074
2025-10-20,6:00,7,7356.9478,7722.1125,365.16470000000027
2025-10-20,6:00,8,6466.4464,6610.875,144.4286000000002
2025-10-20,6:00,9,4444.209,4881.975,437.76600000000053
2025-10-20,6:00,10,2976.5125,3176.775,200.26250000000027
2025-10-20,6:00,11,901.2532,940.6875,39.43430000000001
2025-10-20,6:00,12,0.0,0.0,0.0
2025-10-20,6:00,13,0.0,0.0,0.0
2025-10-20,6:00,14,0.0,0.0,0.0
2025-10-20,6:00,15,0.0,0.0,0.0
2025-10-20,6:00,16,0.0,0.0,0.0
2025-10-20,6:00,17,0.0,0.0,0.0
2025-10-20,6:00,18,0.0,0.0,0.0
2025-10-20,12:00,1,7683.2503,7722.1125,38.862200000000485
2025-10-20,12:00,2,6515.8598,6610.875,95.01519999999982
2025-10-20,12:00,3,4807.0373,4881.975,74.9377000000004
2025-10-20,12:00,4,3158.7819,3176.775,17.99310000000014
2025-10-20,12:00,5,900.1125,940.6875,40.575000000000045
2025-10-20,12:00,6,0.0,0.0,0.0
2025-10-20,12:00,7,0.0,0.0,0.0
2025-10-20,12:00,8,0.0,0.0,0.0
2025-10-20,12:00,9,0.0,0.0,0.0
2025-10-20,12:00,10,0.0,0.0,0.0
2025-10-20,12:00,11,0.0,0.0,0.0
2025-10-20,12:00,12,0.0,0.0,0.0
2025-10-20,18:00,1,0.0,0.0,0.0
2025-10-20,18:00,2,0.0,0.0,0.0
2025-10-20,18:00,3,0.0,0.0,0.0
2025-10-20,18:00,4,0.0,0.0,0.0
2025-10-20,18:00,5,0.0,0.0,0.0
2025-10-20,18:00,6,0.0,0.0,0.0
2025-10-21,0:00,1,0.0,0.0,0.0
2025-10-21,0:00,2,0.0,0.0,0.0
2025-10-21,0:00,3,0.0,0.0,0.0
2025-10-21,0:00,4,0.0,0.0,0.0
2025-10-21,0:00,5,0.0,0.0,0.0
2025-10-21,0:00,6,0.0,0.0,0.0
2025-10-21,0:00,7,758.1012,743.8875,14.213699999999903
2025-10-21,0:00,8,3011.3897,2898.075,113.31470000000036
2025-10-21,0:00,9,5320.7582,4834.2,486.5582000000004
2025-10-21,0:00,10,6469.5551,6210.075,259.48009999999977
2025-10-21,0:00,11,8047.8427,7277.4375,770.4052000000001
2025-10-21,0:00,12,7686.4771,7401.375,285.10210000000006
2025-10-21,0:00,13,6774.9008,7271.2125,496.3116999999993
2025-10-21,0:00,14,5482.5704,6119.5125,636.9421000000002
2025-10-21,0:00,15,4292.3647,4829.6625,537.2978000000003
2025-10-21,0:00,16,2206.3185,3103.2375,896.9190000000003
2025-10-21,0:00,17,768.5281,878.475,109.94690000000003
2025-10-21,0:00,18,0.0,0.0,0.0
2025-10-21,0:00,19,0.0,0.0,0.0
2025-10-21,0:00,20,0.0,0.0,0.0
2025-10-21,0:00,21,0.0,0.0,0.0
2025-10-21,0:00,22,0.0,0.0,0.0
2025-10-21,0:00,23,0.0,0.0,0.0
2025-10-21,0:00,24,0.0,0.0,0.0
2025-10-21,6:00,1,739.8881,743.8875,3.999400000000037
2025-10-21,6:00,2,2912.0026,2898.075,13.927599999999984
2025-10-21,6:00,3,4894.369,4834.2,60.16899999999987
2025-10-21,6:00,4,6309.8751,6210.075,99.80010000000038
2025-10-21,6:00,5,7238.5083,7277.4375,38.92919999999958
2025-10-21,6:00,6,7524.0562,7401.375,122.68119999999999
2025-10-21,6:00,7,7084.8696,7271.2125,186.34289999999964
2025-10-21,6:00,8,5798.0023,6119.5125,321.5101999999997
2025-10-21,6:00,9,4496.8454,4829.6625,332.8171000000002
2025-10-21,6:00,10,2963.0094,3103.2375,140.22810000000027
2025-10-21,6:00,11,895.0012,878.475,16.526200000000017
2025-10-21,6:00,12,0.0,0.0,0.0
2025-10-21,6:00,13,0.0,0.0,0.0
2025-10-21,6:00,14,0.0,0.0,0.0
2025-10-21,6:00,15,0.0,0.0,0.0
2025-10-21,6:00,16,0.0,0.0,0.0
2025-10-21,6:00,17,0.0,0.0,0.0
2025-10-21,6:00,18,0.0,0.0,0.0
2025-10-21,12:00,1,7149.5991,7271.2125,121.61339999999927
2025-10-21,12:00,2,6035.1316,6119.5125,84.38090000000011
2025-10-21,12:00,3,4782.2537,4829.6625,47.408800000000156
2025-10-21,12:00,4,3074.9477,3103.2375,28.289800000000014
2025-10-21,12:00,5,886.3216,878.475,7.846599999999967
2025-10-21,12:00,6,0.0,0.0,0.0
2025-10-21,12:00,7,0.0,0.0,0.0
2025-10-21,12:00,8,0.0,0.0,0.0
2025-10-21,12:00,9,0.0,0.0,0.0
2025-10-21,12:00,10,0.0,0.0,0.0
2025-10-21,12:00,11,0.0,0.0,0.0
2025-10-21,12:00,12,0.0,0.0,0.0
2025-10-21,18:00,1,0.0,0.0,0.0
2025-10-21,18:00,2,0.0,0.0,0.0
2025-10-21,18:00,3,0.0,0.0,0.0
2025-10-21,18:00,4,0.0,0.0,0.0
2025-10-21,18:00,5,0.0,0.0,0.0
2025-10-21,18:00,6,0.0,0.0,0.0
2025-10-22,0:00,1,0.0,0.0,0.0
2025-10-22,0:00,2,0.0,0.0,0.0
2025-10-22,0:00,3,0.0,0.0,0.0
2025-10-22,0:00,4,0.0,0.0,0.0
2025-10-22,0:00,5,0.0,0.0,0.0
2025-10-22,0:00,6,0.0,0.0,0.0
2025-10-22,0:00,7,756.865,795.15,38.28499999999997
2025-10-22,0:00,8,2791.4345,2866.2,74.76549999999997
2025-10-22,0:00,9,4177.3229,4321.7625,144.4395999999997
2025-10-22,0:00,10,6143.2721,5892.75,250.52210000000014
2025-10-22,0:00,11,8095.1821,7708.125,387.0571
2025-10-22,0:00,12,8503.1158,7645.9875,857.1282999999994
2025-10-22,0:00,13,8166.0936,7696.6875,469.40610000000015
2025-10-22,0:00,14,6506.4067,6777.525,271.1183000000001
2025-10-22,0:00,15,4913.1252,5415.525,502.39979999999923
2025-10-22,0:00,16,2684.2878,2898.7875,214.49969999999985
2025-10-22,0:00,17,846.2266,897.7875,51.56090000000006
2025-10-22,0:00,18,0.0,0.0,0.0
2025-10-22,0:00,19,0.0,0.0,0.0
2025-10-22,0:00,20,0.0,0.0,0.0
2025-10-22,0:00,21,0.0,0.0,0.0
2025-10-22,0:00,22,0.0,0.0,0.0
2025-10-22,0:00,23,0.0,0.0,0.0
2025-10-22,0:00,24,0.0,0.0,0.0
2025-10-22,6:00,1,800.6693,795.15,5.519300000000044
2025-10-22,6:00,2,2841.5232,2866.2,24.67679999999973
2025-10-22,6:00,3,4270.9284,4321.7625,50.834100000000035
2025-10-22,6:00,4,5770.1997,5892.75,122.55029999999988
2025-10-22,6:00,5,7690.0057,7708.125,18.119300000000294
2025-10-22,6:00,6,7676.6131,7645.9875,30.625599999999395
2025-10-22,6:00,7,8102.9163,7696.6875,406.22879999999986
2025-10-22,6:00,8,7390.0476,6777.525,612.5226000000002
2025-10-22,6:00,9,6115.875,5415.525,700.3500000000004
2025-10-22,6:00,10,3365.8054,2898.7875,467.0179000000003
2025-10-22,6:00,11,1028.9098,897.7875,131.12229999999988
2025-10-22,6:00,12,0.0,0.0,0.0
2025-10-22,6:00,13,0.0,0.0,0.0
2025-10-22,6:00,14,0.0,0.0,0.0
2025-10-22,6:00,15,0.0,0.0,0.0
2025-10-22,6:00,16,0.0,0.0,0.0
2025-10-22,6:00,17,0.0,0.0,0.0
2025-10-22,6:00,18,0.0,0.0,0.0
2025-10-22,12:00,1,7713.7982,7696.6875,17.11070000000018
2025-10-22,12:00,2,6747.6814,6777.525,29.843599999999242
2025-10-22,12:00,3,5286.6446,5415.525,128.8804
2025-10-22,12:00,4,2781.1782,2898.7875,117.60930000000008
2025-10-22,12:00,5,843.2827,897.7875,54.504800000000046
2025-10-22,12:00,6,0.0,0.0,0.0
2025-10-22,12:00,7,0.0,0.0,0.0
2025-10-22,12:00,8,0.0,0.0,0.0
2025-10-22,12:00,9,0.0,0.0,0.0
2025-10-22,12:00,10,0.0,0.0,0.0
2025-10-22,12:00,11,0.0,0.0,0.0
2025-10-22,12:00,12,0.0,0.0,0.0
2025-10-22,18:00,1,0.0,0.0,0.0
2025-10-22,18:00,2,0.0,0.0,0.0
2025-10-22,18:00,3,0.0,0.0,0.0
2025-10-22,18:00,4,0.0,0.0,0.0
2025-10-22,18:00,5,0.0,0.0,0.0
2025-10-22,18:00,6,0.0,0.0,0.0
2025-10-23,0:00,1,0.0,0.0,0.0
2025-10-23,0:00,2,0.0,0.0,0.0
2025-10-23,0:00,3,0.0,0.0,0.0
2025-10-23,0:00,4,0.0,0.0,0.0
2025-10-23,0:00,5,0.0,0.0,0.0
2025-10-23,0:00,6,0.0,0.0,0.0
2025-10-23,0:00,7,651.3269,734.625,83.29809999999998
2025-10-23,0:00,8,2421.0167,2817.3,396.28330000000005
2025-10-23,0:00,9,3656.7399,4435.5,778.7601
2025-10-23,0:00,10,4869.1596,6829.125,1959.9654
2025-10-23,0:00,11,5896.3593,8192.775,2296.4156999999996
2025-10-23,0:00,12,5379.0973,8141.5125,2762.4151999999995
2025-10-23,0:00,13,5793.3276,7532.55,1739.2224000000006
2025-10-23,0:00,14,5515.2587,6652.125,1136.8662999999997
2025-10-23,0:00,15,4493.871,5020.05,526.1790000000001
2025-10-23,0:00,16,3343.1712,3064.3875,278.7837000000004
2025-10-23,0:00,17,955.1524,867.6375,87.5148999999999
2025-10-23,0:00,18,0.0,0.0,0.0
2025-10-23,0:00,19,0.0,0.0,0.0
2025-10-23,0:00,20,0.0,0.0,0.0
2025-10-23,0:00,21,0.0,0.0,0.0
2025-10-23,0:00,22,0.0,0.0,0.0
2025-10-23,0:00,23,0.0,0.0,0.0
2025-10-23,0:00,24,0.0,0.0,0.0
2025-10-23,6:00,1,738.7839,734.625,4.158900000000017
2025-10-23,6:00,2,2882.2556,2817.3,64.95559999999978
2025-10-23,6:00,3,4619.3974,4435.5,183.89739999999983
2025-10-23,6:00,4,7400.8083,6829.125,571.6832999999997
2025-10-23,6:00,5,8652.2625,8192.775,459.4875000000011
2025-10-23,6:00,6,8865.9022,8141.5125,724.3897000000006
2025-10-23,6:00,7,8167.7939,7532.55,635.2438999999995
2025-10-23,6:00,8,6897.0103,6652.125,244.88529999999992
2025-10-23,6:00,9,5177.9891,5020.05,157.9390999999996
2025-10-23,6:00,10,3172.4613,3064.3875,108.07380000000012
2025-10-23,6:00,11,900.3619,867.6375,32.724399999999946
2025-10-23,6:00,12,0.0,0.0,0.0
2025-10-23,6:00,13,0.0,0.0,0.0
2025-10-23,6:00,14,0.0,0.0,0.0
2025-10-23,6:00,15,0.0,0.0,0.0
2025-10-23,6:00,16,0.0,0.0,0.0
2025-10-23,6:00,17,0.0,0.0,0.0
2025-10-23,6:00,18,0.0,0.0,0.0
2025-10-23,12:00,1,7432.8673,7532.55,99.6827000000003
2025-10-23,12:00,2,6455.6872,6652.125,196.4377999999997
2025-10-23,12:00,3,4850.6042,5020.05,169.44580000000042
2025-10-23,12:00,4,3001.5032,3064.3875,62.88429999999971
2025-10-23,12:00,5,851.8535,867.6375,15.783999999999992
2025-10-23,12:00,6,0.0,0.0,0.0
2025-10-23,12:00,7,0.0,0.0,0.0
2025-10-23,12:00,8,0.0,0.0,0.0
2025-10-23,12:00,9,0.0,0.0,0.0
2025-10-23,12:00,10,0.0,0.0,0.0
2025-10-23,12:00,11,0.0,0.0,0.0
2025-10-23,12:00,12,0.0,0.0,0.0
2025-10-23,18:00,1,0.0,0.0,0.0
2025-10-23,18:00,2,0.0,0.0,0.0
2025-10-23,18:00,3,0.0,0.0,0.0
2025-10-23,18:00,4,0.0,0.0,0.0
2025-10-23,18:00,5,0.0,0.0,0.0
2025-10-23,18:00,6,0.0,0.0,0.0
2025-10-24,0:00,1,0.0,0.0,0.0
2025-10-24,0:00,2,0.0,0.0,0.0
2025-10-24,0:00,3,0.0,0.0,0.0
2025-10-24,0:00,4,0.0,0.0,0.0
2025-10-24,0:00,5,0.0,0.0,0.0
2025-10-24,0:00,6,0.0,0.0,0.0
2025-10-24,0:00,7,768.8178,743.2125,25.605300000000057
2025-10-24,0:00,8,2780.5947,2812.65,32.05529999999999
2025-10-24,0:00,9,4868.3713,4889.325,20.953700000000026
2025-10-24,0:00,10,5768.3823,6692.0625,923.6801999999998
2025-10-24,0:00,11,7041.9576,7719.5625,677.6049000000003
2025-10-24,0:00,12,7904.5456,7954.5375,49.99189999999999
2025-10-24,0:00,13,8289.8491,7843.575,446.27409999999963
2025-10-24,0:00,14,7619.1976,6529.0875,1090.1101000000008
2025-10-24,0:00,15,5423.9342,4675.125,748.8091999999997
2025-10-24,0:00,16,2957.7929,2824.875,132.91789999999992
2025-10-24,0:00,17,719.7156,732.45,12.73440000000005
2025-10-24,0:00,18,0.0,0.0,0.0
2025-10-24,0:00,19,0.0,0.0,0.0
2025-10-24,0:00,20,0.0,0.0,0.0
2025-10-24,0:00,21,0.0,0.0,0.0
2025-10-24,0:00,22,0.0,0.0,0.0
2025-10-24,0:00,23,0.0,0.0,0.0
2025-10-24,0:00,24,0.0,0.0,0.0
2025-10-24,6:00,1,744.5291,743.2125,1.316599999999994
2025-10-24,6:00,2,2862.9844,2812.65,50.33439999999973
2025-10-24,6:00,3,5031.5572,4889.325,142.23220000000038
2025-10-24,6:00,4,6859.3185,6692.0625,167.2560000000003
2025-10-24,6:00,5,8322.8141,7719.5625,603.2515999999996
2025-10-24,6:00,6,8488.1217,7954.5375,533.5841999999993
2025-10-24,6:00,7,8147.4573,7843.575,303.8823000000002
2025-10-24,6:00,8,6608.5939,6529.0875,79.50640000000021
2025-10-24,6:00,9,4602.6437,4675.125,72.48130000000037
2025-10-24,6:00,10,2707.7477,2824.875,117.1273000000001
2025-10-24,6:00,11,674.9089,732.45,57.54110000000003
2025-10-24,6:00,12,0.0,0.0,0.0
2025-10-24,6:00,13,0.0,0.0,0.0
2025-10-24,6:00,14,0.0,0.0,0.0
2025-10-24,6:00,15,0.0,0.0,0.0
2025-10-24,6:00,16,0.0,0.0,0.0
2025-10-24,6:00,17,0.0,0.0,0.0
2025-10-24,6:00,18,0.0,0.0,0.0
2025-10-24,12:00,1,7811.5443,7843.575,32.03070000000025
2025-10-24,12:00,2,6488.0232,6529.0875,41.0643
2025-10-24,12:00,3,4599.1962,4675.125,75.92879999999968
2025-10-24,12:00,4,2820.1447,2824.875,4.73030000000017
2025-10-24,12:00,5,717.9558,732.45,14.494200000000092
2025-10-24,12:00,6,0.0,0.0,0.0
2025-10-24,12:00,7,0.0,0.0,0.0
2025-10-24,12:00,8,0.0,0.0,0.0
2025-10-24,12:00,9,0.0,0.0,0.0
2025-10-24,12:00,10,0.0,0.0,0.0
2025-10-24,12:00,11,0.0,0.0,0.0
2025-10-24,12:00,12,0.0,0.0,0.0
2025-10-24,18:00,1,0.0,0.0,0.0
2025-10-24,18:00,2,0.0,0.0,0.0
2025-10-24,18:00,3,0.0,0.0,0.0
2025-10-24,18:00,4,0.0,0.0,0.0
2025-10-24,18:00,5,0.0,0.0,0.0
2025-10-24,18:00,6,0.0,0.0,0.0
2025-10-25,0:00,1,0.0,0.0,0.0
2025-10-25,0:00,2,0.0,0.0,0.0
2025-10-25,0:00,3,0.0,0.0,0.0
2025-10-25,0:00,4,0.0,0.0,0.0
2025-10-25,0:00,5,0.0,0.0,0.0
2025-10-25,0:00,6,0.0,0.0,0.0
2025-10-25,0:00,7,769.8807,791.475,21.594299999999976
2025-10-25,0:00,8,2973.2294,2987.325,14.09559999999965
2025-10-25,0:00,9,4367.8725,5013.3,645.4274999999998
2025-10-25,0:00,10,5028.8683,5977.9875,949.1192000000001
2025-10-25,0:00,11,6673.7898,7647.4125,973.6227000000008
2025-10-25,0:00,12,7101.7666,8370.075,1268.3084000000008
2025-10-25,0:00,13,6796.9746,7833.3,1036.3254000000006
2025-10-25,0:00,14,6415.9759,6201.0375,214.9384
2025-10-25,0:00,15,4709.4815,4641.225,68.2564999999995
2025-10-25,0:00,16,2782.6774,2871.4875,88.81010000000015
2025-10-25,0:00,17,850.6037,733.65,116.95370000000003
2025-10-25,0:00,18,0.0,0.0,0.0
2025-10-25,0:00,19,0.0,0.0,0.0
2025-10-25,0:00,20,0.0,0.0,0.0
2025-10-25,0:00,21,0.0,0.0,0.0
2025-10-25,0:00,22,0.0,0.0,0.0
2025-10-25,0:00,23,0.0,0.0,0.0
2025-10-25,0:00,24,0.0,0.0,0.0
2025-10-25,6:00,1,796.4142,791.475,4.939200000000028
2025-10-25,6:00,2,2978.0927,2987.325,9.232299999999668
2025-10-25,6:00,3,4982.5795,5013.3,30.720500000000357
2025-10-25,6:00,4,5892.5222,5977.9875,85.46529999999984
2025-10-25,6:00,5,7972.5929,7647.4125,325.1803999999993
2025-10-25,6:00,6,8391.4418,8370.075,21.366799999999785
2025-10-25,6:00,7,8224.4954,7833.3,391.1953999999996
2025-10-25,6:00,8,6563.6558,6201.0375,362.6183000000001
2025-10-25,6:00,9,4691.732,4641.225,50.50699999999961
2025-10-25,6:00,10,2792.8447,2871.4875,78.64280000000008
2025-10-25,6:00,11,792.0246,733.65,58.37459999999999
2025-10-25,6:00,12,0.0,0.0,0.0
2025-10-25,6:00,13,0.0,0.0,0.0
2025-10-25,6:00,14,0.0,0.0,0.0
2025-10-25,6:00,15,0.0,0.0,0.0
2025-10-25,6:00,16,0.0,0.0,0.0
2025-10-25,6:00,17,0.0,0.0,0.0
2025-10-25,6:00,18,0.0,0.0,0.0
2025-10-25,12:00,1,7862.2264,7833.3,28.926399999999376
2025-10-25,12:00,2,6232.0406,6201.0375,31.003099999999904
2025-10-25,12:00,3,4603.6274,4641.225,37.59760000000006
2025-10-25,12:00,4,2893.0011,2871.4875,21.51359999999977
2025-10-25,12:00,5,741.3517,733.65,7.7017000000000735
2025-10-25,12:00,6,0.0,0.0,0.0
2025-10-25,12:00,7,0.0,0.0,0.0
2025-10-25,12:00,8,0.0,0.0,0.0
2025-10-25,12:00,9,0.0,0.0,0.0
2025-10-25,12:00,10,0.0,0.0,0.0
2025-10-25,12:00,11,0.0,0.0,0.0
2025-10-25,12:00,12,0.0,0.0,0.0
2025-10-25,18:00,1,0.0,0.0,0.0
2025-10-25,18:00,2,0.0,0.0,0.0
2025-10-25,18:00,3,0.0,0.0,0.0
2025-10-25,18:00,4,0.0,0.0,0.0
2025-10-25,18:00,5,0.0,0.0,0.0
2025-10-25,18:00,6,0.0,0.0,0.0
2025-10-26,0:00,1,0.0,0.0,0.0
2025-10-26,0:00,2,0.0,0.0,0.0
2025-10-26,0:00,3,0.0,0.0,0.0
2025-10-26,0:00,4,0.0,0.0,0.0
2025-10-26,0:00,5,0.0,0.0,0.0
2025-10-26,0:00,6,0.0,0.0,0.0
2025-10-26,0:00,7,683.5214,752.6625,69.14110000000005
2025-10-26,0:00,8,2419.8782,2901.5625,481.6842999999999
2025-10-26,0:00,9,3850.7068,4832.775,982.0681999999997
2025-10-26,0:00,10,5622.0561,6647.5875,1025.5313999999998
2025-10-26,0:00,11,6311.1117,7479.4125,1168.3008
2025-10-26,0:00,12,7299.6757,8143.8375,844.1617999999999
2025-10-26,0:00,13,7412.1513,7511.325,99.17369999999937
2025-10-26,0:00,14,6403.286,6072.8625,330.4234999999999
2025-10-26,0:00,15,4978.7588,5164.3875,185.6287000000002
2025-10-26,0:00,16,2899.1498,2964.075,64.92519999999968
2025-10-26,0:00,17,858.6456,758.2125,100.43309999999997
2025-10-26,0:00,18,0.0,0.0,0.0
2025-10-26,0:00,19,0.0,0.0,0.0
2025-10-26,0:00,20,0.0,0.0,0.0
2025-10-26,0:00,21,0.0,0.0,0.0
2025-10-26,0:00,22,0.0,0.0,0.0
2025-10-26,0:00,23,0.0,0.0,0.0
2025-10-26,0:00,24,0.0,0.0,0.0
2025-10-26,6:00,1,757.4825,752.6625,4.819999999999936
2025-10-26,6:00,2,2954.4838,2901.5625,52.921299999999974
2025-10-26,6:00,3,4984.4311,4832.775,151.65610000000015
2025-10-26,6:00,4,6904.0645,6647.5875,256.47700000000077
2025-10-26,6:00,5,8169.5078,7479.4125,690.0953
2025-10-26,6:00,6,8858.5647,8143.8375,714.7272000000012
2025-10-26,6:00,7,8394.713,7511.325,883.3879999999999
2025-10-26,6:00,8,6509.9347,6072.8625,437.0721999999996
2025-10-26,6:00,9,5444.1798,5164.3875,279.79230000000007
2025-10-26,6:00,10,2932.3023,2964.075,31.772699999999986
2025-10-26,6:00,11,695.9322,758.2125,62.28030000000001
2025-10-26,6:00,12,0.0,0.0,0.0
2025-10-26,6:00,13,0.0,0.0,0.0
2025-10-26,6:00,14,0.0,0.0,0.0
2025-10-26,6:00,15,0.0,0.0,0.0
2025-10-26,6:00,16,0.0,0.0,0.0
2025-10-26,6:00,17,0.0,0.0,0.0
2025-10-26,6:00,18,0.0,0.0,0.0
2025-10-26,12:00,1,7537.7923,7511.325,26.46730000000025
2025-10-26,12:00,2,6068.1287,6072.8625,4.733799999999974
2025-10-26,12:00,3,5146.3573,5164.3875,18.03020000000015
2025-10-26,12:00,4,2905.6044,2964.075,58.47059999999965
2025-10-26,12:00,5,735.9415,758.2125,22.270999999999958
2025-10-26,12:00,6,0.0,0.0,0.0
2025-10-26,12:00,7,0.0,0.0,0.0
2025-10-26,12:00,8,0.0,0.0,0.0
2025-10-26,12:00,9,0.0,0.0,0.0
2025-10-26,12:00,10,0.0,0.0,0.0
2025-10-26,12:00,11,0.0,0.0,0.0
2025-10-26,12:00,12,0.0,0.0,0.0
2025-10-26,18:00,1,0.0,0.0,0.0
2025-10-26,18:00,2,0.0,0.0,0.0
2025-10-26,18:00,3,0.0,0.0,0.0
2025-10-26,18:00,4,0.0,0.0,0.0
2025-10-26,18:00,5,0.0,0.0,0.0
2025-10-26,18:00,6,0.0,0.0,0.0
2025-10-27,0:00,1,0.0,0.0,0.0
2025-10-27,0:00,2,0.0,0.0,0.0
2025-10-27,0:00,3,0.0,0.0,0.0
2025-10-27,0:00,4,0.0,0.0,0.0
2025-10-27,0:00,5,0.0,0.0,0.0
2025-10-27,0:00,6,0.0,0.0,0.0
2025-10-27,0:00,7,682.8708,723.5625,40.69169999999997
2025-10-27,0:00,8,2408.5044,2698.9125,290.4081000000001
2025-10-27,0:00,9,5130.0824,5095.8375,34.2449000000006
2025-10-27,0:00,10,6610.1729,6908.5125,298.33960000000025
2025-10-27,0:00,11,8584.1625,8384.8875,199.27499999999964
2025-10-27,0:00,12,8816.9013,8858.0625,41.16120000000046
2025-10-27,0:00,13,8083.425,7680.2625,403.16250000000036
2025-10-27,0:00,14,6622.5552,6244.0875,378.46770000000015
2025-10-27,0:00,15,5164.9923,4403.325,761.6673000000001
2025-10-27,0:00,16,2507.6179,2349.7125,157.9054000000001
2025-10-27,0:00,17,700.0032,639.75,60.25319999999999
2025-10-27,0:00,18,0.0,0.0,0.0
2025-10-27,0:00,19,0.0,0.0,0.0
2025-10-27,0:00,20,0.0,0.0,0.0
2025-10-27,0:00,21,0.0,0.0,0.0
2025-10-27,0:00,22,0.0,0.0,0.0
2025-10-27,0:00,23,0.0,0.0,0.0
2025-10-27,0:00,24,0.0,0.0,0.0
2025-10-27,6:00,1,723.797,723.5625,0.23450000000002547
2025-10-27,6:00,2,2701.2431,2698.9125,2.3306000000002314
2025-10-27,6:00,3,5036.1722,5095.8375,59.66529999999966
2025-10-27,6:00,4,6497.3608,6908.5125,411.15169999999944
2025-10-27,6:00,5,7881.2668,8384.8875,503.6207000000004
2025-10-27,6:00,6,8131.3493,8858.0625,726.7132000000001
2025-10-27,6:00,7,7063.4916,7680.2625,616.7708999999995
2025-10-27,6:00,8,5880.2866,6244.0875,363.8008999999993
2025-10-27,6:00,9,3987.4944,4403.325,415.8305999999998
2025-10-27,6:00,10,2276.1228,2349.7125,73.5897
2025-10-27,6:00,11,643.8041,639.75,4.0540999999999485
2025-10-27,6:00,12,0.0,0.0,0.0
2025-10-27,6:00,13,0.0,0.0,0.0
2025-10-27,6:00,14,0.0,0.0,0.0
2025-10-27,6:00,15,0.0,0.0,0.0
2025-10-27,6:00,16,0.0,0.0,0.0
2025-10-27,6:00,17,0.0,0.0,0.0
2025-10-27,6:00,18,0.0,0.0,0.0
2025-10-27,12:00,1,7683.8706,7680.2625,3.608100000000377
2025-10-27,12:00,2,6241.2687,6244.0875,2.81880000000001
2025-10-27,12:00,3,4318.6039,4403.325,84.72109999999975
2025-10-27,12:00,4,2261.1246,2349.7125,88.58789999999999
2025-10-27,12:00,5,587.1622,639.75,52.587800000000016
2025-10-27,12:00,6,0.0,0.0,0.0
2025-10-27,12:00,7,0.0,0.0,0.0
2025-10-27,12:00,8,0.0,0.0,0.0
2025-10-27,12:00,9,0.0,0.0,0.0
2025-10-27,12:00,10,0.0,0.0,0.0
2025-10-27,12:00,11,0.0,0.0,0.0
2025-10-27,12:00,12,0.0,0.0,0.0
2025-10-27,18:00,1,0.0,0.0,0.0
2025-10-27,18:00,2,0.0,0.0,0.0
2025-10-27,18:00,3,0.0,0.0,0.0
2025-10-27,18:00,4,0.0,0.0,0.0
2025-10-27,18:00,5,0.0,0.0,0.0
2025-10-27,18:00,6,0.0,0.0,0.0
2025-10-28,0:00,1,0.0,0.0,0.0
2025-10-28,0:00,2,0.0,0.0,0.0
2025-10-28,0:00,3,0.0,0.0,0.0
2025-10-28,0:00,4,0.0,0.0,0.0
2025-10-28,0:00,5,0.0,0.0,0.0
2025-10-28,0:00,6,0.0,0.0,0.0
2025-10-28,0:00,7,595.9251,637.0125,41.0874
2025-10-28,0:00,8,2266.323,2525.625,259.30200000000013
2025-10-28,0:00,9,4108.4619,4431.7125,323.2505999999994
2025-10-28,0:00,10,6436.5037,6491.4,54.89629999999943
2025-10-28,0:00,11,8300.1542,7884.825,415.32920000000104
2025-10-28,0:00,12,8970.6401,7977.6375,993.0026000000007
2025-10-28,0:00,13,7932.5234,6829.7625,1102.7609000000002
2025-10-28,0:00,14,7271.5875,6258.7875,1012.7999999999993
2025-10-28,0:00,15,5595.15,4732.35,862.7999999999993
2025-10-28,0:00,16,3148.5159,2747.2875,401.22839999999997
2025-10-28,0:00,17,782.0752,677.925,104.15020000000004
2025-10-28,0:00,18,0.0,0.0,0.0
2025-10-28,0:00,19,0.0,0.0,0.0
2025-10-28,0:00,20,0.0,0.0,0.0
2025-10-28,0:00,21,0.0,0.0,0.0
2025-10-28,0:00,22,0.0,0.0,0.0
2025-10-28,0:00,23,0.0,0.0,0.0
2025-10-28,0:00,24,0.0,0.0,0.0
2025-10-28,6:00,1,638.9993,637.0125,1.9867999999999029
2025-10-28,6:00,2,2527.1011,2525.625,1.4760999999998603
2025-10-28,6:00,3,4493.7968,4431.7125,62.08430000000044
2025-10-28,6:00,4,6867.4093,6491.4,376.0093000000006
2025-10-28,6:00,5,8133.3858,7884.825,248.5608000000002
2025-10-28,6:00,6,8358.565,7977.6375,380.9275000000007
2025-10-28,6:00,7,7011.8429,6829.7625,182.08039999999983
2025-10-28,6:00,8,6194.7797,6258.7875,64.00780000000032
2025-10-28,6:00,9,4454.306,4732.35,278.0440000000008
2025-10-28,6:00,10,2619.8516,2747.2875,127.43589999999995
2025-10-28,6:00,11,670.6527,677.925,7.272299999999973
2025-10-28,6:00,12,0.0,0.0,0.0
2025-10-28,6:00,13,0.0,0.0,0.0
2025-10-28,6:00,14,0.0,0.0,0.0
2025-10-28,6:00,15,0.0,0.0,0.0
2025-10-28,6:00,16,0.0,0.0,0.0
2025-10-28,6:00,17,0.0,0.0,0.0
2025-10-28,6:00,18,0.0,0.0,0.0
2025-10-28,12:00,1,6794.5835,6829.7625,35.17900000000009
2025-10-28,12:00,2,6226.7837,6258.7875,32.00380000000041
2025-10-28,12:00,3,4681.9057,4732.35,50.44430000000011
2025-10-28,12:00,4,2743.9401,2747.2875,3.347400000000107
2025-10-28,12:00,5,663.9769,677.925,13.948099999999954
2025-10-28,12:00,6,0.0,0.0,0.0
2025-10-28,12:00,7,0.0,0.0,0.0
2025-10-28,12:00,8,0.0,0.0,0.0
2025-10-28,12:00,9,0.0,0.0,0.0
2025-10-28,12:00,10,0.0,0.0,0.0
2025-10-28,12:00,11,0.0,0.0,0.0
2025-10-28,12:00,12,0.0,0.0,0.0
2025-10-28,18:00,1,0.0,0.0,0.0
2025-10-28,18:00,2,0.0,0.0,0.0
2025-10-28,18:00,3,0.0,0.0,0.0
2025-10-28,18:00,4,0.0,0.0,0.0
2025-10-28,18:00,5,0.0,0.0,0.0
2025-10-28,18:00,6,0.0,0.0,0.0
2025-10-29,0:00,1,0.0,0.0,0.0
2025-10-29,0:00,2,0.0,0.0,0.0
2025-10-29,0:00,3,0.0,0.0,0.0
2025-10-29,0:00,4,0.0,0.0,0.0
2025-10-29,0:00,5,0.0,0.0,0.0
2025-10-29,0:00,6,0.0,0.0,0.0
2025-10-29,0:00,7,577.0605,638.0625,61.00199999999995
2025-10-29,0:00,8,2397.2343,2568.1875,170.95319999999992
2025-10-29,0:00,9,4294.8549,4320.5625,25.70759999999973
2025-10-29,0:00,10,6269.497,5751.075,518.4220000000005
2025-10-29,0:00,11,7204.0292,7113.2625,90.76670000000013
2025-10-29,0:00,12,6792.7877,7121.1,328.3123000000005
2025-10-29,0:00,13,7002.2529,7119.45,117.19709999999941
2025-10-29,0:00,14,5507.0596,5929.95,422.8904000000002
2025-10-29,0:00,15,3818.7551,4446.9375,628.1824000000001
2025-10-29,0:00,16,2580.568,2623.6125,43.04449999999997
2025-10-29,0:00,17,753.8452,722.7,31.14519999999993
2025-10-29,0:00,18,0.0,0.0,0.0
2025-10-29,0:00,19,0.0,0.0,0.0
2025-10-29,0:00,20,0.0,0.0,0.0
2025-10-29,0:00,21,0.0,0.0,0.0
2025-10-29,0:00,22,0.0,0.0,0.0
2025-10-29,0:00,23,0.0,0.0,0.0
2025-10-29,0:00,24,0.0,0.0,0.0
2025-10-29,6:00,1,634.1499,638.0625,3.9125999999999976
2025-10-29,6:00,2,2525.2877,2568.1875,42.89980000000014
2025-10-29,6:00,3,4279.9585,4320.5625,40.60400000000027
2025-10-29,6:00,4,5447.5755,5751.075,303.4994999999999
2025-10-29,6:00,5,6921.3491,7113.2625,191.91339999999946
2025-10-29,6:00,6,7068.4022,7121.1,52.697799999999916
2025-10-29,6:00,7,7306.2304,7119.45,186.78040000000055
2025-10-29,6:00,8,5874.5932,5929.95,55.356799999999566
2025-10-29,6:00,9,4585.5081,4446.9375,138.5706
2025-10-29,6:00,10,2586.5536,2623.6125,37.058899999999994
2025-10-29,6:00,11,668.9687,722.7,53.73130000000003
2025-10-29,6:00,12,0.0,0.0,0.0
2025-10-29,6:00,13,0.0,0.0,0.0
2025-10-29,6:00,14,0.0,0.0,0.0
2025-10-29,6:00,15,0.0,0.0,0.0
2025-10-29,6:00,16,0.0,0.0,0.0
2025-10-29,6:00,17,0.0,0.0,0.0
2025-10-29,6:00,18,0.0,0.0,0.0
2025-10-29,12:00,1,7142.1674,7119.45,22.717400000000453
2025-10-29,12:00,2,5907.5688,5929.95,22.381199999999808
2025-10-29,12:00,3,4471.1092,4446.9375,24.171699999999873
2025-10-29,12:00,4,2555.4209,2623.6125,68.19160000000011
2025-10-29,12:00,5,699.1821,722.7,23.517900000000054
2025-10-29,12:00,6,0.0,0.0,0.0
2025-10-29,12:00,7,0.0,0.0,0.0
2025-10-29,12:00,8,0.0,0.0,0.0
2025-10-29,12:00,9,0.0,0.0,0.0
2025-10-29,12:00,10,0.0,0.0,0.0
2025-10-29,12:00,11,0.0,0.0,0.0
2025-10-29,12:00,12,0.0,0.0,0.0
2025-10-29,18:00,1,0.0,0.0,0.0
2025-10-29,18:00,2,0.0,0.0,0.0
2025-10-29,18:00,3,0.0,0.0,0.0
2025-10-29,18:00,4,0.0,0.0,0.0
2025-10-29,18:00,5,0.0,0.0,0.0
2025-10-29,18:00,6,0.0,0.0,0.0
2025-10-30,0:00,1,0.0,0.0,0.0
2025-10-30,0:00,2,0.0,0.0,0.0
2025-10-30,0:00,3,0.0,0.0,0.0
2025-10-30,0:00,4,0.0,0.0,0.0
2025-10-30,0:00,5,0.0,0.0,0.0
2025-10-30,0:00,6,0.0,0.0,0.0
2025-10-30,0:00,7,582.5079,616.8375,34.32960000000003
2025-10-30,0:00,8,2339.9737,2417.25,77.27629999999999
2025-10-30,0:00,9,4492.5359,4737.675,245.13910000000033
2025-10-30,0:00,10,7145.8701,6875.4375,270.4326000000001
2025-10-30,0:00,11,8384.8875,7970.025,414.8625000000011
2025-10-30,0:00,12,8858.0625,7674.0,1184.0625
2025-10-30,0:00,13,7963.05,7963.05,0.0
2025-10-30,0:00,14,6777.525,6502.3875,275.1374999999998
2025-10-30,0:00,15,5415.525,4616.5125,799.0124999999998
2025-10-30,0:00,16,3292.1645,2593.65,698.5144999999998
2025-10-30,0:00,17,580.4091,558.4125,21.996599999999944
2025-10-30,0:00,18,0.0,0.0,0.0
2025-10-30,0:00,19,0.0,0.0,0.0
2025-10-30,0:00,20,0.0,0.0,0.0
2025-10-30,0:00,21,0.0,0.0,0.0
2025-10-30,0:00,22,0.0,0.0,0.0
2025-10-30,0:00,23,0.0,0.0,0.0
2025-10-30,0:00,24,0.0,0.0,0.0
2025-10-30,6:00,1,621.6997,616.8375,4.86220000000003
2025-10-30,6:00,2,2444.4243,2417.25,27.17430000000013
2025-10-30,6:00,3,4917.4881,4737.675,179.8130999999994
2025-10-30,6:00,4,7271.325,6875.4375,395.8874999999998
2025-10-30,6:00,5,8384.8875,7970.025,414.8625000000011
2025-10-30,6:00,6,8399.7352,7674.0,725.7351999999992
2025-10-30,6:00,7,7963.05,7963.05,0.0
2025-10-30,6:00,8,6777.525,6502.3875,275.1374999999998
2025-10-30,6:00,9,4550.7265,4616.5125,65.78600000000006
2025-10-30,6:00,10,2583.1588,2593.65,10.491199999999935
2025-10-30,6:00,11,529.3616,558.4125,29.05090000000007
2025-10-30,6:00,12,0.0,0.0,0.0
2025-10-30,6:00,13,0.0,0.0,0.0
2025-10-30,6:00,14,0.0,0.0,0.0
2025-10-30,6:00,15,0.0,0.0,0.0
2025-10-30,6:00,16,0.0,0.0,0.0
2025-10-30,6:00,17,0.0,0.0,0.0
2025-10-30,6:00,18,0.0,0.0,0.0
2025-10-30,12:00,1,7963.05,7963.05,0.0
2025-10-30,12:00,2,6456.4712,6502.3875,45.916299999999865
2025-10-30,12:00,3,4565.6454,4616.5125,50.86709999999948
2025-10-30,12:00,4,2545.4263,2593.65,48.22370000000001
2025-10-30,12:00,5,564.5799,558.4125,6.16739999999993
2025-10-30,12:00,6,0.0,0.0,0.0
2025-10-30,12:00,7,0.0,0.0,0.0
2025-10-30,12:00,8,0.0,0.0,0.0
2025-10-30,12:00,9,0.0,0.0,0.0
2025-10-30,12:00,10,0.0,0.0,0.0
2025-10-30,12:00,11,0.0,0.0,0.0
2025-10-30,12:00,12,0.0,0.0,0.0
2025-10-30,18:00,1,0.0,0.0,0.0
2025-10-30,18:00,2,0.0,0.0,0.0
2025-10-30,18:00,3,0.0,0.0,0.0
2025-10-30,18:00,4,0.0,0.0,0.0
2025-10-30,18:00,5,0.0,0.0,0.0
2025-10-30,18:00,6,0.0,0.0,0.0
2025-10-31,0:00,1,0.0,0.0,0.0
2025-10-31,0:00,2,0.0,0.0,0.0
2025-10-31,0:00,3,0.0,0.0,0.0
2025-10-31,0:00,4,0.0,0.0,0.0
2025-10-31,0:00,5,0.0,0.0,0.0
2025-10-31,0:00,6,0.0,0.0,0.0
2025-10-31,0:00,7,543.841,572.1,28.259000000000015
2025-10-31,0:00,8,2707.1682,2637.3,69.86819999999989
2025-10-31,0:00,9,4524.2871,4187.6625,336.6245999999992
2025-10-31,0:00,10,6486.5169,6273.075,213.4418999999998
2025-10-31,0:00,11,7118.7318,7215.675,96.94320000000062
2025-10-31,0:00,12,7573.1852,7089.8625,483.3226999999997
2025-10-31,0:00,13,6455.011,7065.225,610.2139999999999
2025-10-31,0:00,14,5351.9671,6157.5,805.5329000000002
2025-10-31,0:00,15,3418.4762,4176.75,758.2737999999999
2025-10-31,0:00,16,1985.7064,2330.55,344.84360000000015
2025-10-31,0:00,17,451.1188,540.975,89.8562
2025-10-31,0:00,18,0.0,0.0,0.0
2025-10-31,0:00,19,0.0,0.0,0.0
2025-10-31,0:00,20,0.0,0.0,0.0
2025-10-31,0:00,21,0.0,0.0,0.0
2025-10-31,0:00,22,0.0,0.0,0.0
2025-10-31,0:00,23,0.0,0.0,0.0
2025-10-31,0:00,24,0.0,0.0,0.0
2025-10-31,6:00,1,578.7105,572.1,6.610500000000002
2025-10-31,6:00,2,2687.5095,2637.3,50.209499999999935
2025-10-31,6:00,3,4327.8498,4187.6625,140.1872999999996
2025-10-31,6:00,4,6572.2869,6273.075,299.21190000000024
2025-10-31,6:00,5,7305.7288,7215.675,90.05379999999968
2025-10-31,6:00,6,7063.3414,7089.8625,26.521099999999933
2025-10-31,6:00,7,6967.4376,7065.225,97.78740000000016
2025-10-31,6:00,8,5851.2499,6157.5,306.2501000000002
2025-10-31,6:00,9,4175.9707,4176.75,0.7793000000001484
2025-10-31,6:00,10,2566.7185,2330.55,236.16849999999977
2025-10-31,6:00,11,603.2524,540.975,62.27739999999994
2025-10-31,6:00,12,0.0,0.0,0.0
2025-10-31,6:00,13,0.0,0.0,0.0
2025-10-31,6:00,14,0.0,0.0,0.0
2025-10-31,6:00,15,0.0,0.0,0.0
2025-10-31,6:00,16,0.0,0.0,0.0
2025-10-31,6:00,17,0.0,0.0,0.0
2025-10-31,6:00,18,0.0,0.0,0.0
2025-10-31,12:00,1,7064.4262,7065.225,0.7988000000004831
2025-10-31,12:00,2,6190.7606,6157.5,33.26059999999961
2025-10-31,12:00,3,4235.7474,4176.75,58.9974000000002
2025-10-31,12:00,4,2401.0419,2330.55,70.49189999999999
2025-10-31,12:00,5,556.333,540.975,15.357999999999947
2025-10-31,12:00,6,0.0,0.0,0.0
2025-10-31,12:00,7,0.0,0.0,0.0
2025-10-31,12:00,8,0.0,0.0,0.0
2025-10-31,12:00,9,0.0,0.0,0.0
2025-10-31,12:00,10,0.0,0.0,0.0
2025-10-31,12:00,11,0.0,0.0,0.0
2025-10-31,12:00,12,0.0,0.0,0.0
2025-10-31,18:00,1,0.0,0.0,0.0
2025-10-31,18:00,2,0.0,0.0,0.0
2025-10-31,18:00,3,0.0,0.0,0.0
2025-10-31,18:00,4,0.0,0.0,0.0
2025-10-31,18:00,5,0.0,0.0,0.0
2025-10-31,18:00,6,0.0,0.0,0.0
2025-11-01,0:00,1,0.0,0.0,0.0
2025-11-01,0:00,2,0.0,0.0,0.0
2025-11-01,0:00,3,0.0,0.0,0.0
2025-11-01,0:00,4,0.0,0.0,0.0
2025-11-01,0:00,5,0.0,0.0,0.0
2025-11-01,0:00,6,0.0,0.0,0.0
2025-11-01,0:00,7,602.1364,598.725,3.411399999999958
2025-11-01,0:00,8,2615.7122,2609.25,6.462199999999939
2025-11-01,0:00,9,4886.3174,4853.4375,32.87989999999991
2025-11-01,0:00,10,6301.213,6322.0125,20.79950000000008
2025-11-01,0:00,11,8037.6513,7601.5875,436.0638000000008
2025-11-01,0:00,12,7862.1037,7674.0,188.10369999999966
2025-11-01,0:00,13,7367.4125,6958.9125,408.5
2025-11-01,0:00,14,5962.5999,5890.8375,71.76240000000053
2025-11-01,0:00,15,4299.3223,4455.4875,156.16520000000037
2025-11-01,0:00,16,2404.1913,2467.65,63.458700000000135
2025-11-01,0:00,17,587.7745,548.5125,39.261999999999944
2025-11-01,0:00,18,0.0,0.0,0.0
2025-11-01,0:00,19,0.0,0.0,0.0
2025-11-01,0:00,20,0.0,0.0,0.0
2025-11-01,0:00,21,0.0,0.0,0.0
2025-11-01,0:00,22,0.0,0.0,0.0
2025-11-01,0:00,23,0.0,0.0,0.0
2025-11-01,0:00,24,0.0,0.0,0.0
2025-11-01,6:00,1,599.3521,598.725,0.6270999999999276
2025-11-01,6:00,2,2610.868,2609.25,1.6179999999999382
2025-11-01,6:00,3,4819.989,4853.4375,33.44850000000042
2025-11-01,6:00,4,6106.2737,6322.0125,215.73880000000008
2025-11-01,6:00,5,7436.0833,7601.5875,165.5041999999994
2025-11-01,6:00,6,7415.4856,7674.0,258.5144
2025-11-01,6:00,7,6979.0178,6958.9125,20.10529999999926
2025-11-01,6:00,8,6370.2847,5890.8375,479.4472000000005
2025-11-01,6:00,9,4938.0014,4455.4875,482.5138999999999
2025-11-01,6:00,10,2700.4072,2467.65,232.7572
2025-11-01,6:00,11,616.1039,548.5125,67.59139999999991
2025-11-01,6:00,12,0.0,0.0,0.0
2025-11-01,6:00,13,0.0,0.0,0.0
2025-11-01,6:00,14,0.0,0.0,0.0
2025-11-01,6:00,15,0.0,0.0,0.0
2025-11-01,6:00,16,0.0,0.0,0.0
2025-11-01,6:00,17,0.0,0.0,0.0
2025-11-01,6:00,18,0.0,0.0,0.0
2025-11-01,12:00,1,6980.0059,6958.9125,21.093399999999747
2025-11-01,12:00,2,5928.3634,5890.8375,37.52590000000055
2025-11-01,12:00,3,4510.4486,4455.4875,54.96109999999953
2025-11-01,12:00,4,2446.9265,2467.65,20.723500000000058
2025-11-01,12:00,5,539.667,548.5125,8.845500000000015
2025-11-01,12:00,6,0.0,0.0,0.0
2025-11-01,12:00,7,0.0,0.0,0.0
2025-11-01,12:00,8,0.0,0.0,0.0
2025-11-01,12:00,9,0.0,0.0,0.0
2025-11-01,12:00,10,0.0,0.0,0.0
2025-11-01,12:00,11,0.0,0.0,0.0
2025-11-01,12:00,12,0.0,0.0,0.0
2025-11-01,18:00,1,0.0,0.0,0.0
2025-11-01,18:00,2,0.0,0.0,0.0
2025-11-01,18:00,3,0.0,0.0,0.0
2025-11-01,18:00,4,0.0,0.0,0.0
2025-11-01,18:00,5,0.0,0.0,0.0
2025-11-01,18:00,6,0.0,0.0,0.0
2025-11-02,0:00,1,0.0,0.0,0.0
2025-11-02,0:00,2,0.0,0.0,0.0
2025-11-02,0:00,3,0.0,0.0,0.0
2025-11-02,0:00,4,0.0,0.0,0.0
2025-11-02,0:00,5,0.0,0.0,0.0
2025-11-02,0:00,6,0.0,0.0,0.0
2025-11-02,0:00,7,524.8964,528.825,3.928600000000074
2025-11-02,0:00,8,2711.6427,2575.0875,136.5551999999998
2025-11-02,0:00,9,4860.1866,4356.525,503.66160000000036
2025-11-02,0:00,10,6180.7536,5970.6,210.15359999999964
2025-11-02,0:00,11,8114.2819,7395.825,718.4569000000001
2025-11-02,0:00,12,8574.6783,7893.6375,681.0407999999998
2025-11-02,0:00,13,7436.2371,7125.1125,311.1246000000001
2025-11-02,0:00,14,5385.2898,5694.6,309.3102000000008
2025-11-02,0:00,15,3783.2704,4568.4,785.1295999999998
2025-11-02,0:00,16,2157.3104,2707.2,549.8896
2025-11-02,0:00,17,424.6617,544.5375,119.87580000000003
2025-11-02,0:00,18,0.0,0.0,0.0
2025-11-02,0:00,19,0.0,0.0,0.0
2025-11-02,0:00,20,0.0,0.0,0.0
2025-11-02,0:00,21,0.0,0.0,0.0
2025-11-02,0:00,22,0.0,0.0,0.0
2025-11-02,0:00,23,0.0,0.0,0.0
2025-11-02,0:00,24,0.0,0.0,0.0
2025-11-02,6:00,1,530.2541,528.825,1.4290999999999485
2025-11-02,6:00,2,2599.7062,2575.0875,24.61869999999999
2025-11-02,6:00,3,4369.5174,4356.525,12.992400000000089
2025-11-02,6:00,4,5973.6453,5970.6,3.04529999999977
2025-11-02,6:00,5,7243.3881,7395.825,152.4368999999997
2025-11-02,6:00,6,7401.6098,7893.6375,492.02769999999964
2025-11-02,6:00,7,6382.7239,7125.1125,742.3886000000002
2025-11-02,6:00,8,5075.0545,5694.6,619.5455000000002
2025-11-02,6:00,9,3774.0324,4568.4,794.3675999999996
2025-11-02,6:00,10,2284.6837,2707.2,422.5162999999998
2025-11-02,6:00,11,458.7139,544.5375,85.8236
2025-11-02,6:00,12,0.0,0.0,0.0
2025-11-02,6:00,13,0.0,0.0,0.0
2025-11-02,6:00,14,0.0,0.0,0.0
2025-11-02,6:00,15,0.0,0.0,0.0
2025-11-02,6:00,16,0.0,0.0,0.0
2025-11-02,6:00,17,0.0,0.0,0.0
2025-11-02,6:00,18,0.0,0.0,0.0
2025-11-02,12:00,1,6985.2256,7125.1125,139.88690000000042
2025-11-02,12:00,2,5552.6066,5694.6,141.9934000000003
2025-11-02,12:00,3,4467.2747,4568.4,101.1252999999997
2025-11-02,12:00,4,2654.7491,2707.2,52.45089999999982
2025-11-02,12:00,5,550.2385,544.5375,5.701000000000022
2025-11-02,12:00,6,0.0,0.0,0.0
2025-11-02,12:00,7,0.0,0.0,0.0
2025-11-02,12:00,8,0.0,0.0,0.0
2025-11-02,12:00,9,0.0,0.0,0.0
2025-11-02,12:00,10,0.0,0.0,0.0
2025-11-02,12:00,11,0.0,0.0,0.0
2025-11-02,12:00,12,0.0,0.0,0.0
2025-11-02,18:00,1,0.0,0.0,0.0
2025-11-02,18:00,2,0.0,0.0,0.0
2025-11-02,18:00,3,0.0,0.0,0.0
2025-11-02,18:00,4,0.0,0.0,0.0
2025-11-02,18:00,5,0.0,0.0,0.0
2025-11-02,18:00,6,0.0,0.0,0.0
2025-11-03,0:00,1,0.0,0.0,0.0
2025-11-03,0:00,2,0.0,0.0,0.0
2025-11-03,0:00,3,0.0,0.0,0.0
2025-11-03,0:00,4,0.0,0.0,0.0
2025-11-03,0:00,5,0.0,0.0,0.0
2025-11-03,0:00,6,0.0,0.0,0.0
2025-11-03,0:00,7,528.8327,524.2125,4.620200000000068
2025-11-03,0:00,8,2605.8958,2663.1375,57.24170000000004
2025-11-03,0:00,9,4618.1289,4697.7375,79.60860000000048
2025-11-03,0:00,10,5499.8937,5928.8625,428.96880000000056
2025-11-03,0:00,11,6731.3565,7036.3875,305.03099999999995
2025-11-03,0:00,12,6010.8184,7059.825,1049.0065999999997
2025-11-03,0:00,13,6360.3152,6947.6625,587.3473000000004
2025-11-03,0:00,14,5774.1593,6377.2875,603.1282000000001
2025-11-03,0:00,15,4445.5197,4508.2125,62.69279999999981
2025-11-03,0:00,16,2060.3717,2452.9875,392.61580000000004
2025-11-03,0:00,17,507.3483,514.0875,6.7391999999999825
2025-11-03,0:00,18,0.0,0.0,0.0
2025-11-03,0:00,19,0.0,0.0,0.0
2025-11-03,0:00,20,0.0,0.0,0.0
2025-11-03,0:00,21,0.0,0.0,0.0
2025-11-03,0:00,22,0.0,0.0,0.0
2025-11-03,0:00,23,0.0,0.0,0.0
2025-11-03,0:00,24,0.0,0.0,0.0
2025-11-03,6:00,1,534.4362,524.2125,10.223700000000008
2025-11-03,6:00,2,2766.021,2663.1375,102.88350000000037
2025-11-03,6:00,3,4921.2297,4697.7375,223.49219999999968
2025-11-03,6:00,4,6224.968,5928.8625,296.10549999999967
2025-11-03,6:00,5,7057.5056,7036.3875,21.118100000000595
2025-11-03,6:00,6,7024.532,7059.825,35.292999999999665
2025-11-03,6:00,7,6807.0561,6947.6625,140.60640000000058
2025-11-03,6:00,8,6073.5273,6377.2875,303.7602000000006
2025-11-03,6:00,9,4110.8714,4508.2125,397.34109999999964
2025-11-03,6:00,10,2164.9463,2452.9875,288.0412000000001
2025-11-03,6:00,11,479.6156,514.0875,34.471900000000005
2025-11-03,6:00,12,0.0,0.0,0.0
2025-11-03,6:00,13,0.0,0.0,0.0
2025-11-03,6:00,14,0.0,0.0,0.0
2025-11-03,6:00,15,0.0,0.0,0.0
2025-11-03,6:00,16,0.0,0.0,0.0
2025-11-03,6:00,17,0.0,0.0,0.0
2025-11-03,6:00,18,0.0,0.0,0.0
2025-11-03,12:00,1,6890.8694,6947.6625,56.79310000000078
2025-11-03,12:00,2,6185.6199,6377.2875,191.66760000000068
2025-11-03,12:00,3,4282.6602,4508.2125,225.55229999999938
2025-11-03,12:00,4,2368.8776,2452.9875,84.10990000000038
2025-11-03,12:00,5,485.5499,514.0875,28.537599999999998
2025-11-03,12:00,6,0.0,0.0,0.0
2025-11-03,12:00,7,0.0,0.0,0.0
2025-11-03,12:00,8,0.0,0.0,0.0
2025-11-03,12:00,9,0.0,0.0,0.0
2025-11-03,12:00,10,0.0,0.0,0.0
2025-11-03,12:00,11,0.0,0.0,0.0
2025-11-03,12:00,12,0.0,0.0,0.0
2025-11-03,18:00,1,0.0,0.0,0.0
2025-11-03,18:00,2,0.0,0.0,0.0
2025-11-03,18:00,3,0.0,0.0,0.0
2025-11-03,18:00,4,0.0,0.0,0.0
2025-11-03,18:00,5,0.0,0.0,0.0
2025-11-03,18:00,6,0.0,0.0,0.0
2025-11-04,0:00,1,0.0,0.0,0.0
2025-11-04,0:00,2,0.0,0.0,0.0
2025-11-04,0:00,3,0.0,0.0,0.0
2025-11-04,0:00,4,0.0,0.0,0.0
2025-11-04,0:00,5,0.0,0.0,0.0
2025-11-04,0:00,6,0.0,0.0,0.0
2025-11-04,0:00,7,515.8394,512.775,3.064399999999978
2025-11-04,0:00,8,2449.8848,2559.675,109.79020000000037
2025-11-04,0:00,9,4685.0866,4802.4375,117.35090000000037
2025-11-04,0:00,10,5597.5731,5806.0125,208.4394000000002
2025-11-04,0:00,11,7050.6566,6949.65,101.00660000000062
2025-11-04,0:00,12,8173.9442,8124.4875,49.45669999999973
2025-11-04,0:00,13,7915.9274,7372.2375,543.6898999999994
2025-11-04,0:00,14,6354.2429,6142.9125,211.33039999999983
2025-11-04,0:00,15,4962.0905,4616.025,346.0655000000006
2025-11-04,0:00,16,2678.6843,2409.0375,269.6468
2025-11-04,0:00,17,538.5256,496.6125,41.91310000000004
2025-11-04,0:00,18,0.0,0.0,0.0
2025-11-04,0:00,19,0.0,0.0,0.0
2025-11-04,0:00,20,0.0,0.0,0.0
2025-11-04,0:00,21,0.0,0.0,0.0
2025-11-04,0:00,22,0.0,0.0,0.0
2025-11-04,0:00,23,0.0,0.0,0.0
2025-11-04,0:00,24,0.0,0.0,0.0
2025-11-04,6:00,1,499.2359,512.775,13.539099999999962
2025-11-04,6:00,2,2472.3483,2559.675,87.32670000000007
2025-11-04,6:00,3,4528.6701,4802.4375,273.7673999999997
2025-11-04,6:00,4,5589.3305,5806.0125,216.6819999999998
2025-11-04,6:00,5,6691.2272,6949.65,258.42279999999937
2025-11-04,6:00,6,8268.4836,8124.4875,143.9960999999994
2025-11-04,6:00,7,7352.1381,7372.2375,20.09940000000006
2025-11-04,6:00,8,6208.7698,6142.9125,65.85729999999967
2025-11-04,6:00,9,4445.155,4616.025,170.8699999999999
2025-11-04,6:00,10,2351.854,2409.0375,57.183500000000095
2025-11-04,6:00,11,475.4776,496.6125,21.134900000000016
2025-11-04,6:00,12,0.0,0.0,0.0
2025-11-04,6:00,13,0.0,0.0,0.0
2025-11-04,6:00,14,0.0,0.0,0.0
2025-11-04,6:00,15,0.0,0.0,0.0
2025-11-04,6:00,16,0.0,0.0,0.0
2025-11-04,6:00,17,0.0,0.0,0.0
2025-11-04,6:00,18,0.0,0.0,0.0
2025-11-04,12:00,1,7410.0508,7372.2375,37.8132999999998
2025-11-04,12:00,2,6310.7894,6142.9125,167.8768999999993
2025-11-04,12:00,3,4730.4597,4616.025,114.4347000000007
2025-11-04,12:00,4,2476.2647,2409.0375,67.22720000000027
2025-11-04,12:00,5,516.3619,496.6125,19.74939999999998
2025-11-04,12:00,6,0.0,0.0,0.0
2025-11-04,12:00,7,0.0,0.0,0.0
2025-11-04,12:00,8,0.0,0.0,0.0
2025-11-04,12:00,9,0.0,0.0,0.0
2025-11-04,12:00,10,0.0,0.0,0.0
2025-11-04,12:00,11,0.0,0.0,0.0
2025-11-04,12:00,12,0.0,0.0,0.0
2025-11-04,18:00,1,0.0,0.0,0.0
2025-11-04,18:00,2,0.0,0.0,0.0
2025-11-04,18:00,3,0.0,0.0,0.0
2025-11-04,18:00,4,0.0,0.0,0.0
2025-11-04,18:00,5,0.0,0.0,0.0
2025-11-04,18:00,6,0.0,0.0,0.0
2025-11-05,0:00,1,0.0,0.0,0.0
2025-11-05,0:00,2,0.0,0.0,0.0
2025-11-05,0:00,3,0.0,0.0,0.0
2025-11-05,0:00,4,0.0,0.0,0.0
2025-11-05,0:00,5,0.0,0.0,0.0
2025-11-05,0:00,6,0.0,0.0,0.0
2025-11-05,0:00,7,478.9689,494.025,15.056099999999958
2025-11-05,0:00,8,2598.1356,2524.575,73.56060000000025
2025-11-05,0:00,9,4523.0117,4354.6125,168.39919999999984
2025-11-05,0:00,10,5698.9507,5775.525,76.57429999999931
2025-11-05,0:00,11,6501.7867,7024.0875,522.3008
2025-11-05,0:00,12,6188.1807,7082.2125,894.0317999999997
2025-11-05,0:00,13,5693.1077,6985.8375,1292.7298
2025-11-05,0:00,14,5259.6825,6439.1625,1179.4800000000005
2025-11-05,0:00,15,3750.6634,4219.5375,468.87410000000045
2025-11-05,0:00,16,1659.7815,2211.1125,551.3310000000001
2025-11-05,0:00,17,390.5756,442.8375,52.26189999999997
2025-11-05,0:00,18,0.0,0.0,0.0
2025-11-05,0:00,19,0.0,0.0,0.0
2025-11-05,0:00,20,0.0,0.0,0.0
2025-11-05,0:00,21,0.0,0.0,0.0
2025-11-05,0:00,22,0.0,0.0,0.0
2025-11-05,0:00,23,0.0,0.0,0.0
2025-11-05,0:00,24,0.0,0.0,0.0
2025-11-05,6:00,1,500.277,494.025,6.2520000000000095
2025-11-05,6:00,2,2543.5035,2524.575,18.928499999999985
2025-11-05,6:00,3,4422.8967,4354.6125,68.28420000000006
2025-11-05,6:00,4,6148.3946,5775.525,372.8696
2025-11-05,6:00,5,7393.1496,7024.0875,369.0621000000001
2025-11-05,6:00,6,7441.9637,7082.2125,359.7512000000006
2025-11-05,6:00,7,7588.8257,6985.8375,602.9882000000007
2025-11-05,6:00,8,6777.525,6439.1625,338.3624999999993
2025-11-05,6:00,9,4637.0482,4219.5375,417.5106999999998
2025-11-05,6:00,10,2535.2927,2211.1125,324.1801999999998
2025-11-05,6:00,11,490.0206,442.8375,47.183100000000024
2025-11-05,6:00,12,0.0,0.0,0.0
2025-11-05,6:00,13,0.0,0.0,0.0
2025-11-05,6:00,14,0.0,0.0,0.0
2025-11-05,6:00,15,0.0,0.0,0.0
2025-11-05,6:00,16,0.0,0.0,0.0
2025-11-05,6:00,17,0.0,0.0,0.0
2025-11-05,6:00,18,0.0,0.0,0.0
2025-11-05,12:00,1,6975.2039,6985.8375,10.633599999999205
2025-11-05,12:00,2,6469.0158,6439.1625,29.853299999999763
2025-11-05,12:00,3,4274.1144,4219.5375,54.57690000000002
2025-11-05,12:00,4,2252.5122,2211.1125,41.39969999999994
2025-11-05,12:00,5,460.1526,442.8375,17.31510000000003
2025-11-05,12:00,6,0.0,0.0,0.0
2025-11-05,12:00,7,0.0,0.0,0.0
2025-11-05,12:00,8,0.0,0.0,0.0
2025-11-05,12:00,9,0.0,0.0,0.0
2025-11-05,12:00,10,0.0,0.0,0.0
2025-11-05,12:00,11,0.0,0.0,0.0
2025-11-05,12:00,12,0.0,0.0,0.0
2025-11-05,18:00,1,0.0,0.0,0.0
2025-11-05,18:00,2,0.0,0.0,0.0
2025-11-05,18:00,3,0.0,0.0,0.0
2025-11-05,18:00,4,0.0,0.0,0.0
2025-11-05,18:00,5,0.0,0.0,0.0
2025-11-05,18:00,6,0.0,0.0,0.0
2025-11-06,0:00,1,0.0,0.0,0.0
2025-11-06,0:00,2,0.0,0.0,0.0
2025-11-06,0:00,3,0.0,0.0,0.0
2025-11-06,0:00,4,0.0,0.0,0.0
2025-11-06,0:00,5,0.0,0.0,0.0
2025-11-06,0:00,6,0.0,0.0,0.0
2025-11-06,0:00,7,417.1079,417.2625,0.15460000000001628
2025-11-06,0:00,8,2148.1923,2075.475,72.71730000000025
2025-11-06,0:00,9,4427.4213,3922.7625,504.65880000000016
2025-11-06,0:00,10,5821.4169,5433.4875,387.9294
2025-11-06,0:00,11,6658.7169,6398.1,260.6169
2025-11-06,0:00,12,7324.3125,7119.0,205.3125
2025-11-06,0:00,13,6539.7359,6866.5875,326.85159999999996
2025-11-06,0:00,14,6087.1125,6190.725,103.61250000000018
2025-11-06,0:00,15,5088.6483,4670.2125,418.4358000000002
2025-11-06,0:00,16,2534.827,2594.25,59.422999999999774
2025-11-06,0:00,17,536.5392,453.0375,83.50170000000003
2025-11-06,0:00,18,0.0,0.0,0.0
2025-11-06,0:00,19,0.0,0.0,0.0
2025-11-06,0:00,20,0.0,0.0,0.0
2025-11-06,0:00,21,0.0,0.0,0.0
2025-11-06,0:00,22,0.0,0.0,0.0
2025-11-06,0:00,23,0.0,0.0,0.0
2025-11-06,0:00,24,0.0,0.0,0.0
2025-11-06,6:00,1,422.3535,417.2625,5.091000000000008
2025-11-06,6:00,2,2137.5703,2075.475,62.09529999999995
2025-11-06,6:00,3,4107.7144,3922.7625,184.95190000000002
2025-11-06,6:00,4,5457.3483,5433.4875,23.86079999999947
2025-11-06,6:00,5,6493.2408,6398.1,95.14079999999922
2025-11-06,6:00,6,7227.2397,7119.0,108.23970000000008
2025-11-06,6:00,7,6455.8148,6866.5875,410.77269999999953
2025-11-06,6:00,8,5767.2545,6190.725,423.47050000000036
2025-11-06,6:00,9,4695.1612,4670.2125,24.948699999999917
2025-11-06,6:00,10,2570.7497,2594.25,23.500300000000152
2025-11-06,6:00,11,429.9194,453.0375,23.118100000000027
2025-11-06,6:00,12,0.0,0.0,0.0
2025-11-06,6:00,13,0.0,0.0,0.0
2025-11-06,6:00,14,0.0,0.0,0.0
2025-11-06,6:00,15,0.0,0.0,0.0
2025-11-06,6:00,16,0.0,0.0,0.0
2025-11-06,6:00,17,0.0,0.0,0.0
2025-11-06,6:00,18,0.0,0.0,0.0
2025-11-06,12:00,1,6816.8779,6866.5875,49.70959999999923
2025-11-06,12:00,2,6059.1443,6190.725,131.58070000000043
2025-11-06,12:00,3,4516.8411,4670.2125,153.3714
2025-11-06,12:00,4,2516.2037,2594.25,78.04629999999997
2025-11-06,12:00,5,399.8222,453.0375,53.21530000000001
2025-11-06,12:00,6,0.0,0.0,0.0
2025-11-06,12:00,7,0.0,0.0,0.0
2025-11-06,12:00,8,0.0,0.0,0.0
2025-11-06,12:00,9,0.0,0.0,0.0
2025-11-06,12:00,10,0.0,0.0,0.0
2025-11-06,12:00,11,0.0,0.0,0.0
2025-11-06,12:00,12,0.0,0.0,0.0
2025-11-06,18:00,1,0.0,0.0,0.0
2025-11-06,18:00,2,0.0,0.0,0.0
2025-11-06,18:00,3,0.0,0.0,0.0
2025-11-06,18:00,4,0.0,0.0,0.0
2025-11-06,18:00,5,0.0,0.0,0.0
2025-11-06,18:00,6,0.0,0.0,0.0
2025-11-07,0:00,1,0.0,0.0,0.0
2025-11-07,0:00,2,0.0,0.0,0.0
2025-11-07,0:00,3,0.0,0.0,0.0
2025-11-07,0:00,4,0.0,0.0,0.0
2025-11-07,0:00,5,0.0,0.0,0.0
2025-11-07,0:00,6,0.0,0.0,0.0
2025-11-07,0:00,7,347.9555,363.675,15.719500000000039
2025-11-07,0:00,8,2067.5103,2155.125,87.61470000000008
2025-11-07,0:00,9,3919.8411,3832.35,87.49110000000019
2025-11-07,0:00,10,5463.3851,5613.525,150.13989999999922
2025-11-07,0:00,11,6700.261,6619.125,81.13600000000042
2025-11-07,0:00,12,7929.5821,7817.85,111.73209999999926
2025-11-07,0:00,13,7963.05,7764.375,198.67500000000018
2025-11-07,0:00,14,6480.9487,6645.3375,164.38879999999972
2025-11-07,0:00,15,4983.0636,4899.0375,84.02610000000004
2025-11-07,0:00,16,3024.6516,2757.45,267.2016000000003
2025-11-07,0:00,17,489.8804,437.7,52.18040000000002
2025-11-07,0:00,18,0.0,0.0,0.0
2025-11-07,0:00,19,0.0,0.0,0.0
2025-11-07,0:00,20,0.0,0.0,0.0
2025-11-07,0:00,21,0.0,0.0,0.0
2025-11-07,0:00,22,0.0,0.0,0.0
2025-11-07,0:00,23,0.0,0.0,0.0
2025-11-07,0:00,24,0.0,0.0,0.0
2025-11-07,6:00,1,363.0997,363.675,0.575300000000027
2025-11-07,6:00,2,2117.0735,2155.125,38.05150000000003
2025-11-07,6:00,3,3768.3413,3832.35,64.00869999999986
2025-11-07,6:00,4,5198.7861,5613.525,414.7388999999994
2025-11-07,6:00,5,5968.0926,6619.125,651.0324
2025-11-07,6:00,6,7004.3779,7817.85,813.4721
2025-11-07,6:00,7,7167.493,7764.375,596.8819999999996
2025-11-07,6:00,8,5890.4179,6645.3375,754.9195999999993
2025-11-07,6:00,9,4724.9504,4899.0375,174.08710000000065
2025-11-07,6:00,10,2714.3585,2757.45,43.091499999999996
2025-11-07,6:00,11,428.1509,437.7,9.54910000000001
2025-11-07,6:00,12,0.0,0.0,0.0
2025-11-07,6:00,13,0.0,0.0,0.0
2025-11-07,6:00,14,0.0,0.0,0.0
2025-11-07,6:00,15,0.0,0.0,0.0
2025-11-07,6:00,16,0.0,0.0,0.0
2025-11-07,6:00,17,0.0,0.0,0.0
2025-11-07,6:00,18,0.0,0.0,0.0
2025-11-07,12:00,1,7731.5183,7764.375,32.856700000000274
2025-11-07,12:00,2,6613.471,6645.3375,31.866500000000087
2025-11-07,12:00,3,4854.8498,4899.0375,44.187700000000405
2025-11-07,12:00,4,2728.5513,2757.45,28.898699999999735
2025-11-07,12:00,5,427.2185,437.7,10.481499999999983
2025-11-07,12:00,6,0.0,0.0,0.0
2025-11-07,12:00,7,0.0,0.0,0.0
2025-11-07,12:00,8,0.0,0.0,0.0
2025-11-07,12:00,9,0.0,0.0,0.0
2025-11-07,12:00,10,0.0,0.0,0.0
2025-11-07,12:00,11,0.0,0.0,0.0
2025-11-07,12:00,12,0.0,0.0,0.0
2025-11-07,18:00,1,0.0,0.0,0.0
2025-11-07,18:00,2,0.0,0.0,0.0
2025-11-07,18:00,3,0.0,0.0,0.0
2025-11-07,18:00,4,0.0,0.0,0.0
2025-11-07,18:00,5,0.0,0.0,0.0
2025-11-07,18:00,6,0.0,0.0,0.0
2025-11-08,0:00,1,0.0,0.0,0.0
2025-11-08,0:00,2,0.0,0.0,0.0
2025-11-08,0:00,3,0.0,0.0,0.0
2025-11-08,0:00,4,0.0,0.0,0.0
2025-11-08,0:00,5,0.0,0.0,0.0
2025-11-08,0:00,6,0.0,0.0,0.0
2025-11-08,0:00,7,408.1308,451.2,43.06919999999997
2025-11-08,0:00,8,2253.7094,2555.7375,302.0281
2025-11-08,0:00,9,3810.4996,4399.275,588.7753999999995
2025-11-08,0:00,10,5075.8256,5882.4375,806.6118999999999
2025-11-08,0:00,11,5914.4399,6771.225,856.7851
2025-11-08,0:00,12,7340.2863,7651.0875,310.8011999999999
2025-11-08,0:00,13,6764.4658,6943.8375,179.3716999999997
2025-11-08,0:00,14,5806.1457,6283.7625,477.6167999999998
2025-11-08,0:00,15,4960.0183,4751.8875,208.1307999999999
2025-11-08,0:00,16,2469.3119,2506.8,37.48810000000003
2025-11-08,0:00,17,406.3885,366.0375,40.351
2025-11-08,0:00,18,0.0,0.0,0.0
2025-11-08,0:00,19,0.0,0.0,0.0
2025-11-08,0:00,20,0.0,0.0,0.0
2025-11-08,0:00,21,0.0,0.0,0.0
2025-11-08,0:00,22,0.0,0.0,0.0
2025-11-08,0:00,23,0.0,0.0,0.0
2025-11-08,0:00,24,0.0,0.0,0.0
2025-11-08,6:00,1,459.8812,451.2,8.68119999999999
2025-11-08,6:00,2,2591.6871,2555.7375,35.94959999999992
2025-11-08,6:00,3,4468.119,4399.275,68.84400000000005
2025-11-08,6:00,4,5892.5112,5882.4375,10.073699999999917
2025-11-08,6:00,5,6964.0962,6771.225,192.8711999999996
2025-11-08,6:00,6,7812.1657,7651.0875,161.07819999999992
2025-11-08,6:00,7,7326.1168,6943.8375,382.27930000000015
2025-11-08,6:00,8,6645.3375,6283.7625,361.5749999999998
2025-11-08,6:00,9,5005.0058,4751.8875,253.1183000000001
2025-11-08,6:00,10,2386.6776,2506.8,120.1224000000002
2025-11-08,6:00,11,335.0344,366.0375,31.003100000000018
2025-11-08,6:00,12,0.0,0.0,0.0
2025-11-08,6:00,13,0.0,0.0,0.0
2025-11-08,6:00,14,0.0,0.0,0.0
2025-11-08,6:00,15,0.0,0.0,0.0
2025-11-08,6:00,16,0.0,0.0,0.0
2025-11-08,6:00,17,0.0,0.0,0.0
2025-11-08,6:00,18,0.0,0.0,0.0
2025-11-08,12:00,1,6872.12,6943.8375,71.71749999999975
2025-11-08,12:00,2,6205.4915,6283.7625,78.27099999999973
2025-11-08,12:00,3,4614.9419,4751.8875,136.9456
2025-11-08,12:00,4,2416.8306,2506.8,89.9694000000004
2025-11-08,12:00,5,364.7956,366.0375,1.2419000000000437
2025-11-08,12:00,6,0.0,0.0,0.0
2025-11-08,12:00,7,0.0,0.0,0.0
2025-11-08,12:00,8,0.0,0.0,0.0
2025-11-08,12:00,9,0.0,0.0,0.0
2025-11-08,12:00,10,0.0,0.0,0.0
2025-11-08,12:00,11,0.0,0.0,0.0
2025-11-08,12:00,12,0.0,0.0,0.0
2025-11-08,18:00,1,0.0,0.0,0.0
2025-11-08,18:00,2,0.0,0.0,0.0
2025-11-08,18:00,3,0.0,0.0,0.0
2025-11-08,18:00,4,0.0,0.0,0.0
2025-11-08,18:00,5,0.0,0.0,0.0
2025-11-08,18:00,6,0.0,0.0,0.0
2025-11-09,0:00,1,0.0,0.0,0.0
2025-11-09,0:00,2,0.0,0.0,0.0
2025-11-09,0:00,3,0.0,0.0,0.0
2025-11-09,0:00,4,0.0,0.0,0.0
2025-11-09,0:00,5,0.0,0.0,0.0
2025-11-09,0:00,6,0.0,0.0,0.0
2025-11-09,0:00,7,388.8065,376.7625,12.04400000000004
2025-11-09,0:00,8,2256.1988,2250.9,5.298800000000028
2025-11-09,0:00,9,4351.0255,4286.55,64.47549999999956
2025-11-09,0:00,10,5609.0299,5941.2,332.17009999999937
2025-11-09,0:00,11,6910.1076,7049.9625,139.85489999999936
2025-11-09,0:00,12,7163.8581,7327.2375,163.3793999999998
2025-11-09,0:00,13,6562.3677,6879.0,316.6323000000002
2025-11-09,0:00,14,5352.2472,5907.9375,555.6903000000002
2025-11-09,0:00,15,4086.001,3870.5625,215.4385000000002
2025-11-09,0:00,16,2595.5472,2302.125,293.4222
2025-11-09,0:00,17,503.7233,423.9,79.82330000000002
2025-11-09,0:00,18,0.0,0.0,0.0
2025-11-09,0:00,19,0.0,0.0,0.0
2025-11-09,0:00,20,0.0,0.0,0.0
2025-11-09,0:00,21,0.0,0.0,0.0
2025-11-09,0:00,22,0.0,0.0,0.0
2025-11-09,0:00,23,0.0,0.0,0.0
2025-11-09,0:00,24,0.0,0.0,0.0
2025-11-09,6:00,1,370.5746,376.7625,6.187900000000013
2025-11-09,6:00,2,2215.2174,2250.9,35.68260000000009
2025-11-09,6:00,3,4201.3899,4286.55,85.16010000000006
2025-11-09,6:00,4,5807.5675,5941.2,133.6324999999997
2025-11-09,6:00,5,6902.2034,7049.9625,147.7590999999993
2025-11-09,6:00,6,7572.9692,7327.2375,245.73169999999936
2025-11-09,6:00,7,6833.8312,6879.0,45.168800000000374
2025-11-09,6:00,8,6141.7389,5907.9375,233.80140000000029
2025-11-09,6:00,9,4199.444,3870.5625,328.8815000000004
2025-11-09,6:00,10,2520.4336,2302.125,218.30859999999984
2025-11-09,6:00,11,476.0321,423.9,52.13210000000004
2025-11-09,6:00,12,0.0,0.0,0.0
2025-11-09,6:00,13,0.0,0.0,0.0
2025-11-09,6:00,14,0.0,0.0,0.0
2025-11-09,6:00,15,0.0,0.0,0.0
2025-11-09,6:00,16,0.0,0.0,0.0
2025-11-09,6:00,17,0.0,0.0,0.0
2025-11-09,6:00,18,0.0,0.0,0.0
2025-11-09,12:00,1,6888.1617,6879.0,9.161699999999655
2025-11-09,12:00,2,5886.8936,5907.9375,21.043899999999667
2025-11-09,12:00,3,3875.0141,3870.5625,4.451599999999871
2025-11-09,12:00,4,2384.1029,2302.125,81.97789999999986
2025-11-09,12:00,5,437.0694,423.9,13.169399999999996
2025-11-09,12:00,6,0.0,0.0,0.0
2025-11-09,12:00,7,0.0,0.0,0.0
2025-11-09,12:00,8,0.0,0.0,0.0
2025-11-09,12:00,9,0.0,0.0,0.0
2025-11-09,12:00,10,0.0,0.0,0.0
2025-11-09,12:00,11,0.0,0.0,0.0
2025-11-09,12:00,12,0.0,0.0,0.0
2025-11-09,18:00,1,0.0,0.0,0.0
2025-11-09,18:00,2,0.0,0.0,0.0
2025-11-09,18:00,3,0.0,0.0,0.0
2025-11-09,18:00,4,0.0,0.0,0.0
2025-11-09,18:00,5,0.0,0.0,0.0
2025-11-09,18:00,6,0.0,0.0,0.0
2025-11-10,0:00,1,0.0,0.0,0.0
2025-11-10,0:00,2,0.0,0.0,0.0
2025-11-10,0:00,3,0.0,0.0,0.0
2025-11-10,0:00,4,0.0,0.0,0.0
2025-11-10,0:00,5,0.0,0.0,0.0
2025-11-10,0:00,6,0.0,0.0,0.0
2025-11-10,0:00,7,318.2744,326.2125,7.938099999999963
2025-11-10,0:00,8,2060.0687,2084.925,24.856300000000374
2025-11-10,0:00,9,4172.1271,3906.825,265.3020999999999
2025-11-10,0:00,10,6385.7849,5965.8375,419.9474
2025-11-10,0:00,11,7321.8777,6532.425,789.4526999999998
2025-11-10,0:00,12,7072.5087,6754.125,318.3837000000003
2025-11-10,0:00,13,6809.5979,6797.4,12.197900000000118
2025-11-10,0:00,14,5430.7837,5907.1875,476.40380000000005
2025-11-10,0:00,15,3469.3175,4155.7875,686.4700000000003
2025-11-10,0:00,16,1757.9099,2089.875,331.9650999999999
2025-11-10,0:00,17,301.521,336.4875,34.966499999999996
2025-11-10,0:00,18,0.0,0.0,0.0
2025-11-10,0:00,19,0.0,0.0,0.0
2025-11-10,0:00,20,0.0,0.0,0.0
2025-11-10,0:00,21,0.0,0.0,0.0
2025-11-10,0:00,22,0.0,0.0,0.0
2025-11-10,0:00,23,0.0,0.0,0.0
2025-11-10,0:00,24,0.0,0.0,0.0
2025-11-10,6:00,1,329.3677,326.2125,3.155200000000036
2025-11-10,6:00,2,2088.1279,2084.925,3.2028999999997723
2025-11-10,6:00,3,3811.6505,3906.825,95.17449999999963
2025-11-10,6:00,4,5624.9226,5965.8375,340.91489999999976
2025-11-10,6:00,5,5942.5129,6532.425,589.9121000000005
2025-11-10,6:00,6,6118.2974,6754.125,635.8275999999996
2025-11-10,6:00,7,6210.1133,6797.4,587.2866999999997
2025-11-10,6:00,8,5755.5838,5907.1875,151.60369999999966
2025-11-10,6:00,9,4090.2883,4155.7875,65.4992000000002
2025-11-10,6:00,10,2004.1136,2089.875,85.7614000000001
2025-11-10,6:00,11,336.715,336.4875,0.22749999999996362
2025-11-10,6:00,12,0.0,0.0,0.0
2025-11-10,6:00,13,0.0,0.0,0.0
2025-11-10,6:00,14,0.0,0.0,0.0
2025-11-10,6:00,15,0.0,0.0,0.0
2025-11-10,6:00,16,0.0,0.0,0.0
2025-11-10,6:00,17,0.0,0.0,0.0
2025-11-10,6:00,18,0.0,0.0,0.0
2025-11-10,12:00,1,6768.3286,6797.4,29.071399999999812
2025-11-10,12:00,2,5852.0859,5907.1875,55.10159999999996
2025-11-10,12:00,3,4006.7585,4155.7875,149.02900000000045
2025-11-10,12:00,4,2031.1018,2089.875,58.77320000000009
2025-11-10,12:00,5,318.0096,336.4875,18.477900000000034
2025-11-10,12:00,6,0.0,0.0,0.0
2025-11-10,12:00,7,0.0,0.0,0.0
2025-11-10,12:00,8,0.0,0.0,0.0
2025-11-10,12:00,9,0.0,0.0,0.0
2025-11-10,12:00,10,0.0,0.0,0.0
2025-11-10,12:00,11,0.0,0.0,0.0
2025-11-10,12:00,12,0.0,0.0,0.0
2025-11-10,18:00,1,0.0,0.0,0.0
2025-11-10,18:00,2,0.0,0.0,0.0
2025-11-10,18:00,3,0.0,0.0,0.0
2025-11-10,18:00,4,0.0,0.0,0.0
2025-11-10,18:00,5,0.0,0.0,0.0
2025-11-10,18:00,6,0.0,0.0,0.0
2025-11-11,0:00,1,0.0,0.0,0.0
2025-11-11,0:00,2,0.0,0.0,0.0
2025-11-11,0:00,3,0.0,0.0,0.0
2025-11-11,0:00,4,0.0,0.0,0.0
2025-11-11,0:00,5,0.0,0.0,0.0
2025-11-11,0:00,6,0.0,0.0,0.0
2025-11-11,0:00,7,292.7099,326.325,33.615099999999984
2025-11-11,0:00,8,2033.4684,2225.2875,191.81909999999993
2025-11-11,0:00,9,3643.4017,4105.35,461.9483000000005
2025-11-11,0:00,10,4758.2555,5630.475,872.2195000000002
2025-11-11,0:00,11,6493.418,7059.0375,565.6195000000007
2025-11-11,0:00,12,6998.3086,7471.3125,473.0038999999997
2025-11-11,0:00,13,6409.2206,6706.275,297.0544
2025-11-11,0:00,14,5990.5117,6309.7125,319.2007999999996
2025-11-11,0:00,15,3814.0862,4009.5375,195.45129999999972
2025-11-11,0:00,16,1954.0101,2207.475,253.46489999999994
2025-11-11,0:00,17,336.5331,345.7125,9.179399999999987
2025-11-11,0:00,18,0.0,0.0,0.0
2025-11-11,0:00,19,0.0,0.0,0.0
2025-11-11,0:00,20,0.0,0.0,0.0
2025-11-11,0:00,21,0.0,0.0,0.0
2025-11-11,0:00,22,0.0,0.0,0.0
2025-11-11,0:00,23,0.0,0.0,0.0
2025-11-11,0:00,24,0.0,0.0,0.0
2025-11-11,6:00,1,331.1284,326.325,4.8034000000000106
2025-11-11,6:00,2,2253.9006,2225.2875,28.61310000000003
2025-11-11,6:00,3,4156.5483,4105.35,51.19830000000002
2025-11-11,6:00,4,5569.341,5630.475,61.134000000000015
2025-11-11,6:00,5,7022.836,7059.0375,36.201500000000124
2025-11-11,6:00,6,7285.1135,7471.3125,186.19899999999961
2025-11-11,6:00,7,6505.2655,6706.275,201.0094999999992
2025-11-11,6:00,8,6077.1897,6309.7125,232.52279999999973
2025-11-11,6:00,9,3654.6517,4009.5375,354.8858
2025-11-11,6:00,10,1992.5697,2207.475,214.9052999999999
2025-11-11,6:00,11,313.652,345.7125,32.06049999999999
2025-11-11,6:00,12,0.0,0.0,0.0
2025-11-11,6:00,13,0.0,0.0,0.0
2025-11-11,6:00,14,0.0,0.0,0.0
2025-11-11,6:00,15,0.0,0.0,0.0
2025-11-11,6:00,16,0.0,0.0,0.0
2025-11-11,6:00,17,0.0,0.0,0.0
2025-11-11,6:00,18,0.0,0.0,0.0
2025-11-11,12:00,1,6688.1885,6706.275,18.086499999999432
2025-11-11,12:00,2,6273.8484,6309.7125,35.86409999999978
2025-11-11,12:00,3,4022.7839,4009.5375,13.246399999999994
2025-11-11,12:00,4,2243.8674,2207.475,36.39240000000018
2025-11-11,12:00,5,363.3694,345.7125,17.656900000000007
2025-11-11,12:00,6,0.0,0.0,0.0
2025-11-11,12:00,7,0.0,0.0,0.0
2025-11-11,12:00,8,0.0,0.0,0.0
2025-11-11,12:00,9,0.0,0.0,0.0
2025-11-11,12:00,10,0.0,0.0,0.0
2025-11-11,12:00,11,0.0,0.0,0.0
2025-11-11,12:00,12,0.0,0.0,0.0
2025-11-11,18:00,1,0.0,0.0,0.0
2025-11-11,18:00,2,0.0,0.0,0.0
2025-11-11,18:00,3,0.0,0.0,0.0
2025-11-11,18:00,4,0.0,0.0,0.0
2025-11-11,18:00,5,0.0,0.0,0.0
2025-11-11,18:00,6,0.0,0.0,0.0
2025-11-12,0:00,1,0.0,0.0,0.0
2025-11-12,0:00,2,0.0,0.0,0.0
2025-11-12,0:00,3,0.0,0.0,0.0
2025-11-12,0:00,4,0.0,0.0,0.0
2025-11-12,0:00,5,0.0,0.0,0.0
2025-11-12,0:00,6,0.0,0.0,0.0
2025-11-12,0:00,7,320.9257,323.1375,2.2117999999999824
2025-11-12,0:00,8,2337.5803,2276.775,60.80529999999999
2025-11-12,0:00,9,4096.9787,3892.35,204.62869999999975
2025-11-12,0:00,10,5794.0229,5512.8,281.22289999999975
2025-11-12,0:00,11,7354.7693,7183.8,170.96929999999975
2025-11-12,0:00,12,7096.7972,7606.5,509.7028
2025-11-12,0:00,13,6488.3629,7109.175,620.8121000000001
2025-11-12,0:00,14,5723.7864,5671.9125,51.873899999999594
2025-11-12,0:00,15,4120.9401,4415.1,294.15990000000056
2025-11-12,0:00,16,2479.2006,2299.9125,179.2881000000002
2025-11-12,0:00,17,344.8498,296.2125,48.63730000000004
2025-11-12,0:00,18,0.0,0.0,0.0
2025-11-12,0:00,19,0.0,0.0,0.0
2025-11-12,0:00,20,0.0,0.0,0.0
2025-11-12,0:00,21,0.0,0.0,0.0
2025-11-12,0:00,22,0.0,0.0,0.0
2025-11-12,0:00,23,0.0,0.0,0.0
2025-11-12,0:00,24,0.0,0.0,0.0
2025-11-12,6:00,1,322.0908,323.1375,1.046699999999987
2025-11-12,6:00,2,2222.7101,2276.775,54.06490000000031
2025-11-12,6:00,3,3785.345,3892.35,107.00500000000011
2025-11-12,6:00,4,5260.8897,5512.8,251.91030000000046
2025-11-12,6:00,5,6649.2982,7183.8,534.5018
2025-11-12,6:00,6,6729.4354,7606.5,877.0645999999997
2025-11-12,6:00,7,6542.0135,7109.175,567.1615000000002
2025-11-12,6:00,8,5012.6052,5671.9125,659.3073000000004
2025-11-12,6:00,9,3808.2868,4415.1,606.8132000000005
2025-11-12,6:00,10,2089.0418,2299.9125,210.87069999999994
2025-11-12,6:00,11,257.8928,296.2125,38.319699999999955
2025-11-12,6:00,12,0.0,0.0,0.0
2025-11-12,6:00,13,0.0,0.0,0.0
2025-11-12,6:00,14,0.0,0.0,0.0
2025-11-12,6:00,15,0.0,0.0,0.0
2025-11-12,6:00,16,0.0,0.0,0.0
2025-11-12,6:00,17,0.0,0.0,0.0
2025-11-12,6:00,18,0.0,0.0,0.0
2025-11-12,12:00,1,7047.4874,7109.175,61.6876000000002
2025-11-12,12:00,2,5686.6529,5671.9125,14.740399999999681
2025-11-12,12:00,3,4521.0557,4415.1,105.95569999999952
2025-11-12,12:00,4,2448.368,2299.9125,148.45550000000003
2025-11-12,12:00,5,319.9767,296.2125,23.764200000000017
2025-11-12,12:00,6,0.0,0.0,0.0
2025-11-12,12:00,7,0.0,0.0,0.0
2025-11-12,12:00,8,0.0,0.0,0.0
2025-11-12,12:00,9,0.0,0.0,0.0
2025-11-12,12:00,10,0.0,0.0,0.0
2025-11-12,12:00,11,0.0,0.0,0.0
2025-11-12,12:00,12,0.0,0.0,0.0
2025-11-12,18:00,1,0.0,0.0,0.0
2025-11-12,18:00,2,0.0,0.0,0.0
2025-11-12,18:00,3,0.0,0.0,0.0
2025-11-12,18:00,4,0.0,0.0,0.0
2025-11-12,18:00,5,0.0,0.0,0.0
2025-11-12,18:00,6,0.0,0.0,0.0
2025-11-13,0:00,1,0.0,0.0,0.0
2025-11-13,0:00,2,0.0,0.0,0.0
2025-11-13,0:00,3,0.0,0.0,0.0
2025-11-13,0:00,4,0.0,0.0,0.0
2025-11-13,0:00,5,0.0,0.0,0.0
2025-11-13,0:00,6,0.0,0.0,0.0
2025-11-13,0:00,7,323.3168,329.475,6.158200000000022
2025-11-13,0:00,8,2098.8874,2291.6625,192.77509999999984
2025-11-13,0:00,9,3962.9802,4311.3375,348.35729999999967
2025-11-13,0:00,10,5133.3875,5879.8875,746.5
2025-11-13,0:00,11,6773.8404,7151.7375,377.89710000000014
2025-11-13,0:00,12,7738.8651,7080.975,657.8900999999996
2025-11-13,0:00,13,7512.9343,6477.45,1035.4843
2025-11-13,0:00,14,6645.3375,5420.25,1225.0874999999996
2025-11-13,0:00,15,4899.0375,4106.7375,792.3000000000002
2025-11-13,0:00,16,2757.45,2254.95,502.5
2025-11-13,0:00,17,341.4307,312.675,28.75569999999999
2025-11-13,0:00,18,0.0,0.0,0.0
2025-11-13,0:00,19,0.0,0.0,0.0
2025-11-13,0:00,20,0.0,0.0,0.0
2025-11-13,0:00,21,0.0,0.0,0.0
2025-11-13,0:00,22,0.0,0.0,0.0
2025-11-13,0:00,23,0.0,0.0,0.0
2025-11-13,0:00,24,0.0,0.0,0.0
2025-11-13,6:00,1,331.1072,329.475,1.6321999999999548
2025-11-13,6:00,2,2293.7757,2291.6625,2.1132000000002336
2025-11-13,6:00,3,4252.0841,4311.3375,59.2533999999996
2025-11-13,6:00,4,5754.2518,5879.8875,125.63569999999982
2025-11-13,6:00,5,7022.4426,7151.7375,129.29489999999987
2025-11-13,6:00,6,7176.3569,7080.975,95.3818999999994
2025-11-13,6:00,7,6636.737,6477.45,159.28700000000026
2025-11-13,6:00,8,5836.9902,5420.25,416.7402000000002
2025-11-13,6:00,9,4503.3951,4106.7375,396.65759999999955
2025-11-13,6:00,10,2461.4162,2254.95,206.4662000000003
2025-11-13,6:00,11,336.9556,312.675,24.280599999999993
2025-11-13,6:00,12,0.0,0.0,0.0
2025-11-13,6:00,13,0.0,0.0,0.0
2025-11-13,6:00,14,0.0,0.0,0.0
2025-11-13,6:00,15,0.0,0.0,0.0
2025-11-13,6:00,16,0.0,0.0,0.0
2025-11-13,6:00,17,0.0,0.0,0.0
2025-11-13,6:00,18,0.0,0.0,0.0
2025-11-13,12:00,1,6580.8582,6477.45,103.40819999999985
2025-11-13,12:00,2,5636.2367,5420.25,215.98670000000038
2025-11-13,12:00,3,4252.8308,4106.7375,146.09329999999954
2025-11-13,12:00,4,2391.448,2254.95,136.49800000000005
2025-11-13,12:00,5,327.2987,312.675,14.623699999999985
2025-11-13,12:00,6,0.0,0.0,0.0
2025-11-13,12:00,7,0.0,0.0,0.0
2025-11-13,12:00,8,0.0,0.0,0.0
2025-11-13,12:00,9,0.0,0.0,0.0
2025-11-13,12:00,10,0.0,0.0,0.0
2025-11-13,12:00,11,0.0,0.0,0.0
2025-11-13,12:00,12,0.0,0.0,0.0
2025-11-13,18:00,1,0.0,0.0,0.0
2025-11-13,18:00,2,0.0,0.0,0.0
2025-11-13,18:00,3,0.0,0.0,0.0
2025-11-13,18:00,4,0.0,0.0,0.0
2025-11-13,18:00,5,0.0,0.0,0.0
2025-11-13,18:00,6,0.0,0.0,0.0
2025-11-14,0:00,1,0.0,0.0,0.0
2025-11-14,0:00,2,0.0,0.0,0.0
2025-11-14,0:00,3,0.0,0.0,0.0
2025-11-14,0:00,4,0.0,0.0,0.0
2025-11-14,0:00,5,0.0,0.0,0.0
2025-11-14,0:00,6,0.0,0.0,0.0
2025-11-14,0:00,7,274.5429,273.3,1.2428999999999633
2025-11-14,0:00,8,2278.4494,2263.05,15.399399999999787
2025-11-14,0:00,9,4615.3807,4223.2125,392.16820000000007
2025-11-14,0:00,10,6177.6273,5719.2375,458.3897999999999
2025-11-14,0:00,11,6287.6137,6192.975,94.63869999999952
2025-11-14,0:00,12,7005.6833,6806.1,199.58329999999933
2025-11-14,0:00,13,7170.5173,6415.3875,755.1298000000006
2025-11-14,0:00,14,5866.3611,5633.1375,233.22360000000026
2025-11-14,0:00,15,3920.8609,3909.225,11.63590000000022
2025-11-14,0:00,16,2241.4378,2096.925,144.51279999999997
2025-11-14,0:00,17,266.6566,254.8875,11.769100000000037
2025-11-14,0:00,18,0.0,0.0,0.0
2025-11-14,0:00,19,0.0,0.0,0.0
2025-11-14,0:00,20,0.0,0.0,0.0
2025-11-14,0:00,21,0.0,0.0,0.0
2025-11-14,0:00,22,0.0,0.0,0.0
2025-11-14,0:00,23,0.0,0.0,0.0
2025-11-14,0:00,24,0.0,0.0,0.0
2025-11-14,6:00,1,276.6897,273.3,3.389700000000005
2025-11-14,6:00,2,2332.5739,2263.05,69.52389999999968
2025-11-14,6:00,3,4423.5342,4223.2125,200.32170000000042
2025-11-14,6:00,4,6206.848,5719.2375,487.6104999999998
2025-11-14,6:00,5,6841.6836,6192.975,648.7085999999999
2025-11-14,6:00,6,7587.6615,6806.1,781.5614999999998
2025-11-14,6:00,7,7180.0411,6415.3875,764.6536000000006
2025-11-14,6:00,8,6585.8359,5633.1375,952.6984000000002
2025-11-14,6:00,9,4494.9164,3909.225,585.6914000000002
2025-11-14,6:00,10,2495.288,2096.925,398.36299999999983
2025-11-14,6:00,11,275.0709,254.8875,20.183400000000006
2025-11-14,6:00,12,0.0,0.0,0.0
2025-11-14,6:00,13,0.0,0.0,0.0
2025-11-14,6:00,14,0.0,0.0,0.0
2025-11-14,6:00,15,0.0,0.0,0.0
2025-11-14,6:00,16,0.0,0.0,0.0
2025-11-14,6:00,17,0.0,0.0,0.0
2025-11-14,6:00,18,0.0,0.0,0.0
2025-11-14,12:00,1,6381.031,6415.3875,34.35649999999987
2025-11-14,12:00,2,5659.5104,5633.1375,26.3729000000003
2025-11-14,12:00,3,3950.0066,3909.225,40.78160000000025
2025-11-14,12:00,4,2194.4981,2096.925,97.57309999999961
2025-11-14,12:00,5,261.7259,254.8875,6.838400000000036
2025-11-14,12:00,6,0.0,0.0,0.0
2025-11-14,12:00,7,0.0,0.0,0.0
2025-11-14,12:00,8,0.0,0.0,0.0
2025-11-14,12:00,9,0.0,0.0,0.0
2025-11-14,12:00,10,0.0,0.0,0.0
2025-11-14,12:00,11,0.0,0.0,0.0
2025-11-14,12:00,12,0.0,0.0,0.0
2025-11-14,18:00,1,0.0,0.0,0.0
2025-11-14,18:00,2,0.0,0.0,0.0
2025-11-14,18:00,3,0.0,0.0,0.0
2025-11-14,18:00,4,0.0,0.0,0.0
2025-11-14,18:00,5,0.0,0.0,0.0
2025-11-14,18:00,6,0.0,0.0,0.0
2025-11-15,0:00,1,0.0,0.0,0.0
2025-11-15,0:00,2,0.0,0.0,0.0
2025-11-15,0:00,3,0.0,0.0,0.0
2025-11-15,0:00,4,0.0,0.0,0.0
2025-11-15,0:00,5,0.0,0.0,0.0
2025-11-15,0:00,6,0.0,0.0,0.0
2025-11-15,0:00,7,246.5134,253.05,6.536600000000021
2025-11-15,0:00,8,2005.4398,2088.6,83.1601999999998
2025-11-15,0:00,9,3334.2988,3815.775,481.47620000000006
2025-11-15,0:00,10,4601.2693,5383.2375,781.9682000000003
2025-11-15,0:00,11,5822.8363,6812.925,990.0887000000002
2025-11-15,0:00,12,6457.7927,6939.1125,481.3198000000002
2025-11-15,0:00,13,6153.0421,6612.15,459.1079
2025-11-15,0:00,14,5534.3368,5779.0125,244.67569999999978
2025-11-15,0:00,15,3660.1642,4167.8625,507.6983
2025-11-15,0:00,16,2004.2901,2145.0375,140.74739999999997
2025-11-15,0:00,17,211.801,264.0,52.19900000000001
2025-11-15,0:00,18,0.0,0.0,0.0
2025-11-15,0:00,19,0.0,0.0,0.0
2025-11-15,0:00,20,0.0,0.0,0.0
2025-11-15,0:00,21,0.0,0.0,0.0
2025-11-15,0:00,22,0.0,0.0,0.0
2025-11-15,0:00,23,0.0,0.0,0.0
2025-11-15,0:00,24,0.0,0.0,0.0
2025-11-15,6:00,1,255.237,253.05,2.1869999999999834
2025-11-15,6:00,2,2128.2582,2088.6,39.658200000000306
2025-11-15,6:00,3,3942.5655,3815.775,126.79050000000007
2025-11-15,6:00,4,5626.5758,5383.2375,243.33829999999944
2025-11-15,6:00,5,6843.1217,6812.925,30.19669999999951
2025-11-15,6:00,6,6924.4933,6939.1125,14.619200000000092
2025-11-15,6:00,7,6405.4594,6612.15,206.6905999999999
2025-11-15,6:00,8,5353.5075,5779.0125,425.5050000000001
2025-11-15,6:00,9,4109.8237,4167.8625,58.038800000000265
2025-11-15,6:00,10,2116.3944,2145.0375,28.643099999999777
2025-11-15,6:00,11,266.6022,264.0,2.602199999999982
2025-11-15,6:00,12,0.0,0.0,0.0
2025-11-15,6:00,13,0.0,0.0,0.0
2025-11-15,6:00,14,0.0,0.0,0.0
2025-11-15,6:00,15,0.0,0.0,0.0
2025-11-15,6:00,16,0.0,0.0,0.0
2025-11-15,6:00,17,0.0,0.0,0.0
2025-11-15,6:00,18,0.0,0.0,0.0
2025-11-15,12:00,1,6658.1835,6612.15,46.03350000000046
2025-11-15,12:00,2,5784.7107,5779.0125,5.698199999999815
2025-11-15,12:00,3,4174.2428,4167.8625,6.3802999999998065
2025-11-15,12:00,4,2223.4756,2145.0375,78.4381000000003
2025-11-15,12:00,5,274.2379,264.0,10.237900000000025
2025-11-15,12:00,6,0.0,0.0,0.0
2025-11-15,12:00,7,0.0,0.0,0.0
2025-11-15,12:00,8,0.0,0.0,0.0
2025-11-15,12:00,9,0.0,0.0,0.0
2025-11-15,12:00,10,0.0,0.0,0.0
2025-11-15,12:00,11,0.0,0.0,0.0
2025-11-15,12:00,12,0.0,0.0,0.0
2025-11-15,18:00,1,0.0,0.0,0.0
2025-11-15,18:00,2,0.0,0.0,0.0
2025-11-15,18:00,3,0.0,0.0,0.0
2025-11-15,18:00,4,0.0,0.0,0.0
2025-11-15,18:00,5,0.0,0.0,0.0
2025-11-15,18:00,6,0.0,0.0,0.0
2025-11-16,0:00,1,0.0,0.0,0.0
2025-11-16,0:00,2,0.0,0.0,0.0
2025-11-16,0:00,3,0.0,0.0,0.0
2025-11-16,0:00,4,0.0,0.0,0.0
2025-11-16,0:00,5,0.0,0.0,0.0
2025-11-16,0:00,6,0.0,0.0,0.0
2025-11-16,0:00,7,280.6411,235.575,45.066100000000006
2025-11-16,0:00,8,2455.6401,2187.6,268.04010000000017
2025-11-16,0:00,9,3790.2789,3740.4,49.8788999999997
2025-11-16,0:00,10,5468.4854,5294.7,173.78539999999975
2025-11-16,0:00,11,5939.9038,6015.675,75.77120000000014
2025-11-16,0:00,12,7366.6418,7200.4875,166.15430000000015
2025-11-16,0:00,13,7361.8874,7119.7875,242.09989999999925
2025-11-16,0:00,14,5987.8831,5642.4,345.4831000000004
2025-11-16,0:00,15,4396.6787,3895.725,500.9537000000005
2025-11-16,0:00,16,2424.9195,2084.2125,340.7069999999999
2025-11-16,0:00,17,321.3981,259.3875,62.01060000000001
2025-11-16,0:00,18,0.0,0.0,0.0
2025-11-16,0:00,19,0.0,0.0,0.0
2025-11-16,0:00,20,0.0,0.0,0.0
2025-11-16,0:00,21,0.0,0.0,0.0
2025-11-16,0:00,22,0.0,0.0,0.0
2025-11-16,0:00,23,0.0,0.0,0.0
2025-11-16,0:00,24,0.0,0.0,0.0
2025-11-16,6:00,1,233.7076,235.575,1.867399999999975
2025-11-16,6:00,2,2152.2317,2187.6,35.36830000000009
2025-11-16,6:00,3,3685.9033,3740.4,54.496700000000146
2025-11-16,6:00,4,5216.4848,5294.7,78.21519999999964
2025-11-16,6:00,5,5874.6111,6015.675,141.0639000000001
2025-11-16,6:00,6,7427.8355,7200.4875,227.34799999999996
2025-11-16,6:00,7,6930.867,7119.7875,188.92050000000017
2025-11-16,6:00,8,5376.8408,5642.4,265.5591999999997
2025-11-16,6:00,9,3755.4568,3895.725,140.26819999999998
2025-11-16,6:00,10,1910.1843,2084.2125,174.0282000000002
2025-11-16,6:00,11,222.4676,259.3875,36.919899999999984
2025-11-16,6:00,12,0.0,0.0,0.0
2025-11-16,6:00,13,0.0,0.0,0.0
2025-11-16,6:00,14,0.0,0.0,0.0
2025-11-16,6:00,15,0.0,0.0,0.0
2025-11-16,6:00,16,0.0,0.0,0.0
2025-11-16,6:00,17,0.0,0.0,0.0
2025-11-16,6:00,18,0.0,0.0,0.0
2025-11-16,12:00,1,7009.6686,7119.7875,110.1189000000004
2025-11-16,12:00,2,5571.1657,5642.4,71.23430000000008
2025-11-16,12:00,3,3862.5898,3895.725,33.13519999999971
2025-11-16,12:00,4,2159.7448,2084.2125,75.53229999999985
2025-11-16,12:00,5,274.1489,259.3875,14.761400000000037
2025-11-16,12:00,6,0.0,0.0,0.0
2025-11-16,12:00,7,0.0,0.0,0.0
2025-11-16,12:00,8,0.0,0.0,0.0
2025-11-16,12:00,9,0.0,0.0,0.0
2025-11-16,12:00,10,0.0,0.0,0.0
2025-11-16,12:00,11,0.0,0.0,0.0
2025-11-16,12:00,12,0.0,0.0,0.0
2025-11-16,18:00,1,0.0,0.0,0.0
2025-11-16,18:00,2,0.0,0.0,0.0
2025-11-16,18:00,3,0.0,0.0,0.0
2025-11-16,18:00,4,0.0,0.0,0.0
2025-11-16,18:00,5,0.0,0.0,0.0
2025-11-16,18:00,6,0.0,0.0,0.0
2025-11-17,0:00,1,0.0,0.0,0.0
2025-11-17,0:00,2,0.0,0.0,0.0
2025-11-17,0:00,3,0.0,0.0,0.0
2025-11-17,0:00,4,0.0,0.0,0.0
2025-11-17,0:00,5,0.0,0.0,0.0
2025-11-17,0:00,6,0.0,0.0,0.0
2025-11-17,0:00,7,183.8159,192.75,8.9341
2025-11-17,0:00,8,2098.824,1944.675,154.14900000000011
2025-11-17,0:00,9,3818.5842,3688.2375,130.3466999999996
2025-11-17,0:00,10,5970.6,5729.325,241.27500000000055
2025-11-17,0:00,11,7357.4571,6509.7,847.7570999999998
2025-11-17,0:00,12,8124.4875,7593.1125,531.375
2025-11-17,0:00,13,7548.8122,6543.6375,1005.1747000000005
2025-11-17,0:00,14,6645.3375,5693.5125,951.8249999999998
2025-11-17,0:00,15,4765.5681,4260.45,505.1181000000006
2025-11-17,0:00,16,2246.8519,2203.275,43.57690000000002
2025-11-17,0:00,17,197.9793,233.475,35.4957
2025-11-17,0:00,18,0.0,0.0,0.0
2025-11-17,0:00,19,0.0,0.0,0.0
2025-11-17,0:00,20,0.0,0.0,0.0
2025-11-17,0:00,21,0.0,0.0,0.0
2025-11-17,0:00,22,0.0,0.0,0.0
2025-11-17,0:00,23,0.0,0.0,0.0
2025-11-17,0:00,24,0.0,0.0,0.0
2025-11-17,6:00,1,192.9388,192.75,0.1887999999999863
2025-11-17,6:00,2,1948.5079,1944.675,3.8329000000001088
2025-11-17,6:00,3,3634.3363,3688.2375,53.901200000000244
2025-11-17,6:00,4,5530.6153,5729.325,198.70969999999943
2025-11-17,6:00,5,6071.5977,6509.7,438.10229999999956
2025-11-17,6:00,6,6865.8684,7593.1125,727.2440999999999
2025-11-17,6:00,7,5872.4264,6543.6375,671.2110999999995
2025-11-17,6:00,8,5393.0925,5693.5125,300.4200000000001
2025-11-17,6:00,9,3894.8646,4260.45,365.58539999999994
2025-11-17,6:00,10,2096.2273,2203.275,107.04770000000008
2025-11-17,6:00,11,225.5079,233.475,7.967099999999988
2025-11-17,6:00,12,0.0,0.0,0.0
2025-11-17,6:00,13,0.0,0.0,0.0
2025-11-17,6:00,14,0.0,0.0,0.0
2025-11-17,6:00,15,0.0,0.0,0.0
2025-11-17,6:00,16,0.0,0.0,0.0
2025-11-17,6:00,17,0.0,0.0,0.0
2025-11-17,6:00,18,0.0,0.0,0.0
2025-11-17,12:00,1,6564.6462,6543.6375,21.008700000000317
2025-11-17,12:00,2,5650.8229,5693.5125,42.6895999999997
2025-11-17,12:00,3,4195.1329,4260.45,65.31710000000021
2025-11-17,12:00,4,2132.0389,2203.275,71.23610000000008
2025-11-17,12:00,5,226.5916,233.475,6.883399999999995
2025-11-17,12:00,6,0.0,0.0,0.0
2025-11-17,12:00,7,0.0,0.0,0.0
2025-11-17,12:00,8,0.0,0.0,0.0
2025-11-17,12:00,9,0.0,0.0,0.0
2025-11-17,12:00,10,0.0,0.0,0.0
2025-11-17,12:00,11,0.0,0.0,0.0
2025-11-17,12:00,12,0.0,0.0,0.0
2025-11-17,18:00,1,0.0,0.0,0.0
2025-11-17,18:00,2,0.0,0.0,0.0
2025-11-17,18:00,3,0.0,0.0,0.0
2025-11-17,18:00,4,0.0,0.0,0.0
2025-11-17,18:00,5,0.0,0.0,0.0
2025-11-17,18:00,6,0.0,0.0,0.0
2025-11-18,0:00,1,0.0,0.0,0.0
2025-11-18,0:00,2,0.0,0.0,0.0
2025-11-18,0:00,3,0.0,0.0,0.0
2025-11-18,0:00,4,0.0,0.0,0.0
2025-11-18,0:00,5,0.0,0.0,0.0
2025-11-18,0:00,6,0.0,0.0,0.0
2025-11-18,0:00,7,236.4526,220.575,15.877600000000001
2025-11-18,0:00,8,2409.0018,2203.3875,205.61430000000018
2025-11-18,0:00,9,4652.3084,4154.5875,497.72090000000026
2025-11-18,0:00,10,5965.8375,5675.7375,290.09999999999945
2025-11-18,0:00,11,7039.1042,6464.775,574.3292000000001
2025-11-18,0:00,12,7220.8113,6574.0875,646.7238000000007
2025-11-18,0:00,13,6527.0491,6107.775,419.27410000000054
2025-11-18,0:00,14,5423.6863,5448.9375,25.2511999999997
2025-11-18,0:00,15,3293.2391,3759.7125,466.4734000000003
2025-11-18,0:00,16,2083.1186,2118.9375,35.81890000000021
2025-11-18,0:00,17,188.0558,200.025,11.9692
2025-11-18,0:00,18,0.0,0.0,0.0
2025-11-18,0:00,19,0.0,0.0,0.0
2025-11-18,0:00,20,0.0,0.0,0.0
2025-11-18,0:00,21,0.0,0.0,0.0
2025-11-18,0:00,22,0.0,0.0,0.0
2025-11-18,0:00,23,0.0,0.0,0.0
2025-11-18,0:00,24,0.0,0.0,0.0
2025-11-18,6:00,1,218.835,220.575,1.7399999999999807
2025-11-18,6:00,2,2219.9505,2203.3875,16.563000000000102
2025-11-18,6:00,3,4213.3298,4154.5875,58.742300000000796
2025-11-18,6:00,4,5781.1897,5675.7375,105.45219999999972
2025-11-18,6:00,5,6691.3182,6464.775,226.54320000000007
2025-11-18,6:00,6,7210.046,6574.0875,635.9585000000006
2025-11-18,6:00,7,6610.5127,6107.775,502.7377000000006
2025-11-18,6:00,8,6051.7582,5448.9375,602.8207000000002
2025-11-18,6:00,9,4300.0732,3759.7125,540.3606999999997
2025-11-18,6:00,10,2503.039,2118.9375,384.1015000000002
2025-11-18,6:00,11,237.8653,200.025,37.840299999999985
2025-11-18,6:00,12,0.0,0.0,0.0
2025-11-18,6:00,13,0.0,0.0,0.0
2025-11-18,6:00,14,0.0,0.0,0.0
2025-11-18,6:00,15,0.0,0.0,0.0
2025-11-18,6:00,16,0.0,0.0,0.0
2025-11-18,6:00,17,0.0,0.0,0.0
2025-11-18,6:00,18,0.0,0.0,0.0
2025-11-18,12:00,1,6025.1836,6107.775,82.59139999999934
2025-11-18,12:00,2,5546.2699,5448.9375,97.33240000000023
2025-11-18,12:00,3,3831.9448,3759.7125,72.23230000000012
2025-11-18,12:00,4,2163.6948,2118.9375,44.757300000000214
2025-11-18,12:00,5,207.7307,200.025,7.705700000000007
2025-11-18,12:00,6,0.0,0.0,0.0
2025-11-18,12:00,7,0.0,0.0,0.0
2025-11-18,12:00,8,0.0,0.0,0.0
2025-11-18,12:00,9,0.0,0.0,0.0
2025-11-18,12:00,10,0.0,0.0,0.0
2025-11-18,12:00,11,0.0,0.0,0.0
2025-11-18,12:00,12,0.0,0.0,0.0
2025-11-18,18:00,1,0.0,0.0,0.0
2025-11-18,18:00,2,0.0,0.0,0.0
2025-11-18,18:00,3,0.0,0.0,0.0
2025-11-18,18:00,4,0.0,0.0,0.0
2025-11-18,18:00,5,0.0,0.0,0.0
2025-11-18,18:00,6,0.0,0.0,0.0
2025-11-19,0:00,1,0.0,0.0,0.0
2025-11-19,0:00,2,0.0,0.0,0.0
2025-11-19,0:00,3,0.0,0.0,0.0
2025-11-19,0:00,4,0.0,0.0,0.0
2025-11-19,0:00,5,0.0,0.0,0.0
2025-11-19,0:00,6,0.0,0.0,0.0
2025-11-19,0:00,7,208.6658,197.1,11.565799999999996
2025-11-19,0:00,8,1965.6647,1943.2125,22.452199999999948
2025-11-19,0:00,9,4033.7864,3555.7875,477.99890000000005
2025-11-19,0:00,10,5965.8375,5198.7,767.1374999999998
2025-11-19,0:00,11,6671.1914,6231.45,439.7413999999999
2025-11-19,0:00,12,7248.737,6973.7625,274.97450000000026
2025-11-19,0:00,13,7289.1279,6710.025,579.1029000000008
2025-11-19,0:00,14,5693.9964,5496.975,197.02139999999963
2025-11-19,0:00,15,3977.6487,4033.9125,56.26379999999972
2025-11-19,0:00,16,2514.3928,2076.15,438.2428
2025-11-19,0:00,17,254.6171,200.925,53.69209999999998
2025-11-19,0:00,18,0.0,0.0,0.0
2025-11-19,0:00,19,0.0,0.0,0.0
2025-11-19,0:00,20,0.0,0.0,0.0
2025-11-19,0:00,21,0.0,0.0,0.0
2025-11-19,0:00,22,0.0,0.0,0.0
2025-11-19,0:00,23,0.0,0.0,0.0
2025-11-19,0:00,24,0.0,0.0,0.0
2025-11-19,6:00,1,196.4252,197.1,0.6748000000000047
2025-11-19,6:00,2,1901.8094,1943.2125,41.403099999999995
2025-11-19,6:00,3,3364.6247,3555.7875,191.16280000000006
2025-11-19,6:00,4,4859.2415,5198.7,339.45849999999973
2025-11-19,6:00,5,5656.2563,6231.45,575.1936999999998
2025-11-19,6:00,6,6256.8153,6973.7625,716.9471999999996
2025-11-19,6:00,7,5879.1791,6710.025,830.8458999999993
2025-11-19,6:00,8,5231.5918,5496.975,265.3832000000002
2025-11-19,6:00,9,4071.7494,4033.9125,37.83690000000024
2025-11-19,6:00,10,2171.7714,2076.15,95.6214
2025-11-19,6:00,11,201.6927,200.925,0.7676999999999907
2025-11-19,6:00,12,0.0,0.0,0.0
2025-11-19,6:00,13,0.0,0.0,0.0
2025-11-19,6:00,14,0.0,0.0,0.0
2025-11-19,6:00,15,0.0,0.0,0.0
2025-11-19,6:00,16,0.0,0.0,0.0
2025-11-19,6:00,17,0.0,0.0,0.0
2025-11-19,6:00,18,0.0,0.0,0.0
2025-11-19,12:00,1,6706.6569,6710.025,3.3680999999996857
2025-11-19,12:00,2,5475.0563,5496.975,21.91870000000017
2025-11-19,12:00,3,4069.18,4033.9125,35.26749999999993
2025-11-19,12:00,4,2078.8307,2076.15,2.680699999999888
2025-11-19,12:00,5,201.5872,200.925,0.6621999999999844
2025-11-19,12:00,6,0.0,0.0,0.0
2025-11-19,12:00,7,0.0,0.0,0.0
2025-11-19,12:00,8,0.0,0.0,0.0
2025-11-19,12:00,9,0.0,0.0,0.0
2025-11-19,12:00,10,0.0,0.0,0.0
2025-11-19,12:00,11,0.0,0.0,0.0
2025-11-19,12:00,12,0.0,0.0,0.0
2025-11-19,18:00,1,0.0,0.0,0.0
2025-11-19,18:00,2,0.0,0.0,0.0
2025-11-19,18:00,3,0.0,0.0,0.0
2025-11-19,18:00,4,0.0,0.0,0.0
2025-11-19,18:00,5,0.0,0.0,0.0
2025-11-19,18:00,6,0.0,0.0,0.0
2025-11-20,0:00,1,0.0,0.0,0.0
2025-11-20,0:00,2,0.0,0.0,0.0
2025-11-20,0:00,3,0.0,0.0,0.0
2025-11-20,0:00,4,0.0,0.0,0.0
2025-11-20,0:00,5,0.0,0.0,0.0
2025-11-20,0:00,6,0.0,0.0,0.0
2025-11-20,0:00,7,193.512,196.0875,2.5755000000000052
2025-11-20,0:00,8,1977.4583,2131.725,154.2666999999999
2025-11-20,0:00,9,4172.7192,3999.4125,173.30669999999964
2025-11-20,0:00,10,5965.8375,5657.3625,308.47499999999945
2025-11-20,0:00,11,7183.8,6614.6625,569.1374999999998
2025-11-20,0:00,12,6738.4319,6549.675,188.7568999999994
2025-11-20,0:00,13,7158.4184,6094.5,1063.9183999999996
2025-11-20,0:00,14,5578.1456,5165.175,412.97059999999965
2025-11-20,0:00,15,4315.1878,3789.0375,526.1502999999998
2025-11-20,0:00,16,2505.9711,2102.7,403.2711000000004
2025-11-20,0:00,17,185.832,186.8625,1.0305000000000177
2025-11-20,0:00,18,0.0,0.0,0.0
2025-11-20,0:00,19,0.0,0.0,0.0
2025-11-20,0:00,20,0.0,0.0,0.0
2025-11-20,0:00,21,0.0,0.0,0.0
2025-11-20,0:00,22,0.0,0.0,0.0
2025-11-20,0:00,23,0.0,0.0,0.0
2025-11-20,0:00,24,0.0,0.0,0.0
2025-11-20,6:00,1,199.1983,196.0875,3.1107999999999834
2025-11-20,6:00,2,2188.3341,2131.725,56.609100000000126
2025-11-20,6:00,3,4123.7698,3999.4125,124.35730000000012
2025-11-20,6:00,4,5659.3305,5657.3625,1.9679999999998472
2025-11-20,6:00,5,6820.1375,6614.6625,205.47499999999945
2025-11-20,6:00,6,6715.3019,6549.675,165.6269000000002
2025-11-20,6:00,7,6351.025,6094.5,256.52499999999964
2025-11-20,6:00,8,5510.1679,5165.175,344.9929000000002
2025-11-20,6:00,9,4003.8699,3789.0375,214.83240000000023
2025-11-20,6:00,10,2161.6407,2102.7,58.940700000000106
2025-11-20,6:00,11,200.8007,186.8625,13.938199999999995
2025-11-20,6:00,12,0.0,0.0,0.0
2025-11-20,6:00,13,0.0,0.0,0.0
2025-11-20,6:00,14,0.0,0.0,0.0
2025-11-20,6:00,15,0.0,0.0,0.0
2025-11-20,6:00,16,0.0,0.0,0.0
2025-11-20,6:00,17,0.0,0.0,0.0
2025-11-20,6:00,18,0.0,0.0,0.0
2025-11-20,12:00,1,6140.1634,6094.5,45.663400000000365
2025-11-20,12:00,2,5280.4459,5165.175,115.27089999999953
2025-11-20,12:00,3,3761.474,3789.0375,27.56349999999975
2025-11-20,12:00,4,2092.8953,2102.7,9.804699999999684
2025-11-20,12:00,5,180.0178,186.8625,6.844700000000017
2025-11-20,12:00,6,0.0,0.0,0.0
2025-11-20,12:00,7,0.0,0.0,0.0
2025-11-20,12:00,8,0.0,0.0,0.0
2025-11-20,12:00,9,0.0,0.0,0.0
2025-11-20,12:00,10,0.0,0.0,0.0
2025-11-20,12:00,11,0.0,0.0,0.0
2025-11-20,12:00,12,0.0,0.0,0.0
2025-11-20,18:00,1,0.0,0.0,0.0
2025-11-20,18:00,2,0.0,0.0,0.0
2025-11-20,18:00,3,0.0,0.0,0.0
2025-11-20,18:00,4,0.0,0.0,0.0
2025-11-20,18:00,5,0.0,0.0,0.0
2025-11-20,18:00,6,0.0,0.0,0.0
2025-11-21,0:00,1,0.0,0.0,0.0
2025-11-21,0:00,2,0.0,0.0,0.0
2025-11-21,0:00,3,0.0,0.0,0.0
2025-11-21,0:00,4,0.0,0.0,0.0
2025-11-21,0:00,5,0.0,0.0,0.0
2025-11-21,0:00,6,0.0,0.0,0.0
2025-11-21,0:00,7,163.462,156.225,7.236999999999995
2025-11-21,0:00,8,2008.4492,1961.1375,47.31169999999997
2025-11-21,0:00,9,3853.6536,3869.85,16.196399999999812
2025-11-21,0:00,10,5965.8375,5857.725,108.11249999999927
2025-11-21,0:00,11,6682.8683,6693.225,10.356700000000274
2025-11-21,0:00,12,7063.7224,6495.15,568.5724
2025-11-21,0:00,13,7165.0003,6820.8,344.2002999999995
2025-11-21,0:00,14,6314.2489,5592.9,721.3489
2025-11-21,0:00,15,4231.2848,3879.8625,351.4223000000002
2025-11-21,0:00,16,2209.9011,1933.575,276.3261
2025-11-21,0:00,17,158.8072,157.0125,1.794700000000006
2025-11-21,0:00,18,0.0,0.0,0.0
2025-11-21,0:00,19,0.0,0.0,0.0
2025-11-21,0:00,20,0.0,0.0,0.0
2025-11-21,0:00,21,0.0,0.0,0.0
2025-11-21,0:00,22,0.0,0.0,0.0
2025-11-21,0:00,23,0.0,0.0,0.0
2025-11-21,0:00,24,0.0,0.0,0.0
2025-11-21,6:00,1,155.6387,156.225,0.5862999999999943
2025-11-21,6:00,2,1950.7314,1961.1375,10.406100000000151
2025-11-21,6:00,3,3766.4682,3869.85,103.38180000000011
2025-11-21,6:00,4,5608.5546,5857.725,249.17039999999997
2025-11-21,6:00,5,6156.4897,6693.225,536.7353000000003
2025-11-21,6:00,6,5728.3376,6495.15,766.8123999999998
2025-11-21,6:00,7,6129.5286,6820.8,691.2714000000005
2025-11-21,6:00,8,5168.9055,5592.9,423.9944999999998
2025-11-21,6:00,9,3995.9481,3879.8625,116.08559999999989
2025-11-21,6:00,10,2112.6328,1933.575,179.05779999999982
2025-11-21,6:00,11,172.8942,157.0125,15.881700000000023
2025-11-21,6:00,12,0.0,0.0,0.0
2025-11-21,6:00,13,0.0,0.0,0.0
2025-11-21,6:00,14,0.0,0.0,0.0
2025-11-21,6:00,15,0.0,0.0,0.0
2025-11-21,6:00,16,0.0,0.0,0.0
2025-11-21,6:00,17,0.0,0.0,0.0
2025-11-21,6:00,18,0.0,0.0,0.0
2025-11-21,12:00,1,6798.1426,6820.8,22.657400000000052
2025-11-21,12:00,2,5567.5187,5592.9,25.38130000000001
2025-11-21,12:00,3,3867.5706,3879.8625,12.291900000000169
2025-11-21,12:00,4,1981.0442,1933.575,47.4692
2025-11-21,12:00,5,167.5854,157.0125,10.572900000000004
2025-11-21,12:00,6,0.0,0.0,0.0
2025-11-21,12:00,7,0.0,0.0,0.0
2025-11-21,12:00,8,0.0,0.0,0.0
2025-11-21,12:00,9,0.0,0.0,0.0
2025-11-21,12:00,10,0.0,0.0,0.0
2025-11-21,12:00,11,0.0,0.0,0.0
2025-11-21,12:00,12,0.0,0.0,0.0
2025-11-21,18:00,1,0.0,0.0,0.0
2025-11-21,18:00,2,0.0,0.0,0.0
2025-11-21,18:00,3,0.0,0.0,0.0
2025-11-21,18:00,4,0.0,0.0,0.0
2025-11-21,18:00,5,0.0,0.0,0.0
2025-11-21,18:00,6,0.0,0.0,0.0
2025-11-22,0:00,1,0.0,0.0,0.0
2025-11-22,0:00,2,0.0,0.0,0.0
2025-11-22,0:00,3,0.0,0.0,0.0
2025-11-22,0:00,4,0.0,0.0,0.0
2025-11-22,0:00,5,0.0,0.0,0.0
2025-11-22,0:00,6,0.0,0.0,0.0
2025-11-22,0:00,7,123.0775,144.0375,20.959999999999994
2025-11-22,0:00,8,1812.1512,1995.3375,183.18630000000007
2025-11-22,0:00,9,3226.8662,3623.7,396.8337999999999
2025-11-22,0:00,10,4673.314,5023.8375,350.52349999999933
2025-11-22,0:00,11,5716.9679,6277.125,560.1571000000004
2025-11-22,0:00,12,6275.6958,6684.3375,408.6416999999992
2025-11-22,0:00,13,5687.7923,6534.4875,846.6952000000001
2025-11-22,0:00,14,5075.3046,5510.1375,434.8328999999994
2025-11-22,0:00,15,4004.9552,4011.15,6.194800000000214
2025-11-22,0:00,16,2095.0338,2077.0875,17.946300000000065
2025-11-22,0:00,17,151.6202,141.75,9.870200000000011
2025-11-22,0:00,18,0.0,0.0,0.0
2025-11-22,0:00,19,0.0,0.0,0.0
2025-11-22,0:00,20,0.0,0.0,0.0
2025-11-22,0:00,21,0.0,0.0,0.0
2025-11-22,0:00,22,0.0,0.0,0.0
2025-11-22,0:00,23,0.0,0.0,0.0
2025-11-22,0:00,24,0.0,0.0,0.0
2025-11-22,6:00,1,145.8773,144.0375,1.8397999999999968
2025-11-22,6:00,2,2002.6833,1995.3375,7.3457999999998265
2025-11-22,6:00,3,3590.2954,3623.7,33.404599999999846
2025-11-22,6:00,4,4943.1205,5023.8375,80.71699999999964
2025-11-22,6:00,5,6173.3371,6277.125,103.78790000000026
2025-11-22,6:00,6,6331.61,6684.3375,352.72749999999996
2025-11-22,6:00,7,6479.3412,6534.4875,55.14630000000034
2025-11-22,6:00,8,5607.6421,5510.1375,97.50460000000021
2025-11-22,6:00,9,4333.9483,4011.15,322.7982999999999
2025-11-22,6:00,10,2234.5347,2077.0875,157.44720000000007
2025-11-22,6:00,11,155.9636,141.75,14.213600000000014
2025-11-22,6:00,12,0.0,0.0,0.0
2025-11-22,6:00,13,0.0,0.0,0.0
2025-11-22,6:00,14,0.0,0.0,0.0
2025-11-22,6:00,15,0.0,0.0,0.0
2025-11-22,6:00,16,0.0,0.0,0.0
2025-11-22,6:00,17,0.0,0.0,0.0
2025-11-22,6:00,18,0.0,0.0,0.0
2025-11-22,12:00,1,6637.1379,6534.4875,102.65039999999954
2025-11-22,12:00,2,5570.0949,5510.1375,59.957400000000234
2025-11-22,12:00,3,4064.3294,4011.15,53.17939999999999
2025-11-22,12:00,4,2121.7335,2077.0875,44.64599999999973
2025-11-22,12:00,5,142.7197,141.75,0.9696999999999889
2025-11-22,12:00,6,0.0,0.0,0.0
2025-11-22,12:00,7,0.0,0.0,0.0
2025-11-22,12:00,8,0.0,0.0,0.0
2025-11-22,12:00,9,0.0,0.0,0.0
2025-11-22,12:00,10,0.0,0.0,0.0
2025-11-22,12:00,11,0.0,0.0,0.0
2025-11-22,12:00,12,0.0,0.0,0.0
2025-11-22,18:00,1,0.0,0.0,0.0
2025-11-22,18:00,2,0.0,0.0,0.0
2025-11-22,18:00,3,0.0,0.0,0.0
2025-11-22,18:00,4,0.0,0.0,0.0
2025-11-22,18:00,5,0.0,0.0,0.0
2025-11-22,18:00,6,0.0,0.0,0.0
2025-11-23,0:00,1,0.0,0.0,0.0
2025-11-23,0:00,2,0.0,0.0,0.0
2025-11-23,0:00,3,0.0,0.0,0.0
2025-11-23,0:00,4,0.0,0.0,0.0
2025-11-23,0:00,5,0.0,0.0,0.0
2025-11-23,0:00,6,0.0,0.0,0.0
2025-11-23,0:00,7,141.2392,121.65,19.589200000000005
2025-11-23,0:00,8,2087.4454,1786.575,300.8704
2025-11-23,0:00,9,3957.8764,3476.2125,481.6639
2025-11-23,0:00,10,5546.3404,4884.0,662.3404
2025-11-23,0:00,11,6438.8496,5845.7625,593.0870999999997
2025-11-23,0:00,12,7326.5205,6927.675,398.84549999999945
2025-11-23,0:00,13,7195.8,7195.8,0.0
2025-11-23,0:00,14,5907.2238,5604.15,303.0738000000001
2025-11-23,0:00,15,4430.0684,4166.5875,263.4809000000005
2025-11-23,0:00,16,2347.3269,2165.3625,181.96439999999984
2025-11-23,0:00,17,142.1173,147.7875,5.670199999999994
2025-11-23,0:00,18,0.0,0.0,0.0
2025-11-23,0:00,19,0.0,0.0,0.0
2025-11-23,0:00,20,0.0,0.0,0.0
2025-11-23,0:00,21,0.0,0.0,0.0
2025-11-23,0:00,22,0.0,0.0,0.0
2025-11-23,0:00,23,0.0,0.0,0.0
2025-11-23,0:00,24,0.0,0.0,0.0
2025-11-23,6:00,1,120.3302,121.65,1.3198000000000008
2025-11-23,6:00,2,1707.8,1786.575,78.77500000000009
2025-11-23,6:00,3,3350.9583,3476.2125,125.25420000000031
2025-11-23,6:00,4,4838.2433,4884.0,45.75669999999991
2025-11-23,6:00,5,5983.0973,5845.7625,137.33480000000054
2025-11-23,6:00,6,6907.4409,6927.675,20.23410000000058
2025-11-23,6:00,7,7195.8,7195.8,0.0
2025-11-23,6:00,8,5451.9701,5604.15,152.1799000000001
2025-11-23,6:00,9,3781.1437,4166.5875,385.44379999999956
2025-11-23,6:00,10,1880.401,2165.3625,284.9615000000001
2025-11-23,6:00,11,130.2737,147.7875,17.513800000000003
2025-11-23,6:00,12,0.0,0.0,0.0
2025-11-23,6:00,13,0.0,0.0,0.0
2025-11-23,6:00,14,0.0,0.0,0.0
2025-11-23,6:00,15,0.0,0.0,0.0
2025-11-23,6:00,16,0.0,0.0,0.0
2025-11-23,6:00,17,0.0,0.0,0.0
2025-11-23,6:00,18,0.0,0.0,0.0
2025-11-23,12:00,1,7195.8,7195.8,0.0
2025-11-23,12:00,2,5750.3157,5604.15,146.16570000000047
2025-11-23,12:00,3,4258.2954,4166.5875,91.70790000000034
2025-11-23,12:00,4,2198.1815,2165.3625,32.81899999999996
2025-11-23,12:00,5,148.8422,147.7875,1.0546999999999969
2025-11-23,12:00,6,0.0,0.0,0.0
2025-11-23,12:00,7,0.0,0.0,0.0
2025-11-23,12:00,8,0.0,0.0,0.0
2025-11-23,12:00,9,0.0,0.0,0.0
2025-11-23,12:00,10,0.0,0.0,0.0
2025-11-23,12:00,11,0.0,0.0,0.0
2025-11-23,12:00,12,0.0,0.0,0.0
2025-11-23,18:00,1,0.0,0.0,0.0
2025-11-23,18:00,2,0.0,0.0,0.0
2025-11-23,18:00,3,0.0,0.0,0.0
2025-11-23,18:00,4,0.0,0.0,0.0
2025-11-23,18:00,5,0.0,0.0,0.0
2025-11-23,18:00,6,0.0,0.0,0.0
2025-11-24,0:00,1,0.0,0.0,0.0
2025-11-24,0:00,2,0.0,0.0,0.0
2025-11-24,0:00,3,0.0,0.0,0.0
2025-11-24,0:00,4,0.0,0.0,0.0
2025-11-24,0:00,5,0.0,0.0,0.0
2025-11-24,0:00,6,0.0,0.0,0.0
2025-11-24,0:00,7,127.1997,126.3375,0.8622000000000014
2025-11-24,0:00,8,2162.063,2091.0,71.0630000000001
2025-11-24,0:00,9,3914.1813,3713.2875,200.89380000000028
2025-11-24,0:00,10,5965.8375,5901.225,64.61249999999927
2025-11-24,0:00,11,7183.8,7090.65,93.15000000000055
2025-11-24,0:00,12,7606.5,7044.3,562.1999999999998
2025-11-24,0:00,13,7195.8,6771.9375,423.8625000000002
2025-11-24,0:00,14,6031.6723,5645.925,385.7473
2025-11-24,0:00,15,4181.2876,3799.2375,382.0500999999995
2025-11-24,0:00,16,2007.4783,1899.525,107.9532999999999
2025-11-24,0:00,17,123.4573,126.9375,3.4801999999999964
2025-11-24,0:00,18,0.0,0.0,0.0
2025-11-24,0:00,19,0.0,0.0,0.0
2025-11-24,0:00,20,0.0,0.0,0.0
2025-11-24,0:00,21,0.0,0.0,0.0
2025-11-24,0:00,22,0.0,0.0,0.0
2025-11-24,0:00,23,0.0,0.0,0.0
2025-11-24,0:00,24,0.0,0.0,0.0
2025-11-24,6:00,1,125.0437,126.3375,1.2938000000000045
2025-11-24,6:00,2,2055.0299,2091.0,35.9701
2025-11-24,6:00,3,3747.6374,3713.2875,34.34990000000016
2025-11-24,6:00,4,5965.8375,5901.225,64.61249999999927
2025-11-24,6:00,5,7183.8,7090.65,93.15000000000055
2025-11-24,6:00,6,7329.6734,7044.3,285.3733999999995
2025-11-24,6:00,7,7032.5857,6771.9375,260.64819999999963
2025-11-24,6:00,8,5548.001,5645.925,97.92399999999998
2025-11-24,6:00,9,3590.3634,3799.2375,208.8741
2025-11-24,6:00,10,1804.7194,1899.525,94.80560000000014
2025-11-24,6:00,11,122.436,126.9375,4.501499999999993
2025-11-24,6:00,12,0.0,0.0,0.0
2025-11-24,6:00,13,0.0,0.0,0.0
2025-11-24,6:00,14,0.0,0.0,0.0
2025-11-24,6:00,15,0.0,0.0,0.0
2025-11-24,6:00,16,0.0,0.0,0.0
2025-11-24,6:00,17,0.0,0.0,0.0
2025-11-24,6:00,18,0.0,0.0,0.0
2025-11-24,12:00,1,6791.1762,6771.9375,19.23869999999988
2025-11-24,12:00,2,5612.5852,5645.925,33.33979999999974
2025-11-24,12:00,3,3766.0224,3799.2375,33.21510000000035
2025-11-24,12:00,4,1903.4121,1899.525,3.8870999999999185
2025-11-24,12:00,5,122.2934,126.9375,4.644099999999995
2025-11-24,12:00,6,0.0,0.0,0.0
2025-11-24,12:00,7,0.0,0.0,0.0
2025-11-24,12:00,8,0.0,0.0,0.0
2025-11-24,12:00,9,0.0,0.0,0.0
2025-11-24,12:00,10,0.0,0.0,0.0
2025-11-24,12:00,11,0.0,0.0,0.0
2025-11-24,12:00,12,0.0,0.0,0.0
2025-11-24,18:00,1,0.0,0.0,0.0
2025-11-24,18:00,2,0.0,0.0,0.0
2025-11-24,18:00,3,0.0,0.0,0.0
2025-11-24,18:00,4,0.0,0.0,0.0
2025-11-24,18:00,5,0.0,0.0,0.0
2025-11-24,18:00,6,0.0,0.0,0.0
2025-11-25,0:00,1,0.0,0.0,0.0
2025-11-25,0:00,2,0.0,0.0,0.0
2025-11-25,0:00,3,0.0,0.0,0.0
2025-11-25,0:00,4,0.0,0.0,0.0
2025-11-25,0:00,5,0.0,0.0,0.0
2025-11-25,0:00,6,0.0,0.0,0.0
2025-11-25,0:00,7,107.4893,110.4375,2.9482
2025-11-25,0:00,8,1735.7495,1806.375,70.6255000000001
2025-11-25,0:00,9,3078.8249,3266.85,188.02509999999984
2025-11-25,0:00,10,4732.3262,5258.0625,525.7362999999996
2025-11-25,0:00,11,5716.8685,6100.275,383.40650000000005
2025-11-25,0:00,12,5473.5526,6606.4875,1132.9349000000002
2025-11-25,0:00,13,5478.899,6695.8125,1216.9134999999997
2025-11-25,0:00,14,4605.9099,5428.35,822.4401000000007
2025-11-25,0:00,15,3177.2348,3995.0625,817.8276999999998
2025-11-25,0:00,16,1321.6502,1915.125,593.4748
2025-11-25,0:00,17,92.1303,114.225,22.09469999999999
2025-11-25,0:00,18,0.0,0.0,0.0
2025-11-25,0:00,19,0.0,0.0,0.0
2025-11-25,0:00,20,0.0,0.0,0.0
2025-11-25,0:00,21,0.0,0.0,0.0
2025-11-25,0:00,22,0.0,0.0,0.0
2025-11-25,0:00,23,0.0,0.0,0.0
2025-11-25,0:00,24,0.0,0.0,0.0
2025-11-25,6:00,1,109.9594,110.4375,0.47809999999999775
2025-11-25,6:00,2,1797.6783,1806.375,8.696699999999964
2025-11-25,6:00,3,3287.3291,3266.85,20.479100000000017
2025-11-25,6:00,4,5267.0843,5258.0625,9.02180000000044
2025-11-25,6:00,5,6070.9659,6100.275,29.30909999999949
2025-11-25,6:00,6,6417.8361,6606.4875,188.65139999999974
2025-11-25,6:00,7,6378.1176,6695.8125,317.6949000000004
2025-11-25,6:00,8,5214.7616,5428.35,213.58840000000055
2025-11-25,6:00,9,3849.1309,3995.0625,145.9315999999999
2025-11-25,6:00,10,1944.9438,1915.125,29.81880000000001
2025-11-25,6:00,11,122.6121,114.225,8.387100000000004
2025-11-25,6:00,12,0.0,0.0,0.0
2025-11-25,6:00,13,0.0,0.0,0.0
2025-11-25,6:00,14,0.0,0.0,0.0
2025-11-25,6:00,15,0.0,0.0,0.0
2025-11-25,6:00,16,0.0,0.0,0.0
2025-11-25,6:00,17,0.0,0.0,0.0
2025-11-25,6:00,18,0.0,0.0,0.0
2025-11-25,12:00,1,6629.8891,6695.8125,65.92339999999967
2025-11-25,12:00,2,5412.6066,5428.35,15.743400000000292
2025-11-25,12:00,3,3966.9937,3995.0625,28.06880000000001
2025-11-25,12:00,4,1913.7004,1915.125,1.424600000000055
2025-11-25,12:00,5,113.0594,114.225,1.1655999999999977
2025-11-25,12:00,6,0.0,0.0,0.0
2025-11-25,12:00,7,0.0,0.0,0.0
2025-11-25,12:00,8,0.0,0.0,0.0
2025-11-25,12:00,9,0.0,0.0,0.0
2025-11-25,12:00,10,0.0,0.0,0.0
2025-11-25,12:00,11,0.0,0.0,0.0
2025-11-25,12:00,12,0.0,0.0,0.0
2025-11-25,18:00,1,0.0,0.0,0.0
2025-11-25,18:00,2,0.0,0.0,0.0
2025-11-25,18:00,3,0.0,0.0,0.0
2025-11-25,18:00,4,0.0,0.0,0.0
2025-11-25,18:00,5,0.0,0.0,0.0
2025-11-25,18:00,6,0.0,0.0,0.0
2025-11-26,0:00,1,0.0,0.0,0.0
2025-11-26,0:00,2,0.0,0.0,0.0
2025-11-26,0:00,3,0.0,0.0,0.0
2025-11-26,0:00,4,0.0,0.0,0.0
2025-11-26,0:00,5,0.0,0.0,0.0
2025-11-26,0:00,6,0.0,0.0,0.0
2025-11-26,0:00,7,95.9527,96.4125,0.4598000000000013
2025-11-26,0:00,8,2053.8691,1969.05,84.81909999999993
2025-11-26,0:00,9,3906.9309,3705.9,201.03089999999975
2025-11-26,0:00,10,5674.7163,5260.9125,413.8037999999997
2025-11-26,0:00,11,6374.6586,6231.2625,143.39609999999993
2025-11-26,0:00,12,5828.8111,6278.85,450.03890000000047
2025-11-26,0:00,13,6086.0586,6135.15,49.09139999999934
2025-11-26,0:00,14,4662.9848,5199.075,536.0901999999996
2025-11-26,0:00,15,3396.324,3722.8125,326.48849999999993
2025-11-26,0:00,16,2113.1027,1922.775,190.32769999999982
2025-11-26,0:00,17,137.7183,102.3,35.4183
2025-11-26,0:00,18,0.0,0.0,0.0
2025-11-26,0:00,19,0.0,0.0,0.0
2025-11-26,0:00,20,0.0,0.0,0.0
2025-11-26,0:00,21,0.0,0.0,0.0
2025-11-26,0:00,22,0.0,0.0,0.0
2025-11-26,0:00,23,0.0,0.0,0.0
2025-11-26,0:00,24,0.0,0.0,0.0
2025-11-26,6:00,1,94.0661,96.4125,2.3463999999999885
2025-11-26,6:00,2,1880.4161,1969.05,88.63390000000004
2025-11-26,6:00,3,3502.4083,3705.9,203.49170000000004
2025-11-26,6:00,4,4791.9576,5260.9125,468.95490000000063
2025-11-26,6:00,5,5801.1021,6231.2625,430.16039999999975
2025-11-26,6:00,6,6212.9958,6278.85,65.85420000000067
2025-11-26,6:00,7,5920.0793,6135.15,215.0706999999993
2025-11-26,6:00,8,5108.8435,5199.075,90.23149999999987
2025-11-26,6:00,9,3728.963,3722.8125,6.150500000000193
2025-11-26,6:00,10,1822.8279,1922.775,99.94710000000009
2025-11-26,6:00,11,91.319,102.3,10.980999999999995
2025-11-26,6:00,12,0.0,0.0,0.0
2025-11-26,6:00,13,0.0,0.0,0.0
2025-11-26,6:00,14,0.0,0.0,0.0
2025-11-26,6:00,15,0.0,0.0,0.0
2025-11-26,6:00,16,0.0,0.0,0.0
2025-11-26,6:00,17,0.0,0.0,0.0
2025-11-26,6:00,18,0.0,0.0,0.0
2025-11-26,12:00,1,6145.4232,6135.15,10.273200000000543
2025-11-26,12:00,2,5217.4284,5199.075,18.353399999999965
2025-11-26,12:00,3,3809.3958,3722.8125,86.58329999999978
2025-11-26,12:00,4,2018.184,1922.775,95.40899999999988
2025-11-26,12:00,5,113.1447,102.3,10.844700000000003
2025-11-26,12:00,6,0.0,0.0,0.0
2025-11-26,12:00,7,0.0,0.0,0.0
2025-11-26,12:00,8,0.0,0.0,0.0
2025-11-26,12:00,9,0.0,0.0,0.0
2025-11-26,12:00,10,0.0,0.0,0.0
2025-11-26,12:00,11,0.0,0.0,0.0
2025-11-26,12:00,12,0.0,0.0,0.0
2025-11-26,18:00,1,0.0,0.0,0.0
2025-11-26,18:00,2,0.0,0.0,0.0
2025-11-26,18:00,3,0.0,0.0,0.0
2025-11-26,18:00,4,0.0,0.0,0.0
2025-11-26,18:00,5,0.0,0.0,0.0
2025-11-26,18:00,6,0.0,0.0,0.0
2025-11-27,0:00,1,0.0,0.0,0.0
2025-11-27,0:00,2,0.0,0.0,0.0
2025-11-27,0:00,3,0.0,0.0,0.0
2025-11-27,0:00,4,0.0,0.0,0.0
2025-11-27,0:00,5,0.0,0.0,0.0
2025-11-27,0:00,6,0.0,0.0,0.0
2025-11-27,0:00,7,98.1829,91.425,6.7579000000000065
2025-11-27,0:00,8,2110.261,1925.4375,184.82349999999997
2025-11-27,0:00,9,4311.3375,3997.7625,313.5749999999998
2025-11-27,0:00,10,5610.4502,5381.85,228.60019999999986
2025-11-27,0:00,11,5905.6745,6405.9,500.22549999999956
2025-11-27,0:00,12,6929.7851,6667.275,262.5101000000004
2025-11-27,0:00,13,6676.3261,6363.825,312.5011000000004
2025-11-27,0:00,14,5064.2603,5046.45,17.810300000000097
2025-11-27,0:00,15,3968.748,3665.8125,302.93550000000005
2025-11-27,0:00,16,1922.7619,1703.2875,219.47440000000006
2025-11-27,0:00,17,90.8019,85.9875,4.814400000000006
2025-11-27,0:00,18,0.0,0.0,0.0
2025-11-27,0:00,19,0.0,0.0,0.0
2025-11-27,0:00,20,0.0,0.0,0.0
2025-11-27,0:00,21,0.0,0.0,0.0
2025-11-27,0:00,22,0.0,0.0,0.0
2025-11-27,0:00,23,0.0,0.0,0.0
2025-11-27,0:00,24,0.0,0.0,0.0
2025-11-27,6:00,1,90.9375,91.425,0.48749999999999716
2025-11-27,6:00,2,1911.2461,1925.4375,14.19139999999993
2025-11-27,6:00,3,3946.8357,3997.7625,50.92679999999973
2025-11-27,6:00,4,5066.02,5381.85,315.8299999999999
2025-11-27,6:00,5,5873.1803,6405.9,532.7196999999996
2025-11-27,6:00,6,6372.164,6667.275,295.1109999999999
2025-11-27,6:00,7,6197.7608,6363.825,166.0641999999998
2025-11-27,6:00,8,4819.5447,5046.45,226.90529999999944
2025-11-27,6:00,9,3797.9758,3665.8125,132.16330000000016
2025-11-27,6:00,10,1950.3515,1703.2875,247.06400000000008
2025-11-27,6:00,11,94.0695,85.9875,8.082000000000008
2025-11-27,6:00,12,0.0,0.0,0.0
2025-11-27,6:00,13,0.0,0.0,0.0
2025-11-27,6:00,14,0.0,0.0,0.0
2025-11-27,6:00,15,0.0,0.0,0.0
2025-11-27,6:00,16,0.0,0.0,0.0
2025-11-27,6:00,17,0.0,0.0,0.0
2025-11-27,6:00,18,0.0,0.0,0.0
2025-11-27,12:00,1,6425.151,6363.825,61.32600000000002
2025-11-27,12:00,2,5130.9314,5046.45,84.48140000000058
2025-11-27,12:00,3,3761.9451,3665.8125,96.13259999999991
2025-11-27,12:00,4,1720.2964,1703.2875,17.00890000000004
2025-11-27,12:00,5,87.0202,85.9875,1.0327000000000055
2025-11-27,12:00,6,0.0,0.0,0.0
2025-11-27,12:00,7,0.0,0.0,0.0
2025-11-27,12:00,8,0.0,0.0,0.0
2025-11-27,12:00,9,0.0,0.0,0.0
2025-11-27,12:00,10,0.0,0.0,0.0
2025-11-27,12:00,11,0.0,0.0,0.0
2025-11-27,12:00,12,0.0,0.0,0.0
2025-11-27,18:00,1,0.0,0.0,0.0
2025-11-27,18:00,2,0.0,0.0,0.0
2025-11-27,18:00,3,0.0,0.0,0.0
2025-11-27,18:00,4,0.0,0.0,0.0
2025-11-27,18:00,5,0.0,0.0,0.0
2025-11-27,18:00,6,0.0,0.0,0.0
2025-11-28,0:00,1,0.0,0.0,0.0
2025-11-28,0:00,2,0.0,0.0,0.0
2025-11-28,0:00,3,0.0,0.0,0.0
2025-11-28,0:00,4,0.0,0.0,0.0
2025-11-28,0:00,5,0.0,0.0,0.0
2025-11-28,0:00,6,0.0,0.0,0.0
2025-11-28,0:00,7,73.5302,74.775,1.2448000000000121
2025-11-28,0:00,8,1685.1688,1720.95,35.781200000000126
2025-11-28,0:00,9,3564.4859,3566.7375,2.251600000000053
2025-11-28,0:00,10,5134.5501,5152.2375,17.687399999999798
2025-11-28,0:00,11,5963.5209,6301.7625,338.2415999999994
2025-11-28,0:00,12,6829.2599,6246.8625,582.3973999999998
2025-11-28,0:00,13,7189.6024,6796.125,393.47739999999976
2025-11-28,0:00,14,5779.0125,5458.725,320.28749999999945
2025-11-28,0:00,15,3886.8167,3806.8125,80.00419999999986
2025-11-28,0:00,16,2117.2878,2001.7875,115.50030000000015
2025-11-28,0:00,17,79.9769,85.725,5.748099999999994
2025-11-28,0:00,18,0.0,0.0,0.0
2025-11-28,0:00,19,0.0,0.0,0.0
2025-11-28,0:00,20,0.0,0.0,0.0
2025-11-28,0:00,21,0.0,0.0,0.0
2025-11-28,0:00,22,0.0,0.0,0.0
2025-11-28,0:00,23,0.0,0.0,0.0
2025-11-28,0:00,24,0.0,0.0,0.0
2025-11-28,6:00,1,75.2214,74.775,0.446399999999997
2025-11-28,6:00,2,1729.6572,1720.95,8.707200000000057
2025-11-28,6:00,3,3521.1417,3566.7375,45.595800000000054
2025-11-28,6:00,4,5011.2458,5152.2375,140.9917000000005
2025-11-28,6:00,5,5999.7469,6301.7625,302.0155999999997
2025-11-28,6:00,6,5898.9698,6246.8625,347.89270000000033
2025-11-28,6:00,7,6301.8892,6796.125,494.2358000000004
2025-11-28,6:00,8,5319.5893,5458.725,139.13570000000072
2025-11-28,6:00,9,3704.3833,3806.8125,102.42920000000004
2025-11-28,6:00,10,1924.977,2001.7875,76.81049999999982
2025-11-28,6:00,11,84.0522,85.725,1.6727999999999952
2025-11-28,6:00,12,0.0,0.0,0.0
2025-11-28,6:00,13,0.0,0.0,0.0
2025-11-28,6:00,14,0.0,0.0,0.0
2025-11-28,6:00,15,0.0,0.0,0.0
2025-11-28,6:00,16,0.0,0.0,0.0
2025-11-28,6:00,17,0.0,0.0,0.0
2025-11-28,6:00,18,0.0,0.0,0.0
2025-11-28,12:00,1,6845.8737,6796.125,49.7487000000001
2025-11-28,12:00,2,5467.8927,5458.725,9.167699999999968
2025-11-28,12:00,3,3845.5682,3806.8125,38.75570000000016
2025-11-28,12:00,4,2051.8824,2001.7875,50.09490000000005
2025-11-28,12:00,5,83.9255,85.725,1.7994999999999948
2025-11-28,12:00,6,0.0,0.0,0.0
2025-11-28,12:00,7,0.0,0.0,0.0
2025-11-28,12:00,8,0.0,0.0,0.0
2025-11-28,12:00,9,0.0,0.0,0.0
2025-11-28,12:00,10,0.0,0.0,0.0
2025-11-28,12:00,11,0.0,0.0,0.0
2025-11-28,12:00,12,0.0,0.0,0.0
2025-11-28,18:00,1,0.0,0.0,0.0
2025-11-28,18:00,2,0.0,0.0,0.0
2025-11-28,18:00,3,0.0,0.0,0.0
2025-11-28,18:00,4,0.0,0.0,0.0
2025-11-28,18:00,5,0.0,0.0,0.0
2025-11-28,18:00,6,0.0,0.0,0.0
2025-11-29,0:00,1,0.0,0.0,0.0
2025-11-29,0:00,2,0.0,0.0,0.0
2025-11-29,0:00,3,0.0,0.0,0.0
2025-11-29,0:00,4,0.0,0.0,0.0
2025-11-29,0:00,5,0.0,0.0,0.0
2025-11-29,0:00,6,0.0,0.0,0.0
2025-11-29,0:00,7,68.173,69.75,1.5769999999999982
2025-11-29,0:00,8,1535.1822,1734.0375,198.85529999999994
2025-11-29,0:00,9,3149.1227,3474.9,325.7773000000002
2025-11-29,0:00,10,4284.559,4983.7125,699.1534999999994
2025-11-29,0:00,11,4685.8705,5619.8625,933.9920000000002
2025-11-29,0:00,12,4217.5105,5573.775,1356.2644999999993
2025-11-29,0:00,13,4619.9104,5314.7625,694.8521000000001
2025-11-29,0:00,14,4325.8998,4769.8875,443.9876999999997
2025-11-29,0:00,15,3340.6622,3359.175,18.51279999999997
2025-11-29,0:00,16,1730.1201,1787.0625,56.94239999999991
2025-11-29,0:00,17,69.911,72.1125,2.201499999999996
2025-11-29,0:00,18,0.0,0.0,0.0
2025-11-29,0:00,19,0.0,0.0,0.0
2025-11-29,0:00,20,0.0,0.0,0.0
2025-11-29,0:00,21,0.0,0.0,0.0
2025-11-29,0:00,22,0.0,0.0,0.0
2025-11-29,0:00,23,0.0,0.0,0.0
2025-11-29,0:00,24,0.0,0.0,0.0
2025-11-29,6:00,1,70.3388,69.75,0.5888000000000062
2025-11-29,6:00,2,1747.6863,1734.0375,13.648800000000165
2025-11-29,6:00,3,3532.9867,3474.9,58.08669999999984
2025-11-29,6:00,4,5019.431,4983.7125,35.71849999999995
2025-11-29,6:00,5,5571.1991,5619.8625,48.663400000000365
2025-11-29,6:00,6,5356.7133,5573.775,217.0616999999993
2025-11-29,6:00,7,5436.6795,5314.7625,121.91700000000037
2025-11-29,6:00,8,4967.4089,4769.8875,197.52140000000054
2025-11-29,6:00,9,3664.6646,3359.175,305.4895999999999
2025-11-29,6:00,10,2084.7349,1787.0625,297.6723999999999
2025-11-29,6:00,11,91.4029,72.1125,19.290400000000005
2025-11-29,6:00,12,0.0,0.0,0.0
2025-11-29,6:00,13,0.0,0.0,0.0
2025-11-29,6:00,14,0.0,0.0,0.0
2025-11-29,6:00,15,0.0,0.0,0.0
2025-11-29,6:00,16,0.0,0.0,0.0
2025-11-29,6:00,17,0.0,0.0,0.0
2025-11-29,6:00,18,0.0,0.0,0.0
2025-11-29,12:00,1,5257.9333,5314.7625,56.82920000000013
2025-11-29,12:00,2,4628.098,4769.8875,141.78949999999986
2025-11-29,12:00,3,3281.5267,3359.175,77.64830000000029
2025-11-29,12:00,4,1772.3627,1787.0625,14.699800000000096
2025-11-29,12:00,5,72.5281,72.1125,0.41559999999999775
2025-11-29,12:00,6,0.0,0.0,0.0
2025-11-29,12:00,7,0.0,0.0,0.0
2025-11-29,12:00,8,0.0,0.0,0.0
2025-11-29,12:00,9,0.0,0.0,0.0
2025-11-29,12:00,10,0.0,0.0,0.0
2025-11-29,12:00,11,0.0,0.0,0.0
2025-11-29,12:00,12,0.0,0.0,0.0
2025-11-29,18:00,1,0.0,0.0,0.0
2025-11-29,18:00,2,0.0,0.0,0.0
2025-11-29,18:00,3,0.0,0.0,0.0
2025-11-29,18:00,4,0.0,0.0,0.0
2025-11-29,18:00,5,0.0,0.0,0.0
2025-11-29,18:00,6,0.0,0.0,0.0
2025-11-30,0:00,1,0.0,0.0,0.0
2025-11-30,0:00,2,0.0,0.0,0.0
2025-11-30,0:00,3,0.0,0.0,0.0
2025-11-30,0:00,4,0.0,0.0,0.0
2025-11-30,0:00,5,0.0,0.0,0.0
2025-11-30,0:00,6,0.0,0.0,0.0
2025-11-30,0:00,7,71.4394,59.475,11.964400000000005
2025-11-30,0:00,8,2031.8224,1764.375,267.4474
2025-11-30,0:00,9,3861.8854,3500.55,361.33539999999994
2025-11-30,0:00,10,5042.8427,4750.5375,292.3051999999998
2025-11-30,0:00,11,5416.1625,5770.2,354.03749999999945
2025-11-30,0:00,12,5776.0909,5796.225,20.134100000000217
2025-11-30,0:00,13,5742.7464,5712.675,30.071399999999812
2025-11-30,0:00,14,5535.5679,4886.475,649.0928999999996
2025-11-30,0:00,15,4066.5408,3365.0625,701.4783000000002
2025-11-30,0:00,16,2089.253,1742.775,346.47800000000007
2025-11-30,0:00,17,57.7642,55.7625,2.0016999999999996
2025-11-30,0:00,18,0.0,0.0,0.0
2025-11-30,0:00,19,0.0,0.0,0.0
2025-11-30,0:00,20,0.0,0.0,0.0
2025-11-30,0:00,21,0.0,0.0,0.0
2025-11-30,0:00,22,0.0,0.0,0.0
2025-11-30,0:00,23,0.0,0.0,0.0
2025-11-30,0:00,24,0.0,0.0,0.0
2025-11-30,6:00,1,59.4017,59.475,0.07330000000000325
2025-11-30,6:00,2,1781.1976,1764.375,16.822599999999966
2025-11-30,6:00,3,3565.0635,3500.55,64.51350000000002
2025-11-30,6:00,4,4814.9814,4750.5375,64.4438999999993
2025-11-30,6:00,5,5650.7904,5770.2,119.40959999999995
2025-11-30,6:00,6,5912.7936,5796.225,116.5685999999996
2025-11-30,6:00,7,5491.6099,5712.675,221.0650999999998
2025-11-30,6:00,8,4504.7878,4886.475,381.6872000000003
2025-11-30,6:00,9,3147.8595,3365.0625,217.20299999999997
2025-11-30,6:00,10,1733.9072,1742.775,8.867799999999988
2025-11-30,6:00,11,50.9051,55.7625,4.8574000000000055
2025-11-30,6:00,12,0.0,0.0,0.0
2025-11-30,6:00,13,0.0,0.0,0.0
2025-11-30,6:00,14,0.0,0.0,0.0
2025-11-30,6:00,15,0.0,0.0,0.0
2025-11-30,6:00,16,0.0,0.0,0.0
2025-11-30,6:00,17,0.0,0.0,0.0
2025-11-30,6:00,18,0.0,0.0,0.0
2025-11-30,12:00,1,5708.562,5712.675,4.113000000000284
2025-11-30,12:00,2,4903.3425,4886.475,16.86749999999938
2025-11-30,12:00,3,3356.6118,3365.0625,8.45069999999987
2025-11-30,12:00,4,1704.3124,1742.775,38.462600000000066
2025-11-30,12:00,5,55.8334,55.7625,0.07089999999999463
2025-11-30,12:00,6,0.0,0.0,0.0
2025-11-30,12:00,7,0.0,0.0,0.0
2025-11-30,12:00,8,0.0,0.0,0.0
2025-11-30,12:00,9,0.0,0.0,0.0
2025-11-30,12:00,10,0.0,0.0,0.0
2025-11-30,12:00,11,0.0,0.0,0.0
2025-11-30,12:00,12,0.0,0.0,0.0
2025-11-30,18:00,1,0.0,0.0,0.0
2025-11-30,18:00,2,0.0,0.0,0.0
2025-11-30,18:00,3,0.0,0.0,0.0
2025-11-30,18:00,4,0.0,0.0,0.0
2025-11-30,18:00,5,0.0,0.0,0.0
2025-11-30,18:00,6,0.0,0.0,0.0
2025-12-01,0:00,1,0.0,0.0,0.0
2025-12-01,0:00,2,0.0,0.0,0.0
2025-12-01,0:00,3,0.0,0.0,0.0
2025-12-01,0:00,4,0.0,0.0,0.0
2025-12-01,0:00,5,0.0,0.0,0.0
2025-12-01,0:00,6,0.0,0.0,0.0
2025-12-01,0:00,7,44.5776,48.5625,3.984900000000003
2025-12-01,0:00,8,1538.2253,1771.5,233.27469999999994
2025-12-01,0:00,9,3072.669,3564.5625,491.89350000000013
2025-12-01,0:00,10,4698.8506,4996.425,297.5744000000004
2025-12-01,0:00,11,6408.5399,6441.3,32.76010000000042
2025-12-01,0:00,12,6175.4063,6563.8125,388.40620000000035
2025-12-01,0:00,13,5433.4294,5790.975,357.5456000000004
2025-12-01,0:00,14,4347.7658,4658.25,310.4841999999999
2025-12-01,0:00,15,3011.8894,3406.4625,394.57310000000007
2025-12-01,0:00,16,1707.9305,1752.0375,44.10699999999997
2025-12-01,0:00,17,55.424,46.875,8.549
2025-12-01,0:00,18,0.0,0.0,0.0
2025-12-01,0:00,19,0.0,0.0,0.0
2025-12-01,0:00,20,0.0,0.0,0.0
2025-12-01,0:00,21,0.0,0.0,0.0
2025-12-01,0:00,22,0.0,0.0,0.0
2025-12-01,0:00,23,0.0,0.0,0.0
2025-12-01,0:00,24,0.0,0.0,0.0
2025-12-01,6:00,1,48.1888,48.5625,0.3736999999999995
2025-12-01,6:00,2,1783.818,1771.5,12.317999999999984
2025-12-01,6:00,3,3584.0399,3564.5625,19.477400000000216
2025-12-01,6:00,4,5127.6837,4996.425,131.2586999999994
2025-12-01,6:00,5,6602.9465,6441.3,161.64649999999983
2025-12-01,6:00,6,6611.9851,6563.8125,48.172599999999875
2025-12-01,6:00,7,5409.2237,5790.975,381.7513000000008
2025-12-01,6:00,8,4158.3911,4658.25,499.8589000000002
2025-12-01,6:00,9,2947.2923,3406.4625,459.1702
2025-12-01,6:00,10,1510.1311,1752.0375,241.90639999999985
2025-12-01,6:00,11,42.1237,46.875,4.7513000000000005
2025-12-01,6:00,12,0.0,0.0,0.0
2025-12-01,6:00,13,0.0,0.0,0.0
2025-12-01,6:00,14,0.0,0.0,0.0
2025-12-01,6:00,15,0.0,0.0,0.0
2025-12-01,6:00,16,0.0,0.0,0.0
2025-12-01,6:00,17,0.0,0.0,0.0
2025-12-01,6:00,18,0.0,0.0,0.0
2025-12-01,12:00,1,5853.6169,5790.975,62.64189999999962
2025-12-01,12:00,2,4717.1654,4658.25,58.91539999999986
2025-12-01,12:00,3,3436.095,3406.4625,29.63249999999971
2025-12-01,12:00,4,1747.5447,1752.0375,4.492799999999988
2025-12-01,12:00,5,46.7483,46.875,0.1266999999999996
2025-12-01,12:00,6,0.0,0.0,0.0
2025-12-01,12:00,7,0.0,0.0,0.0
2025-12-01,12:00,8,0.0,0.0,0.0
2025-12-01,12:00,9,0.0,0.0,0.0
2025-12-01,12:00,10,0.0,0.0,0.0
2025-12-01,12:00,11,0.0,0.0,0.0
2025-12-01,12:00,12,0.0,0.0,0.0
2025-12-01,18:00,1,0.0,0.0,0.0
2025-12-01,18:00,2,0.0,0.0,0.0
2025-12-01,18:00,3,0.0,0.0,0.0
2025-12-01,18:00,4,0.0,0.0,0.0
2025-12-01,18:00,5,0.0,0.0,0.0
2025-12-01,18:00,6,0.0,0.0,0.0
2025-12-02,0:00,1,0.0,0.0,0.0
2025-12-02,0:00,2,0.0,0.0,0.0
2025-12-02,0:00,3,0.0,0.0,0.0
2025-12-02,0:00,4,0.0,0.0,0.0
2025-12-02,0:00,5,0.0,0.0,0.0
2025-12-02,0:00,6,0.0,0.0,0.0
2025-12-02,0:00,7,45.4678,41.475,3.9927999999999955
2025-12-02,0:00,8,1700.3803,1567.95,132.4303
2025-12-02,0:00,9,3469.4312,3503.325,33.89379999999983
2025-12-02,0:00,10,4228.0367,4558.5,330.46330000000034
2025-12-02,0:00,11,4697.0657,5340.675,643.6093000000001
2025-12-02,0:00,12,4977.2848,6194.55,1217.2651999999998
2025-12-02,0:00,13,4972.9981,5667.2625,694.2644
2025-12-02,0:00,14,4414.6051,4874.85,460.2449000000006
2025-12-02,0:00,15,3067.3893,3267.0375,199.6482000000001
2025-12-02,0:00,16,1662.767,1653.8625,8.904500000000098
2025-12-02,0:00,17,45.6805,40.125,5.555500000000002
2025-12-02,0:00,18,0.0,0.0,0.0
2025-12-02,0:00,19,0.0,0.0,0.0
2025-12-02,0:00,20,0.0,0.0,0.0
2025-12-02,0:00,21,0.0,0.0,0.0
2025-12-02,0:00,22,0.0,0.0,0.0
2025-12-02,0:00,23,0.0,0.0,0.0
2025-12-02,0:00,24,0.0,0.0,0.0
2025-12-02,6:00,1,41.4288,41.475,0.04619999999999891
2025-12-02,6:00,2,1555.2472,1567.95,12.702800000000025
2025-12-02,6:00,3,3549.4654,3503.325,46.14040000000023
2025-12-02,6:00,4,4407.111,4558.5,151.38900000000012
2025-12-02,6:00,5,5150.9037,5340.675,189.77130000000034
2025-12-02,6:00,6,5773.6286,6194.55,420.9214000000002
2025-12-02,6:00,7,5445.0659,5667.2625,222.19660000000022
2025-12-02,6:00,8,4266.2866,4874.85,608.5634
2025-12-02,6:00,9,3185.8667,3267.0375,81.17079999999987
2025-12-02,6:00,10,1529.9539,1653.8625,123.90859999999998
2025-12-02,6:00,11,41.935,40.125,1.8100000000000023
2025-12-02,6:00,12,0.0,0.0,0.0
2025-12-02,6:00,13,0.0,0.0,0.0
2025-12-02,6:00,14,0.0,0.0,0.0
2025-12-02,6:00,15,0.0,0.0,0.0
2025-12-02,6:00,16,0.0,0.0,0.0
2025-12-02,6:00,17,0.0,0.0,0.0
2025-12-02,6:00,18,0.0,0.0,0.0
2025-12-02,12:00,1,5651.8494,5667.2625,15.413099999999758
2025-12-02,12:00,2,4868.509,4874.85,6.341000000000349
2025-12-02,12:00,3,3258.2958,3267.0375,8.741700000000037
2025-12-02,12:00,4,1670.5283,1653.8625,16.66579999999999
2025-12-02,12:00,5,38.8208,40.125,1.3042000000000016
2025-12-02,12:00,6,0.0,0.0,0.0
2025-12-02,12:00,7,0.0,0.0,0.0
2025-12-02,12:00,8,0.0,0.0,0.0
2025-12-02,12:00,9,0.0,0.0,0.0
2025-12-02,12:00,10,0.0,0.0,0.0
2025-12-02,12:00,11,0.0,0.0,0.0
2025-12-02,12:00,12,0.0,0.0,0.0
2025-12-02,18:00,1,0.0,0.0,0.0
2025-12-02,18:00,2,0.0,0.0,0.0
2025-12-02,18:00,3,0.0,0.0,0.0
2025-12-02,18:00,4,0.0,0.0,0.0
2025-12-02,18:00,5,0.0,0.0,0.0
2025-12-02,18:00,6,0.0,0.0,0.0
2025-12-03,0:00,1,0.0,0.0,0.0
2025-12-03,0:00,2,0.0,0.0,0.0
2025-12-03,0:00,3,0.0,0.0,0.0
2025-12-03,0:00,4,0.0,0.0,0.0
2025-12-03,0:00,5,0.0,0.0,0.0
2025-12-03,0:00,6,0.0,0.0,0.0
2025-12-03,0:00,7,34.3538,35.25,0.8962000000000003
2025-12-03,0:00,8,1555.6109,1666.4625,110.85160000000019
2025-12-03,0:00,9,3631.4819,3533.7,97.7819000000004
2025-12-03,0:00,10,5274.2887,5088.1875,186.10120000000006
2025-12-03,0:00,11,7090.65,6416.325,674.3249999999998
2025-12-03,0:00,12,6805.5005,5716.7625,1088.7380000000003
2025-12-03,0:00,13,6708.0902,5241.975,1466.1151999999993
2025-12-03,0:00,14,5645.925,4651.875,994.0500000000002
2025-12-03,0:00,15,4166.5875,3256.3875,910.1999999999998
2025-12-03,0:00,16,1973.5309,1603.35,370.18090000000007
2025-12-03,0:00,17,36.4305,34.2375,2.193000000000005
2025-12-03,0:00,18,0.0,0.0,0.0
2025-12-03,0:00,19,0.0,0.0,0.0
2025-12-03,0:00,20,0.0,0.0,0.0
2025-12-03,0:00,21,0.0,0.0,0.0
2025-12-03,0:00,22,0.0,0.0,0.0
2025-12-03,0:00,23,0.0,0.0,0.0
2025-12-03,0:00,24,0.0,0.0,0.0
2025-12-03,6:00,1,35.2165,35.25,0.03349999999999653
2025-12-03,6:00,2,1655.2476,1666.4625,11.21490000000017
2025-12-03,6:00,3,3481.0122,3533.7,52.6877999999997
2025-12-03,6:00,4,5001.9136,5088.1875,86.27390000000014
2025-12-03,6:00,5,6045.2246,6416.325,371.10040000000026
2025-12-03,6:00,6,5630.7811,5716.7625,85.98139999999967
2025-12-03,6:00,7,5225.0718,5241.975,16.903200000000652
2025-12-03,6:00,8,4917.2674,4651.875,265.3923999999997
2025-12-03,6:00,9,3307.2043,3256.3875,50.81680000000006
2025-12-03,6:00,10,1672.0494,1603.35,68.6994000000002
2025-12-03,6:00,11,34.6863,34.2375,0.44880000000000564
2025-12-03,6:00,12,0.0,0.0,0.0
2025-12-03,6:00,13,0.0,0.0,0.0
2025-12-03,6:00,14,0.0,0.0,0.0
2025-12-03,6:00,15,0.0,0.0,0.0
2025-12-03,6:00,16,0.0,0.0,0.0
2025-12-03,6:00,17,0.0,0.0,0.0
2025-12-03,6:00,18,0.0,0.0,0.0
2025-12-03,12:00,1,5211.4217,5241.975,30.55330000000049
2025-12-03,12:00,2,4662.963,4651.875,11.087999999999738
2025-12-03,12:00,3,3194.0001,3256.3875,62.387399999999616
2025-12-03,12:00,4,1559.7874,1603.35,43.562599999999975
2025-12-03,12:00,5,33.0041,34.2375,1.233399999999996
2025-12-03,12:00,6,0.0,0.0,0.0
2025-12-03,12:00,7,0.0,0.0,0.0
2025-12-03,12:00,8,0.0,0.0,0.0
2025-12-03,12:00,9,0.0,0.0,0.0
2025-12-03,12:00,10,0.0,0.0,0.0
2025-12-03,12:00,11,0.0,0.0,0.0
2025-12-03,12:00,12,0.0,0.0,0.0
2025-12-03,18:00,1,0.0,0.0,0.0
2025-12-03,18:00,2,0.0,0.0,0.0
2025-12-03,18:00,3,0.0,0.0,0.0
2025-12-03,18:00,4,0.0,0.0,0.0
2025-12-03,18:00,5,0.0,0.0,0.0
2025-12-03,18:00,6,0.0,0.0,0.0
2025-12-04,0:00,1,0.0,0.0,0.0
2025-12-04,0:00,2,0.0,0.0,0.0
2025-12-04,0:00,3,0.0,0.0,0.0
2025-12-04,0:00,4,0.0,0.0,0.0
2025-12-04,0:00,5,0.0,0.0,0.0
2025-12-04,0:00,6,0.0,0.0,0.0
2025-12-04,0:00,7,24.5396,25.8,1.2604000000000006
2025-12-04,0:00,8,1695.1795,1654.4625,40.71699999999987
2025-12-04,0:00,9,3454.5003,3206.8125,247.68780000000015
2025-12-04,0:00,10,5435.9953,4748.6625,687.3327999999992
2025-12-04,0:00,11,6387.9882,6040.8375,347.15070000000014
2025-12-04,0:00,12,6225.3818,6321.8625,96.48070000000007
2025-12-04,0:00,13,5369.1175,6210.075,840.9574999999995
2025-12-04,0:00,14,3685.677,5104.35,1418.6730000000002
2025-12-04,0:00,15,2156.8246,3455.2875,1298.4629
2025-12-04,0:00,16,1124.7885,1657.875,533.0864999999999
2025-12-04,0:00,17,18.246,27.7875,9.541500000000003
2025-12-04,0:00,18,0.0,0.0,0.0
2025-12-04,0:00,19,0.0,0.0,0.0
2025-12-04,0:00,20,0.0,0.0,0.0
2025-12-04,0:00,21,0.0,0.0,0.0
2025-12-04,0:00,22,0.0,0.0,0.0
2025-12-04,0:00,23,0.0,0.0,0.0
2025-12-04,0:00,24,0.0,0.0,0.0
2025-12-04,6:00,1,26.0363,25.8,0.23629999999999995
2025-12-04,6:00,2,1693.3136,1654.4625,38.85109999999986
2025-12-04,6:00,3,3289.9596,3206.8125,83.14710000000014
2025-12-04,6:00,4,4923.8679,4748.6625,175.20539999999983
2025-12-04,6:00,5,6095.638,6040.8375,54.800500000000284
2025-12-04,6:00,6,6180.3167,6321.8625,141.54579999999987
2025-12-04,6:00,7,6037.7283,6210.075,172.34670000000006
2025-12-04,6:00,8,5081.1238,5104.35,23.226200000000063
2025-12-04,6:00,9,3376.8645,3455.2875,78.42299999999977
2025-12-04,6:00,10,1672.8766,1657.875,15.001600000000053
2025-12-04,6:00,11,27.9749,27.7875,0.18740000000000023
2025-12-04,6:00,12,0.0,0.0,0.0
2025-12-04,6:00,13,0.0,0.0,0.0
2025-12-04,6:00,14,0.0,0.0,0.0
2025-12-04,6:00,15,0.0,0.0,0.0
2025-12-04,6:00,16,0.0,0.0,0.0
2025-12-04,6:00,17,0.0,0.0,0.0
2025-12-04,6:00,18,0.0,0.0,0.0
2025-12-04,12:00,1,6131.3592,6210.075,78.71579999999994
2025-12-04,12:00,2,4991.7997,5104.35,112.55030000000079
2025-12-04,12:00,3,3410.9618,3455.2875,44.32569999999987
2025-12-04,12:00,4,1634.1566,1657.875,23.718399999999974
2025-12-04,12:00,5,27.3614,27.7875,0.4261000000000017
2025-12-04,12:00,6,0.0,0.0,0.0
2025-12-04,12:00,7,0.0,0.0,0.0
2025-12-04,12:00,8,0.0,0.0,0.0
2025-12-04,12:00,9,0.0,0.0,0.0
2025-12-04,12:00,10,0.0,0.0,0.0
2025-12-04,12:00,11,0.0,0.0,0.0
2025-12-04,12:00,12,0.0,0.0,0.0
2025-12-04,18:00,1,0.0,0.0,0.0
2025-12-04,18:00,2,0.0,0.0,0.0
2025-12-04,18:00,3,0.0,0.0,0.0
2025-12-04,18:00,4,0.0,0.0,0.0
2025-12-04,18:00,5,0.0,0.0,0.0
2025-12-04,18:00,6,0.0,0.0,0.0
2025-12-05,0:00,1,0.0,0.0,0.0
2025-12-05,0:00,2,0.0,0.0,0.0
2025-12-05,0:00,3,0.0,0.0,0.0
2025-12-05,0:00,4,0.0,0.0,0.0
2025-12-05,0:00,5,0.0,0.0,0.0
2025-12-05,0:00,6,0.0,0.0,0.0
2025-12-05,0:00,7,18.4635,19.5,1.0365000000000002
2025-12-05,0:00,8,1512.5298,1512.1875,0.3423000000000229
2025-12-05,0:00,9,3273.8568,3392.85,118.99319999999989
2025-12-05,0:00,10,4735.1185,5008.3125,273.1940000000004
2025-12-05,0:00,11,5268.7221,5913.6375,644.9153999999999
2025-12-05,0:00,12,6515.4692,6444.45,71.01919999999973
2025-12-05,0:00,13,5821.5215,5963.1375,141.61599999999999
2025-12-05,0:00,14,4566.1162,4289.3625,276.7537000000002
2025-12-05,0:00,15,3494.4242,3242.325,252.0992000000001
2025-12-05,0:00,16,1972.4386,1695.7125,276.72609999999986
2025-12-05,0:00,17,24.6622,23.325,1.3371999999999993
2025-12-05,0:00,18,0.0,0.0,0.0
2025-12-05,0:00,19,0.0,0.0,0.0
2025-12-05,0:00,20,0.0,0.0,0.0
2025-12-05,0:00,21,0.0,0.0,0.0
2025-12-05,0:00,22,0.0,0.0,0.0
2025-12-05,0:00,23,0.0,0.0,0.0
2025-12-05,0:00,24,0.0,0.0,0.0
2025-12-05,6:00,1,19.4717,19.5,0.028300000000001546
2025-12-05,6:00,2,1501.2779,1512.1875,10.909599999999955
2025-12-05,6:00,3,3315.4113,3392.85,77.4386999999997
2025-12-05,6:00,4,4573.7273,5008.3125,434.58520000000044
2025-12-05,6:00,5,5493.6784,5913.6375,419.95910000000003
2025-12-05,6:00,6,6107.054,6444.45,337.39599999999973
2025-12-05,6:00,7,5621.4811,5963.1375,341.65639999999985
2025-12-05,6:00,8,4072.6535,4289.3625,216.7090000000003
2025-12-05,6:00,9,3385.6095,3242.325,143.2845000000002
2025-12-05,6:00,10,1803.086,1695.7125,107.37349999999992
2025-12-05,6:00,11,26.1681,23.325,2.8430999999999997
2025-12-05,6:00,12,0.0,0.0,0.0
2025-12-05,6:00,13,0.0,0.0,0.0
2025-12-05,6:00,14,0.0,0.0,0.0
2025-12-05,6:00,15,0.0,0.0,0.0
2025-12-05,6:00,16,0.0,0.0,0.0
2025-12-05,6:00,17,0.0,0.0,0.0
2025-12-05,6:00,18,0.0,0.0,0.0
2025-12-05,12:00,1,6052.4221,5963.1375,89.28459999999995
2025-12-05,12:00,2,4346.694,4289.3625,57.33150000000023
2025-12-05,12:00,3,3221.1695,3242.325,21.155499999999847
2025-12-05,12:00,4,1686.2243,1695.7125,9.488200000000006
2025-12-05,12:00,5,23.2064,23.325,0.1186000000000007
2025-12-05,12:00,6,0.0,0.0,0.0
2025-12-05,12:00,7,0.0,0.0,0.0
2025-12-05,12:00,8,0.0,0.0,0.0
2025-12-05,12:00,9,0.0,0.0,0.0
2025-12-05,12:00,10,0.0,0.0,0.0
2025-12-05,12:00,11,0.0,0.0,0.0
2025-12-05,12:00,12,0.0,0.0,0.0
2025-12-05,18:00,1,0.0,0.0,0.0
2025-12-05,18:00,2,0.0,0.0,0.0
2025-12-05,18:00,3,0.0,0.0,0.0
2025-12-05,18:00,4,0.0,0.0,0.0
2025-12-05,18:00,5,0.0,0.0,0.0
2025-12-05,18:00,6,0.0,0.0,0.0
2025-12-06,0:00,1,0.0,0.0,0.0
2025-12-06,0:00,2,0.0,0.0,0.0
2025-12-06,0:00,3,0.0,0.0,0.0
2025-12-06,0:00,4,0.0,0.0,0.0
2025-12-06,0:00,5,0.0,0.0,0.0
2025-12-06,0:00,6,0.0,0.0,0.0
2025-12-06,0:00,7,14.6116,16.9125,2.300900000000002
2025-12-06,0:00,8,1495.2236,1620.7125,125.48890000000006
2025-12-06,0:00,9,3072.5303,3228.1875,155.6572000000001
2025-12-06,0:00,10,4113.1716,4345.3875,232.21590000000015
2025-12-06,0:00,11,5362.4497,5163.825,198.6247000000003
2025-12-06,0:00,12,5524.1876,5511.6,12.587599999999838
2025-12-06,0:00,13,5525.8332,5700.6375,174.80429999999978
2025-12-06,0:00,14,4824.0022,4866.7125,42.710299999999734
2025-12-06,0:00,15,3178.2489,3321.0,142.75109999999995
2025-12-06,0:00,16,1487.4197,1538.5125,51.092800000000125
2025-12-06,0:00,17,16.0213,15.975,0.04630000000000045
2025-12-06,0:00,18,0.0,0.0,0.0
2025-12-06,0:00,19,0.0,0.0,0.0
2025-12-06,0:00,20,0.0,0.0,0.0
2025-12-06,0:00,21,0.0,0.0,0.0
2025-12-06,0:00,22,0.0,0.0,0.0
2025-12-06,0:00,23,0.0,0.0,0.0
2025-12-06,0:00,24,0.0,0.0,0.0
2025-12-06,6:00,1,16.7424,16.9125,0.17010000000000147
2025-12-06,6:00,2,1581.7087,1620.7125,39.00380000000018
2025-12-06,6:00,3,3131.1596,3228.1875,97.02790000000005
2025-12-06,6:00,4,4184.8286,4345.3875,160.5589
2025-12-06,6:00,5,4981.988,5163.825,181.83699999999953
2025-12-06,6:00,6,5398.5376,5511.6,113.06240000000071
2025-12-06,6:00,7,6005.8016,5700.6375,305.16409999999996
2025-12-06,6:00,8,5299.5013,4866.7125,432.78880000000026
2025-12-06,6:00,9,3435.7914,3321.0,114.79140000000007
2025-12-06,6:00,10,1679.3357,1538.5125,140.82320000000004
2025-12-06,6:00,11,16.3551,15.975,0.38010000000000055
2025-12-06,6:00,12,0.0,0.0,0.0
2025-12-06,6:00,13,0.0,0.0,0.0
2025-12-06,6:00,14,0.0,0.0,0.0
2025-12-06,6:00,15,0.0,0.0,0.0
2025-12-06,6:00,16,0.0,0.0,0.0
2025-12-06,6:00,17,0.0,0.0,0.0
2025-12-06,6:00,18,0.0,0.0,0.0
2025-12-06,12:00,1,5762.5713,5700.6375,61.93379999999979
2025-12-06,12:00,2,4909.6413,4866.7125,42.92880000000059
2025-12-06,12:00,3,3354.5706,3321.0,33.57060000000001
2025-12-06,12:00,4,1610.8878,1538.5125,72.37529999999992
2025-12-06,12:00,5,16.5935,15.975,0.6184999999999992
2025-12-06,12:00,6,0.0,0.0,0.0
2025-12-06,12:00,7,0.0,0.0,0.0
2025-12-06,12:00,8,0.0,0.0,0.0
2025-12-06,12:00,9,0.0,0.0,0.0
2025-12-06,12:00,10,0.0,0.0,0.0
2025-12-06,12:00,11,0.0,0.0,0.0
2025-12-06,12:00,12,0.0,0.0,0.0
2025-12-06,18:00,1,0.0,0.0,0.0
2025-12-06,18:00,2,0.0,0.0,0.0
2025-12-06,18:00,3,0.0,0.0,0.0
2025-12-06,18:00,4,0.0,0.0,0.0
2025-12-06,18:00,5,0.0,0.0,0.0
2025-12-06,18:00,6,0.0,0.0,0.0
2025-12-07,0:00,1,0.0,0.0,0.0
2025-12-07,0:00,2,0.0,0.0,0.0
2025-12-07,0:00,3,0.0,0.0,0.0
2025-12-07,0:00,4,0.0,0.0,0.0
2025-12-07,0:00,5,0.0,0.0,0.0
2025-12-07,0:00,6,0.0,0.0,0.0
2025-12-07,0:00,7,13.5841,13.2,0.3841000000000001
2025-12-07,0:00,8,1744.5357,1690.6125,53.92319999999995
2025-12-07,0:00,9,3587.5949,3715.8375,128.24260000000004
2025-12-07,0:00,10,4378.8187,4824.975,446.15630000000056
2025-12-07,0:00,11,4696.8187,5781.7875,1084.9688000000006
2025-12-07,0:00,12,5608.0967,6349.05,740.9533000000001
2025-12-07,0:00,13,4865.5788,5513.55,647.9712
2025-12-07,0:00,14,4160.8904,4574.0625,413.1720999999998
2025-12-07,0:00,15,2694.7487,3098.8875,404.1387999999997
2025-12-07,0:00,16,1427.4927,1428.3375,0.8448000000000775
2025-12-07,0:00,17,10.7073,11.55,0.8427000000000007
2025-12-07,0:00,18,0.0,0.0,0.0
2025-12-07,0:00,19,0.0,0.0,0.0
2025-12-07,0:00,20,0.0,0.0,0.0
2025-12-07,0:00,21,0.0,0.0,0.0
2025-12-07,0:00,22,0.0,0.0,0.0
2025-12-07,0:00,23,0.0,0.0,0.0
2025-12-07,0:00,24,0.0,0.0,0.0
2025-12-07,6:00,1,13.0624,13.2,0.13759999999999906
2025-12-07,6:00,2,1699.386,1690.6125,8.773500000000013
2025-12-07,6:00,3,3738.6715,3715.8375,22.833999999999833
2025-12-07,6:00,4,4900.0808,4824.975,75.10579999999936
2025-12-07,6:00,5,6117.3995,5781.7875,335.6120000000001
2025-12-07,6:00,6,6992.6221,6349.05,643.5720999999994
2025-12-07,6:00,7,5755.7272,5513.55,242.17720000000008
2025-12-07,6:00,8,4898.3221,4574.0625,324.2596000000003
2025-12-07,6:00,9,3377.2541,3098.8875,278.3666000000003
2025-12-07,6:00,10,1543.3892,1428.3375,115.05169999999998
2025-12-07,6:00,11,11.4025,11.55,0.14750000000000085
2025-12-07,6:00,12,0.0,0.0,0.0
2025-12-07,6:00,13,0.0,0.0,0.0
2025-12-07,6:00,14,0.0,0.0,0.0
2025-12-07,6:00,15,0.0,0.0,0.0
2025-12-07,6:00,16,0.0,0.0,0.0
2025-12-07,6:00,17,0.0,0.0,0.0
2025-12-07,6:00,18,0.0,0.0,0.0
2025-12-07,12:00,1,5526.3733,5513.55,12.823300000000017
2025-12-07,12:00,2,4625.952,4574.0625,51.889500000000226
2025-12-07,12:00,3,3118.3336,3098.8875,19.446100000000115
2025-12-07,12:00,4,1417.4405,1428.3375,10.897000000000162
2025-12-07,12:00,5,11.5696,11.55,0.01959999999999873
2025-12-07,12:00,6,0.0,0.0,0.0
2025-12-07,12:00,7,0.0,0.0,0.0
2025-12-07,12:00,8,0.0,0.0,0.0
2025-12-07,12:00,9,0.0,0.0,0.0
2025-12-07,12:00,10,0.0,0.0,0.0
2025-12-07,12:00,11,0.0,0.0,0.0
2025-12-07,12:00,12,0.0,0.0,0.0
2025-12-07,18:00,1,0.0,0.0,0.0
2025-12-07,18:00,2,0.0,0.0,0.0
2025-12-07,18:00,3,0.0,0.0,0.0
2025-12-07,18:00,4,0.0,0.0,0.0
2025-12-07,18:00,5,0.0,0.0,0.0
2025-12-07,18:00,6,0.0,0.0,0.0
2025-12-08,0:00,1,0.0,0.0,0.0
2025-12-08,0:00,2,0.0,0.0,0.0
2025-12-08,0:00,3,0.0,0.0,0.0
2025-12-08,0:00,4,0.0,0.0,0.0
2025-12-08,0:00,5,0.0,0.0,0.0
2025-12-08,0:00,6,0.0,0.0,0.0
2025-12-08,0:00,7,8.4388,8.5125,0.07369999999999877
2025-12-08,0:00,8,1715.8405,1704.75,11.09050000000002
2025-12-08,0:00,9,3125.0424,3757.95,632.9076
2025-12-08,0:00,10,4108.9996,4865.475,756.4754000000003
2025-12-08,0:00,11,4477.7077,5669.1375,1191.4298
2025-12-08,0:00,12,5350.0364,6004.575,654.5385999999999
2025-12-08,0:00,13,5022.8299,5252.325,229.4951000000001
2025-12-08,0:00,14,4664.7284,4485.825,178.90340000000015
2025-12-08,0:00,15,3213.7859,3169.575,44.21090000000004
2025-12-08,0:00,16,1860.5197,1616.25,244.26970000000006
2025-12-08,0:00,17,8.2096,8.175,0.0345999999999993
2025-12-08,0:00,18,0.0,0.0,0.0
2025-12-08,0:00,19,0.0,0.0,0.0
2025-12-08,0:00,20,0.0,0.0,0.0
2025-12-08,0:00,21,0.0,0.0,0.0
2025-12-08,0:00,22,0.0,0.0,0.0
2025-12-08,0:00,23,0.0,0.0,0.0
2025-12-08,0:00,24,0.0,0.0,0.0
2025-12-08,6:00,1,8.5686,8.5125,0.056100000000000705
2025-12-08,6:00,2,1712.2038,1704.75,7.453800000000001
2025-12-08,6:00,3,3667.7568,3757.95,90.1931999999997
2025-12-08,6:00,4,4507.2221,4865.475,358.2529000000004
2025-12-08,6:00,5,4980.9102,5669.1375,688.2272999999996
2025-12-08,6:00,6,4958.1506,6004.575,1046.4243999999999
2025-12-08,6:00,7,4200.7326,5252.325,1051.5923999999995
2025-12-08,6:00,8,3849.3347,4485.825,636.4902999999999
2025-12-08,6:00,9,3007.5312,3169.575,162.04379999999992
2025-12-08,6:00,10,1662.6218,1616.25,46.371799999999894
2025-12-08,6:00,11,9.7047,8.175,1.5297
2025-12-08,6:00,12,0.0,0.0,0.0
2025-12-08,6:00,13,0.0,0.0,0.0
2025-12-08,6:00,14,0.0,0.0,0.0
2025-12-08,6:00,15,0.0,0.0,0.0
2025-12-08,6:00,16,0.0,0.0,0.0
2025-12-08,6:00,17,0.0,0.0,0.0
2025-12-08,6:00,18,0.0,0.0,0.0
2025-12-08,12:00,1,5209.9619,5252.325,42.36309999999958
2025-12-08,12:00,2,4459.4235,4485.825,26.401499999999942
2025-12-08,12:00,3,3174.3536,3169.575,4.778600000000097
2025-12-08,12:00,4,1636.5969,1616.25,20.346900000000005
2025-12-08,12:00,5,8.338,8.175,0.16299999999999848
2025-12-08,12:00,6,0.0,0.0,0.0
2025-12-08,12:00,7,0.0,0.0,0.0
2025-12-08,12:00,8,0.0,0.0,0.0
2025-12-08,12:00,9,0.0,0.0,0.0
2025-12-08,12:00,10,0.0,0.0,0.0
2025-12-08,12:00,11,0.0,0.0,0.0
2025-12-08,12:00,12,0.0,0.0,0.0
2025-12-08,18:00,1,0.0,0.0,0.0
2025-12-08,18:00,2,0.0,0.0,0.0
2025-12-08,18:00,3,0.0,0.0,0.0
2025-12-08,18:00,4,0.0,0.0,0.0
2025-12-08,18:00,5,0.0,0.0,0.0
2025-12-08,18:00,6,0.0,0.0,0.0
2025-12-09,0:00,1,0.0,0.0,0.0
2025-12-09,0:00,2,0.0,0.0,0.0
2025-12-09,0:00,3,0.0,0.0,0.0
2025-12-09,0:00,4,0.0,0.0,0.0
2025-12-09,0:00,5,0.0,0.0,0.0
2025-12-09,0:00,6,0.0,0.0,0.0
2025-12-09,0:00,7,4.4405,4.3875,0.052999999999999936
2025-12-09,0:00,8,1416.8327,1495.7625,78.92980000000011
2025-12-09,0:00,9,3148.3846,3322.05,173.66540000000032
2025-12-09,0:00,10,4394.1374,4981.7625,587.6251000000002
2025-12-09,0:00,11,4879.7025,6030.75,1151.0474999999997
2025-12-09,0:00,12,5424.2788,6243.075,818.7961999999998
2025-12-09,0:00,13,5518.4622,5922.75,404.28780000000006
2025-12-09,0:00,14,4621.8756,4530.9375,90.9381000000003
2025-12-09,0:00,15,3210.1583,2977.9125,232.24580000000014
2025-12-09,0:00,16,1853.6423,1551.225,302.41730000000007
2025-12-09,0:00,17,5.5207,4.875,0.6456999999999997
2025-12-09,0:00,18,0.0,0.0,0.0
2025-12-09,0:00,19,0.0,0.0,0.0
2025-12-09,0:00,20,0.0,0.0,0.0
2025-12-09,0:00,21,0.0,0.0,0.0
2025-12-09,0:00,22,0.0,0.0,0.0
2025-12-09,0:00,23,0.0,0.0,0.0
2025-12-09,0:00,24,0.0,0.0,0.0
2025-12-09,6:00,1,4.4536,4.3875,0.0660999999999996
2025-12-09,6:00,2,1506.6362,1495.7625,10.873699999999872
2025-12-09,6:00,3,3316.0084,3322.05,6.041600000000017
2025-12-09,6:00,4,4938.6567,4981.7625,43.10580000000027
2025-12-09,6:00,5,6002.7591,6030.75,27.990899999999783
2025-12-09,6:00,6,6109.5808,6243.075,133.4942000000001
2025-12-09,6:00,7,6105.0992,5922.75,182.34919999999966
2025-12-09,6:00,8,4834.304,4530.9375,303.3665000000001
2025-12-09,6:00,9,2898.7675,2977.9125,79.14499999999998
2025-12-09,6:00,10,1464.8015,1551.225,86.42349999999988
2025-12-09,6:00,11,4.3334,4.875,0.5415999999999999
2025-12-09,6:00,12,0.0,0.0,0.0
2025-12-09,6:00,13,0.0,0.0,0.0
2025-12-09,6:00,14,0.0,0.0,0.0
2025-12-09,6:00,15,0.0,0.0,0.0
2025-12-09,6:00,16,0.0,0.0,0.0
2025-12-09,6:00,17,0.0,0.0,0.0
2025-12-09,6:00,18,0.0,0.0,0.0
2025-12-09,12:00,1,5943.1809,5922.75,20.430900000000292
2025-12-09,12:00,2,4593.1087,4530.9375,62.17119999999977
2025-12-09,12:00,3,3054.0952,2977.9125,76.1827000000003
2025-12-09,12:00,4,1596.2495,1551.225,45.02449999999999
2025-12-09,12:00,5,4.9589,4.875,0.08389999999999986
2025-12-09,12:00,6,0.0,0.0,0.0
2025-12-09,12:00,7,0.0,0.0,0.0
2025-12-09,12:00,8,0.0,0.0,0.0
2025-12-09,12:00,9,0.0,0.0,0.0
2025-12-09,12:00,10,0.0,0.0,0.0
2025-12-09,12:00,11,0.0,0.0,0.0
2025-12-09,12:00,12,0.0,0.0,0.0
2025-12-09,18:00,1,0.0,0.0,0.0
2025-12-09,18:00,2,0.0,0.0,0.0
2025-12-09,18:00,3,0.0,0.0,0.0
2025-12-09,18:00,4,0.0,0.0,0.0
2025-12-09,18:00,5,0.0,0.0,0.0
2025-12-09,18:00,6,0.0,0.0,0.0
2025-12-10,0:00,1,0.0,0.0,0.0
2025-12-10,0:00,2,0.0,0.0,0.0
2025-12-10,0:00,3,0.0,0.0,0.0
2025-12-10,0:00,4,0.0,0.0,0.0
2025-12-10,0:00,5,0.0,0.0,0.0
2025-12-10,0:00,6,0.0,0.0,0.0
2025-12-10,0:00,7,1.9626,2.025,0.06240000000000001
2025-12-10,0:00,8,1820.7299,1785.3,35.42990000000009
2025-12-10,0:00,9,3997.7625,3700.275,297.4874999999997
2025-12-10,0:00,10,5381.85,4672.2,709.6500000000005
2025-12-10,0:00,11,6441.3,5702.775,738.5250000000005
2025-12-10,0:00,12,6667.275,5957.2875,709.9874999999993
2025-12-10,0:00,13,5478.3137,5142.0375,336.27619999999933
2025-12-10,0:00,14,4463.7255,4579.575,115.84950000000026
2025-12-10,0:00,15,2886.114,3067.0875,180.97350000000006
2025-12-10,0:00,16,1098.7086,1255.275,156.56640000000016
2025-12-10,0:00,17,1.538,1.8375,0.2994999999999999
2025-12-10,0:00,18,0.0,0.0,0.0
2025-12-10,0:00,19,0.0,0.0,0.0
2025-12-10,0:00,20,0.0,0.0,0.0
2025-12-10,0:00,21,0.0,0.0,0.0
2025-12-10,0:00,22,0.0,0.0,0.0
2025-12-10,0:00,23,0.0,0.0,0.0
2025-12-10,0:00,24,0.0,0.0,0.0
2025-12-10,6:00,1,2.0285,2.025,0.0035000000000002807
2025-12-10,6:00,2,1824.1081,1785.3,38.80809999999997
2025-12-10,6:00,3,3842.8709,3700.275,142.5958999999998
2025-12-10,6:00,4,4785.4843,4672.2,113.28430000000026
2025-12-10,6:00,5,5662.8313,5702.775,39.94369999999981
2025-12-10,6:00,6,5798.8967,5957.2875,158.39080000000013
2025-12-10,6:00,7,4796.4726,5142.0375,345.5649000000003
2025-12-10,6:00,8,3812.1329,4579.575,767.4420999999998
2025-12-10,6:00,9,2992.0883,3067.0875,74.9992000000002
2025-12-10,6:00,10,1323.2369,1255.275,67.96190000000001
2025-12-10,6:00,11,2.046,1.8375,0.2084999999999999
2025-12-10,6:00,12,0.0,0.0,0.0
2025-12-10,6:00,13,0.0,0.0,0.0
2025-12-10,6:00,14,0.0,0.0,0.0
2025-12-10,6:00,15,0.0,0.0,0.0
2025-12-10,6:00,16,0.0,0.0,0.0
2025-12-10,6:00,17,0.0,0.0,0.0
2025-12-10,6:00,18,0.0,0.0,0.0
2025-12-10,12:00,1,5145.1261,5142.0375,3.088600000000042
2025-12-10,12:00,2,4580.4249,4579.575,0.8499000000001615
2025-12-10,12:00,3,3047.4782,3067.0875,19.609300000000076
2025-12-10,12:00,4,1227.0875,1255.275,28.1875
2025-12-10,12:00,5,1.7882,1.8375,0.0492999999999999
2025-12-10,12:00,6,0.0,0.0,0.0
2025-12-10,12:00,7,0.0,0.0,0.0
2025-12-10,12:00,8,0.0,0.0,0.0
2025-12-10,12:00,9,0.0,0.0,0.0
2025-12-10,12:00,10,0.0,0.0,0.0
2025-12-10,12:00,11,0.0,0.0,0.0
2025-12-10,12:00,12,0.0,0.0,0.0
2025-12-10,18:00,1,0.0,0.0,0.0
2025-12-10,18:00,2,0.0,0.0,0.0
2025-12-10,18:00,3,0.0,0.0,0.0
2025-12-10,18:00,4,0.0,0.0,0.0
2025-12-10,18:00,5,0.0,0.0,0.0
2025-12-10,18:00,6,0.0,0.0,0.0
2025-12-11,0:00,1,0.0,0.0,0.0
2025-12-11,0:00,2,0.0,0.0,0.0
2025-12-11,0:00,3,0.0,0.0,0.0
2025-12-11,0:00,4,0.0,0.0,0.0
2025-12-11,0:00,5,0.0,0.0,0.0
2025-12-11,0:00,6,0.0,0.0,0.0
2025-12-11,0:00,7,0.0,0.0,0.0
2025-12-11,0:00,8,1643.6818,1655.55,11.868199999999888
2025-12-11,0:00,9,3264.3585,3364.275,99.91650000000027
2025-12-11,0:00,10,4681.953,4750.7625,68.80949999999939
2025-12-11,0:00,11,5697.3923,5860.5375,163.14519999999993
2025-12-11,0:00,12,5048.6217,5601.825,553.2033000000001
2025-12-11,0:00,13,5260.6814,6160.6125,899.9310999999998
2025-12-11,0:00,14,4661.3447,5041.5375,380.1928000000007
2025-12-11,0:00,15,3117.8581,3460.1625,342.3044
2025-12-11,0:00,16,1581.0651,1704.1125,123.04739999999993
2025-12-11,0:00,17,0.0,0.0,0.0
2025-12-11,0:00,18,0.0,0.0,0.0
2025-12-11,0:00,19,0.0,0.0,0.0
2025-12-11,0:00,20,0.0,0.0,0.0
2025-12-11,0:00,21,0.0,0.0,0.0
2025-12-11,0:00,22,0.0,0.0,0.0
2025-12-11,0:00,23,0.0,0.0,0.0
2025-12-11,0:00,24,0.0,0.0,0.0
2025-12-11,6:00,1,0.0,0.0,0.0
2025-12-11,6:00,2,1635.6297,1655.55,19.920299999999997
2025-12-11,6:00,3,3301.2735,3364.275,63.001500000000306
2025-12-11,6:00,4,4712.4112,4750.7625,38.351300000000265
2025-12-11,6:00,5,5724.4267,5860.5375,136.11080000000038
2025-12-11,6:00,6,5330.0616,5601.825,271.7633999999998
2025-12-11,6:00,7,6097.6164,6160.6125,62.9961000000003
2025-12-11,6:00,8,5269.7544,5041.5375,228.21689999999944
2025-12-11,6:00,9,3665.1003,3460.1625,204.93780000000015
2025-12-11,6:00,10,1957.9405,1704.1125,253.82799999999997
2025-12-11,6:00,11,0.0,0.0,0.0
2025-12-11,6:00,12,0.0,0.0,0.0
2025-12-11,6:00,13,0.0,0.0,0.0
2025-12-11,6:00,14,0.0,0.0,0.0
2025-12-11,6:00,15,0.0,0.0,0.0
2025-12-11,6:00,16,0.0,0.0,0.0
2025-12-11,6:00,17,0.0,0.0,0.0
2025-12-11,6:00,18,0.0,0.0,0.0
2025-12-11,12:00,1,6137.0486,6160.6125,23.563900000000103
2025-12-11,12:00,2,5070.7405,5041.5375,29.20299999999952
2025-12-11,12:00,3,3525.3898,3460.1625,65.22730000000001
2025-12-11,12:00,4,1806.38,1704.1125,102.26750000000015
2025-12-11,12:00,5,0.0,0.0,0.0
2025-12-11,12:00,6,0.0,0.0,0.0
2025-12-11,12:00,7,0.0,0.0,0.0
2025-12-11,12:00,8,0.0,0.0,0.0
2025-12-11,12:00,9,0.0,0.0,0.0
2025-12-11,12:00,10,0.0,0.0,0.0
2025-12-11,12:00,11,0.0,0.0,0.0
2025-12-11,12:00,12,0.0,0.0,0.0
2025-12-11,18:00,1,0.0,0.0,0.0
2025-12-11,18:00,2,0.0,0.0,0.0
2025-12-11,18:00,3,0.0,0.0,0.0
2025-12-11,18:00,4,0.0,0.0,0.0
2025-12-11,18:00,5,0.0,0.0,0.0
2025-12-11,18:00,6,0.0,0.0,0.0
2025-12-12,0:00,1,0.0,0.0,0.0
2025-12-12,0:00,2,0.0,0.0,0.0
2025-12-12,0:00,3,0.0,0.0,0.0
2025-12-12,0:00,4,0.0,0.0,0.0
2025-12-12,0:00,5,0.0,0.0,0.0
2025-12-12,0:00,6,0.0,0.0,0.0
2025-12-12,0:00,7,0.0,0.0,0.0
2025-12-12,0:00,8,1541.4132,1465.9875,75.4257
2025-12-12,0:00,9,3499.593,3370.875,128.71799999999985
2025-12-12,0:00,10,4167.8367,4441.5,273.66330000000016
2025-12-12,0:00,11,5365.9496,5522.8875,156.9378999999999
2025-12-12,0:00,12,5343.0501,5387.7375,44.6873999999998
2025-12-12,0:00,13,4777.2145,4866.9,89.68549999999959
2025-12-12,0:00,14,5193.4869,4852.0125,341.47440000000006
2025-12-12,0:00,15,3806.8125,3381.2625,425.5500000000002
2025-12-12,0:00,16,1918.047,1626.5625,291.4845
2025-12-12,0:00,17,0.0,0.0,0.0
2025-12-12,0:00,18,0.0,0.0,0.0
2025-12-12,0:00,19,0.0,0.0,0.0
2025-12-12,0:00,20,0.0,0.0,0.0
2025-12-12,0:00,21,0.0,0.0,0.0
2025-12-12,0:00,22,0.0,0.0,0.0
2025-12-12,0:00,23,0.0,0.0,0.0
2025-12-12,0:00,24,0.0,0.0,0.0
2025-12-12,6:00,1,0.0,0.0,0.0
2025-12-12,6:00,2,1439.2967,1465.9875,26.690799999999854
2025-12-12,6:00,3,3246.1747,3370.875,124.70029999999997
2025-12-12,6:00,4,4216.8244,4441.5,224.67559999999958
2025-12-12,6:00,5,4907.3851,5522.8875,615.5023999999994
2025-12-12,6:00,6,4598.0256,5387.7375,789.7119000000002
2025-12-12,6:00,7,4522.8649,4866.9,344.03510000000006
2025-12-12,6:00,8,4842.0317,4852.0125,9.980800000000272
2025-12-12,6:00,9,3521.0067,3381.2625,139.7442000000001
2025-12-12,6:00,10,1811.5423,1626.5625,184.97980000000007
2025-12-12,6:00,11,0.0,0.0,0.0
2025-12-12,6:00,12,0.0,0.0,0.0
2025-12-12,6:00,13,0.0,0.0,0.0
2025-12-12,6:00,14,0.0,0.0,0.0
2025-12-12,6:00,15,0.0,0.0,0.0
2025-12-12,6:00,16,0.0,0.0,0.0
2025-12-12,6:00,17,0.0,0.0,0.0
2025-12-12,6:00,18,0.0,0.0,0.0
2025-12-12,12:00,1,4777.7175,4866.9,89.18249999999989
2025-12-12,12:00,2,4649.9997,4852.0125,202.01279999999952
2025-12-12,12:00,3,3257.9052,3381.2625,123.35729999999967
2025-12-12,12:00,4,1574.5047,1626.5625,52.05780000000004
2025-12-12,12:00,5,0.0,0.0,0.0
2025-12-12,12:00,6,0.0,0.0,0.0
2025-12-12,12:00,7,0.0,0.0,0.0
2025-12-12,12:00,8,0.0,0.0,0.0
2025-12-12,12:00,9,0.0,0.0,0.0
2025-12-12,12:00,10,0.0,0.0,0.0
2025-12-12,12:00,11,0.0,0.0,0.0
2025-12-12,12:00,12,0.0,0.0,0.0
2025-12-12,18:00,1,0.0,0.0,0.0
2025-12-12,18:00,2,0.0,0.0,0.0
2025-12-12,18:00,3,0.0,0.0,0.0
2025-12-12,18:00,4,0.0,0.0,0.0
2025-12-12,18:00,5,0.0,0.0,0.0
2025-12-12,18:00,6,0.0,0.0,0.0
2025-12-13,0:00,1,0.0,0.0,0.0
2025-12-13,0:00,2,0.0,0.0,0.0
2025-12-13,0:00,3,0.0,0.0,0.0
2025-12-13,0:00,4,0.0,0.0,0.0
2025-12-13,0:00,5,0.0,0.0,0.0
2025-12-13,0:00,6,0.0,0.0,0.0
2025-12-13,0:00,7,0.0,0.0,0.0
2025-12-13,0:00,8,1389.4105,1481.175,91.7645
2025-12-13,0:00,9,2903.1166,3250.4625,347.34590000000026
2025-12-13,0:00,10,4003.8707,4338.75,334.87930000000006
2025-12-13,0:00,11,4938.6603,5383.4625,444.8022000000001
2025-12-13,0:00,12,5782.2351,5920.275,138.03989999999976
2025-12-13,0:00,13,5197.8823,4929.9375,267.9448000000002
2025-12-13,0:00,14,4728.7992,4139.25,589.5492000000004
2025-12-13,0:00,15,3806.8125,3308.2875,498.5250000000001
2025-12-13,0:00,16,1943.0505,1633.8375,309.21299999999997
2025-12-13,0:00,17,0.0,0.0,0.0
2025-12-13,0:00,18,0.0,0.0,0.0
2025-12-13,0:00,19,0.0,0.0,0.0
2025-12-13,0:00,20,0.0,0.0,0.0
2025-12-13,0:00,21,0.0,0.0,0.0
2025-12-13,0:00,22,0.0,0.0,0.0
2025-12-13,0:00,23,0.0,0.0,0.0
2025-12-13,0:00,24,0.0,0.0,0.0
2025-12-13,6:00,1,0.0,0.0,0.0
2025-12-13,6:00,2,1494.6481,1481.175,13.473100000000159
2025-12-13,6:00,3,3376.4138,3250.4625,125.95129999999972
2025-12-13,6:00,4,4571.636,4338.75,232.88600000000042
2025-12-13,6:00,5,5569.8175,5383.4625,186.35500000000047
2025-12-13,6:00,6,5907.7596,5920.275,12.515399999999318
2025-12-13,6:00,7,4853.1959,4929.9375,76.74160000000029
2025-12-13,6:00,8,3555.4423,4139.25,583.8076999999998
2025-12-13,6:00,9,2827.4335,3308.2875,480.8539999999998
2025-12-13,6:00,10,1464.3832,1633.8375,169.4543000000001
2025-12-13,6:00,11,0.0,0.0,0.0
2025-12-13,6:00,12,0.0,0.0,0.0
2025-12-13,6:00,13,0.0,0.0,0.0
2025-12-13,6:00,14,0.0,0.0,0.0
2025-12-13,6:00,15,0.0,0.0,0.0
2025-12-13,6:00,16,0.0,0.0,0.0
2025-12-13,6:00,17,0.0,0.0,0.0
2025-12-13,6:00,18,0.0,0.0,0.0
2025-12-13,12:00,1,4922.9144,4929.9375,7.0231000000003405
2025-12-13,12:00,2,4134.9214,4139.25,4.328599999999824
2025-12-13,12:00,3,3325.781,3308.2875,17.49350000000004
2025-12-13,12:00,4,1618.634,1633.8375,15.203500000000076
2025-12-13,12:00,5,0.0,0.0,0.0
2025-12-13,12:00,6,0.0,0.0,0.0
2025-12-13,12:00,7,0.0,0.0,0.0
2025-12-13,12:00,8,0.0,0.0,0.0
2025-12-13,12:00,9,0.0,0.0,0.0
2025-12-13,12:00,10,0.0,0.0,0.0
2025-12-13,12:00,11,0.0,0.0,0.0
2025-12-13,12:00,12,0.0,0.0,0.0
2025-12-13,18:00,1,0.0,0.0,0.0
2025-12-13,18:00,2,0.0,0.0,0.0
2025-12-13,18:00,3,0.0,0.0,0.0
2025-12-13,18:00,4,0.0,0.0,0.0
2025-12-13,18:00,5,0.0,0.0,0.0
2025-12-13,18:00,6,0.0,0.0,0.0
2025-12-14,0:00,1,0.0,0.0,0.0
2025-12-14,0:00,2,0.0,0.0,0.0
2025-12-14,0:00,3,0.0,0.0,0.0
2025-12-14,0:00,4,0.0,0.0,0.0
2025-12-14,0:00,5,0.0,0.0,0.0
2025-12-14,0:00,6,0.0,0.0,0.0
2025-12-14,0:00,7,0.0,0.0,0.0
2025-12-14,0:00,8,1689.634,1610.775,78.85899999999992
2025-12-14,0:00,9,3757.95,3496.0875,261.8624999999997
2025-12-14,0:00,10,5088.1875,4843.2,244.98750000000018
2025-12-14,0:00,11,6265.1427,5194.425,1070.7177000000001
2025-12-14,0:00,12,6372.5343,5788.725,583.8092999999999
2025-12-14,0:00,13,6210.075,5428.8,781.2749999999996
2025-12-14,0:00,14,5076.604,4649.325,427.27900000000045
2025-12-14,0:00,15,3446.4877,3277.725,168.76270000000022
2025-12-14,0:00,16,1493.1732,1420.35,72.82320000000004
2025-12-14,0:00,17,0.0,0.0,0.0
2025-12-14,0:00,18,0.0,0.0,0.0
2025-12-14,0:00,19,0.0,0.0,0.0
2025-12-14,0:00,20,0.0,0.0,0.0
2025-12-14,0:00,21,0.0,0.0,0.0
2025-12-14,0:00,22,0.0,0.0,0.0
2025-12-14,0:00,23,0.0,0.0,0.0
2025-12-14,0:00,24,0.0,0.0,0.0
2025-12-14,6:00,1,0.0,0.0,0.0
2025-12-14,6:00,2,1646.0556,1610.775,35.28059999999982
2025-12-14,6:00,3,3599.4273,3496.0875,103.33979999999974
2025-12-14,6:00,4,4860.8446,4843.2,17.644600000000537
2025-12-14,6:00,5,5152.3237,5194.425,42.101300000000265
2025-12-14,6:00,6,5710.4053,5788.725,78.31970000000001
2025-12-14,6:00,7,5312.871,5428.8,115.92900000000009
2025-12-14,6:00,8,4449.3718,4649.325,199.95319999999992
2025-12-14,6:00,9,3270.6379,3277.725,7.087099999999737
2025-12-14,6:00,10,1554.109,1420.35,133.75900000000001
2025-12-14,6:00,11,0.0,0.0,0.0
2025-12-14,6:00,12,0.0,0.0,0.0
2025-12-14,6:00,13,0.0,0.0,0.0
2025-12-14,6:00,14,0.0,0.0,0.0
2025-12-14,6:00,15,0.0,0.0,0.0
2025-12-14,6:00,16,0.0,0.0,0.0
2025-12-14,6:00,17,0.0,0.0,0.0
2025-12-14,6:00,18,0.0,0.0,0.0
2025-12-14,12:00,1,5296.3951,5428.8,132.40490000000045
2025-12-14,12:00,2,4515.5673,4649.325,133.7577000000001
2025-12-14,12:00,3,3104.8559,3277.725,172.8690999999999
2025-12-14,12:00,4,1345.7052,1420.35,74.6447999999998
2025-12-14,12:00,5,0.0,0.0,0.0
2025-12-14,12:00,6,0.0,0.0,0.0
2025-12-14,12:00,7,0.0,0.0,0.0
2025-12-14,12:00,8,0.0,0.0,0.0
2025-12-14,12:00,9,0.0,0.0,0.0
2025-12-14,12:00,10,0.0,0.0,0.0
2025-12-14,12:00,11,0.0,0.0,0.0
2025-12-14,12:00,12,0.0,0.0,0.0
2025-12-14,18:00,1,0.0,0.0,0.0
2025-12-14,18:00,2,0.0,0.0,0.0
2025-12-14,18:00,3,0.0,0.0,0.0
2025-12-14,18:00,4,0.0,0.0,0.0
2025-12-14,18:00,5,0.0,0.0,0.0
2025-12-14,18:00,6,0.0,0.0,0.0
2025-12-15,0:00,1,0.0,0.0,0.0
2025-12-15,0:00,2,0.0,0.0,0.0
2025-12-15,0:00,3,0.0,0.0,0.0
2025-12-15,0:00,4,0.0,0.0,0.0
2025-12-15,0:00,5,0.0,0.0,0.0
2025-12-15,0:00,6,0.0,0.0,0.0
2025-12-15,0:00,7,0.0,0.0,0.0
2025-12-15,0:00,8,1586.3966,1530.6,55.796600000000126
2025-12-15,0:00,9,3700.9025,3308.025,392.87750000000005
2025-12-15,0:00,10,5041.4824,4273.6125,767.8698999999997
2025-12-15,0:00,11,6441.3,5249.4,1191.9000000000005
2025-12-15,0:00,12,6220.6824,5146.35,1074.3323999999993
2025-12-15,0:00,13,6210.075,5594.0625,616.0124999999998
2025-12-15,0:00,14,5104.35,4825.6125,278.7375000000002
2025-12-15,0:00,15,3545.3628,3144.4875,400.8752999999997
2025-12-15,0:00,16,1615.1054,1598.2875,16.81790000000001
2025-12-15,0:00,17,0.0,0.0,0.0
2025-12-15,0:00,18,0.0,0.0,0.0
2025-12-15,0:00,19,0.0,0.0,0.0
2025-12-15,0:00,20,0.0,0.0,0.0
2025-12-15,0:00,21,0.0,0.0,0.0
2025-12-15,0:00,22,0.0,0.0,0.0
2025-12-15,0:00,23,0.0,0.0,0.0
2025-12-15,0:00,24,0.0,0.0,0.0
2025-12-15,6:00,1,0.0,0.0,0.0
2025-12-15,6:00,2,1531.9462,1530.6,1.3462000000001808
2025-12-15,6:00,3,3299.9949,3308.025,8.030099999999948
2025-12-15,6:00,4,4310.7625,4273.6125,37.149999999999636
2025-12-15,6:00,5,5251.7101,5249.4,2.3101000000006024
2025-12-15,6:00,6,4888.6222,5146.35,257.72780000000057
2025-12-15,6:00,7,5329.2979,5594.0625,264.7646000000004
2025-12-15,6:00,8,4647.8129,4825.6125,177.79960000000028
2025-12-15,6:00,9,3140.9262,3144.4875,3.5613000000003012
2025-12-15,6:00,10,1612.6436,1598.2875,14.356100000000197
2025-12-15,6:00,11,0.0,0.0,0.0
2025-12-15,6:00,12,0.0,0.0,0.0
2025-12-15,6:00,13,0.0,0.0,0.0
2025-12-15,6:00,14,0.0,0.0,0.0
2025-12-15,6:00,15,0.0,0.0,0.0
2025-12-15,6:00,16,0.0,0.0,0.0
2025-12-15,6:00,17,0.0,0.0,0.0
2025-12-15,6:00,18,0.0,0.0,0.0
2025-12-15,12:00,1,5566.0339,5594.0625,28.028599999999642
2025-12-15,12:00,2,4846.235,4825.6125,20.62249999999949
2025-12-15,12:00,3,3080.6962,3144.4875,63.79130000000032
2025-12-15,12:00,4,1536.1417,1598.2875,62.14580000000001
2025-12-15,12:00,5,0.0,0.0,0.0
2025-12-15,12:00,6,0.0,0.0,0.0
2025-12-15,12:00,7,0.0,0.0,0.0
2025-12-15,12:00,8,0.0,0.0,0.0
2025-12-15,12:00,9,0.0,0.0,0.0
2025-12-15,12:00,10,0.0,0.0,0.0
2025-12-15,12:00,11,0.0,0.0,0.0
2025-12-15,12:00,12,0.0,0.0,0.0
2025-12-15,18:00,1,0.0,0.0,0.0
2025-12-15,18:00,2,0.0,0.0,0.0
2025-12-15,18:00,3,0.0,0.0,0.0
2025-12-15,18:00,4,0.0,0.0,0.0
2025-12-15,18:00,5,0.0,0.0,0.0
2025-12-15,18:00,6,0.0,0.0,0.0
2025-12-16,0:00,1,0.0,0.0,0.0
2025-12-16,0:00,2,0.0,0.0,0.0
2025-12-16,0:00,3,0.0,0.0,0.0
2025-12-16,0:00,4,0.0,0.0,0.0
2025-12-16,0:00,5,0.0,0.0,0.0
2025-12-16,0:00,6,0.0,0.0,0.0
2025-12-16,0:00,7,0.0,0.0,0.0
2025-12-16,0:00,8,1427.4422,1539.5625,112.12030000000004
2025-12-16,0:00,9,3027.8677,3125.4375,97.56980000000021
2025-12-16,0:00,10,4330.6662,4330.275,0.3912000000000262
2025-12-16,0:00,11,5447.1511,5288.9625,158.1886000000004
2025-12-16,0:00,12,5994.8275,5567.025,427.8025000000007
2025-12-16,0:00,13,5499.8541,5270.85,229.0040999999992
2025-12-16,0:00,14,4424.247,4714.05,289.8029999999999
2025-12-16,0:00,15,2953.5683,3458.775,505.2067000000002
2025-12-16,0:00,16,1453.8407,1577.2875,123.44679999999994
2025-12-16,0:00,17,0.0,0.0,0.0
2025-12-16,0:00,18,0.0,0.0,0.0
2025-12-16,0:00,19,0.0,0.0,0.0
2025-12-16,0:00,20,0.0,0.0,0.0
2025-12-16,0:00,21,0.0,0.0,0.0
2025-12-16,0:00,22,0.0,0.0,0.0
2025-12-16,0:00,23,0.0,0.0,0.0
2025-12-16,0:00,24,0.0,0.0,0.0
2025-12-16,6:00,1,0.0,0.0,0.0
2025-12-16,6:00,2,1507.4304,1539.5625,32.13210000000004
2025-12-16,6:00,3,3067.9138,3125.4375,57.52370000000019
2025-12-16,6:00,4,4260.9373,4330.275,69.33770000000004
2025-12-16,6:00,5,5270.2196,5288.9625,18.74289999999928
2025-12-16,6:00,6,5701.5669,5567.025,134.54190000000017
2025-12-16,6:00,7,5536.0007,5270.85,265.15069999999923
2025-12-16,6:00,8,4938.0866,4714.05,224.03659999999945
2025-12-16,6:00,9,3455.2152,3458.775,3.5597999999999956
2025-12-16,6:00,10,1602.6385,1577.2875,25.351000000000113
2025-12-16,6:00,11,0.0,0.0,0.0
2025-12-16,6:00,12,0.0,0.0,0.0
2025-12-16,6:00,13,0.0,0.0,0.0
2025-12-16,6:00,14,0.0,0.0,0.0
2025-12-16,6:00,15,0.0,0.0,0.0
2025-12-16,6:00,16,0.0,0.0,0.0
2025-12-16,6:00,17,0.0,0.0,0.0
2025-12-16,6:00,18,0.0,0.0,0.0
2025-12-16,12:00,1,5328.2682,5270.85,57.41820000000007
2025-12-16,12:00,2,4821.5487,4714.05,107.4987000000001
2025-12-16,12:00,3,3593.2729,3458.775,134.49789999999985
2025-12-16,12:00,4,1624.7882,1577.2875,47.50070000000005
2025-12-16,12:00,5,0.0,0.0,0.0
2025-12-16,12:00,6,0.0,0.0,0.0
2025-12-16,12:00,7,0.0,0.0,0.0
2025-12-16,12:00,8,0.0,0.0,0.0
2025-12-16,12:00,9,0.0,0.0,0.0
2025-12-16,12:00,10,0.0,0.0,0.0
2025-12-16,12:00,11,0.0,0.0,0.0
2025-12-16,12:00,12,0.0,0.0,0.0
2025-12-16,18:00,1,0.0,0.0,0.0
2025-12-16,18:00,2,0.0,0.0,0.0
2025-12-16,18:00,3,0.0,0.0,0.0
2025-12-16,18:00,4,0.0,0.0,0.0
2025-12-16,18:00,5,0.0,0.0,0.0
2025-12-16,18:00,6,0.0,0.0,0.0
2025-12-17,0:00,1,0.0,0.0,0.0
2025-12-17,0:00,2,0.0,0.0,0.0
2025-12-17,0:00,3,0.0,0.0,0.0
2025-12-17,0:00,4,0.0,0.0,0.0
2025-12-17,0:00,5,0.0,0.0,0.0
2025-12-17,0:00,6,0.0,0.0,0.0
2025-12-17,0:00,7,0.0,0.0,0.0
2025-12-17,0:00,8,1462.5697,1547.8125,85.24279999999999
2025-12-17,0:00,9,3091.7135,3401.5125,309.799
2025-12-17,0:00,10,4283.5076,4784.85,501.34240000000045
2025-12-17,0:00,11,4371.2004,5597.9625,1226.7621
2025-12-17,0:00,12,5445.6372,5808.5625,362.9252999999999
2025-12-17,0:00,13,5141.611,5321.5125,179.90149999999994
2025-12-17,0:00,14,5000.3752,4992.975,7.400200000000041
2025-12-17,0:00,15,3401.6132,3298.9125,102.70069999999987
2025-12-17,0:00,16,1557.3679,1465.2,92.16789999999992
2025-12-17,0:00,17,0.0,0.0,0.0
2025-12-17,0:00,18,0.0,0.0,0.0
2025-12-17,0:00,19,0.0,0.0,0.0
2025-12-17,0:00,20,0.0,0.0,0.0
2025-12-17,0:00,21,0.0,0.0,0.0
2025-12-17,0:00,22,0.0,0.0,0.0
2025-12-17,0:00,23,0.0,0.0,0.0
2025-12-17,0:00,24,0.0,0.0,0.0
2025-12-17,6:00,1,0.0,0.0,0.0
2025-12-17,6:00,2,1576.1045,1547.8125,28.291999999999916
2025-12-17,6:00,3,3479.9515,3401.5125,78.4390000000003
2025-12-17,6:00,4,4748.8077,4784.85,36.04230000000007
2025-12-17,6:00,5,5654.786,5597.9625,56.82350000000042
2025-12-17,6:00,6,5838.1452,5808.5625,29.58269999999993
2025-12-17,6:00,7,5285.901,5321.5125,35.61149999999998
2025-12-17,6:00,8,5104.35,4992.975,111.375
2025-12-17,6:00,9,3748.875,3298.9125,449.9625000000001
2025-12-17,6:00,10,1620.4389,1465.2,155.23890000000006
2025-12-17,6:00,11,0.0,0.0,0.0
2025-12-17,6:00,12,0.0,0.0,0.0
2025-12-17,6:00,13,0.0,0.0,0.0
2025-12-17,6:00,14,0.0,0.0,0.0
2025-12-17,6:00,15,0.0,0.0,0.0
2025-12-17,6:00,16,0.0,0.0,0.0
2025-12-17,6:00,17,0.0,0.0,0.0
2025-12-17,6:00,18,0.0,0.0,0.0
2025-12-17,12:00,1,5416.8491,5321.5125,95.33660000000054
2025-12-17,12:00,2,5104.35,4992.975,111.375
2025-12-17,12:00,3,3405.0269,3298.9125,106.11439999999993
2025-12-17,12:00,4,1495.6999,1465.2,30.499900000000025
2025-12-17,12:00,5,0.0,0.0,0.0
2025-12-17,12:00,6,0.0,0.0,0.0
2025-12-17,12:00,7,0.0,0.0,0.0
2025-12-17,12:00,8,0.0,0.0,0.0
2025-12-17,12:00,9,0.0,0.0,0.0
2025-12-17,12:00,10,0.0,0.0,0.0
2025-12-17,12:00,11,0.0,0.0,0.0
2025-12-17,12:00,12,0.0,0.0,0.0
2025-12-17,18:00,1,0.0,0.0,0.0
2025-12-17,18:00,2,0.0,0.0,0.0
2025-12-17,18:00,3,0.0,0.0,0.0
2025-12-17,18:00,4,0.0,0.0,0.0
2025-12-17,18:00,5,0.0,0.0,0.0
2025-12-17,18:00,6,0.0,0.0,0.0
2025-12-18,0:00,1,0.0,0.0,0.0
2025-12-18,0:00,2,0.0,0.0,0.0
2025-12-18,0:00,3,0.0,0.0,0.0
2025-12-18,0:00,4,0.0,0.0,0.0
2025-12-18,0:00,5,0.0,0.0,0.0
2025-12-18,0:00,6,0.0,0.0,0.0
2025-12-18,0:00,7,0.0,0.0,0.0
2025-12-18,0:00,8,1585.8442,1598.4,12.55580000000009
2025-12-18,0:00,9,3170.3855,3160.6875,9.697999999999865
2025-12-18,0:00,10,4192.1299,4390.8,198.67010000000028
2025-12-18,0:00,11,5843.6906,5738.2125,105.47810000000027
2025-12-18,0:00,12,6579.75,6579.75,0.0
2025-12-18,0:00,13,6210.075,5981.55,228.52499999999964
2025-12-18,0:00,14,5104.35,4693.65,410.7000000000007
2025-12-18,0:00,15,3748.875,3411.6375,337.2375000000002
2025-12-18,0:00,16,1704.1125,1551.225,152.88750000000005
2025-12-18,0:00,17,0.0,0.0,0.0
2025-12-18,0:00,18,0.0,0.0,0.0
2025-12-18,0:00,19,0.0,0.0,0.0
2025-12-18,0:00,20,0.0,0.0,0.0
2025-12-18,0:00,21,0.0,0.0,0.0
2025-12-18,0:00,22,0.0,0.0,0.0
2025-12-18,0:00,23,0.0,0.0,0.0
2025-12-18,0:00,24,0.0,0.0,0.0
2025-12-18,6:00,1,0.0,0.0,0.0
2025-12-18,6:00,2,1551.6883,1598.4,46.711700000000064
2025-12-18,6:00,3,3082.0215,3160.6875,78.66600000000017
2025-12-18,6:00,4,4184.296,4390.8,206.5039999999999
2025-12-18,6:00,5,5690.3363,5738.2125,47.8761999999997
2025-12-18,6:00,6,6207.554,6579.75,372.1959999999999
2025-12-18,6:00,7,6062.0362,5981.55,80.48619999999937
2025-12-18,6:00,8,4415.9835,4693.65,277.66649999999936
2025-12-18,6:00,9,3148.9209,3411.6375,262.71659999999974
2025-12-18,6:00,10,1361.3916,1551.225,189.83339999999998
2025-12-18,6:00,11,0.0,0.0,0.0
2025-12-18,6:00,12,0.0,0.0,0.0
2025-12-18,6:00,13,0.0,0.0,0.0
2025-12-18,6:00,14,0.0,0.0,0.0
2025-12-18,6:00,15,0.0,0.0,0.0
2025-12-18,6:00,16,0.0,0.0,0.0
2025-12-18,6:00,17,0.0,0.0,0.0
2025-12-18,6:00,18,0.0,0.0,0.0
2025-12-18,12:00,1,6032.2491,5981.55,50.69909999999982
2025-12-18,12:00,2,4758.0686,4693.65,64.41859999999997
2025-12-18,12:00,3,3402.2461,3411.6375,9.391399999999976
2025-12-18,12:00,4,1547.5654,1551.225,3.659599999999955
2025-12-18,12:00,5,0.0,0.0,0.0
2025-12-18,12:00,6,0.0,0.0,0.0
2025-12-18,12:00,7,0.0,0.0,0.0
2025-12-18,12:00,8,0.0,0.0,0.0
2025-12-18,12:00,9,0.0,0.0,0.0
2025-12-18,12:00,10,0.0,0.0,0.0
2025-12-18,12:00,11,0.0,0.0,0.0
2025-12-18,12:00,12,0.0,0.0,0.0
2025-12-18,18:00,1,0.0,0.0,0.0
2025-12-18,18:00,2,0.0,0.0,0.0
2025-12-18,18:00,3,0.0,0.0,0.0
2025-12-18,18:00,4,0.0,0.0,0.0
2025-12-18,18:00,5,0.0,0.0,0.0
2025-12-18,18:00,6,0.0,0.0,0.0
2025-12-19,0:00,1,0.0,0.0,0.0
2025-12-19,0:00,2,0.0,0.0,0.0
2025-12-19,0:00,3,0.0,0.0,0.0
2025-12-19,0:00,4,0.0,0.0,0.0
2025-12-19,0:00,5,0.0,0.0,0.0
2025-12-19,0:00,6,0.0,0.0,0.0
2025-12-19,0:00,7,0.0,0.0,0.0
2025-12-19,0:00,8,1379.3041,1489.65,110.34590000000003
2025-12-19,0:00,9,3185.2314,3166.425,18.80639999999994
2025-12-19,0:00,10,5036.0625,4981.35,54.712499999999636
2025-12-19,0:00,11,6124.728,5751.0,373.72800000000007
2025-12-19,0:00,12,6579.75,5727.7875,851.9624999999996
2025-12-19,0:00,13,6210.075,5602.575,607.5
2025-12-19,0:00,14,4944.7934,4269.5625,675.2308999999996
2025-12-19,0:00,15,3027.9699,3007.8375,20.13239999999996
2025-12-19,0:00,16,1548.1721,1565.925,17.752899999999954
2025-12-19,0:00,17,0.0,0.0,0.0
2025-12-19,0:00,18,0.0,0.0,0.0
2025-12-19,0:00,19,0.0,0.0,0.0
2025-12-19,0:00,20,0.0,0.0,0.0
2025-12-19,0:00,21,0.0,0.0,0.0
2025-12-19,0:00,22,0.0,0.0,0.0
2025-12-19,0:00,23,0.0,0.0,0.0
2025-12-19,0:00,24,0.0,0.0,0.0
2025-12-19,6:00,1,0.0,0.0,0.0
2025-12-19,6:00,2,1457.2997,1489.65,32.35030000000006
2025-12-19,6:00,3,3067.9058,3166.425,98.51920000000018
2025-12-19,6:00,4,4969.0983,4981.35,12.25170000000071
2025-12-19,6:00,5,5659.1209,5751.0,91.87910000000011
2025-12-19,6:00,6,5385.1903,5727.7875,342.59720000000016
2025-12-19,6:00,7,5330.4902,5602.575,272.08479999999963
2025-12-19,6:00,8,4220.0143,4269.5625,49.54820000000018
2025-12-19,6:00,9,2858.4712,3007.8375,149.36630000000014
2025-12-19,6:00,10,1515.9984,1565.925,49.92660000000001
2025-12-19,6:00,11,0.0,0.0,0.0
2025-12-19,6:00,12,0.0,0.0,0.0
2025-12-19,6:00,13,0.0,0.0,0.0
2025-12-19,6:00,14,0.0,0.0,0.0
2025-12-19,6:00,15,0.0,0.0,0.0
2025-12-19,6:00,16,0.0,0.0,0.0
2025-12-19,6:00,17,0.0,0.0,0.0
2025-12-19,6:00,18,0.0,0.0,0.0
2025-12-19,12:00,1,5667.521,5602.575,64.94599999999991
2025-12-19,12:00,2,4363.3901,4269.5625,93.82759999999962
2025-12-19,12:00,3,3162.0885,3007.8375,154.25099999999975
2025-12-19,12:00,4,1704.1125,1565.925,138.1875
2025-12-19,12:00,5,0.0,0.0,0.0
2025-12-19,12:00,6,0.0,0.0,0.0
2025-12-19,12:00,7,0.0,0.0,0.0
2025-12-19,12:00,8,0.0,0.0,0.0
2025-12-19,12:00,9,0.0,0.0,0.0
2025-12-19,12:00,10,0.0,0.0,0.0
2025-12-19,12:00,11,0.0,0.0,0.0
2025-12-19,12:00,12,0.0,0.0,0.0
2025-12-19,18:00,1,0.0,0.0,0.0
2025-12-19,18:00,2,0.0,0.0,0.0
2025-12-19,18:00,3,0.0,0.0,0.0
2025-12-19,18:00,4,0.0,0.0,0.0
2025-12-19,18:00,5,0.0,0.0,0.0
2025-12-19,18:00,6,0.0,0.0,0.0
2025-12-20,0:00,1,0.0,0.0,0.0
2025-12-20,0:00,2,0.0,0.0,0.0
2025-12-20,0:00,3,0.0,0.0,0.0
2025-12-20,0:00,4,0.0,0.0,0.0
2025-12-20,0:00,5,0.0,0.0,0.0
2025-12-20,0:00,6,0.0,0.0,0.0
2025-12-20,0:00,7,0.0,0.0,0.0
2025-12-20,0:00,8,1355.4716,1391.4,35.92840000000001
2025-12-20,0:00,9,3004.2466,2963.2125,41.03409999999985
2025-12-20,0:00,10,4457.8148,4610.2125,152.39769999999953
2025-12-20,0:00,11,6024.6825,5759.025,265.65750000000025
2025-12-20,0:00,12,6102.1073,5891.5875,210.51980000000003
2025-12-20,0:00,13,5849.586,5623.725,225.86099999999988
2025-12-20,0:00,14,4060.1513,4528.9125,468.7612000000004
2025-12-20,0:00,15,3111.9418,3254.2875,142.34569999999985
2025-12-20,0:00,16,1389.4631,1643.9625,254.49940000000015
2025-12-20,0:00,17,0.0,0.0,0.0
2025-12-20,0:00,18,0.0,0.0,0.0
2025-12-20,0:00,19,0.0,0.0,0.0
2025-12-20,0:00,20,0.0,0.0,0.0
2025-12-20,0:00,21,0.0,0.0,0.0
2025-12-20,0:00,22,0.0,0.0,0.0
2025-12-20,0:00,23,0.0,0.0,0.0
2025-12-20,0:00,24,0.0,0.0,0.0
2025-12-20,6:00,1,0.0,0.0,0.0
2025-12-20,6:00,2,1414.4111,1391.4,23.011099999999942
2025-12-20,6:00,3,3062.4434,2963.2125,99.23090000000002
2025-12-20,6:00,4,4719.1191,4610.2125,108.90660000000025
2025-12-20,6:00,5,5799.5603,5759.025,40.53530000000046
2025-12-20,6:00,6,6057.8007,5891.5875,166.21320000000014
2025-12-20,6:00,7,5646.5253,5623.725,22.80029999999988
2025-12-20,6:00,8,4453.0211,4528.9125,75.89140000000043
2025-12-20,6:00,9,3483.8994,3254.2875,229.61189999999988
2025-12-20,6:00,10,1704.1125,1643.9625,60.149999999999864
2025-12-20,6:00,11,0.0,0.0,0.0
2025-12-20,6:00,12,0.0,0.0,0.0
2025-12-20,6:00,13,0.0,0.0,0.0
2025-12-20,6:00,14,0.0,0.0,0.0
2025-12-20,6:00,15,0.0,0.0,0.0
2025-12-20,6:00,16,0.0,0.0,0.0
2025-12-20,6:00,17,0.0,0.0,0.0
2025-12-20,6:00,18,0.0,0.0,0.0
2025-12-20,12:00,1,5618.1515,5623.725,5.573500000000422
2025-12-20,12:00,2,4613.6902,4528.9125,84.77769999999964
2025-12-20,12:00,3,3264.8262,3254.2875,10.538700000000063
2025-12-20,12:00,4,1673.3684,1643.9625,29.405899999999974
2025-12-20,12:00,5,0.0,0.0,0.0
2025-12-20,12:00,6,0.0,0.0,0.0
2025-12-20,12:00,7,0.0,0.0,0.0
2025-12-20,12:00,8,0.0,0.0,0.0
2025-12-20,12:00,9,0.0,0.0,0.0
2025-12-20,12:00,10,0.0,0.0,0.0
2025-12-20,12:00,11,0.0,0.0,0.0
2025-12-20,12:00,12,0.0,0.0,0.0
2025-12-20,18:00,1,0.0,0.0,0.0
2025-12-20,18:00,2,0.0,0.0,0.0
2025-12-20,18:00,3,0.0,0.0,0.0
2025-12-20,18:00,4,0.0,0.0,0.0
2025-12-20,18:00,5,0.0,0.0,0.0
2025-12-20,18:00,6,0.0,0.0,0.0
2025-12-21,0:00,1,0.0,0.0,0.0
2025-12-21,0:00,2,0.0,0.0,0.0
2025-12-21,0:00,3,0.0,0.0,0.0
2025-12-21,0:00,4,0.0,0.0,0.0
2025-12-21,0:00,5,0.0,0.0,0.0
2025-12-21,0:00,6,0.0,0.0,0.0
2025-12-21,0:00,7,0.0,0.0,0.0
2025-12-21,0:00,8,1573.9924,1539.8625,34.129900000000134
2025-12-21,0:00,9,3221.5551,3341.5875,120.03240000000005
2025-12-21,0:00,10,4556.1347,4750.3875,194.2528000000002
2025-12-21,0:00,11,5068.3073,4979.2125,89.09480000000076
2025-12-21,0:00,12,5603.673,5890.8,287.1270000000004
2025-12-21,0:00,13,5729.3413,5390.4375,338.90380000000005
2025-12-21,0:00,14,4913.7194,4847.5125,66.20690000000013
2025-12-21,0:00,15,3343.7907,2957.5875,386.2031999999999
2025-12-21,0:00,16,1451.0536,1414.8375,36.21609999999987
2025-12-21,0:00,17,0.0,0.0,0.0
2025-12-21,0:00,18,0.0,0.0,0.0
2025-12-21,0:00,19,0.0,0.0,0.0
2025-12-21,0:00,20,0.0,0.0,0.0
2025-12-21,0:00,21,0.0,0.0,0.0
2025-12-21,0:00,22,0.0,0.0,0.0
2025-12-21,0:00,23,0.0,0.0,0.0
2025-12-21,0:00,24,0.0,0.0,0.0
2025-12-21,6:00,1,0.0,0.0,0.0
2025-12-21,6:00,2,1568.0963,1539.8625,28.233799999999974
2025-12-21,6:00,3,3389.1758,3341.5875,47.58829999999989
2025-12-21,6:00,4,4981.0731,4750.3875,230.6855999999998
2025-12-21,6:00,5,5174.3963,4979.2125,195.1838000000007
2025-12-21,6:00,6,6417.0221,5890.8,526.2221
2025-12-21,6:00,7,5698.2032,5390.4375,307.7656999999999
2025-12-21,6:00,8,5035.9218,4847.5125,188.40930000000026
2025-12-21,6:00,9,2982.9037,2957.5875,25.316199999999753
2025-12-21,6:00,10,1376.7832,1414.8375,38.05430000000001
2025-12-21,6:00,11,0.0,0.0,0.0
2025-12-21,6:00,12,0.0,0.0,0.0
2025-12-21,6:00,13,0.0,0.0,0.0
2025-12-21,6:00,14,0.0,0.0,0.0
2025-12-21,6:00,15,0.0,0.0,0.0
2025-12-21,6:00,16,0.0,0.0,0.0
2025-12-21,6:00,17,0.0,0.0,0.0
2025-12-21,6:00,18,0.0,0.0,0.0
2025-12-21,12:00,1,5325.392,5390.4375,65.04550000000017
2025-12-21,12:00,2,4723.819,4847.5125,123.6934999999994
2025-12-21,12:00,3,2848.0195,2957.5875,109.56800000000021
2025-12-21,12:00,4,1350.0089,1414.8375,64.82860000000005
2025-12-21,12:00,5,0.0,0.0,0.0
2025-12-21,12:00,6,0.0,0.0,0.0
2025-12-21,12:00,7,0.0,0.0,0.0
2025-12-21,12:00,8,0.0,0.0,0.0
2025-12-21,12:00,9,0.0,0.0,0.0
2025-12-21,12:00,10,0.0,0.0,0.0
2025-12-21,12:00,11,0.0,0.0,0.0
2025-12-21,12:00,12,0.0,0.0,0.0
2025-12-21,18:00,1,0.0,0.0,0.0
2025-12-21,18:00,2,0.0,0.0,0.0
2025-12-21,18:00,3,0.0,0.0,0.0
2025-12-21,18:00,4,0.0,0.0,0.0
2025-12-21,18:00,5,0.0,0.0,0.0
2025-12-21,18:00,6,0.0,0.0,0.0
2025-12-22,0:00,1,0.0,0.0,0.0
2025-12-22,0:00,2,0.0,0.0,0.0
2025-12-22,0:00,3,0.0,0.0,0.0
2025-12-22,0:00,4,0.0,0.0,0.0
2025-12-22,0:00,5,0.0,0.0,0.0
2025-12-22,0:00,6,0.0,0.0,0.0
2025-12-22,0:00,7,0.0,0.0,0.0
2025-12-22,0:00,8,1371.8815,1414.9875,43.105999999999995
2025-12-22,0:00,9,3168.1455,3150.4125,17.733000000000175
2025-12-22,0:00,10,4575.1928,4725.6375,150.4447
2025-12-22,0:00,11,6053.3784,5638.275,415.10339999999997
2025-12-22,0:00,12,6579.75,5847.3375,732.4125000000004
2025-12-22,0:00,13,5998.6273,5441.4375,557.1898000000001
2025-12-22,0:00,14,4799.4348,4678.3875,121.04730000000018
2025-12-22,0:00,15,3376.3039,3220.1625,156.14139999999998
2025-12-22,0:00,16,1474.8986,1584.975,110.07639999999992
2025-12-22,0:00,17,0.0,0.0,0.0
2025-12-22,0:00,18,0.0,0.0,0.0
2025-12-22,0:00,19,0.0,0.0,0.0
2025-12-22,0:00,20,0.0,0.0,0.0
2025-12-22,0:00,21,0.0,0.0,0.0
2025-12-22,0:00,22,0.0,0.0,0.0
2025-12-22,0:00,23,0.0,0.0,0.0
2025-12-22,0:00,24,0.0,0.0,0.0
2025-12-22,6:00,1,0.0,0.0,0.0
2025-12-22,6:00,2,1397.8687,1414.9875,17.118799999999965
2025-12-22,6:00,3,3062.7401,3150.4125,87.67239999999993
2025-12-22,6:00,4,4692.4724,4725.6375,33.165100000000166
2025-12-22,6:00,5,5585.1122,5638.275,53.16280000000006
2025-12-22,6:00,6,6047.487,5847.3375,200.14950000000044
2025-12-22,6:00,7,5743.7792,5441.4375,302.34169999999995
2025-12-22,6:00,8,5091.225,4678.3875,412.83750000000055
2025-12-22,6:00,9,3405.4534,3220.1625,185.29089999999997
2025-12-22,6:00,10,1635.3778,1584.975,50.40280000000007
2025-12-22,6:00,11,0.0,0.0,0.0
2025-12-22,6:00,12,0.0,0.0,0.0
2025-12-22,6:00,13,0.0,0.0,0.0
2025-12-22,6:00,14,0.0,0.0,0.0
2025-12-22,6:00,15,0.0,0.0,0.0
2025-12-22,6:00,16,0.0,0.0,0.0
2025-12-22,6:00,17,0.0,0.0,0.0
2025-12-22,6:00,18,0.0,0.0,0.0
2025-12-22,12:00,1,5457.2907,5441.4375,15.85319999999956
2025-12-22,12:00,2,4778.4394,4678.3875,100.05190000000039
2025-12-22,12:00,3,3185.4582,3220.1625,34.704299999999876
2025-12-22,12:00,4,1511.6789,1584.975,73.2960999999998
2025-12-22,12:00,5,0.0,0.0,0.0
2025-12-22,12:00,6,0.0,0.0,0.0
2025-12-22,12:00,7,0.0,0.0,0.0
2025-12-22,12:00,8,0.0,0.0,0.0
2025-12-22,12:00,9,0.0,0.0,0.0
2025-12-22,12:00,10,0.0,0.0,0.0
2025-12-22,12:00,11,0.0,0.0,0.0
2025-12-22,12:00,12,0.0,0.0,0.0
2025-12-22,18:00,1,0.0,0.0,0.0
2025-12-22,18:00,2,0.0,0.0,0.0
2025-12-22,18:00,3,0.0,0.0,0.0
2025-12-22,18:00,4,0.0,0.0,0.0
2025-12-22,18:00,5,0.0,0.0,0.0
2025-12-22,18:00,6,0.0,0.0,0.0
2025-12-23,0:00,1,0.0,0.0,0.0
2025-12-23,0:00,2,0.0,0.0,0.0
2025-12-23,0:00,3,0.0,0.0,0.0
2025-12-23,0:00,4,0.0,0.0,0.0
2025-12-23,0:00,5,0.0,0.0,0.0
2025-12-23,0:00,6,0.0,0.0,0.0
2025-12-23,0:00,7,0.0,0.0,0.0
2025-12-23,0:00,8,1476.3682,1680.075,203.70680000000016
2025-12-23,0:00,9,2984.4407,3326.7375,342.2968000000001
2025-12-23,0:00,10,4265.284,4690.35,425.0660000000007
2025-12-23,0:00,11,5117.0193,5528.3625,411.34320000000025
2025-12-23,0:00,12,5481.4892,5931.2625,449.77329999999984
2025-12-23,0:00,13,5876.1795,5775.3375,100.84200000000055
2025-12-23,0:00,14,5018.3987,4886.2875,132.11119999999937
2025-12-23,0:00,15,3180.8105,3081.9,98.91049999999996
2025-12-23,0:00,16,1704.1125,1671.3,32.8125
2025-12-23,0:00,17,0.0,0.0,0.0
2025-12-23,0:00,18,0.0,0.0,0.0
2025-12-23,0:00,19,0.0,0.0,0.0
2025-12-23,0:00,20,0.0,0.0,0.0
2025-12-23,0:00,21,0.0,0.0,0.0
2025-12-23,0:00,22,0.0,0.0,0.0
2025-12-23,0:00,23,0.0,0.0,0.0
2025-12-23,0:00,24,0.0,0.0,0.0
2025-12-23,6:00,1,0.0,0.0,0.0
2025-12-23,6:00,2,1688.9874,1680.075,8.912399999999934
2025-12-23,6:00,3,3335.9328,3326.7375,9.195299999999861
2025-12-23,6:00,4,4845.6971,4690.35,155.34709999999995
2025-12-23,6:00,5,5580.3567,5528.3625,51.99420000000009
2025-12-23,6:00,6,6342.5002,5931.2625,411.2377000000006
2025-12-23,6:00,7,6127.7244,5775.3375,352.3869000000004
2025-12-23,6:00,8,5063.7698,4886.2875,177.48229999999967
2025-12-23,6:00,9,2971.5553,3081.9,110.3447000000001
2025-12-23,6:00,10,1477.8494,1671.3,193.4505999999999
2025-12-23,6:00,11,0.0,0.0,0.0
2025-12-23,6:00,12,0.0,0.0,0.0
2025-12-23,6:00,13,0.0,0.0,0.0
2025-12-23,6:00,14,0.0,0.0,0.0
2025-12-23,6:00,15,0.0,0.0,0.0
2025-12-23,6:00,16,0.0,0.0,0.0
2025-12-23,6:00,17,0.0,0.0,0.0
2025-12-23,6:00,18,0.0,0.0,0.0
2025-12-23,12:00,1,5804.9073,5775.3375,29.569800000000214
2025-12-23,12:00,2,4912.3718,4886.2875,26.08429999999953
2025-12-23,12:00,3,3144.1366,3081.9,62.236599999999726
2025-12-23,12:00,4,1654.5775,1671.3,16.722499999999854
2025-12-23,12:00,5,0.0,0.0,0.0
2025-12-23,12:00,6,0.0,0.0,0.0
2025-12-23,12:00,7,0.0,0.0,0.0
2025-12-23,12:00,8,0.0,0.0,0.0
2025-12-23,12:00,9,0.0,0.0,0.0
2025-12-23,12:00,10,0.0,0.0,0.0
2025-12-23,12:00,11,0.0,0.0,0.0
2025-12-23,12:00,12,0.0,0.0,0.0
2025-12-23,18:00,1,0.0,0.0,0.0
2025-12-23,18:00,2,0.0,0.0,0.0
2025-12-23,18:00,3,0.0,0.0,0.0
2025-12-23,18:00,4,0.0,0.0,0.0
2025-12-23,18:00,5,0.0,0.0,0.0
2025-12-23,18:00,6,0.0,0.0,0.0
2025-12-24,0:00,1,0.0,0.0,0.0
2025-12-24,0:00,2,0.0,0.0,0.0
2025-12-24,0:00,3,0.0,0.0,0.0
2025-12-24,0:00,4,0.0,0.0,0.0
2025-12-24,0:00,5,0.0,0.0,0.0
2025-12-24,0:00,6,0.0,0.0,0.0
2025-12-24,0:00,7,0.0,0.0,0.0
2025-12-24,0:00,8,1591.6271,1596.3,4.672900000000027
2025-12-24,0:00,9,3123.4349,3064.6125,58.822400000000016
2025-12-24,0:00,10,4172.7588,4321.6875,148.9287000000004
2025-12-24,0:00,11,5993.2319,5636.0625,357.16939999999977
2025-12-24,0:00,12,6579.75,6083.8875,495.8625000000002
2025-12-24,0:00,13,5664.433,5432.7,231.73300000000017
2025-12-24,0:00,14,4295.6928,4381.65,85.95719999999983
2025-12-24,0:00,15,3417.4161,3268.875,148.54109999999991
2025-12-24,0:00,16,1317.0335,1524.9,207.8665000000001
2025-12-24,0:00,17,0.0,0.0,0.0
2025-12-24,0:00,18,0.0,0.0,0.0
2025-12-24,0:00,19,0.0,0.0,0.0
2025-12-24,0:00,20,0.0,0.0,0.0
2025-12-24,0:00,21,0.0,0.0,0.0
2025-12-24,0:00,22,0.0,0.0,0.0
2025-12-24,0:00,23,0.0,0.0,0.0
2025-12-24,0:00,24,0.0,0.0,0.0
2025-12-24,6:00,1,0.0,0.0,0.0
2025-12-24,6:00,2,1597.167,1596.3,0.8669999999999618
2025-12-24,6:00,3,3021.0868,3064.6125,43.52570000000014
2025-12-24,6:00,4,4264.869,4321.6875,56.81850000000031
2025-12-24,6:00,5,5792.0863,5636.0625,156.02379999999994
2025-12-24,6:00,6,6379.4201,6083.8875,295.53260000000046
2025-12-24,6:00,7,5450.8359,5432.7,18.13590000000022
2025-12-24,6:00,8,4542.0747,4381.65,160.42470000000048
2025-12-24,6:00,9,3276.769,3268.875,7.893999999999778
2025-12-24,6:00,10,1428.831,1524.9,96.06900000000019
2025-12-24,6:00,11,0.0,0.0,0.0
2025-12-24,6:00,12,0.0,0.0,0.0
2025-12-24,6:00,13,0.0,0.0,0.0
2025-12-24,6:00,14,0.0,0.0,0.0
2025-12-24,6:00,15,0.0,0.0,0.0
2025-12-24,6:00,16,0.0,0.0,0.0
2025-12-24,6:00,17,0.0,0.0,0.0
2025-12-24,6:00,18,0.0,0.0,0.0
2025-12-24,12:00,1,5474.2328,5432.7,41.53279999999995
2025-12-24,12:00,2,4492.098,4381.65,110.44800000000032
2025-12-24,12:00,3,3428.9117,3268.875,160.0367000000001
2025-12-24,12:00,4,1661.2078,1524.9,136.30779999999982
2025-12-24,12:00,5,0.0,0.0,0.0
2025-12-24,12:00,6,0.0,0.0,0.0
2025-12-24,12:00,7,0.0,0.0,0.0
2025-12-24,12:00,8,0.0,0.0,0.0
2025-12-24,12:00,9,0.0,0.0,0.0
2025-12-24,12:00,10,0.0,0.0,0.0
2025-12-24,12:00,11,0.0,0.0,0.0
2025-12-24,12:00,12,0.0,0.0,0.0
2025-12-24,18:00,1,0.0,0.0,0.0
2025-12-24,18:00,2,0.0,0.0,0.0
2025-12-24,18:00,3,0.0,0.0,0.0
2025-12-24,18:00,4,0.0,0.0,0.0
2025-12-24,18:00,5,0.0,0.0,0.0
2025-12-24,18:00,6,0.0,0.0,0.0
2025-12-25,0:00,1,0.0,0.0,0.0
2025-12-25,0:00,2,0.0,0.0,0.0
2025-12-25,0:00,3,0.0,0.0,0.0
2025-12-25,0:00,4,0.0,0.0,0.0
2025-12-25,0:00,5,0.0,0.0,0.0
2025-12-25,0:00,6,0.0,0.0,0.0
2025-12-25,0:00,7,0.0,0.0,0.0
2025-12-25,0:00,8,1597.0854,1552.3125,44.772899999999936
2025-12-25,0:00,9,3586.1551,3466.6125,119.54259999999977
2025-12-25,0:00,10,4947.856,4769.55,178.30599999999959
2025-12-25,0:00,11,6110.9506,5551.6125,559.3380999999999
2025-12-25,0:00,12,6462.7903,5358.45,1104.3402999999998
2025-12-25,0:00,13,6160.6125,5552.025,608.5875000000005
2025-12-25,0:00,14,5091.225,4622.55,468.6750000000002
2025-12-25,0:00,15,3748.875,3328.3125,420.5625
2025-12-25,0:00,16,1681.9222,1584.15,97.77219999999988
2025-12-25,0:00,17,0.0,0.0,0.0
2025-12-25,0:00,18,0.0,0.0,0.0
2025-12-25,0:00,19,0.0,0.0,0.0
2025-12-25,0:00,20,0.0,0.0,0.0
2025-12-25,0:00,21,0.0,0.0,0.0
2025-12-25,0:00,22,0.0,0.0,0.0
2025-12-25,0:00,23,0.0,0.0,0.0
2025-12-25,0:00,24,0.0,0.0,0.0
2025-12-25,6:00,1,0.0,0.0,0.0
2025-12-25,6:00,2,1577.2651,1552.3125,24.952600000000075
2025-12-25,6:00,3,3597.4181,3466.6125,130.80559999999969
2025-12-25,6:00,4,4949.0493,4769.55,179.4992999999995
2025-12-25,6:00,5,5968.7661,5551.6125,417.15359999999964
2025-12-25,6:00,6,5749.3178,5358.45,390.8678
2025-12-25,6:00,7,6139.0556,5552.025,587.0306
2025-12-25,6:00,8,5091.225,4622.55,468.6750000000002
2025-12-25,6:00,9,3703.4215,3328.3125,375.1089999999999
2025-12-25,6:00,10,1704.1125,1584.15,119.96249999999986
2025-12-25,6:00,11,0.0,0.0,0.0
2025-12-25,6:00,12,0.0,0.0,0.0
2025-12-25,6:00,13,0.0,0.0,0.0
2025-12-25,6:00,14,0.0,0.0,0.0
2025-12-25,6:00,15,0.0,0.0,0.0
2025-12-25,6:00,16,0.0,0.0,0.0
2025-12-25,6:00,17,0.0,0.0,0.0
2025-12-25,6:00,18,0.0,0.0,0.0
2025-12-25,12:00,1,5508.3945,5552.025,43.6304999999993
2025-12-25,12:00,2,4572.9048,4622.55,49.64519999999993
2025-12-25,12:00,3,3228.753,3328.3125,99.55949999999984
2025-12-25,12:00,4,1499.0115,1584.15,85.13850000000002
2025-12-25,12:00,5,0.0,0.0,0.0
2025-12-25,12:00,6,0.0,0.0,0.0
2025-12-25,12:00,7,0.0,0.0,0.0
2025-12-25,12:00,8,0.0,0.0,0.0
2025-12-25,12:00,9,0.0,0.0,0.0
2025-12-25,12:00,10,0.0,0.0,0.0
2025-12-25,12:00,11,0.0,0.0,0.0
2025-12-25,12:00,12,0.0,0.0,0.0
2025-12-25,18:00,1,0.0,0.0,0.0
2025-12-25,18:00,2,0.0,0.0,0.0
2025-12-25,18:00,3,0.0,0.0,0.0
2025-12-25,18:00,4,0.0,0.0,0.0
2025-12-25,18:00,5,0.0,0.0,0.0
2025-12-25,18:00,6,0.0,0.0,0.0
2025-12-26,0:00,1,0.0,0.0,0.0
2025-12-26,0:00,2,0.0,0.0,0.0
2025-12-26,0:00,3,0.0,0.0,0.0
2025-12-26,0:00,4,0.0,0.0,0.0
2025-12-26,0:00,5,0.0,0.0,0.0
2025-12-26,0:00,6,0.0,0.0,0.0
2025-12-26,0:00,7,0.0,0.0,0.0
2025-12-26,0:00,8,1598.257,1508.2125,90.04449999999997
2025-12-26,0:00,9,3402.4154,3109.0125,293.40290000000005
2025-12-26,0:00,10,4911.997,4658.925,253.07200000000012
2025-12-26,0:00,11,6343.425,6343.425,0.0
2025-12-26,0:00,12,6374.3614,5879.2875,495.0738999999994
2025-12-26,0:00,13,5521.2006,5089.3875,431.8131000000003
2025-12-26,0:00,14,4574.0754,4425.0,149.07539999999972
2025-12-26,0:00,15,3249.4287,3015.1125,234.31619999999975
2025-12-26,0:00,16,1475.8695,1482.7875,6.917999999999893
2025-12-26,0:00,17,0.0,0.0,0.0
2025-12-26,0:00,18,0.0,0.0,0.0
2025-12-26,0:00,19,0.0,0.0,0.0
2025-12-26,0:00,20,0.0,0.0,0.0
2025-12-26,0:00,21,0.0,0.0,0.0
2025-12-26,0:00,22,0.0,0.0,0.0
2025-12-26,0:00,23,0.0,0.0,0.0
2025-12-26,0:00,24,0.0,0.0,0.0
2025-12-26,6:00,1,0.0,0.0,0.0
2025-12-26,6:00,2,1486.4496,1508.2125,21.762900000000172
2025-12-26,6:00,3,3009.0992,3109.0125,99.91329999999971
2025-12-26,6:00,4,4569.8801,4658.925,89.04489999999987
2025-12-26,6:00,5,6343.425,6343.425,0.0
2025-12-26,6:00,6,6132.088,5879.2875,252.80049999999937
2025-12-26,6:00,7,5110.3254,5089.3875,20.9378999999999
2025-12-26,6:00,8,4983.1334,4425.0,558.1333999999997
2025-12-26,6:00,9,3321.1507,3015.1125,306.03819999999996
2025-12-26,6:00,10,1580.807,1482.7875,98.01950000000011
2025-12-26,6:00,11,0.0,0.0,0.0
2025-12-26,6:00,12,0.0,0.0,0.0
2025-12-26,6:00,13,0.0,0.0,0.0
2025-12-26,6:00,14,0.0,0.0,0.0
2025-12-26,6:00,15,0.0,0.0,0.0
2025-12-26,6:00,16,0.0,0.0,0.0
2025-12-26,6:00,17,0.0,0.0,0.0
2025-12-26,6:00,18,0.0,0.0,0.0
2025-12-26,12:00,1,5159.7567,5089.3875,70.36920000000009
2025-12-26,12:00,2,4530.4246,4425.0,105.42460000000028
2025-12-26,12:00,3,3128.4546,3015.1125,113.34209999999985
2025-12-26,12:00,4,1527.4704,1482.7875,44.68290000000002
2025-12-26,12:00,5,0.0,0.0,0.0
2025-12-26,12:00,6,0.0,0.0,0.0
2025-12-26,12:00,7,0.0,0.0,0.0
2025-12-26,12:00,8,0.0,0.0,0.0
2025-12-26,12:00,9,0.0,0.0,0.0
2025-12-26,12:00,10,0.0,0.0,0.0
2025-12-26,12:00,11,0.0,0.0,0.0
2025-12-26,12:00,12,0.0,0.0,0.0
2025-12-26,18:00,1,0.0,0.0,0.0
2025-12-26,18:00,2,0.0,0.0,0.0
2025-12-26,18:00,3,0.0,0.0,0.0
2025-12-26,18:00,4,0.0,0.0,0.0
2025-12-26,18:00,5,0.0,0.0,0.0
2025-12-26,18:00,6,0.0,0.0,0.0
2025-12-27,0:00,1,0.0,0.0,0.0
2025-12-27,0:00,2,0.0,0.0,0.0
2025-12-27,0:00,3,0.0,0.0,0.0
2025-12-27,0:00,4,0.0,0.0,0.0
2025-12-27,0:00,5,0.0,0.0,0.0
2025-12-27,0:00,6,0.0,0.0,0.0
2025-12-27,0:00,7,0.0,0.0,0.0
2025-12-27,0:00,8,1680.075,1649.8125,30.262500000000045
2025-12-27,0:00,9,3617.5089,3296.2125,321.2963999999997
2025-12-27,0:00,10,4562.1919,4380.2625,181.9294
2025-12-27,0:00,11,5737.0699,5382.4125,354.65740000000005
2025-12-27,0:00,12,6269.0607,5901.1875,367.8732
2025-12-27,0:00,13,4985.8742,5426.1375,440.2632999999996
2025-12-27,0:00,14,3958.1885,4252.3875,294.1989999999996
2025-12-27,0:00,15,3497.5958,3283.725,213.87080000000014
2025-12-27,0:00,16,1505.997,1577.5125,71.51549999999997
2025-12-27,0:00,17,0.0,0.0,0.0
2025-12-27,0:00,18,0.0,0.0,0.0
2025-12-27,0:00,19,0.0,0.0,0.0
2025-12-27,0:00,20,0.0,0.0,0.0
2025-12-27,0:00,21,0.0,0.0,0.0
2025-12-27,0:00,22,0.0,0.0,0.0
2025-12-27,0:00,23,0.0,0.0,0.0
2025-12-27,0:00,24,0.0,0.0,0.0
2025-12-27,6:00,1,0.0,0.0,0.0
2025-12-27,6:00,2,1627.6205,1649.8125,22.192000000000007
2025-12-27,6:00,3,3242.6526,3296.2125,53.5599000000002
2025-12-27,6:00,4,4349.5476,4380.2625,30.714899999999943
2025-12-27,6:00,5,5490.3096,5382.4125,107.89709999999923
2025-12-27,6:00,6,6226.8292,5901.1875,325.6417000000001
2025-12-27,6:00,7,5444.5027,5426.1375,18.365200000000186
2025-12-27,6:00,8,4373.739,4252.3875,121.35149999999976
2025-12-27,6:00,9,3244.6578,3283.725,39.06719999999996
2025-12-27,6:00,10,1502.1844,1577.5125,75.32809999999995
2025-12-27,6:00,11,0.0,0.0,0.0
2025-12-27,6:00,12,0.0,0.0,0.0
2025-12-27,6:00,13,0.0,0.0,0.0
2025-12-27,6:00,14,0.0,0.0,0.0
2025-12-27,6:00,15,0.0,0.0,0.0
2025-12-27,6:00,16,0.0,0.0,0.0
2025-12-27,6:00,17,0.0,0.0,0.0
2025-12-27,6:00,18,0.0,0.0,0.0
2025-12-27,12:00,1,5320.0421,5426.1375,106.09540000000015
2025-12-27,12:00,2,4149.5958,4252.3875,102.79169999999976
2025-12-27,12:00,3,3183.552,3283.725,100.17299999999977
2025-12-27,12:00,4,1525.8926,1577.5125,51.61990000000014
2025-12-27,12:00,5,0.0,0.0,0.0
2025-12-27,12:00,6,0.0,0.0,0.0
2025-12-27,12:00,7,0.0,0.0,0.0
2025-12-27,12:00,8,0.0,0.0,0.0
2025-12-27,12:00,9,0.0,0.0,0.0
2025-12-27,12:00,10,0.0,0.0,0.0
2025-12-27,12:00,11,0.0,0.0,0.0
2025-12-27,12:00,12,0.0,0.0,0.0
2025-12-27,18:00,1,0.0,0.0,0.0
2025-12-27,18:00,2,0.0,0.0,0.0
2025-12-27,18:00,3,0.0,0.0,0.0
2025-12-27,18:00,4,0.0,0.0,0.0
2025-12-27,18:00,5,0.0,0.0,0.0
2025-12-27,18:00,6,0.0,0.0,0.0
2025-12-28,0:00,1,0.0,0.0,0.0
2025-12-28,0:00,2,0.0,0.0,0.0
2025-12-28,0:00,3,0.0,0.0,0.0
2025-12-28,0:00,4,0.0,0.0,0.0
2025-12-28,0:00,5,0.0,0.0,0.0
2025-12-28,0:00,6,0.0,0.0,0.0
2025-12-28,0:00,7,0.0,0.0,0.0
2025-12-28,0:00,8,1339.4719,1416.225,76.7530999999999
2025-12-28,0:00,9,3413.8623,3203.25,210.61229999999978
2025-12-28,0:00,10,4816.3971,4579.9125,236.48459999999977
2025-12-28,0:00,11,5835.2633,5543.325,291.9382999999998
2025-12-28,0:00,12,6386.0699,5826.1125,559.9574000000002
2025-12-28,0:00,13,5491.1222,5586.7875,95.66530000000057
2025-12-28,0:00,14,4452.8035,4958.625,505.8215
2025-12-28,0:00,15,3478.7105,3748.875,270.16449999999986
2025-12-28,0:00,16,1652.9181,1641.3,11.61810000000014
2025-12-28,0:00,17,0.0,0.0,0.0
2025-12-28,0:00,18,0.0,0.0,0.0
2025-12-28,0:00,19,0.0,0.0,0.0
2025-12-28,0:00,20,0.0,0.0,0.0
2025-12-28,0:00,21,0.0,0.0,0.0
2025-12-28,0:00,22,0.0,0.0,0.0
2025-12-28,0:00,23,0.0,0.0,0.0
2025-12-28,0:00,24,0.0,0.0,0.0
2025-12-28,6:00,1,0.0,0.0,0.0
2025-12-28,6:00,2,1424.9536,1416.225,8.728600000000142
2025-12-28,6:00,3,3251.4143,3203.25,48.16429999999991
2025-12-28,6:00,4,4797.8714,4579.9125,217.95889999999963
2025-12-28,6:00,5,5602.5068,5543.325,59.181800000000294
2025-12-28,6:00,6,5845.1896,5826.1125,19.07709999999952
2025-12-28,6:00,7,5893.6012,5586.7875,306.8136999999997
2025-12-28,6:00,8,5023.7548,4958.625,65.1297999999997
2025-12-28,6:00,9,3728.3887,3748.875,20.48630000000003
2025-12-28,6:00,10,1671.3,1641.3,30.0
2025-12-28,6:00,11,0.0,0.0,0.0
2025-12-28,6:00,12,0.0,0.0,0.0
2025-12-28,6:00,13,0.0,0.0,0.0
2025-12-28,6:00,14,0.0,0.0,0.0
2025-12-28,6:00,15,0.0,0.0,0.0
2025-12-28,6:00,16,0.0,0.0,0.0
2025-12-28,6:00,17,0.0,0.0,0.0
2025-12-28,6:00,18,0.0,0.0,0.0
2025-12-28,12:00,1,5604.4117,5586.7875,17.62419999999929
2025-12-28,12:00,2,4977.4785,4958.625,18.853500000000167
2025-12-28,12:00,3,3748.875,3748.875,0.0
2025-12-28,12:00,4,1627.2054,1641.3,14.0945999999999
2025-12-28,12:00,5,0.0,0.0,0.0
2025-12-28,12:00,6,0.0,0.0,0.0
2025-12-28,12:00,7,0.0,0.0,0.0
2025-12-28,12:00,8,0.0,0.0,0.0
2025-12-28,12:00,9,0.0,0.0,0.0
2025-12-28,12:00,10,0.0,0.0,0.0
2025-12-28,12:00,11,0.0,0.0,0.0
2025-12-28,12:00,12,0.0,0.0,0.0
2025-12-28,18:00,1,0.0,0.0,0.0
2025-12-28,18:00,2,0.0,0.0,0.0
2025-12-28,18:00,3,0.0,0.0,0.0
2025-12-28,18:00,4,0.0,0.0,0.0
2025-12-28,18:00,5,0.0,0.0,0.0
2025-12-28,18:00,6,0.0,0.0,0.0
2025-12-29,0:00,1,0.0,0.0,0.0
2025-12-29,0:00,2,0.0,0.0,0.0
2025-12-29,0:00,3,0.0,0.0,0.0
2025-12-29,0:00,4,0.0,0.0,0.0
2025-12-29,0:00,5,0.0,0.0,0.0
2025-12-29,0:00,6,0.0,0.0,0.0
2025-12-29,0:00,7,0.0,0.0,0.0
2025-12-29,0:00,8,1680.075,1648.7625,31.3125
2025-12-29,0:00,9,3729.0375,3729.0375,0.0
2025-12-29,0:00,10,5036.0625,5036.0625,0.0
2025-12-29,0:00,11,6343.425,5602.425,741.0
2025-12-29,0:00,12,5757.0502,5582.4375,174.61269999999968
2025-12-29,0:00,13,5498.6958,5132.025,366.6708000000008
2025-12-29,0:00,14,5066.05,4757.1,308.9499999999998
2025-12-29,0:00,15,3382.2879,3191.5125,190.7754
2025-12-29,0:00,16,1416.0314,1555.2,139.16859999999997
2025-12-29,0:00,17,0.0,0.0,0.0
2025-12-29,0:00,18,0.0,0.0,0.0
2025-12-29,0:00,19,0.0,0.0,0.0
2025-12-29,0:00,20,0.0,0.0,0.0
2025-12-29,0:00,21,0.0,0.0,0.0
2025-12-29,0:00,22,0.0,0.0,0.0
2025-12-29,0:00,23,0.0,0.0,0.0
2025-12-29,0:00,24,0.0,0.0,0.0
2025-12-29,6:00,1,0.0,0.0,0.0
2025-12-29,6:00,2,1655.7087,1648.7625,6.9461999999998625
2025-12-29,6:00,3,3676.8611,3729.0375,52.17639999999983
2025-12-29,6:00,4,4882.4519,5036.0625,153.61059999999998
2025-12-29,6:00,5,5344.918,5602.425,257.5070000000005
2025-12-29,6:00,6,5171.4709,5582.4375,410.96659999999974
2025-12-29,6:00,7,4870.024,5132.025,262.0009999999993
2025-12-29,6:00,8,4775.1745,4757.1,18.074499999999716
2025-12-29,6:00,9,3257.9146,3191.5125,66.40210000000025
2025-12-29,6:00,10,1513.9741,1555.2,41.22590000000014
2025-12-29,6:00,11,0.0,0.0,0.0
2025-12-29,6:00,12,0.0,0.0,0.0
2025-12-29,6:00,13,0.0,0.0,0.0
2025-12-29,6:00,14,0.0,0.0,0.0
2025-12-29,6:00,15,0.0,0.0,0.0
2025-12-29,6:00,16,0.0,0.0,0.0
2025-12-29,6:00,17,0.0,0.0,0.0
2025-12-29,6:00,18,0.0,0.0,0.0
2025-12-29,12:00,1,5011.0582,5132.025,120.96679999999924
2025-12-29,12:00,2,4489.5967,4757.1,267.5033000000003
2025-12-29,12:00,3,3074.7633,3191.5125,116.74919999999975
2025-12-29,12:00,4,1492.4443,1555.2,62.75569999999993
2025-12-29,12:00,5,0.0,0.0,0.0
2025-12-29,12:00,6,0.0,0.0,0.0
2025-12-29,12:00,7,0.0,0.0,0.0
2025-12-29,12:00,8,0.0,0.0,0.0
2025-12-29,12:00,9,0.0,0.0,0.0
2025-12-29,12:00,10,0.0,0.0,0.0
2025-12-29,12:00,11,0.0,0.0,0.0
2025-12-29,12:00,12,0.0,0.0,0.0
2025-12-29,18:00,1,0.0,0.0,0.0
2025-12-29,18:00,2,0.0,0.0,0.0
2025-12-29,18:00,3,0.0,0.0,0.0
2025-12-29,18:00,4,0.0,0.0,0.0
2025-12-29,18:00,5,0.0,0.0,0.0
2025-12-29,18:00,6,0.0,0.0,0.0
2025-12-30,0:00,1,0.0,0.0,0.0
2025-12-30,0:00,2,0.0,0.0,0.0
2025-12-30,0:00,3,0.0,0.0,0.0
2025-12-30,0:00,4,0.0,0.0,0.0
2025-12-30,0:00,5,0.0,0.0,0.0
2025-12-30,0:00,6,0.0,0.0,0.0
2025-12-30,0:00,7,0.0,0.0,0.0
2025-12-30,0:00,8,1540.161,1490.7375,49.423500000000104
2025-12-30,0:00,9,3366.041,3007.2375,358.8035
2025-12-30,0:00,10,5036.0625,4868.925,167.13749999999982
2025-12-30,0:00,11,6062.8381,5556.4875,506.35059999999976
2025-12-30,0:00,12,6037.542,6180.5625,143.02049999999963
2025-12-30,0:00,13,5584.2923,5844.0,259.70769999999993
2025-12-30,0:00,14,4617.3106,5091.225,473.91440000000057
2025-12-30,0:00,15,3358.3849,3464.175,105.79010000000017
2025-12-30,0:00,16,1255.0043,1510.6875,255.68319999999994
2025-12-30,0:00,17,0.0,0.0,0.0
2025-12-30,0:00,18,0.0,0.0,0.0
2025-12-30,0:00,19,0.0,0.0,0.0
2025-12-30,0:00,20,0.0,0.0,0.0
2025-12-30,0:00,21,0.0,0.0,0.0
2025-12-30,0:00,22,0.0,0.0,0.0
2025-12-30,0:00,23,0.0,0.0,0.0
2025-12-30,0:00,24,0.0,0.0,0.0
2025-12-30,6:00,1,0.0,0.0,0.0
2025-12-30,6:00,2,1509.2056,1490.7375,18.46810000000005
2025-12-30,6:00,3,3071.0374,3007.2375,63.79989999999998
2025-12-30,6:00,4,4953.3667,4868.925,84.4416999999994
2025-12-30,6:00,5,6035.1033,5556.4875,478.6157999999996
2025-12-30,6:00,6,6579.75,6180.5625,399.1875
2025-12-30,6:00,7,5369.1715,5844.0,474.8284999999996
2025-12-30,6:00,8,4403.2543,5091.225,687.9707000000008
2025-12-30,6:00,9,2871.2879,3464.175,592.8871000000004
2025-12-30,6:00,10,1314.6145,1510.6875,196.0730000000001
2025-12-30,6:00,11,0.0,0.0,0.0
2025-12-30,6:00,12,0.0,0.0,0.0
2025-12-30,6:00,13,0.0,0.0,0.0
2025-12-30,6:00,14,0.0,0.0,0.0
2025-12-30,6:00,15,0.0,0.0,0.0
2025-12-30,6:00,16,0.0,0.0,0.0
2025-12-30,6:00,17,0.0,0.0,0.0
2025-12-30,6:00,18,0.0,0.0,0.0
2025-12-30,12:00,1,5817.9672,5844.0,26.032799999999952
2025-12-30,12:00,2,5091.225,5091.225,0.0
2025-12-30,12:00,3,3587.2944,3464.175,123.11940000000004
2025-12-30,12:00,4,1622.0687,1510.6875,111.38120000000004
2025-12-30,12:00,5,0.0,0.0,0.0
2025-12-30,12:00,6,0.0,0.0,0.0
2025-12-30,12:00,7,0.0,0.0,0.0
2025-12-30,12:00,8,0.0,0.0,0.0
2025-12-30,12:00,9,0.0,0.0,0.0
2025-12-30,12:00,10,0.0,0.0,0.0
2025-12-30,12:00,11,0.0,0.0,0.0
2025-12-30,12:00,12,0.0,0.0,0.0
2025-12-30,18:00,1,0.0,0.0,0.0
2025-12-30,18:00,2,0.0,0.0,0.0
2025-12-30,18:00,3,0.0,0.0,0.0
2025-12-30,18:00,4,0.0,0.0,0.0
2025-12-30,18:00,5,0.0,0.0,0.0
2025-12-30,18:00,6,0.0,0.0,0.0
2025-12-31,0:00,1,0.0,0.0,0.0
2025-12-31,0:00,2,0.0,0.0,0.0
2025-12-31,0:00,3,0.0,0.0,0.0
2025-12-31,0:00,4,0.0,0.0,0.0
2025-12-31,0:00,5,0.0,0.0,0.0
2025-12-31,0:00,6,0.0,0.0,0.0
2025-12-31,0:00,7,0.7285,0.75,0.021499999999999964
2025-12-31,0:00,8,1617.7777,1635.525,17.747299999999996
2025-12-31,0:00,9,3159.7665,3239.7,79.93349999999964
2025-12-31,0:00,10,4228.7377,4385.25,156.51230000000032
2025-12-31,0:00,11,4905.7524,5121.7125,215.96009999999933
2025-12-31,0:00,12,5200.4739,5665.0125,464.53859999999986
2025-12-31,0:00,13,5650.7144,5520.6,130.11439999999948
2025-12-31,0:00,14,4995.7096,4510.275,485.4346000000005
2025-12-31,0:00,15,3408.0726,3258.825,149.24760000000015
2025-12-31,0:00,16,1671.3,1643.175,28.125
2025-12-31,0:00,17,0.7125,0.7125,0.0
2025-12-31,0:00,18,0.0,0.0,0.0
2025-12-31,0:00,19,0.0,0.0,0.0
2025-12-31,0:00,20,0.0,0.0,0.0
2025-12-31,0:00,21,0.0,0.0,0.0
2025-12-31,0:00,22,0.0,0.0,0.0
2025-12-31,0:00,23,0.0,0.0,0.0
2025-12-31,0:00,24,0.0,0.0,0.0
2025-12-31,6:00,1,0.75,0.75,0.0
2025-12-31,6:00,2,1647.3785,1635.525,11.85349999999994
2025-12-31,6:00,3,3270.9671,3239.7,31.267100000000028
2025-12-31,6:00,4,4404.5156,4385.25,19.265599999999722
2025-12-31,6:00,5,5267.2424,5121.7125,145.52990000000045
2025-12-31,6:00,6,5786.0214,5665.0125,121.00889999999981
2025-12-31,6:00,7,5545.7211,5520.6,25.121099999999387
2025-12-31,6:00,8,4558.8634,4510.275,48.58840000000055
2025-12-31,6:00,9,3347.6259,3258.825,88.80090000000018
2025-12-31,6:00,10,1671.3,1643.175,28.125
2025-12-31,6:00,11,0.7125,0.7125,0.0
2025-12-31,6:00,12,0.0,0.0,0.0
2025-12-31,6:00,13,0.0,0.0,0.0
2025-12-31,6:00,14,0.0,0.0,0.0
2025-12-31,6:00,15,0.0,0.0,0.0
2025-12-31,6:00,16,0.0,0.0,0.0
2025-12-31,6:00,17,0.0,0.0,0.0
2025-12-31,6:00,18,0.0,0.0,0.0
2025-12-31,12:00,1,5451.1096,5520.6,69.49040000000059
2025-12-31,12:00,2,4476.087,4510.275,34.18799999999919
2025-12-31,12:00,3,3156.9037,3258.825,101.92129999999997
2025-12-31,12:00,4,1620.5626,1643.175,22.61239999999998
2025-12-31,12:00,5,0.7002,0.7125,0.012299999999999978
2025-12-31,12:00,6,0.0,0.0,0.0
2025-12-31,12:00,7,0.0,0.0,0.0
2025-12-31,12:00,8,0.0,0.0,0.0
2025-12-31,12:00,9,0.0,0.0,0.0
2025-12-31,12:00,10,0.0,0.0,0.0
2025-12-31,12:00,11,0.0,0.0,0.0
2025-12-31,12:00,12,0.0,0.0,0.0
2025-12-31,18:00,1,0.0,0.0,0.0
2025-12-31,18:00,2,0.0,0.0,0.0
2025-12-31,18:00,3,0.0,0.0,0.0
2025-12-31,18:00,4,0.0,0.0,0.0
2025-12-31,18:00,5,0.0,0.0,0.0
2025-12-31,18:00,6,0.0,0.0,0.0
