日期,模型,计划购电费,调整费,紧急购电费,紧急购电量,总费用,末SOC,阶段,v_term,价格预测MAE,计划紧急购电量,计划紧急购电费
2025-01-01,A,0.0,0.0,432888.7998430083,92035.17001666666,432888.7998430083,6000.0,init,0.0,0.0,0.0,0.0
2025-01-02,A,75936.92746654351,0.0,9983.703280074085,2040.3871382716065,85920.6307466176,10654.339575,init,0.5328444444444443,0.038234027777777777,0.0,0.0
2025-01-03,A,57731.93873605666,0.0,1.731592647047364e-13,2.842170943040401e-14,57731.93873605666,10800.0,init,0.5308481481481482,0.18821631944444445,0.0,0.0
2025-01-04,A,22850.64090922327,0.0,4354.962438602145,1273.180033127515,27205.603347825418,10556.64123,init,0.4977197530864197,0.13456041666666665,0.0,0.0
2025-01-05,A,29643.091535145286,0.0,225914.64854117262,45278.50126831275,255557.74007631792,9185.410364999998,init,0.47875925925925933,0.09554913194444446,0.0,0.0
2025-01-06,A,73948.75395357498,0.0,7144.1136117166725,1446.785133333334,81092.86756529166,10718.956319999998,init,0.4920933333333334,0.08167111111111112,0.0,0.0
2025-01-07,A,73050.48469322486,0.0,16763.099657586856,3635.901300411527,89813.58435081173,10710.055154999998,init,0.4989623456790123,0.06666828703703703,0.0,0.0
2025-01-08,A,73538.83093312179,0.0,5613.071743441678,1386.9447333333428,79151.90267656346,10757.449425000003,init,0.500173015873016,0.04950793650793652,0.0,0.0
2025-01-09,A,70970.1335895379,0.0,12827.179073980002,3029.2258781893106,83797.3126635179,10747.30257,init,0.4981608465608466,0.05736785714285713,0.0,0.0
2025-01-10,A,55408.42101424333,0.0,1.6980550299194877e-13,2.842170943040401e-14,55408.42101424333,10800.0,init,0.4987703703703703,0.13991765873015874,0.0,0.0
2025-01-11,A,22576.063506598184,0.0,2517.4725326999987,818.7983000000005,25093.536039298182,10399.662464999998,init,0.4961656084656085,0.1352948412698413,0.0,0.0
2025-01-12,A,29635.811240145988,0.0,225853.41851221066,44798.23118106995,255489.22975235665,9087.386535,init,0.4964333333333332,0.06021696428571429,0.0,0.0
2025-01-13,A,73003.34919488055,0.0,3317.7264584083314,859.4926833333332,76321.07565328888,10597.352669999998,init,0.49465661375661374,0.05179861111111111,0.0,0.0
2025-01-14,A,69210.99023681255,0.0,9912.977149568691,2054.8338139917614,79123.96738638123,10640.392049999999,init,0.4953925925925925,0.054164980158730155,0.0,0.0
2025-01-15,A,70706.48991908037,0.0,10908.626854505677,2231.8968162551496,81615.11677358605,10753.904564999999,init,0.4971100529100528,0.05923402777777777,0.0,0.0
2025-01-16,A,70962.81459975924,0.0,7732.692088523845,1543.3352714285784,78695.50668828309,10581.015705,init,0.497957671957672,0.05244037698412697,0.0,0.0
2025-01-17,A,22705.862128156718,0.0,1318.2320196442695,594.6481724868521,24024.094147800988,10730.992832598944,init,0.4971534391534391,0.14103988095238093,0.0,0.0
2025-01-18,A,22364.964316605103,0.0,2140.659233891168,810.7975268167787,24505.62355049627,10701.217249512974,init,0.499037037037037,0.14380089285714287,0.0,0.0
2025-01-19,A,70156.48969427407,0.0,7788.621096955907,1575.8997324484587,77945.11079122998,10745.405753208855,init,0.5005740740740742,0.05702936507936508,0.0,0.0
2025-01-20,A,69866.52767657035,0.0,4985.23834777996,995.6113404350515,74851.7660243503,10721.435290607207,init,0.501367724867725,0.05355873015873015,0.0,0.0
2025-01-21,A,68753.55725197669,0.0,2114.5711450475355,528.8639545946389,70868.12839702422,10779.938959279001,init,0.5010121693121693,0.044362301587301596,0.0,0.0
2025-01-22,A,68536.68791480381,0.0,9437.622162555292,2093.198516630551,77974.3100773591,10586.078773143092,init,0.5011037037037036,0.0640277777777778,0.0,0.0
2025-01-23,A,69388.85430300998,0.0,11269.89308364943,2600.761667101345,80658.74738665941,10655.535282341081,init,0.5011021164021164,0.06664623015873015,0.0,0.0
2025-01-24,A,20300.29671940201,0.0,1270.2637315911284,546.7535699694763,21570.560450993136,10649.89269157872,init,0.501778835978836,0.14937162698412695,0.0,0.0
2025-01-25,A,20287.685823546853,0.0,780.5255368112284,409.590169088445,21068.21136035808,10762.656337278515,init,0.5026534391534392,0.15257132936507936,0.0,0.0
2025-01-26,A,67521.97118955966,0.0,9680.535945863785,2324.4720701672304,77202.50713542344,10744.814862520318,init,0.49998359788359786,0.06394434523809525,0.0,0.0
2025-01-27,A,67023.04529595884,0.0,2340.214987609663,543.4398430867222,69363.26028356851,10639.594969922879,init,0.49859841269841276,0.046439880952380955,0.0,0.0
2025-01-28,A,65970.17638185335,0.0,9310.29641952939,2129.4438816410043,75280.47280138274,10741.834135466723,init,0.49627883597883604,0.058983531746031756,0.0,0.0
2025-01-29,A,65837.23273248665,0.0,768.0652626700974,208.85837524892213,66605.29799515674,10753.60277509878,init,0.49819894179894175,0.0435561507936508,0.0,0.0
2025-01-30,A,65266.26007867226,0.0,4471.593863205825,786.8203618892852,69737.85394187809,10748.421647493084,init,0.49724074074074076,0.055001884920634916,0.0,0.0
2025-01-31,A,18777.160149358086,0.0,2300.0835931709366,994.7171515348356,21077.243742529023,10798.335358978991,init,0.49715238095238096,0.1351202380952381,0.0,0.0
2025-02-01,A,18371.414822394778,0.0,337.91319545177936,101.29064592704648,18709.328017846557,10794.875542319029,calibration,0.49730952380952387,0.1951779761904762,0.0,0.0
2025-02-02,A,62510.120265644524,0.0,770.3003461455733,144.05243936064903,63280.4206117901,10800.0,calibration,0.49425608465608467,0.057532539682539685,0.0,0.0
2025-02-03,A,62380.87598579807,0.0,1371.9983961868097,304.113900507216,63752.87438198488,10800.0,calibration,0.49102910052910054,0.05969831349206348,0.0,0.0
2025-02-04,A,62448.10233531201,0.0,3952.6162525038108,856.7992299686155,66400.71858781582,10732.771775776291,calibration,0.48829100529100533,0.05257599206349204,0.0,0.0
2025-02-05,A,58732.77828245487,0.0,9858.26882892392,2276.424699307653,68591.0471113788,10800.0,calibration,0.48388835978835976,0.052722519841269834,0.0,0.0
2025-02-06,A,58995.00330294834,0.0,6230.075409458891,1614.2609600304381,65225.07871240723,10720.451147341377,calibration,0.48334126984126985,0.05190386904761904,0.0,0.0
2025-02-07,A,16437.103908312485,0.0,567.4396830207675,217.52362771155506,17004.54359133325,10726.59632495071,calibration,0.4790539682539683,0.1538861111111111,0.0,0.0
2025-02-08,A,15280.157357499236,0.0,3182.6502736388393,1098.0183395095285,18462.807631138076,10736.094784553994,calibration,0.47338730158730163,0.1459512896825397,0.0,0.0
2025-02-09,A,56450.16664972502,0.0,12712.187201879133,2998.64879842933,69162.35385160416,10699.797857878142,calibration,0.47297566137566144,0.058759722222222206,0.0,0.0
2025-02-10,A,56097.17787778028,0.0,3042.8153923924924,833.1967855139908,59139.993270172774,10628.696089680823,calibration,0.4722402116402117,0.03834414682539684,0.0,0.0
2025-02-11,A,55562.48875546317,0.0,5487.153637592319,1160.5272316584474,61049.64239305549,10800.0,calibration,0.4720507936507936,0.04770833333333334,0.0,0.0
2025-02-12,A,55751.145381169015,0.0,2850.7915749883664,679.1646353485753,58601.936956157384,10744.637998370474,calibration,0.4733280423280424,0.04982857142857143,0.0,0.0
2025-02-13,A,54594.47267176089,0.0,2749.412532575622,878.4839872646286,57343.88520433651,10730.504902084183,calibration,0.4705460317460317,0.04360505952380952,0.0,0.0
2025-02-14,A,14812.160154458377,0.0,3090.3177317360205,1471.8905262296848,17902.4778861944,10710.116191440253,calibration,0.47089947089947093,0.14283492063492062,0.0,0.0
2025-02-15,A,15399.432264048046,0.0,2076.4013968633744,894.8403071190905,17475.83366091142,10626.11215530509,calibration,0.4718179894179894,0.13493888888888889,0.0,0.0
2025-02-16,A,53377.940659290995,0.0,7899.69782428639,1938.088135904697,61277.638483577386,10746.966381869,calibration,0.4736047619047618,0.06151706349206349,0.0,0.0
2025-02-17,A,52752.43057104746,0.0,2591.421190349133,675.4107752987697,55343.85176139659,10735.337905080065,calibration,0.47256455026455013,0.051036805555555564,0.0,0.0
2025-02-18,A,51737.05270087527,0.0,2414.3594233928006,667.6073538470561,54151.41212426807,10799.655431794756,calibration,0.47414814814814815,0.05028849206349206,0.0,0.0
2025-02-19,A,51451.275760156124,0.0,5595.735496684052,1351.8262234668662,57047.011256840175,10535.75207910447,calibration,0.4713571428571428,0.05365218253968255,0.0,0.0
2025-02-20,A,51708.69181794247,0.0,1853.373878094591,544.3146650370937,53562.06569603706,10657.820864546833,calibration,0.47265978835978834,0.055220932539682556,0.0,0.0
2025-02-21,A,14895.419753325765,0.0,662.4263100208889,287.2079603412571,15557.846063346653,10669.897893903491,calibration,0.473063492063492,0.14571785714285715,0.0,0.0
2025-02-22,A,14967.906049457895,0.0,2815.1027957137385,1194.5707276780436,17783.008845171633,10689.027944379673,calibration,0.47281587301587313,0.12959176587301588,0.0,0.0
2025-02-23,A,50669.6081710974,0.0,3680.204124507624,1072.9093811839405,54349.81229560503,10676.383517674609,calibration,0.4718915343915344,0.053621428571428584,0.0,0.0
2025-02-24,A,49925.044094174664,0.0,2070.253308946403,467.2821781574727,51995.29740312107,10751.526629621188,calibration,0.47184973544973535,0.04930882936507937,0.0,0.0
2025-02-25,A,48906.50553947198,0.0,1607.589545856128,451.74653915900365,50514.09508532811,10684.764545310085,calibration,0.470436507936508,0.041781547619047614,0.0,0.0
2025-02-26,A,49110.85406830079,0.0,3485.429398950644,1042.4798064157642,52596.28346725143,10772.49507288161,calibration,0.47081111111111107,0.05066349206349207,0.0,0.0
2025-02-27,A,47130.86630313835,0.0,3134.5458244134306,680.685948292899,50265.412127551775,10768.892632568732,calibration,0.471189417989418,0.04860396825396824,0.0,0.0
2025-02-28,A,13834.800452329295,0.0,1099.5447642003878,552.2815656679893,14934.345216529682,10728.152015236059,calibration,0.47052751322751324,0.13722271825396823,0.0,0.0
2025-03-01,A,14013.227894217143,0.0,566.2029403706803,194.92156822827454,14579.430834587823,10768.679107277005,calibration,0.4690243386243387,0.13950486111111113,0.0,0.0
2025-03-02,A,47600.0993076874,0.0,21252.59748758749,5506.878705956387,68852.69679527488,10732.803509897729,calibration,0.4657164021164021,0.06790456349206347,0.0,0.0
2025-03-03,A,47375.602347262145,0.0,18975.215169925454,4484.650767253505,66350.81751718759,10749.302238624316,calibration,0.4645825396825396,0.06589791666666667,0.0,0.0
2025-03-04,A,48137.85381271189,0.0,4523.835672825707,1351.1511361049186,52661.689485537594,10670.20503196846,calibration,0.46330582010582017,0.05184285714285715,0.0,0.0
2025-03-05,A,46217.736243396255,0.0,2650.92690857201,646.4688472903339,48868.66315196826,10692.126975145313,calibration,0.46334708994708995,0.04629742063492062,0.0,0.0
2025-03-06,A,46025.940261040334,0.0,1916.8685818495123,503.4437655758913,47942.80884288985,10617.426262521805,calibration,0.458679365079365,0.04774156746031746,0.0,0.0
2025-03-07,A,13037.900356333234,0.0,1321.830448938739,515.2698499091769,14359.730805271973,10775.797374713453,calibration,0.45631587301587295,0.1406079365079365,0.0,0.0
2025-03-08,A,12885.067413439,0.0,1319.607444727817,656.754669124066,14204.674858166816,10736.094279531158,calibration,0.4559460317460317,0.15116150793650796,0.0,0.0
2025-03-09,A,43527.73612162159,0.0,4592.70232735193,1469.9090235140247,48120.43844897352,10750.767611769825,calibration,0.45648359788359794,0.04534335317460317,0.0,0.0
2025-03-10,A,44812.976058857814,0.0,14088.627542174718,3900.722645353371,58901.60360103253,10666.229003088489,calibration,0.45693015873015874,0.06240009920634922,0.0,0.0
2025-03-11,A,43337.645746649665,0.0,4420.723278207414,1176.3044339606963,47758.36902485708,10274.249153796782,calibration,0.4566465608465608,0.05405089285714286,0.0,0.0
2025-03-12,A,43636.893072790655,0.0,2856.5643202590663,787.6415328578913,46493.45739304972,10619.4522031585,calibration,0.45587671957671955,0.048841567460317474,0.0,0.0
2025-03-13,A,43916.81633057242,0.0,13710.349319724704,3622.557802656779,57627.16565029713,10674.778026294196,calibration,0.4563804232804233,0.0678621031746032,0.0,0.0
2025-03-14,A,12330.287424213753,0.0,1987.7372420518382,637.9724896075681,14318.024666265592,10729.832658349684,calibration,0.45648571428571433,0.14629573412698413,0.0,0.0
2025-03-15,A,12783.19837647189,0.0,3089.049520624883,1303.7798811849732,15872.247897096773,10617.69506190449,calibration,0.4549883597883598,0.13138422619047618,0.0,0.0
2025-03-16,A,42633.86797205437,0.0,5344.238808697524,1545.0760761078589,47978.1067807519,10647.62601953112,calibration,0.45557248677248685,0.0531282738095238,0.0,0.0
2025-03-17,A,41241.59716435736,0.0,622.5234272102168,240.4047322107263,41864.120591567575,10183.412514664675,calibration,0.45470052910052905,0.03631359126984128,0.0,0.0
2025-03-18,A,41338.24474124248,0.0,5225.444200271114,1126.9932635831815,46563.688941513596,10675.908597677,calibration,0.45277989417989417,0.048267757936507935,0.0,0.0
2025-03-19,A,40658.81822025373,0.0,2186.204405018463,572.472640336723,42845.02262527219,10783.780942543182,calibration,0.4518751322751323,0.04881170634920636,0.0,0.0
2025-03-20,A,40658.90965580489,0.0,4428.161378485307,1258.7707468611366,45087.0710342902,10183.832127327967,calibration,0.4522597883597884,0.056766964285714275,0.0,0.0
2025-03-21,A,11935.697227575078,0.0,1036.1331903574167,388.0621534550854,12971.830417932495,10668.660849232609,calibration,0.4530079365079365,0.1536701388888889,0.0,0.0
2025-03-22,A,12339.603623932042,0.0,2096.842096349325,943.4473280287524,14436.445720281366,10728.658119431333,calibration,0.45365873015873015,0.13372331349206348,0.0,0.0
2025-03-23,A,39368.554258177945,0.0,3794.711013096324,1153.218954695405,43163.26527127427,10751.808624007312,calibration,0.452205291005291,0.05060575396825398,0.0,0.0
2025-03-24,A,38879.46090869168,0.0,2926.3532969641096,912.4945402130713,41805.81420565579,10546.008442348339,calibration,0.45250634920634913,0.05461378968253968,0.0,0.0
2025-03-25,A,39017.23915276272,0.0,7809.6365888754035,2477.7798108993616,46826.87574163812,10664.080420027141,calibration,0.45285026455026456,0.0572953373015873,0.0,0.0
2025-03-26,A,38965.16676189209,0.0,460.6055366581292,181.71863525298355,39425.77229855022,10686.558409933199,calibration,0.45108095238095236,0.047057440476190475,0.0,0.0
2025-03-27,A,38118.72193822134,0.0,3879.538874978906,1172.1171754206748,41998.26081320024,10203.045139339629,calibration,0.4509153439153438,0.05638541666666666,0.0,0.0
2025-03-28,A,11703.414907987677,0.0,253.133156335538,139.68627817622627,11956.548064323215,10271.736268729897,calibration,0.449647619047619,0.13822063492063494,0.0,0.0
2025-03-29,A,11464.649009792822,0.0,612.3003982079686,229.7388566124808,12076.94940800079,9544.746305376884,calibration,0.450710582010582,0.15139275793650792,0.0,0.0
2025-03-30,A,37040.186526077196,0.0,2797.320248085867,986.6590444427386,39837.50677416306,10736.183396716955,calibration,0.4536047619047619,0.049554464285714285,0.0,0.0
2025-03-31,A,36630.230678635184,0.0,8932.552838972404,2592.458800253657,45562.78351760759,10395.99581543043,calibration,0.45265873015873015,0.05669087301587302,0.0,0.0
2025-04-01,A,37745.71850216259,0.0,12746.45380199663,4194.2900863480845,50492.17230415922,10783.948814872196,eval,0.4515280423280424,0.0719405753968254,0.0,0.0
2025-04-02,A,36554.87050722359,0.0,18937.920867208777,5023.9604172379695,55492.79137443237,10753.210103700905,eval,0.45426084656084664,0.06762728174603175,0.0,0.0
2025-04-03,A,37274.48052865179,0.0,4555.383707289702,1145.9925597465283,41829.86423594149,10673.224268819606,eval,0.4561820105820106,0.06061577380952383,0.0,0.0
2025-04-04,A,11029.39252694885,0.0,306.31504388148323,182.12833249372665,11335.707570830333,10747.91935507087,eval,0.45736878306878304,0.14913710317460319,0.0,0.0
2025-04-05,A,11574.84876909211,0.0,3420.997515891807,1462.8339145895645,14995.846284983916,10673.225788519427,eval,0.4554814814814816,0.1311729166666667,0.0,0.0
2025-04-06,A,36707.89852414343,0.0,1683.5163464698335,435.151929500409,38391.41487061326,10781.43622154787,eval,0.45346243386243396,0.04986498015873016,0.0,0.0
2025-04-07,A,36304.572442266304,0.0,2830.126172458751,1000.8961350823166,39134.69861472506,10702.830180086505,eval,0.4558476190476191,0.05191001984126983,0.0,0.0
2025-04-08,A,35716.2527438828,0.0,4552.597997738785,1082.3139130385466,40268.85074162158,10655.92012266833,eval,0.45664920634920636,0.050626984126984124,0.0,0.0
2025-04-09,A,35977.87901855959,0.0,13165.921632142501,4242.090670176795,49143.80065070209,10694.915846134309,eval,0.4555074074074074,0.06723720238095238,0.0,0.0
2025-04-10,A,35732.11138971578,0.0,2784.6703936075774,737.6649478531076,38516.78178332336,10763.334083582973,eval,0.45338412698412706,0.05992212301587301,0.0,0.0
2025-04-11,A,10617.576712039005,0.0,620.4202045317991,310.0092926216555,11237.996916570804,10197.779309343954,eval,0.4523375661375661,0.15134126984126983,0.0,0.0
2025-04-12,A,11165.401732829534,0.0,1143.1837325040094,600.3194168463785,12308.585465333543,10289.46042755361,eval,0.45481058201058205,0.13979117063492064,0.0,0.0
2025-04-13,A,34932.24957592376,0.0,3193.4706076125503,1089.4158283231607,38125.72018353631,10207.551062512593,eval,0.45294973544973555,0.059799702380952384,0.0,0.0
2025-04-14,A,34523.98117146986,0.0,2883.777256900928,901.8076389292296,37407.758428370784,10781.825737721058,eval,0.45337301587301587,0.05116130952380953,0.0,0.0
2025-04-15,A,34291.87777084551,0.0,3878.2109744297304,1208.9735721267273,38170.088745275236,10770.663524935946,eval,0.4556465608465607,0.04900436507936509,0.0,0.0
2025-04-16,A,34374.81885763879,0.0,7680.310420023018,2811.760224057737,42055.12927766181,10620.164829026198,eval,0.4550328042328041,0.06689652777777777,0.0,0.0
2025-04-17,A,33698.494443443225,0.0,3782.1910548738865,1193.1463027218842,37480.685498317114,10705.929285082719,eval,0.4568486772486773,0.05517619047619049,0.0,0.0
2025-04-18,A,10310.360029437663,0.0,1630.601628776671,818.9059149995383,11940.961658214334,10756.586943673006,eval,0.45714232804232807,0.13584444444444443,0.0,0.0
2025-04-19,A,9968.630047708994,0.0,585.5232957021576,310.1814098461824,10554.153343411152,9552.080958046414,eval,0.4573312169312169,0.13859573412698412,0.0,0.0
2025-04-20,A,34170.92550421899,0.0,2588.513214455665,912.3696993048236,36759.43871867465,10694.818466434595,eval,0.4606984126984128,0.053529960317460316,0.0,0.0
2025-04-21,A,33118.72814269022,0.0,1497.3410138197119,628.2228480962866,34616.06915650993,10628.881103064288,eval,0.45873597883597883,0.04580932539682539,0.0,0.0
2025-04-22,A,33476.541425614785,0.0,5544.766188919752,2008.7485987216985,39021.30761453454,10667.660683840104,eval,0.4576507936507937,0.060242261904761896,0.0,0.0
2025-04-23,A,33318.539780352774,0.0,4438.449933020631,1679.9600536142923,37756.989713373405,10771.342029600999,eval,0.45945925925925923,0.05768124999999999,0.0,0.0
2025-04-24,A,32751.93367070105,0.0,1315.494405222622,365.989741974368,34067.42807592367,10765.637764532928,eval,0.4612582010582011,0.0493328373015873,0.0,0.0
2025-04-25,A,9604.430706551557,0.0,294.9362516158916,91.11767030373923,9899.366958167448,10708.068456598961,eval,0.46247142857142853,0.15006011904761907,0.0,0.0
2025-04-26,A,10061.608339101458,0.0,2897.7433767612747,1237.1511962224322,12959.351715862733,10115.31351173317,eval,0.4604343915343916,0.15092718253968254,0.0,0.0
2025-04-27,A,31605.361279149256,0.0,6047.081277678568,1484.576940428497,37652.442556827824,10710.474803510426,eval,0.4590957671957673,0.05493998015873017,0.0,0.0
2025-04-28,A,32024.25704728829,0.0,25646.718212640713,8003.542198517967,57670.97525992901,10771.861913263789,eval,0.45826455026455026,0.08564384920634921,0.0,0.0
2025-04-29,A,31673.144884655107,0.0,4910.6850427344225,1258.8127600577457,36583.82992738953,10792.751036024165,eval,0.45860052910052906,0.04940337301587302,0.0,0.0
2025-04-30,A,31139.742125958353,0.0,5536.213965692656,2173.8924653678014,36675.95609165101,10652.893830721969,eval,0.45716137566137566,0.05083402777777778,0.0,0.0
2025-05-01,A,32196.666158118423,0.0,18709.801643515886,3710.4174907386555,50906.46780163431,10034.874665304986,eval,0.4539862433862434,0.07086815476190475,0.0,0.0
2025-05-02,A,10694.365981078558,0.0,19345.42796123829,6146.798850505384,30039.793942316846,10227.448377151766,eval,0.4527296296296297,0.09780684523809523,0.0,0.0
2025-05-03,A,10388.756323219917,0.0,12044.195800240588,3426.6863531708245,22432.952123460505,9763.196686068697,eval,0.455978306878307,0.12078948412698412,0.0,0.0
2025-05-04,A,33512.08773559817,0.0,13385.201549176,3077.757133790751,46897.289284774175,9552.80837359965,eval,0.4565640211640212,0.05533789682539682,0.0,0.0
2025-05-05,A,33698.74523959545,0.0,17305.187771518864,4479.5302714607105,51003.93301111432,9641.879304472795,eval,0.45834021164021166,0.06813918650793653,0.0,0.0
2025-05-06,A,33577.44164712942,0.0,12218.182697460225,3116.2596715262534,45795.62434458964,8685.162809615884,eval,0.45842804232804224,0.06247103174603175,0.0,0.0
2025-05-07,A,35841.17340677677,0.0,8478.632427410465,2298.247519247421,44319.80583418723,8596.88911799428,eval,0.4613322751322752,0.062067956349206366,0.0,0.0
2025-05-08,A,36359.09866738836,0.0,9724.403618400487,3176.98140854841,46083.50228578885,7950.155227576943,eval,0.4637100529100529,0.0629389880952381,0.0,0.0
2025-05-09,A,12585.869028280786,0.0,794.7691809676379,355.9130293882412,13380.638209248424,8825.70053137016,eval,0.4640820105820106,0.13854603174603175,0.0,0.0
2025-05-10,A,12692.859089067024,0.0,3705.192456656574,1761.2656689538708,16398.051545723596,8016.296729960742,eval,0.4621883597883598,0.12751894841269842,0.0,0.0
2025-05-11,A,35639.22915179735,0.0,7406.575567601163,2256.9403064235685,43045.80471939851,6479.067333879344,eval,0.46208465608465604,0.061195833333333324,0.0,0.0
2025-05-12,A,37540.45742288769,0.0,5169.5455364498885,1710.2522690758024,42710.00295933758,8053.672277676871,eval,0.46352222222222217,0.05152638888888889,0.0,0.0
2025-05-13,A,35664.36302278049,0.0,2520.669331672733,704.195332613767,38185.03235445322,7430.790075509676,eval,0.4644613756613757,0.058716666666666674,0.0,0.0
2025-05-14,A,35457.77516582068,0.0,1899.964386565437,653.2039057174865,37357.73955238612,7058.390381053936,eval,0.4616857142857144,0.04893948412698413,0.0,0.0
2025-05-15,A,35609.596561190345,0.0,4272.778937687552,1167.0411456799707,39882.3754988779,6701.733958669953,eval,0.45981428571428573,0.05462807539682538,0.0,0.0
2025-05-16,A,10372.955621270714,0.0,222.3258195085072,131.71278316744065,10595.281440779221,3888.5360363525915,eval,0.4595153439153439,0.15624176587301586,0.0,0.0
2025-05-17,A,11728.34183014174,0.0,5987.256372762951,2505.781602063963,17715.598202904694,4771.1570144571215,eval,0.45778253968253957,0.12560763888888887,0.0,0.0
2025-05-18,A,34785.29601461192,0.0,5953.092717150403,2271.0262855756055,40738.38873176232,4395.264094794479,eval,0.45744920634920627,0.05614077380952382,0.0,0.0
2025-05-19,A,34030.03715255222,0.0,2038.219130271883,427.7274274597383,36068.256282824106,4103.137170322943,eval,0.4556920634920636,0.04694136904761906,0.0,0.0
2025-05-20,A,34350.57977606813,0.0,11604.738928610997,3395.7920004654193,45955.31870467913,4703.508827683292,eval,0.45464550264550263,0.06721289682539683,0.0,0.0
2025-05-21,A,35501.86574176911,0.0,5652.251800575175,1607.905796251037,41154.117542344284,6986.734989972517,eval,0.45527037037037027,0.05793978174603176,0.0,0.0
2025-05-22,A,33322.64679134881,0.0,3437.4772099721195,929.4895234723646,36760.12400132093,5982.823745033503,eval,0.457268253968254,0.05686339285714285,0.0,0.0
2025-05-23,A,11440.836640792546,0.0,3319.23049209056,1537.237228153971,14760.067132883105,7388.384283999214,eval,0.45737830687830694,0.1360205357142857,0.0,0.0
2025-05-24,A,11718.032042413015,0.0,411.5201014492667,219.29872904234682,12129.552143862282,7545.4892596464415,eval,0.46061111111111114,0.14165763888888888,0.0,0.0
2025-05-25,A,34490.75357830452,0.0,1890.153944250249,449.2229076173284,36380.907522554764,8684.203516469923,eval,0.46305661375661383,0.05378878968253967,0.0,0.0
2025-05-26,A,33322.31948837299,0.0,15714.373973726848,4999.9903259931425,49036.693462099836,8814.69009281402,eval,0.4629507936507937,0.06794087301587301,0.0,0.0
2025-05-27,A,33726.95173724074,0.0,2118.011386590008,543.9298241111297,35844.96312383075,8618.11321934816,eval,0.4636439153439153,0.05648501984126983,0.0,0.0
2025-05-28,A,33244.816488476936,0.0,12813.7049673978,4252.478752528307,46058.52145587474,7977.71774619145,eval,0.4635322751322751,0.06529027777777777,0.0,0.0
2025-05-29,A,33187.339249513854,0.0,16222.016088190903,4623.342405479589,49409.35533770476,8077.758474912139,eval,0.46291746031746034,0.07312767857142857,0.0,0.0
2025-05-30,A,11588.201305603323,0.0,5933.260640887831,2451.2013690302056,17521.461946491152,8964.399371910444,eval,0.46268571428571426,0.13248045634920633,0.0,0.0
2025-05-31,A,10486.067490433641,0.0,5075.68838698568,2328.638885018112,15561.75587741932,7280.126895442891,eval,0.46082857142857137,0.12931041666666665,0.0,0.0
2025-06-01,A,36964.90829727198,0.0,73679.9212432268,17964.340698597392,110644.82954049877,5187.912127185753,eval,0.4579656084656084,0.12338293650793651,0.0,0.0
2025-06-02,A,39449.58918833397,0.0,56728.88989413899,13588.714359012352,96178.47908247297,5875.124851465935,eval,0.4640201058201059,0.10458065476190476,0.0,0.0
2025-06-03,A,38290.10971465355,0.0,46326.68642096303,11993.390428508279,84616.79613561658,3700.4991243894997,eval,0.4677211640211639,0.09143849206349206,0.0,0.0
2025-06-04,A,46290.276509857904,0.0,20566.556584925238,6116.144590827522,66856.83309478314,4078.09864247017,eval,0.4732343915343915,0.08982579365079364,0.0,0.0
2025-06-05,A,46339.4851667217,0.0,24412.049289016075,6592.0807238894495,70751.53445573777,3172.2604459207514,eval,0.47868888888888894,0.09041875000000002,0.0,0.0
2025-06-06,A,13019.469789396107,0.0,35463.702730688965,10688.999783475523,48483.17252008507,1200.0,eval,0.4831148148148148,0.09393392857142857,0.0,0.0
2025-06-07,A,15147.14131544568,0.0,20437.90079178204,6599.188203303628,35585.042107227724,2070.1751739677966,eval,0.488226455026455,0.10546755952380953,0.0,0.0
2025-06-08,A,50366.41883326069,0.0,2094.125176621258,597.2105276149359,52460.544009881945,1865.7017080062853,eval,0.4940502645502645,0.041805952380952374,0.0,0.0
2025-06-09,A,50889.59746125294,0.0,10580.256109472159,2648.7974857459276,61469.8535707251,2613.9886206024894,eval,0.49194285714285707,0.059196924603174605,0.0,0.0
2025-06-10,A,50390.02199194195,0.0,8543.645791641087,2220.2319924278777,58933.667783583034,2370.3092056791584,eval,0.49467671957671955,0.054851289682539675,0.0,0.0
2025-06-11,A,50079.1831945898,0.0,28889.505947616337,6321.086963645787,78968.68914220613,2075.051282165573,eval,0.4949894179894179,0.07027430555555556,0.0,0.0
2025-06-12,A,51815.2033592042,0.0,10072.338931391989,2341.7945973539468,61887.54229059619,3037.148078100633,eval,0.493605291005291,0.06014662698412698,0.0,0.0
2025-06-13,A,19169.37077243205,0.0,1360.680291162146,667.7824767425394,20530.051063594194,3789.5561850561066,eval,0.4940063492063491,0.12945714285714283,0.0,0.0
2025-06-14,A,19377.08475407879,0.0,2173.4983667197425,1200.6074684458822,21550.583120798532,3620.3500559953122,eval,0.49208888888888885,0.133205753968254,0.0,0.0
2025-06-15,A,50404.57115043292,0.0,5050.0725316960625,1300.7238827011533,55454.64368212898,2399.269915178027,eval,0.491184656084656,0.05559444444444445,0.0,0.0
2025-06-16,A,51761.13521496253,0.0,7769.280522489541,2023.553990137096,59530.41573745207,2344.5137359907058,eval,0.4913518518518519,0.05662182539682539,0.0,0.0
2025-06-17,A,51499.43084009857,0.0,16079.158582906453,3659.45732167672,67578.58942300502,1845.148607243964,eval,0.4900539682539682,0.060974305555555545,0.0,0.0
2025-06-18,A,52699.2518836167,0.0,4074.904155321855,1077.868397516348,56774.156038938556,2159.83784748793,eval,0.4900798941798941,0.05118859126984127,0.0,0.0
2025-06-19,A,51148.447519809735,0.0,4090.177535573688,889.6790468060001,55238.625055383425,2207.8762602029215,eval,0.48885185185185176,0.045914384920634904,0.0,0.0
2025-06-20,A,16712.03553150324,0.0,879.1593287652959,300.121591088154,17591.194860268537,2237.995792176948,eval,0.4883619047619047,0.14658918650793654,0.0,0.0
2025-06-21,A,16521.29146035517,0.0,703.834079163926,348.1268665345326,17225.125539519096,2742.376601074674,eval,0.48837142857142857,0.15586805555555555,0.0,0.0
2025-06-22,A,49548.08110125334,0.0,6951.766329683706,1909.055979287672,56499.84743093704,2211.03965239641,eval,0.4900412698412698,0.052723710317460336,0.0,0.0
2025-06-23,A,48815.79679869403,0.0,5577.736434278975,1385.978050860013,54393.533232973,1975.840444070553,eval,0.4902835978835978,0.051532738095238104,0.0,0.0
2025-06-24,A,49982.20304079805,0.0,35990.61883664706,8510.484032810211,85972.82187744511,2143.1063297152555,eval,0.4880671957671958,0.08572896825396824,0.0,0.0
2025-06-25,A,48551.91428924941,0.0,10701.596021991585,2861.5585547560054,59253.510311241,2081.1732073692438,eval,0.48677460317460314,0.06070049603174605,0.0,0.0
2025-06-26,A,47348.97558554454,0.0,6231.197149562056,1634.958876304759,53580.17273510659,1248.8166295557792,eval,0.4849857142857144,0.05231666666666668,0.0,0.0
2025-06-27,A,15083.813540390876,0.0,1966.9217307903439,607.3156081489768,17050.73527118122,1481.6454853957266,eval,0.4852132275132275,0.1529569444444444,0.0,0.0
2025-06-28,A,15716.764076573352,0.0,3355.0215235043124,1187.532422642404,19071.785600077666,2122.8370647565575,eval,0.48595238095238097,0.13287559523809525,0.0,0.0
2025-06-29,A,48655.106941996084,0.0,8663.038606496515,2409.7146767635577,57318.1455484926,1527.6490695710181,eval,0.48521375661375665,0.06161785714285714,0.0,0.0
2025-06-30,A,48566.89051545981,0.0,7954.554805263115,2082.1183800196545,56521.44532072292,1212.2694018778047,eval,0.4843613756613756,0.05708224206349207,0.0,0.0
2025-07-01,A,53667.60788712122,0.0,38080.75477499362,8781.663015414679,91748.36266211484,1200.0,eval,0.4844359788359787,0.13195694444444445,0.0,0.0
2025-07-02,A,65215.46361831938,0.0,3170.595634084021,855.2575675489129,68386.0592524034,3077.2266975090097,eval,0.4933005291005291,0.11039176587301588,0.0,0.0
2025-07-03,A,64210.28651470351,0.0,5567.768745155368,1402.363468150403,69778.05525985888,3008.0029441362626,eval,0.5060111111111111,0.12684484126984127,0.0,0.0
2025-07-04,A,21280.995323776766,0.0,12411.55528649989,4175.130296422173,33692.55061027665,1835.1856301992134,eval,0.5153592592592592,0.11194771825396825,0.0,0.0
2025-07-05,A,21531.877709181616,0.0,12354.381332671055,4159.935097778734,33886.25904185267,2089.1464295265873,eval,0.5274714285714286,0.11839930555555557,0.0,0.0
2025-07-06,A,64495.521588820804,0.0,16040.355415418911,3643.1898022501514,80535.87700423971,4509.961325180408,eval,0.5372047619047619,0.08999910714285714,0.0,0.0
2025-07-07,A,63093.00434418806,0.0,2735.5518777637835,953.6628761554308,65828.55622195185,5336.114591430334,eval,0.5473555555555555,0.05812222222222222,0.0,0.0
2025-07-08,A,65593.61941460732,0.0,5541.079860810303,1166.8789390009829,71134.69927541763,6918.415896635497,eval,0.5587777777777778,0.058243452380952396,0.0,0.0
2025-07-09,A,56354.057443826394,0.0,4526.719455498747,1148.817835647536,60880.77689932514,2493.156080934819,eval,0.5591915343915345,0.05439107142857144,0.0,0.0
2025-07-10,A,59232.23750113834,0.0,3864.6759998497446,789.8106334979544,63096.913500988085,2307.570058880294,eval,0.5586772486772488,0.054364880952380935,0.0,0.0
2025-07-11,A,27930.740832036685,0.0,2888.2338949732507,1545.1104401969465,30818.974727009936,3871.551074494165,eval,0.5597227513227513,0.12057708333333335,0.0,0.0
2025-07-12,A,26734.92383457321,0.0,201.0980814208599,63.909383547736965,26936.021915994068,3342.1436811355347,eval,0.5568894179894179,0.13618839285714288,0.0,0.0
2025-07-13,A,56401.58026088651,0.0,2713.150076725124,431.09284717341023,59114.73033761164,1639.8980420957996,eval,0.5542185185185184,0.041224206349206344,0.0,0.0
2025-07-14,A,56685.83106572322,0.0,4397.651703292195,800.1276864709914,61083.48276901542,1510.8729245120894,eval,0.553584656084656,0.05352638888888888,0.0,0.0
2025-07-15,A,57655.96144906904,0.0,8693.693101803603,2501.668954113919,66349.65455087264,1816.455368020875,eval,0.5519074074074074,0.056671230158730164,0.0,0.0
2025-07-16,A,56453.70569525201,0.0,8370.918011874997,2082.348181515653,64824.623707127,1200.9891614313378,eval,0.5508962962962963,0.060499603174603185,0.0,0.0
2025-07-17,A,56253.672390476175,0.0,8036.877213773219,1996.5880076803119,64290.54960424939,1227.60872445438,eval,0.5489566137566136,0.06076279761904762,0.0,0.0
2025-07-18,A,22777.284375384104,0.0,5652.119399734439,2170.8372878438972,28429.403775118542,1284.7745841423182,eval,0.5480772486772486,0.12729186507936507,0.0,0.0
2025-07-19,A,23092.1938044668,0.0,3366.557771794532,1053.217663951992,26458.75157626133,1250.2351534586642,eval,0.5443116402116402,0.14050218253968252,0.0,0.0
2025-07-20,A,55226.040789277045,0.0,6633.366306977416,1997.9529124907544,61859.407096254465,2033.1338198353835,eval,0.54460582010582,0.052711309523809514,0.0,0.0
2025-07-21,A,56716.534605701236,0.0,8949.93643124179,2435.5758951698053,65666.47103694302,2037.1805929233283,eval,0.5451343915343916,0.060835912698412695,0.0,0.0
2025-07-22,A,56311.9353978528,0.0,10442.200802530771,2754.156588781112,66754.13620038357,1933.8741667567595,eval,0.545147619047619,0.06037936507936507,0.0,0.0
2025-07-23,A,56415.04220591659,0.0,9430.475258998073,2482.825063946044,65845.51746491466,2044.2990047360786,eval,0.5449640211640212,0.05883283730158731,0.0,0.0
2025-07-24,A,56970.74588025251,0.0,12675.683455987928,3077.7730387398547,69646.42933624043,2331.8903278293187,eval,0.5448121693121694,0.06357916666666667,0.0,0.0
2025-07-25,A,22292.45824937389,0.0,1633.530156478389,371.9342681867566,23925.988405852277,1546.1544094072146,eval,0.5435994708994709,0.1443975198412698,0.0,0.0
2025-07-26,A,23597.277033149534,0.0,2487.0006691848785,1202.9371061405334,26084.277702334413,2260.1454075450324,eval,0.5449671957671959,0.13273253968253967,0.0,0.0
2025-07-27,A,56133.12281252717,0.0,10321.158005741238,3018.125354512315,66454.28081826841,2307.296592160172,eval,0.5453116402116402,0.05910079365079368,0.0,0.0
2025-07-28,A,56125.99009606307,0.0,21023.104107473242,5629.360337497929,77149.09420353631,1220.6114115965815,eval,0.5448328042328042,0.07113144841269842,0.0,0.0
2025-07-29,A,57480.084713373566,0.0,12913.504952297071,3651.940191830568,70393.58966567063,1675.4733150187767,eval,0.5418460317460319,0.06545148809523808,0.0,0.0
2025-07-30,A,57703.81298741019,0.0,8633.244769919129,2343.6637056074214,66337.05775732931,1529.146149393372,eval,0.5421238095238096,0.060412301587301584,0.0,0.0
2025-07-31,A,56662.85572700299,0.0,8015.304256936589,1922.3615764090046,64678.15998393958,1308.900555384476,eval,0.54485291005291,0.06224007936507936,0.0,0.0
2025-08-01,A,22647.96060652552,0.0,2093.3911672078148,692.0901974835563,24741.351773733335,2231.505529939403,eval,0.5448312169312168,0.15951646825396829,0.0,0.0
2025-08-02,A,22483.59373536121,0.0,1414.4439577371854,347.37094865220104,23898.037693098395,3054.514577820503,eval,0.5471201058201057,0.1623127976190476,0.0,0.0
2025-08-03,A,53559.46128531403,0.0,4866.242728038425,824.0578783698598,58425.70401335246,1862.965933962893,eval,0.5456243386243386,0.038464781746031754,0.0,0.0
2025-08-04,A,54540.694711672615,0.0,2411.6972279052525,542.651749346284,56952.391939577865,2889.6989578767716,eval,0.5430841269841269,0.04194801587301587,0.0,0.0
2025-08-05,A,52090.8848359392,0.0,1108.3347134868714,315.1067516422572,53199.219549426074,2077.842614969407,eval,0.5429597883597884,0.04200029761904763,0.0,0.0
2025-08-06,A,51689.37211804977,0.0,15011.633040400884,3588.7162762348603,66701.00515845066,1999.2053574318516,eval,0.5435121693121694,0.05984315476190478,0.0,0.0
2025-08-07,A,50482.410000542804,0.0,5775.275399404427,1435.9077149535142,56257.68539994723,2046.8349720589658,eval,0.5399597883597883,0.04719950396825397,0.0,0.0
2025-08-08,A,21173.692047017565,0.0,2426.7076384743727,716.9790797710135,23600.39968549194,2280.8622979214656,eval,0.539568253968254,0.15493184523809525,0.0,0.0
2025-08-09,A,21346.569539603915,0.0,2515.446523387262,972.1642683844408,23862.016062991177,2024.7996320217246,eval,0.5350746031746032,0.13665803571428572,0.0,0.0
2025-08-10,A,50546.01739016531,0.0,8624.468565285706,2463.8123995467204,59170.48595545102,2183.0351047975746,eval,0.5341761904761904,0.06310555555555557,0.0,0.0
2025-08-11,A,48632.09742955395,0.0,8320.539836230706,1897.642640134849,56952.63726578465,1277.3940265593342,eval,0.5368137566137566,0.06005694444444444,0.0,0.0
2025-08-12,A,50161.50449612823,0.0,16070.169105308698,4436.7258669034545,66231.67360143692,1370.2684758026057,eval,0.534441798941799,0.07173214285714286,0.0,0.0
2025-08-13,A,50269.80770846125,0.0,8973.208386642425,2904.970184817595,59243.01609510368,1640.6706778479984,eval,0.5319222222222222,0.0647202380952381,0.0,0.0
2025-08-14,A,49949.036865418835,0.0,12729.723638742766,2922.2035718291563,62678.760504161604,1395.0304753383496,eval,0.5337687830687832,0.06522271825396825,0.0,0.0
2025-08-15,A,21059.391442072374,0.0,3852.9435748121587,1427.274919290301,24912.33501688453,1200.0,eval,0.5322592592592593,0.1402267857142857,0.0,0.0
2025-08-16,A,21395.399020812245,0.0,3388.0863049203904,1160.1021703532476,24783.485325732636,1273.630700916447,eval,0.5321359788359789,0.1459686507936508,0.0,0.0
2025-08-17,A,49811.293719975714,0.0,7187.72827030975,1618.0017268399768,56999.021990285466,1549.1624455399296,eval,0.532784126984127,0.05481686507936509,0.0,0.0
2025-08-18,A,50073.515598439815,0.0,10420.65242431901,2338.783625596704,60494.16802275882,1567.4267860786535,eval,0.5283423280423281,0.059799702380952384,0.0,0.0
2025-08-19,A,50042.37526949884,0.0,7026.860868480964,1811.7956682875672,57069.23613797981,1364.609671886418,eval,0.5330116402116403,0.053927380952380956,0.0,0.0
2025-08-20,A,50035.51022312888,0.0,29835.80441880954,8007.8088286159455,79871.31464193841,1244.1009687742846,eval,0.534589947089947,0.07831785714285716,0.0,0.0
2025-08-21,A,49836.164733731785,0.0,10583.598774198956,3186.69986691986,60419.76350793074,1360.686953681019,eval,0.5333031746031747,0.05832400793650795,0.0,0.0
2025-08-22,A,21574.363659384686,0.0,10366.124130638767,3556.5325524123305,31940.487790023453,1416.575978736166,eval,0.534010052910053,0.13174890873015874,0.0,0.0
2025-08-23,A,22242.589711889566,0.0,2549.4015701895396,948.8029412355278,24791.991282079107,3371.770227568979,eval,0.5386126984126984,0.13412797619047623,0.0,0.0
2025-08-24,A,50689.39724745157,0.0,9254.153653366986,2208.28949852458,59943.550900818555,3584.6500076429643,eval,0.5376772486772485,0.05130654761904762,0.0,0.0
2025-08-25,A,51382.8394488778,0.0,21123.89818567178,5842.430290439432,72506.73763454959,3629.2097613370843,eval,0.539321164021164,0.06873551587301588,0.0,0.0
2025-08-26,A,50203.41852161918,0.0,5773.167772258931,1258.2916071793236,55976.586293878114,2396.2031489432748,eval,0.5367968253968255,0.0552484126984127,0.0,0.0
2025-08-27,A,50579.79225713425,0.0,13586.193216294672,3092.8738283872,64165.985473428926,1905.7581087487572,eval,0.5329015873015873,0.06640932539682538,0.0,0.0
2025-08-28,A,51092.56838895118,0.0,22444.167016660227,5985.968379691743,73536.7354056114,2060.5432130003765,eval,0.5276857142857142,0.07400505952380951,0.0,0.0
2025-08-29,A,21984.201273571824,0.0,3717.7999378051127,1160.547282592554,25702.001211376937,2164.7481816963314,eval,0.5254931216931216,0.13391428571428574,0.0,0.0
2025-08-30,A,21625.779462648854,0.0,4556.974407828346,1465.2646172419588,26182.7538704772,1200.0,eval,0.5221100529100529,0.1447313492063492,0.0,0.0
2025-08-31,A,51102.90605762109,0.0,6800.385816343059,1841.7997168649586,57903.291873964146,1640.5232233346303,eval,0.5222767195767196,0.05793521825396827,0.0,0.0
2025-09-01,A,46139.06022394331,0.0,548.0762291284105,237.96778276043653,46687.13645307172,5037.384794277935,eval,0.5190936507936508,0.0746608134920635,0.0,0.0
2025-09-02,A,42904.98572519647,0.0,2135.4464206997336,536.865090754653,45040.43214589621,5124.904991949182,eval,0.5097936507936507,0.06440228174603176,0.0,0.0
2025-09-03,A,36480.61805530304,0.0,12934.201524441469,3131.5130561204282,49414.81957974451,3223.5221466886624,eval,0.5022063492063492,0.056388194444444456,0.0,0.0
2025-09-04,A,36788.906517604584,0.0,11840.45641931037,2793.9112939000506,48629.36293691496,2971.588476628964,eval,0.49613544973544976,0.05663809523809524,0.0,0.0
2025-09-05,A,17357.20448642164,0.0,229.9079999999997,128.79999999999984,17587.11248642164,5433.323816369291,eval,0.4847788359788359,0.18270644841269842,0.0,0.0
2025-09-06,A,17294.527724963136,0.0,0.0,0.0,17294.527724963136,6577.627281252578,eval,0.4751486772486771,0.16088849206349207,0.0,0.0
2025-09-07,A,36457.0342637132,0.0,8633.260890925754,2279.8679197539373,45090.29515463895,5912.652668655806,eval,0.46505132275132277,0.05513392857142856,0.0,0.0
2025-09-08,A,35835.14510540536,0.0,28852.82639165717,7835.888180377888,64687.971497062535,5553.249653231913,eval,0.4547777777777778,0.07713531746031747,0.0,0.0
2025-09-09,A,35889.72441081396,0.0,12231.925181854074,2778.4169685882566,48121.64959266803,3481.6807932290794,eval,0.4537338624338624,0.05490009920634921,0.0,0.0
2025-09-10,A,37648.321725926304,0.0,27130.251186285135,7655.655143019547,64778.57291221144,2690.98125580666,eval,0.45248624338624344,0.08075823412698412,0.0,0.0
2025-09-11,A,39057.12378591258,0.0,6139.737887020336,1342.7185276512832,45196.86167293292,5003.519813215204,eval,0.4536740740740741,0.05342291666666665,0.0,0.0
2025-09-12,A,15455.788660088296,0.0,2744.097980419788,996.6939241980401,18199.886640508084,6782.63626986527,eval,0.4556820105820106,0.13119454365079364,0.0,0.0
2025-09-13,A,13687.803081708298,0.0,2993.37631843331,926.2698729874363,16681.17940014161,5092.311080025148,eval,0.4548952380952382,0.1423347222222222,0.0,0.0
2025-09-14,A,38486.83693127826,0.0,17300.140547226227,5145.636944617934,55786.97747850449,5133.687816460694,eval,0.45539894179894175,0.06920803571428571,0.0,0.0
2025-09-15,A,39848.51174931007,0.0,5124.2984578662945,1442.5932078798176,44972.810207176364,5751.963339935521,eval,0.4588497354497355,0.053628869047619064,0.0,0.0
2025-09-16,A,39095.66417456812,0.0,11536.440892824543,4009.968280234701,50632.105067392666,4834.403505930766,eval,0.4610449735449734,0.07089543650793652,0.0,0.0
2025-09-17,A,40374.29072234416,0.0,11142.679517035567,3250.1398235891,51516.97023937973,5772.125579734349,eval,0.4610513227513227,0.06790843253968254,0.0,0.0
2025-09-18,A,39566.949844188035,0.0,9028.400978396128,2599.499164796472,48595.350822584165,6547.1967846132775,eval,0.4600402116402116,0.0625863095238095,0.0,0.0
2025-09-19,A,14540.247666786317,0.0,2873.213538170933,1130.8044428520761,17413.46120495725,6342.681427066273,eval,0.4592555555555555,0.12201220238095238,0.0,0.0
2025-09-20,A,13445.970128267556,0.0,4631.839095804972,1671.4867196666,18077.809224072527,4652.359115953647,eval,0.4596407407407407,0.13063968253968256,0.0,0.0
2025-09-21,A,40993.850039880315,0.0,4482.712307836095,1374.01799329712,45476.56234771641,3631.2763565637806,eval,0.45711111111111113,0.0577920634920635,0.0,0.0
2025-09-22,A,41557.564778788634,0.0,5960.688481716854,1781.731533298244,47518.25326050549,3490.7559280970554,eval,0.45738201058201056,0.06337777777777778,0.0,0.0
2025-09-23,A,42664.6697003498,0.0,10429.830423713434,2769.0132999367443,53094.500124063234,5162.169665109841,eval,0.45644285714285715,0.06235724206349205,0.0,0.0
2025-09-24,A,42558.18022253455,0.0,7581.687777742822,2179.9515433370184,50139.868000277376,6821.254907849108,eval,0.45619894179894177,0.05537301587301589,0.0,0.0
2025-09-25,A,41082.774348658175,0.0,5404.36013521337,1559.1698190992713,46487.134483871545,5528.291585817654,eval,0.45510264550264545,0.05815853174603176,0.0,0.0
2025-09-26,A,13953.672277542164,0.0,2129.5168738092952,1017.950539758936,16083.18915135146,5202.205904686557,eval,0.4564396825396825,0.1317858134920635,0.0,0.0
2025-09-27,A,14830.550353766917,0.0,10193.531356942323,3700.6614323794406,25024.08171070924,5565.545289125281,eval,0.4554481481481481,0.12588640873015872,0.0,0.0
2025-09-28,A,42767.752174064524,0.0,12091.496862392105,3097.3021217420014,54859.24903645663,5946.209167218143,eval,0.4580169312169314,0.06590555555555555,0.0,0.0
2025-09-29,A,41836.822005497655,0.0,6092.811558366457,1597.395877877252,47929.63356386411,3406.7309059385984,eval,0.45696719576719586,0.06140644841269841,0.0,0.0
2025-09-30,A,42703.296988665184,0.0,14926.758514976205,3903.3772738286902,57630.055503641386,2800.599144374628,eval,0.45684920634920634,0.06992966269841269,0.0,0.0
2025-10-01,A,41401.1112229085,0.0,291.85360787538747,122.23038763785229,41692.96483078389,4820.399872762564,eval,0.45616772486772483,0.039295039682539695,0.0,0.0
2025-10-02,A,40251.71469530019,0.0,772.1226684963303,286.8244810955931,41023.83736379652,6959.547913376132,eval,0.4568978835978835,0.032451984126984135,0.0,0.0
2025-10-03,A,13544.113049621677,0.0,124.06078732308939,65.30297683381525,13668.173836944767,9000.005966383926,eval,0.4547063492063491,0.16259980158730158,0.0,0.0
2025-10-04,A,13826.791430140936,0.0,1890.169281921826,663.8832409058903,15716.960712062762,9646.775836938623,eval,0.4541507936507936,0.13008789682539681,0.0,0.0
2025-10-05,A,38567.146658331054,0.0,621.045979696364,245.05887866904396,39188.192638027416,9799.535248426886,eval,0.45254021164021163,0.04299374999999999,0.0,0.0
2025-10-06,A,39407.333778223256,0.0,4800.436188566579,1645.1100526198927,44207.769966789834,10800.0,eval,0.4534867724867725,0.06301359126984127,0.0,0.0
2025-10-07,A,38202.27827863417,0.0,9272.23925399832,2675.048441236911,47474.51753263249,10800.0,eval,0.4544164021164021,0.06308789682539681,0.0,0.0
2025-10-08,A,34990.601938832115,0.0,13916.953979533344,3662.799752596562,48907.555918365455,10050.146930851046,eval,0.4559920634920635,0.06135753968253969,0.0,0.0
2025-10-09,A,35896.343393382806,0.0,12679.887648590524,2862.5426124607575,48576.231041973326,10709.441778321025,eval,0.4563306878306878,0.05656775793650794,0.0,0.0
2025-10-10,A,12123.044870396316,0.0,3852.507129982473,1295.9235710444254,15975.55200037879,10503.336083113672,eval,0.45994656084656094,0.14748065476190475,0.0,0.0
2025-10-11,A,12234.664699108303,0.0,2776.4215120870067,1042.9213674347461,15011.08621119531,9517.661914254513,eval,0.46068095238095247,0.12280039682539684,0.0,0.0
2025-10-12,A,36198.2195437006,0.0,14202.32295972621,3611.550150222194,50400.54250342681,9157.843000235041,eval,0.461131216931217,0.06516180555555555,0.0,0.0
2025-10-13,A,37550.35469746361,0.0,8509.204161752888,2007.2586604436246,46059.5588592165,9398.70731049311,eval,0.45852380952380956,0.05917490079365079,0.0,0.0
2025-10-14,A,37082.70797729796,0.0,19743.751413808754,4709.657564035355,56826.45939110672,9244.10499448932,eval,0.4581238095238095,0.0689347222222222,0.0,0.0
2025-10-15,A,38867.42305153351,0.0,15243.18540817891,4683.2366691341085,54110.60845971241,10199.928124098871,eval,0.45811798941798937,0.06890605158730158,0.0,0.0
2025-10-16,A,39501.83237739286,0.0,20749.779244252455,5109.4912814523595,60251.61162164531,10773.181076542889,eval,0.45952380952380956,0.07472202380952381,0.0,0.0
2025-10-17,A,13193.768890720426,0.0,2871.682040942749,1343.2277793435246,16065.450931663176,10668.156082679905,eval,0.45673597883597883,0.12654365079365076,0.0,0.0
2025-10-18,A,13256.775161008813,0.0,4067.369284173414,1664.3890064792463,17324.144445182228,10790.619135381701,eval,0.45554232804232797,0.13748154761904763,0.0,0.0
2025-10-19,A,41094.25250073729,0.0,15320.179097562686,3794.171398773294,56414.431598299976,10756.614083657845,eval,0.45466825396825394,0.07284196428571428,0.0,0.0
2025-10-20,A,41538.32114428174,0.0,13179.139124442669,3252.4555812132885,54717.46026872441,10719.096974526126,eval,0.4561402116402116,0.0666800595238095,0.0,0.0
2025-10-21,A,42487.61046959986,0.0,15902.503622398239,4485.329381455671,58390.1140919981,10698.42874969309,eval,0.45551640211640204,0.07285813492063492,0.0,0.0
2025-10-22,A,42716.32727296879,0.0,15900.819569464707,3615.343848412357,58617.146842433496,10737.650343006302,eval,0.45409947089947084,0.0655810515873016,0.0,0.0
2025-10-23,A,42562.119388623185,0.0,5732.270272694477,1433.3607432484973,48294.38966131766,10616.390453407417,eval,0.4519735449735449,0.05451259920634921,0.0,0.0
2025-10-24,A,13183.138050177688,0.0,4340.743012437226,1311.4579162146028,17523.881062614913,10727.837210675178,eval,0.4522888888888889,0.1347780753968254,0.0,0.0
2025-10-25,A,13230.568509955716,0.0,2845.423390136411,1080.5553781817769,16075.991900092127,10766.426834092328,eval,0.4535936507936509,0.1342387896825397,0.0,0.0
2025-10-26,A,44128.302896603345,0.0,2558.2294943894985,803.9299546363584,46686.53239099284,10785.41451840913,eval,0.4575264550264551,0.054311011904761904,0.0,0.0
2025-10-27,A,43677.36865793882,0.0,7897.125631534161,1866.5514534667748,51574.49428947298,10706.293493351748,eval,0.4582296296296296,0.05427341269841269,0.0,0.0
2025-10-28,A,44318.67151505447,0.0,7957.601073260865,2051.9029234118934,52276.27258831533,10742.41533317673,eval,0.4567074074074075,0.06113462301587301,0.0,0.0
2025-10-29,A,44064.65269534861,0.0,20199.177081759877,5281.204761124964,64263.82977710849,10168.477618657562,eval,0.45729100529100536,0.07460515873015873,0.0,0.0
2025-10-30,A,44969.39126903067,0.0,4200.565544034732,1091.3337417303449,49169.9568130654,10139.890507114042,eval,0.4577687830687831,0.059820436507936524,0.0,0.0
2025-10-31,A,13661.043533023267,0.0,6367.715711118794,2638.0712673454373,20028.75924414206,10157.939212663941,eval,0.4585677248677248,0.11899275793650793,0.0,0.0
2025-11-01,A,13512.944926677788,0.0,4645.395143749629,1806.7027245940153,18158.340070427417,10422.21671785467,eval,0.45790529100529104,0.1355406746031746,0.0,0.0
2025-11-02,A,45382.19370010597,0.0,11660.022957520443,2864.977398760382,57042.21665762641,9423.302649759407,eval,0.4531619047619047,0.06255307539682538,0.0,0.0
2025-11-03,A,47252.75470606098,0.0,8625.889236338484,2619.069916860006,55878.64394239946,10695.964208070025,eval,0.4542603174603174,0.06735009920634921,0.0,0.0
2025-11-04,A,47326.31757728395,0.0,4812.078204074758,1177.239278863283,52138.39578135871,10724.60276627912,eval,0.45506296296296295,0.05603392857142859,0.0,0.0
2025-11-05,A,47729.526010992064,0.0,8661.141992476214,2096.6009247733173,56390.66800346828,10723.530777793078,eval,0.45361693121693125,0.06390059523809523,0.0,0.0
2025-11-06,A,47682.62018285258,0.0,16997.216816768836,3875.6538469992724,64679.83699962142,10080.019972426291,eval,0.45272222222222225,0.07077589285714286,0.0,0.0
2025-11-07,A,13727.7022340891,0.0,3847.9208938719175,1062.3634018776695,17575.62312796102,9491.028393136188,eval,0.45323703703703705,0.13492529761904762,0.0,0.0
2025-11-08,A,14538.849498346988,0.0,1318.3028211025085,569.1469700534185,15857.152319449497,10330.293516346901,eval,0.4548021164021163,0.13335863095238099,0.0,0.0
2025-11-09,A,48016.59752793737,0.0,11169.841853607484,2919.8753793378023,59186.43938154485,9420.479191233293,eval,0.45530687830687827,0.06452291666666667,0.0,0.0
2025-11-10,A,48882.14417977286,0.0,20184.186151306898,4862.818001451088,69066.33033107976,8687.487567967495,eval,0.4539740740740741,0.07209702380952382,0.0,0.0
2025-11-11,A,49574.294790480584,0.0,8767.480177246724,2090.7787652889842,58341.77496772731,9324.598012587454,eval,0.45438835978835973,0.061847321428571425,0.0,0.0
2025-11-12,A,49755.29353160296,0.0,6396.374624018148,1443.7197653711994,56151.66815562111,9499.450967832014,eval,0.456368783068783,0.059277876984126995,0.0,0.0
2025-11-13,A,51039.268246863925,0.0,11503.757329958798,2866.1368194827014,62543.02557682272,10200.631361748525,eval,0.4577253968253968,0.06280228174603177,0.0,0.0
2025-11-14,A,14160.971373192213,0.0,5416.329557426612,2160.003814320162,19577.300930618825,10201.924567244023,eval,0.4585322751322752,0.12905803571428573,0.0,0.0
2025-11-15,A,14801.767579491443,0.0,4595.075519886337,1591.0396260289408,19396.84309937778,10182.125991952997,eval,0.45841428571428566,0.13143134920634922,0.0,0.0
2025-11-16,A,51841.431392361934,0.0,11714.380802434716,2706.022107435778,63555.81219479665,10656.918057274443,eval,0.4615349206349207,0.0635267857142857,0.0,0.0
2025-11-17,A,52220.735097099794,0.0,4309.409384178436,1027.2738410071804,56530.14448127823,10800.0,eval,0.4606952380952381,0.05684841269841269,0.0,0.0
2025-11-18,A,52533.681342261225,0.0,9998.960637741342,2523.6639254251368,62532.64198000257,10716.049904694662,eval,0.46103280423280424,0.06468005952380954,0.0,0.0
2025-11-19,A,53093.23432215696,0.0,11860.168829045084,2634.3342501244238,64953.403151202045,10676.56743999554,eval,0.46063968253968257,0.06670198412698414,0.0,0.0
2025-11-20,A,52726.40042962853,0.0,8490.94724856423,2000.5920770029666,61217.34767819276,10648.680915219698,eval,0.46346666666666664,0.05850625000000001,0.0,0.0
2025-11-21,A,14818.068486506505,0.0,3139.7060196655852,1378.6060766213855,17957.77450617209,10743.528897843034,eval,0.46209841269841256,0.13399265873015873,0.0,0.0
2025-11-22,A,15352.108518567306,0.0,3970.9842886367596,1291.6029955039944,19323.092807204066,10691.488911514503,eval,0.46219735449735455,0.1311862103174603,0.0,0.0
2025-11-23,A,53440.7119632127,0.0,10203.681679726214,2281.0590401887885,63644.393642938914,10758.805630972436,eval,0.45973544973544966,0.06318144841269842,0.0,0.0
2025-11-24,A,53456.8970186033,0.0,5455.003742296618,1216.4303917760963,58911.900760899916,10600.125573036361,eval,0.4625015873015874,0.054399503968253965,0.0,0.0
2025-11-25,A,53543.272714555,0.0,7325.349680224533,1767.7663924098845,60868.62239477954,10670.89351391442,eval,0.4619539682539682,0.056656845238095235,0.0,0.0
2025-11-26,A,54567.84045727589,0.0,10856.15118481182,2587.1768254171207,65423.99164208771,10727.191304453276,eval,0.4626455026455026,0.06532896825396824,0.0,0.0
2025-11-27,A,54690.92945286435,0.0,7001.743557279859,1522.914400494652,61692.67301014421,10800.0,eval,0.45713968253968246,0.062066666666666666,0.0,0.0
2025-11-28,A,14807.424021774556,0.0,4105.486367768259,1399.6061304781688,18912.910389542812,10773.548958657997,eval,0.4560730158730159,0.13732946428571427,0.0,0.0
2025-11-29,A,15067.839984246599,0.0,11673.346408276677,4570.572809971827,26741.186392523276,10221.24607740516,eval,0.4545058201058201,0.12166140873015872,0.0,0.0
2025-11-30,A,55823.08586197134,0.0,17372.60881487328,3990.5798005269116,73195.69467684462,9415.687455198253,eval,0.45394126984126987,0.06886468253968255,0.0,0.0
2025-12-01,A,59012.93393010463,0.0,43793.308018105236,9019.45607009128,102806.24194820986,8535.997755997769,eval,0.4505227513227513,0.1323813492063492,0.0,0.0
2025-12-02,A,62037.37818835516,0.0,43982.408429708434,8995.578905558337,106019.78661806359,8548.133779505308,eval,0.4569164021164021,0.12814613095238092,0.0,0.0
2025-12-03,A,67471.03105938084,0.0,10845.260684352384,2363.6590646702457,78316.29174373322,9795.553165082978,eval,0.46221216931216935,0.11173720238095235,0.0,0.0
2025-12-04,A,66654.44304384076,0.0,10846.275920342167,2029.3570845343493,77500.71896418292,10219.271648989683,eval,0.4702380952380953,0.0942796626984127,0.0,0.0
2025-12-05,A,18307.104667669577,0.0,9522.921845023018,4040.514169849337,27830.026512692595,10614.294944285555,eval,0.47731164021164024,0.10771666666666667,0.0,0.0
2025-12-06,A,19242.26712188932,0.0,13195.995164872726,5207.197046083498,32438.262286762045,10654.174861197294,eval,0.4833714285714286,0.10884325396825396,0.0,0.0
2025-12-07,A,67483.16963124984,0.0,8923.61332742854,1970.4747005277818,76406.78295867838,10753.683408834884,eval,0.4903153439153439,0.06802946428571427,0.0,0.0
2025-12-08,A,69671.42114580449,0.0,4366.61238572604,931.6620654242333,74038.03353153053,10800.0,eval,0.496173544973545,0.05379761904761906,0.0,0.0
2025-12-09,A,67680.69206137228,0.0,7803.972323139809,1359.622430429135,75484.66438451209,10800.0,eval,0.496521164021164,0.05510982142857143,0.0,0.0
2025-12-10,A,68519.86605625077,0.0,8326.084918508983,1921.0800442456452,76845.95097475976,10618.783624198211,eval,0.4952375661375661,0.06404900793650793,0.0,0.0
2025-12-11,A,67302.54797288668,0.0,3125.756446222547,893.5107474381227,70428.30441910922,10728.789303184984,eval,0.4942121693121693,0.04928015873015874,0.0,0.0
2025-12-12,A,20843.134200798988,0.0,5199.567529015007,2104.957015573725,26042.701729813994,10704.296875031128,eval,0.49145978835978843,0.13132857142857143,0.0,0.0
2025-12-13,A,21497.182367221594,0.0,4828.462896137142,1951.6056053338966,26325.645263358736,10791.273870974084,eval,0.4895846560846561,0.12623511904761905,0.0,0.0
2025-12-14,A,69750.16256689894,0.0,7148.493460122867,1411.2220983394811,76898.65602702182,10745.246669306225,eval,0.4907513227513227,0.06661597222222222,0.0,0.0
2025-12-15,A,69369.79353438488,0.0,10360.231285204014,2165.7873938564953,79730.0248195889,10641.074029462794,eval,0.4903571428571428,0.061336805555555554,0.0,0.0
2025-12-16,A,69273.64805425906,0.0,9003.913531105733,1921.874112937407,78277.56158536479,10638.668279920155,eval,0.48649470899470904,0.05366517857142857,0.0,0.0
2025-12-17,A,69580.15607126841,0.0,3616.96830596708,890.9951416965723,73197.1243772355,10721.306743773202,eval,0.4864359788359788,0.052521428571428566,0.0,0.0
2025-12-18,A,68922.53339248411,0.0,5233.236889985692,1203.5440857199403,74155.7702824698,10703.246273046494,eval,0.48681428571428575,0.05642847222222221,0.0,0.0
2025-12-19,A,20956.4244936206,0.0,3625.1670672528467,1156.6114227524045,24581.591560873447,10672.194720696989,eval,0.48897142857142856,0.1354359126984127,0.0,0.0
2025-12-20,A,20917.6394190757,0.0,2649.2156043986574,793.8521190488665,23566.855023474356,10712.463556570585,eval,0.4908185185185184,0.14118660714285713,0.0,0.0
2025-12-21,A,69486.4762927852,0.0,6711.120007922642,1586.0778796452714,76197.59630070784,10768.35139004677,eval,0.4902714285714285,0.05431170634920634,0.0,0.0
2025-12-22,A,69930.73658598118,0.0,6754.068375000952,1563.5838583984205,76684.80496098213,10738.902507772429,eval,0.48987248677248674,0.06379097222222223,0.0,0.0
2025-12-23,A,69599.44656477592,0.0,1798.5863721318024,506.76887997261605,71398.03293690772,10730.770236106366,eval,0.4938910052910052,0.05630486111111109,0.0,0.0
2025-12-24,A,68566.10156879963,0.0,5398.1471233101765,1163.2229293735836,73964.2486921098,10711.195724647472,eval,0.4959301587301587,0.05388878968253969,0.0,0.0
2025-12-25,A,68970.05435929728,0.0,6094.691763577655,1475.2602225754727,75064.74612287493,10693.520594497099,eval,0.4942253968253968,0.05970595238095236,0.0,0.0
2025-12-26,A,20673.745443061885,0.0,4177.955174736317,1598.371387205585,24851.700617798204,10787.380183125262,eval,0.4937931216931216,0.13421190476190475,0.0,0.0
2025-12-27,A,20431.20527242309,0.0,3744.273814004531,1420.7691018859582,24175.47908642762,10756.431443264022,eval,0.4959148148148149,0.1369892857142857,0.0,0.0
2025-12-28,A,68671.00095557093,0.0,4206.669444050551,1044.8726786459697,72877.67039962148,10774.950733024214,eval,0.4923862433862433,0.05129265873015873,0.0,0.0
2025-12-29,A,68513.90762112386,0.0,4010.566129926009,1031.132086983405,72524.47375104987,10693.389722257629,eval,0.493610052910053,0.051714186507936515,0.0,0.0
2025-12-30,A,67601.33734321632,0.0,4606.321024043311,982.7592821206526,72207.65836725963,10741.964137345374,eval,0.49164021164021166,0.0504875,0.0,0.0
2025-12-31,A,68229.3465422198,0.0,9901.899195138107,2007.3228745865672,78131.24573735791,10637.765734107987,eval,0.4900629629629629,0.06042886904761905,0.0,0.0
2025-01-01,B,0.0,0.0,432888.7998430083,92035.17001666666,432888.7998430083,6000.0,init,0.0,0.0,0.0,0.0
2025-01-02,B,75936.92746654351,0.0,9983.703280074085,2040.3871382716065,85920.6307466176,10654.339575,init,0.5328444444444443,0.038234027777777777,0.0,0.0
2025-01-03,B,57731.93873605666,0.0,1.731592647047364e-13,2.842170943040401e-14,57731.93873605666,10800.0,init,0.5308481481481482,0.18821631944444445,0.0,0.0
2025-01-04,B,22850.64090922327,0.0,4354.962438602145,1273.180033127515,27205.603347825418,10556.64123,init,0.4977197530864197,0.13456041666666665,0.0,0.0
2025-01-05,B,29643.091535145286,0.0,225914.64854117262,45278.50126831275,255557.74007631792,9185.410364999998,init,0.47875925925925933,0.09554913194444446,0.0,0.0
2025-01-06,B,73948.75395357498,0.0,7144.1136117166725,1446.785133333334,81092.86756529166,10718.956319999998,init,0.4920933333333334,0.08167111111111112,0.0,0.0
2025-01-07,B,73050.48469322486,0.0,16763.099657586856,3635.901300411527,89813.58435081173,10710.055154999998,init,0.4989623456790123,0.06666828703703703,0.0,0.0
2025-01-08,B,73538.83093312179,0.0,5613.071743441678,1386.9447333333428,79151.90267656346,10757.449425000003,init,0.500173015873016,0.04950793650793652,0.0,0.0
2025-01-09,B,70970.1335895379,0.0,12827.179073980002,3029.2258781893106,83797.3126635179,10747.30257,init,0.4981608465608466,0.05736785714285713,0.0,0.0
2025-01-10,B,55408.42101424333,0.0,1.6980550299194877e-13,2.842170943040401e-14,55408.42101424333,10800.0,init,0.4987703703703703,0.13991765873015874,0.0,0.0
2025-01-11,B,22576.063506598184,0.0,2517.4725326999987,818.7983000000005,25093.536039298182,10399.662464999998,init,0.4961656084656085,0.1352948412698413,0.0,0.0
2025-01-12,B,29635.811240145988,0.0,225853.41851221066,44798.23118106995,255489.22975235665,9087.386535,init,0.4964333333333332,0.06021696428571429,0.0,0.0
2025-01-13,B,73003.34919488055,0.0,3317.7264584083314,859.4926833333332,76321.07565328888,10597.352669999998,init,0.49465661375661374,0.05179861111111111,0.0,0.0
2025-01-14,B,69210.99023681255,0.0,9912.977149568691,2054.8338139917614,79123.96738638123,10640.392049999999,init,0.4953925925925925,0.054164980158730155,0.0,0.0
2025-01-15,B,70706.48991908037,0.0,10908.626854505677,2231.8968162551496,81615.11677358605,10753.904564999999,init,0.4971100529100528,0.05923402777777777,0.0,0.0
2025-01-16,B,72085.61301098762,0.0,8019.534741266664,1722.7181127381923,80105.14775225428,10603.4438574074,init,0.497957671957672,0.05244037698412697,-5.3235408744219445e-14,-3.368430665072268e-12
2025-01-17,B,23412.04390841743,0.0,0.0,0.0,23412.04390841743,10764.331679713388,init,0.4971534391534391,0.14103988095238093,-5.684341886080802e-15,-1.3446310731524135e-14
2025-01-18,B,23020.97964700366,0.0,240.71203259498546,59.909263951515356,23261.691679598647,10590.238224348896,init,0.499037037037037,0.14380089285714287,-3.2061267221352963e-13,-5.353061204181763e-13
2025-01-19,B,69334.38420573005,0.0,8554.894296824918,1716.6869962591027,77889.27850255497,10559.53671246971,init,0.5005740740740742,0.05702936507936508,3.410605131648481e-14,-8.241045179602228e-13
2025-01-20,B,70179.12393099969,0.0,1333.8302006946642,425.52219069657156,71512.95413169435,10796.447357469144,init,0.501367724867725,0.05355873015873015,143.9507296429055,507.81714515677623
2025-01-21,B,69112.43922276869,0.0,640.8533684775421,254.68411935343363,69753.29259124624,10798.406760928856,init,0.5010121693121693,0.044362301587301596,141.0436626316952,438.51935706856983
2025-01-22,B,67919.50644454267,0.0,9874.60981399306,2449.1000915374216,77794.11625853572,9907.326865293659,init,0.5011037037037036,0.0640277777777778,94.64914483122,429.04653973420466
2025-01-23,B,70817.74120079115,0.0,7053.25139443178,1562.9829797705754,77870.99259522292,9816.140429454243,init,0.5011021164021164,0.06664623015873015,7.052136652418995e-14,1.2671543814235518e-13
2025-01-24,B,20964.518019516632,0.0,412.34197429229147,206.74351316814267,21376.859993808925,10524.765407498395,init,0.501778835978836,0.14937162698412695,127.46485785205076,233.6788461995302
2025-01-25,B,20815.743209503315,0.0,1.0024336916103494e-13,5.684341886080802e-14,20815.743209503315,10560.184328767826,init,0.5026534391534392,0.15257132936507936,91.20905655913023,169.20052425258228
2025-01-26,B,68733.91345614305,0.0,3603.815181173206,745.8505747270035,72337.72863731626,9834.51214698082,init,0.49998359788359786,0.06394434523809525,78.56015197271918,271.25606205262113
2025-01-27,B,68753.45804704551,0.0,8.425615760643268e-14,1.4210854715202004e-14,68753.45804704551,10461.044069776062,init,0.49859841269841276,0.046439880952380955,58.13000268738915,182.0126908200179
2025-01-28,B,66683.18604531707,0.0,2829.690273947276,627.4835366280566,69512.87631926434,9852.242605319221,init,0.49627883597883604,0.058983531746031756,217.27563646430994,794.2557411951257
2025-01-29,B,67396.96794635536,0.0,0.0,0.0,67396.96794635536,10724.487143547693,init,0.49819894179894175,0.0435561507936508,34.68838569016024,88.4172434960185
2025-01-30,B,66308.64293379133,0.0,1140.9360923861386,178.3356640679511,67449.57902617747,10272.732335905137,init,0.49724074074074076,0.055001884920634916,27.86160385796962,85.14908382998713
2025-01-31,B,19373.210646440555,0.0,647.2504638505554,302.8002248517555,20020.46111029111,10677.239875970337,init,0.49715238095238096,0.1351202380952381,18.97919893633241,38.61744959701228
2025-02-01,B,18570.933366470075,0.0,2.346922656215611e-14,7.105427357601002e-15,18570.933366470075,10800.0,calibration,0.49730952380952387,0.1951779761904762,99.76152720649854,188.16060430080856
2025-02-02,B,62512.79431060143,0.0,21.393338312281262,10.065085068116332,62534.18764891371,10800.0,calibration,0.49425608465608467,0.057532539682539685,132.09485023173957,474.3992198091575
2025-02-03,B,63097.08049626007,0.0,0.0,0.0,63097.08049626007,10670.1659865743,calibration,0.49102910052910054,0.05969831349206348,105.76040457767306,384.20835002099886
2025-02-04,B,63659.90584470112,0.0,1020.3414843790771,236.98447724015296,64680.24732908019,10800.0,calibration,0.48829100529100533,0.05257599206349204,61.43079319079568,199.22472222110147
2025-02-05,B,58266.505190478914,0.0,7173.597705490487,2238.396552878426,65440.1028959694,9669.310116222001,calibration,0.48388835978835976,0.052722519841269834,284.9083911074407,957.3749285372696
2025-02-06,B,60501.57253317532,0.0,37.03771089879903,8.175192781988528,60538.610244074116,9515.227810369212,calibration,0.48334126984126985,0.05190386904761904,20.097502495802953,61.306144417878706
2025-02-07,B,17017.236742071724,0.0,0.0,0.0,17017.236742071724,10265.001425977549,calibration,0.4790539682539683,0.1538861111111111,116.58903425577077,203.44896575682088
2025-02-08,B,15164.02236461516,0.0,1752.029326290805,570.1017827601835,16916.051690905966,9736.24176659807,calibration,0.47338730158730163,0.1459512896825397,121.65228972156743,245.12610982465986
2025-02-09,B,56706.28831731093,0.0,8486.846141200693,2185.9063242554794,65193.134458511624,9654.334781817495,calibration,0.47297566137566144,0.058759722222222206,228.26683422681398,805.974271037374
2025-02-10,B,57296.796846775556,0.0,843.8505720792476,338.4847095694198,58140.6474188548,9813.4599189355,calibration,0.4722402116402117,0.03834414682539684,18.5450136922475,43.743837283411764
2025-02-11,B,55765.12656085039,0.0,886.3292602512761,388.15834649283477,56651.45582110166,9328.565294982398,calibration,0.4720507936507936,0.04770833333333334,255.62991173969652,735.5646751923866
2025-02-12,B,57145.62461179189,0.0,1.555076067916161e-13,2.6645352591003757e-14,57145.62461179189,9892.872992371975,calibration,0.4733280423280424,0.04982857142857143,48.62019314463743,120.60939227226632
2025-02-13,B,54957.91953654548,0.0,941.3351286580146,389.744807958985,55899.254665203494,10175.331121294153,calibration,0.4705460317460317,0.04360505952380952,67.98252437894286,188.02040971938237
2025-02-14,B,14642.570191699688,0.0,2709.875330218281,1441.2781293301143,17352.44552191797,9932.00173364675,calibration,0.47089947089947093,0.14283492063492062,162.7389292287191,337.59136433246186
2025-02-15,B,15375.213682868409,0.0,687.1429833439217,421.2807118241141,16062.35666621233,9452.99774513022,calibration,0.4718179894179894,0.13493888888888889,54.93472356268319,111.72178522031982
2025-02-16,B,54811.737972819865,0.0,3167.128997963016,686.3096658633804,57978.86697078288,9890.726473789035,calibration,0.4736047619047618,0.06151706349206349,119.01815168174699,349.5478287536196
2025-02-17,B,53445.577546247616,0.0,1.4654588653684187e-13,2.3092638912203256e-14,53445.577546247616,9970.167328786225,calibration,0.47256455026455013,0.051036805555555564,77.96145116018656,222.57996762549806
2025-02-18,B,51823.65472994082,0.0,778.3485592710283,285.4201540253165,52602.00328921185,10586.868315793741,calibration,0.47414814814814815,0.05028849206349206,207.49091005794716,623.6426556766512
2025-02-19,B,50926.54308649103,0.0,2005.3854102645196,733.715585224116,52931.92849675555,9550.100062098003,calibration,0.4713571428571428,0.05365218253968255,167.7486754962361,519.7898266655413
2025-02-20,B,53394.21066827886,0.0,0.0,0.0,53394.21066827886,10443.438725946397,calibration,0.47265978835978834,0.055220932539682556,78.70539369375823,219.59406977134313
2025-02-21,B,14595.147063748103,0.0,597.5917557944002,324.6535928386005,15192.738819542503,10019.933501696425,calibration,0.473063492063492,0.14571785714285715,123.9562410401505,238.63687318278525
2025-02-22,B,15093.959015142935,0.0,1905.1819737864687,786.2496665982428,16999.140988929405,9875.082728320525,calibration,0.47281587301587313,0.12959176587301588,61.13098154268501,128.20136136908144
2025-02-23,B,51369.04571632607,0.0,975.1838404414835,302.76950285131153,52344.229556767554,9820.98723213638,calibration,0.4718915343915344,0.053621428571428584,79.47692117114596,239.4297218745841
2025-02-24,B,50579.978195482414,0.0,0.0,0.0,50579.978195482414,9990.365753428034,calibration,0.47184973544973535,0.04930882936507937,91.89164965869834,262.4857401037216
2025-02-25,B,48946.057737948315,0.0,178.79613457835487,68.09554157794378,49124.85387252667,9928.61997073013,calibration,0.470436507936508,0.041781547619047614,234.71598561312794,658.3728315751291
2025-02-26,B,49732.731907497415,0.0,785.4061343180862,226.97371113595995,50518.1380418155,10273.039894602702,calibration,0.47081111111111107,0.05066349206349207,156.48393231291521,500.72548646042213
2025-02-27,B,47794.54599596052,0.0,593.8107179182615,116.01229647121556,48388.356713878784,10197.326006693074,calibration,0.471189417989418,0.04860396825396824,99.7920739184963,286.05834064729635
2025-02-28,B,14005.762082207551,0.0,399.65059792469594,183.73766703569675,14405.412680132247,10393.236628631155,calibration,0.47052751322751324,0.13722271825396823,54.94613236052855,171.9465567994365
2025-03-01,B,13924.522784675723,0.0,60.4582912759392,39.284139880402336,13984.981075951662,9901.810197632854,calibration,0.4690243386243387,0.13950486111111113,71.94428927541799,131.19853238270645
2025-03-02,B,49031.242926039966,0.0,19126.413992487964,4817.6209585654615,68157.65691852794,10406.680230155664,calibration,0.4657164021164021,0.06790456349206347,70.20799367084584,208.57326339832056
2025-03-03,B,46866.94554228334,0.0,18438.493737610435,4788.893886268468,65305.43927989378,10338.869039313546,calibration,0.4645825396825396,0.06589791666666667,128.38327865079,362.6830714524025
2025-03-04,B,48882.512324684685,0.0,3.670046488934986e-13,5.950795411990839e-14,48882.512324684685,9855.046041994527,calibration,0.46330582010582017,0.05184285714285715,294.9722966296651,1038.4179028163965
2025-03-05,B,47050.62670859245,0.0,155.53340948601,48.307050000862546,47206.16011807846,9990.4517162557,calibration,0.46334708994708995,0.04629742063492062,95.97671462325455,271.8626873994836
2025-03-06,B,46570.60399637228,0.0,0.0,0.0,46570.60399637228,10125.65400425604,calibration,0.458679365079365,0.04774156746031746,110.35730780712387,326.31064850878965
2025-03-07,B,13077.441564163282,0.0,1182.7500757902171,449.5717521920979,14260.1916399535,10558.349486062492,calibration,0.45631587301587295,0.1406079365079365,70.98969108386666,210.23879927567265
2025-03-08,B,12918.339387267666,0.0,960.0911148879262,473.058791577071,13878.430502155592,10762.813109607607,calibration,0.4559460317460317,0.15116150793650796,48.4878398338453,107.77991300995443
2025-03-09,B,43637.19825289395,0.0,2822.675718262467,1096.8246256844725,46459.87397115641,10732.723512264003,calibration,0.45648359788359794,0.04534335317460317,264.1768169741435,630.4702247893453
2025-03-10,B,45672.42584286863,0.0,9060.39984567723,2413.34201291135,54732.82568854586,10126.578450314748,calibration,0.45693015873015874,0.06240009920634922,338.05094166662286,1214.242667149444
2025-03-11,B,44124.20749159779,0.0,3028.0252045049574,772.03325036161,47152.23269610274,10139.97678596213,calibration,0.4566465608465608,0.05405089285714286,388.4865681901518,1330.1440149272971
2025-03-12,B,44028.69571989214,0.0,1439.779828575347,480.77760142998056,45468.47554846748,10283.284190472881,calibration,0.45587671957671955,0.048841567460317474,308.84991511043745,710.6078484519787
2025-03-13,B,43252.923415644385,0.0,13399.639498987639,4340.455440420757,56652.56291463203,10330.768223639148,calibration,0.4563804232804233,0.0678621031746032,260.5412389791727,801.4279405320369
2025-03-14,B,12378.984777161357,0.0,914.2123550791538,251.29382757058485,13293.19713224051,10197.461564639438,calibration,0.45648571428571433,0.14629573412698413,80.63510107705952,153.44062619431148
2025-03-15,B,12972.840497650412,0.0,1037.3694643305216,649.1067208966467,14010.209961980934,10156.864492036466,calibration,0.4549883597883598,0.13138422619047618,118.8993975197122,222.37660086540882
2025-03-16,B,43664.54638161937,0.0,3071.266538270612,776.8038931234338,46735.812919889984,9853.980705272375,calibration,0.45557248677248685,0.0531282738095238,60.75977569762864,159.80509416073346
2025-03-17,B,42593.15913769811,0.0,0.0,0.0,42593.15913769811,10066.481288477557,calibration,0.45470052910052905,0.03631359126984128,141.23487478275263,316.3002854372492
2025-03-18,B,42072.55782454493,0.0,3867.1142119307324,732.8145378497793,45939.67203647566,10195.737803677654,calibration,0.45277989417989417,0.048267757936507935,204.62544124372184,508.6008138047017
2025-03-19,B,41842.32017288038,0.0,1761.7202362553546,423.6463565306776,43604.04040913574,10303.736326619584,calibration,0.4518751322751323,0.04881170634920636,233.28080737641966,700.0241735599718
2025-03-20,B,40610.65611200337,0.0,3454.0547490343947,1029.331121052192,44064.71086103777,9879.947336382744,calibration,0.4522597883597884,0.056766964285714275,212.36124915598648,634.4566976981367
2025-03-21,B,11999.259712463272,0.0,535.5504137814562,311.41985793337966,12534.810126244729,10398.014482469407,calibration,0.4530079365079365,0.1536701388888889,24.269980674122174,40.05085601387356
2025-03-22,B,12433.93603233121,0.0,1519.2093790575998,598.7279259947547,13953.14541138881,10706.10571363933,calibration,0.45365873015873015,0.13372331349206348,11.741012586803965,24.741575466623267
2025-03-23,B,40625.55183152473,0.0,288.8600080739793,103.43188786349157,40914.41183959871,10634.431207886128,calibration,0.452205291005291,0.05060575396825398,180.84784979138493,566.1517249341539
2025-03-24,B,39494.38146320398,0.0,2230.3920852585507,682.2756899884698,41724.77354846253,10151.365523446859,calibration,0.45250634920634913,0.05461378968253968,267.1841478407235,768.9082231441917
2025-03-25,B,39172.6366267339,0.0,5218.645784342076,2005.845398928012,44391.28241107598,9876.668579983352,calibration,0.45285026455026456,0.0572953373015873,204.23596047863924,493.1449577930974
2025-03-26,B,38444.165183265664,0.0,645.6717917011142,276.97795488887874,39089.836974966776,10560.30840954894,calibration,0.45108095238095236,0.047057440476190475,206.0028229996738,483.0857649798107
2025-03-27,B,38773.142298485734,0.0,1929.0785041283557,528.6047520210657,40702.22080261409,10130.946759877836,calibration,0.4509153439153438,0.05638541666666666,346.0723240483547,950.1015470041244
2025-03-28,B,11872.042200828782,0.0,0.0,0.0,11872.042200828782,10411.842961878534,calibration,0.449647619047619,0.13822063492063494,61.53282272838303,115.46569029052337
2025-03-29,B,11540.72171468201,0.0,48.00457840747442,27.903567787838597,11588.726293089483,9394.785265940725,calibration,0.450710582010582,0.15139275793650792,58.54609394839082,110.6657594381422
2025-03-30,B,37048.0928259426,0.0,1678.7625421978087,623.6320310469378,38726.85536814041,10545.76812531602,calibration,0.4536047619047619,0.049554464285714285,85.64419160929513,173.43041667906078
2025-03-31,B,37150.946638060756,0.0,8347.768875809237,2415.446301094996,45498.71551386999,10235.6796038828,calibration,0.45265873015873015,0.05669087301587302,63.92873469730898,162.00028152085594
2025-04-01,B,37596.3941376484,0.0,11430.291086016823,3993.1325281650184,49026.68522366522,10234.717855249102,eval,0.4515280423280424,0.0719405753968254,224.2749670300778,611.2149822382061
2025-04-02,B,36778.3498953973,0.0,17797.8455894132,5314.843587106666,54576.1954848105,10708.551180979885,eval,0.45426084656084664,0.06762728174603175,337.12016028913763,901.8168329917701
2025-04-03,B,39209.62816156703,0.0,342.3468789080044,92.13678762938116,39551.97504047504,10555.140885949735,eval,0.4561820105820106,0.06061577380952383,229.5766532921295,621.9367353372451
2025-04-04,B,10851.200468803936,0.0,120.93517272912612,74.35337419035028,10972.135641533063,10104.65979118348,eval,0.45736878306878304,0.14913710317460319,89.05740438671891,164.4981795725968
2025-04-05,B,11653.816845812416,0.0,2479.895911361456,1030.8335635890958,14133.712757173873,9820.327558944091,eval,0.4554814814814816,0.1311729166666667,54.79427151844193,109.67195177452825
2025-04-06,B,38129.49427088035,0.0,223.5086807700282,91.37718224495461,38353.00295165038,10289.767449803569,eval,0.45346243386243396,0.04986498015873016,164.38282892316758,476.74662715666284
2025-04-07,B,36069.17490676618,0.0,2485.3254992635157,870.4295197107318,38554.50040602969,10505.866205534992,eval,0.4558476190476191,0.05191001984126983,228.06859984684706,548.8733220956806
2025-04-08,B,35881.60848754553,0.0,1246.8177149906992,276.473168375934,37128.426202536226,10004.730131492266,eval,0.45664920634920636,0.050626984126984124,234.73168989447527,494.1980063641875
2025-04-09,B,37250.10777206608,0.0,10551.822583956735,3239.051855510852,47801.930356022815,10545.772478661187,eval,0.4555074074074074,0.06723720238095238,393.0437297996528,1084.0165647763595
2025-04-10,B,36333.73388336171,0.0,1179.490826427476,322.6578353985634,37513.22470978919,10163.652517548986,eval,0.45338412698412706,0.05992212301587301,85.76922139982942,183.33325365784557
2025-04-11,B,10919.860096660004,0.0,259.6814719112528,129.19075158873494,11179.541568571258,10034.675717815908,eval,0.4523375661375661,0.15134126984126983,67.49941278475464,122.64697766395628
2025-04-12,B,11409.755529733906,0.0,422.5845517027624,231.74365325076081,11832.340081436669,10417.680286710902,eval,0.45481058201058205,0.13979117063492064,41.218497703539285,105.53830130072762
2025-04-13,B,34869.34354194229,0.0,2414.421179779364,846.3952568346517,37283.76472172165,9979.09967556992,eval,0.45294973544973555,0.059799702380952384,94.56335551708312,218.77871601350907
2025-04-14,B,34991.049401020166,0.0,955.994070434792,370.6354652774326,35947.043471454956,10607.556788129517,eval,0.45337301587301587,0.05116130952380953,329.34420999093555,803.4105615563534
2025-04-15,B,34830.15593863516,0.0,2702.4153365961465,871.3957434053799,37532.571275231305,10800.0,eval,0.4556465608465607,0.04900436507936509,291.0637007667031,693.7006141518916
2025-04-16,B,34575.320956666015,0.0,5839.778349249251,2078.5776412103824,40415.09930591527,10057.095007358592,eval,0.4550328042328041,0.06689652777777777,152.50034136249295,360.186407407396
2025-04-17,B,34355.31692035415,0.0,565.538660840501,173.34846673731033,34920.85558119465,10193.75774466578,eval,0.4568486772486773,0.05517619047619049,97.75723413149252,230.5337655290084
2025-04-18,B,10436.060192485627,0.0,1326.9927108578254,657.797990726883,11763.052903343452,10800.0,eval,0.45714232804232807,0.13584444444444443,15.602405240015065,27.415797916557466
2025-04-19,B,10097.6782807464,0.0,197.01809136233413,109.49158447996405,10294.696372108734,9842.915899879012,eval,0.4573312169312169,0.13859573412698412,64.42094662209344,141.33110990519594
2025-04-20,B,33741.344886681705,0.0,883.3040258059867,399.68994715435053,34624.64891248769,10200.097678825103,eval,0.4606984126984128,0.053529960317460316,197.7998765678838,518.6239797213517
2025-04-21,B,33075.49803335105,0.0,1117.7324655181465,504.73919542552744,34193.23049886919,9989.784136717011,eval,0.45873597883597883,0.04580932539682539,289.5106765787503,579.8027281724655
2025-04-22,B,33296.53112502179,0.0,5133.331778743679,1852.2671004802637,38429.862903765475,10415.933639724957,eval,0.4576507936507937,0.060242261904761896,214.59769193833426,604.5728705652967
2025-04-23,B,34842.885227188875,0.0,1620.6163455427393,523.6371346100973,36463.50157273161,10734.628777190444,eval,0.45945925925925923,0.05768124999999999,152.9156518900743,411.2592056585439
2025-04-24,B,33285.66249700174,0.0,0.0,0.0,33285.66249700174,10061.627550553017,eval,0.4612582010582011,0.0493328373015873,154.36383556691425,408.5566461758675
2025-04-25,B,9902.543702768016,0.0,0.0,0.0,9902.543702768016,10521.85138996019,eval,0.46247142857142853,0.15006011904761907,71.83362110137868,203.55669654192758
2025-04-26,B,10297.43491695809,0.0,2350.9069863735244,898.2447813406038,12648.341903331613,9856.13221373686,eval,0.4604343915343916,0.15092718253968254,41.809784630392784,76.6605165913334
2025-04-27,B,32682.083956297334,0.0,4820.239030411951,1058.3458997401694,37502.32298670929,10314.469972378545,eval,0.4590957671957673,0.05493998015873017,103.44988659557585,204.64926934090022
2025-04-28,B,31774.50902363322,0.0,23240.69038915344,7822.463249013542,55015.199412786664,10147.930866077088,eval,0.45826455026455026,0.08564384920634921,145.3464540489258,447.616062233985
2025-04-29,B,31039.682108087596,0.0,5754.183867684675,1659.6561043619806,36793.86597577227,10489.270862758756,eval,0.45860052910052906,0.04940337301587302,333.8285438383276,742.0012670578787
2025-04-30,B,31933.433451680416,0.0,3344.6798479364597,1363.7939056322768,35278.113299616874,10684.891084546658,eval,0.45716137566137566,0.05083402777777778,212.31913308750057,465.10647754842313
2025-05-01,B,31968.16544870889,0.0,17217.125119511933,3205.4805878203574,49185.29056822082,9268.37048791644,eval,0.4539862433862434,0.07086815476190475,247.37170531460902,500.3766112895115
2025-05-02,B,10841.93507203662,0.0,19270.531810865275,5905.333584817452,30112.466882901896,9549.274703219697,eval,0.4527296296296297,0.09780684523809523,36.3073388194866,112.26452582713428
2025-05-03,B,10894.58764418296,0.0,11598.166542416662,2884.397901735238,22492.754186599625,9532.378539482403,eval,0.455978306878307,0.12078948412698412,84.75816001337972,171.40151464686915
2025-05-04,B,33593.41638044558,0.0,11416.55050225288,2545.305436113097,45009.96688269846,9108.116082603592,eval,0.4565640211640212,0.05533789682539682,164.565573783999,371.0831247406377
2025-05-05,B,34184.28283579509,0.0,18136.892993902045,4034.092563274228,52321.17582969714,9301.697025773643,eval,0.45834021164021166,0.06813918650793653,341.4658443465578,796.958516064626
2025-05-06,B,34602.759760843604,0.0,13771.574823348716,2614.2429457430626,48374.33458419232,8526.783627886054,eval,0.45842804232804224,0.06247103174603175,649.9464173438092,1456.5819636964347
2025-05-07,B,35549.26504827192,0.0,9909.99034810952,3103.5458782974615,45459.25539638144,8340.807042253291,eval,0.4613322751322752,0.062067956349206366,143.23626210558973,315.33225527609125
2025-05-08,B,36759.50492979164,0.0,8497.972049304019,2933.8169769881324,45257.47697909566,7997.142874129641,eval,0.4637100529100529,0.0629389880952381,263.90132424864953,744.6718721133594
2025-05-09,B,12729.131371968819,0.0,491.12346096736746,284.9117067960379,13220.254832936185,9089.339833569142,eval,0.4640820105820106,0.13854603174603175,54.24373227288496,95.9496329924535
2025-05-10,B,13259.294089842686,0.0,1966.740664139799,928.1987984659751,15226.034753982485,8321.376587114319,eval,0.4621883597883598,0.12751894841269842,158.88441742507342,655.2589873744993
2025-05-11,B,37447.5370933019,0.0,754.6967853257718,222.1265197439247,38202.233878627674,7341.379049945412,eval,0.46208465608465604,0.061195833333333324,342.941876552979,840.6823189497806
2025-05-12,B,37749.02700796083,0.0,2259.240720276167,708.8008497302017,40008.267728237,8133.199609549339,eval,0.46352222222222217,0.05152638888888889,258.58755798128874,643.2382679393102
2025-05-13,B,37215.93268257174,0.0,0.0,0.0,37215.93268257174,7648.322785851677,eval,0.4644613756613757,0.058716666666666674,667.8178515937456,1630.4856156328622
2025-05-14,B,36351.46540204863,0.0,1.1738165994756855e-13,5.684341886080802e-14,36351.46540204863,7329.375584346518,eval,0.4616857142857144,0.04893948412698413,277.27670943141936,640.5705252370556
2025-05-15,B,36694.384660451615,0.0,1676.826533224078,360.64150556240793,38371.21119367569,6873.3835813502865,eval,0.45981428571428573,0.05462807539682538,381.01803341189515,1112.8244632661779
2025-05-16,B,10618.179077930672,0.0,0.0,0.0,10618.179077930672,4276.166789940361,eval,0.4595153439153439,0.15624176587301586,11.34460427187536,18.49742467661005
2025-05-17,B,11994.998435969555,0.0,4356.502890920268,1811.5255124300238,16351.501326889824,4712.539242868,eval,0.45778253968253957,0.12560763888888887,14.574130208832477,39.70015068263877
2025-05-18,B,35047.05143439399,0.0,5242.582849709364,2049.589835905053,40289.63428410335,4756.497008053779,eval,0.45744920634920627,0.05614077380952382,301.1805444449534,705.6034865097662
2025-05-19,B,34957.17553790819,0.0,550.8294608333347,79.2365000000002,35508.004998741526,5347.357846722262,eval,0.4556920634920636,0.04694136904761906,371.5434350892868,1162.674060775142
2025-05-20,B,33729.46167153554,0.0,9647.315455548534,3163.1333796083823,43376.777127084075,4978.3404994527145,eval,0.45464550264550263,0.06721289682539683,1178.014787987222,3638.405766604251
2025-05-21,B,37677.97170365992,0.0,876.3561861719518,174.47956331095816,38554.32788983187,6979.708896250365,eval,0.45527037037037027,0.05793978174603176,92.21951055119246,324.89993565011093
2025-05-22,B,32956.37451971586,0.0,3945.5451757917454,1486.9972494192716,36901.919695507604,6047.029580284401,eval,0.457268253968254,0.05686339285714285,314.9587899177036,709.8165623340185
2025-05-23,B,11795.514553190193,0.0,2485.415511960875,1089.2385045922958,14280.930065151068,7616.509983427137,eval,0.45737830687830694,0.1360205357142857,230.39305926243642,952.4596388975799
2025-05-24,B,12040.411579040736,0.0,124.11183472222316,72.03472039498917,12164.52341376296,8207.818977086838,eval,0.46061111111111114,0.14165763888888888,165.09363228322007,686.4644096352945
2025-05-25,B,34610.76695305851,0.0,559.260752130745,120.52769674738477,35170.027705189255,8690.139817269257,eval,0.46305661375661383,0.05378878968253967,94.79482118217302,222.56664337529037
2025-05-26,B,35772.88987061423,0.0,7431.16000001869,2274.817197449237,43204.049870632916,8657.645045020685,eval,0.4629507936507937,0.06794087301587301,59.469755849426406,199.96217052244012
2025-05-27,B,35651.922138419715,0.0,0.0,0.0,35651.922138419715,9880.485704163168,eval,0.4636439153439153,0.05648501984126983,68.0721255315057,135.18046475106846
2025-05-28,B,33982.39669720018,0.0,7697.4428657258595,2619.1364377392897,41679.83956292604,8276.267147397824,eval,0.4635322751322751,0.06529027777777777,274.6012980086682,1090.8770407125999
2025-05-29,B,33470.656118479696,0.0,14696.068211245509,4201.557228719018,48166.724329725206,8004.913074802837,eval,0.46291746031746034,0.07312767857142857,384.9690642218447,795.0428824930628
2025-05-30,B,11643.385707497793,0.0,5267.2336102556965,2134.9140367443774,16910.619317753488,8673.330526636732,eval,0.46268571428571426,0.13248045634920633,50.18180965528208,100.33261760010097
2025-05-31,B,10684.316519287526,0.0,3986.3878363819085,1936.1260199221751,14670.704355669433,7326.305679663521,eval,0.46082857142857137,0.12931041666666665,47.2281596489001,93.99776181317512
2025-06-01,B,38266.724279991904,0.0,69432.61428851612,16443.8049176466,107699.33856850803,5118.399261696021,eval,0.4579656084656084,0.12338293650793651,163.20902417684206,442.7602876545176
2025-06-02,B,43065.29549502171,0.0,50460.4908273466,10152.098083468196,93525.78632236831,5991.301532868795,eval,0.4640201058201059,0.10458065476190476,1584.3939036761922,4858.393929633264
2025-06-03,B,42298.50355693169,0.0,39586.14084590976,8214.692994021409,81884.64440284146,4012.1788584652663,eval,0.4677211640211639,0.09143849206349206,948.0909141737723,3276.1099601498554
2025-06-04,B,48025.4660165828,0.0,15870.496508730828,4557.721372469623,63895.96252531363,4179.7868187061395,eval,0.4732343915343915,0.08982579365079364,262.08296995046425,771.710390892157
2025-06-05,B,47534.1864022235,0.0,22618.23246242827,5682.419074765595,70152.41886465177,3163.046539299413,eval,0.47868888888888894,0.09041875000000002,262.59970298825453,741.1610473972114
2025-06-06,B,13166.29535470547,0.0,34993.57563408241,10419.792282601784,48159.87098878788,1202.8437658865375,eval,0.4831148148148148,0.09393392857142857,47.93219304547936,118.95668129163195
2025-06-07,B,15661.774059143605,0.0,19303.471693479718,6066.834290420334,34965.24575262332,2170.143011289335,eval,0.488226455026455,0.10546755952380953,74.4514896061097,134.97759445292195
2025-06-08,B,50062.41184208466,0.0,1165.1369671084417,491.0294755240686,51227.5488091931,2257.96820179051,eval,0.4940502645502645,0.041805952380952374,221.2711818033787,570.3719868715492
2025-06-09,B,53830.79738624481,0.0,4.952482868247898e-14,1.4210854715202004e-14,53830.79738624481,3167.846904552382,eval,0.49194285714285707,0.059196924603174605,514.2245343899198,1724.4905678891514
2025-06-10,B,52924.5168065944,0.0,0.0,0.0,52924.5168065944,3135.257089872323,eval,0.49467671957671955,0.054851289682539675,1598.0157154970925,6209.050058439953
2025-06-11,B,52537.87440517149,0.0,19665.92163803459,4078.667989306474,72203.79604320608,2555.3125602847476,eval,0.4949894179894179,0.07027430555555556,11.591042394923575,29.632210353295374
2025-06-12,B,53210.44762868134,0.0,3269.2276039944554,719.5017461042085,56479.67523267579,3268.0118092577204,eval,0.493605291005291,0.06014662698412698,317.86433999115513,1061.4164069130748
2025-06-13,B,22065.001710229182,0.0,23.011766124844495,10.765738537938944,22088.013476354026,6713.499797833393,eval,0.4940063492063491,0.12945714285714283,297.3221221253342,564.5189744303503
2025-06-14,B,19616.56753959648,0.0,115.28408283165598,89.1946482256526,19731.851622428134,5160.981050705286,eval,0.49208888888888885,0.133205753968254,329.0271577537052,991.6599983179051
2025-06-15,B,50173.760992536794,0.0,2896.5348178394947,794.4137873924758,53070.29581037629,2807.2882684574374,eval,0.491184656084656,0.05559444444444445,217.13056886546246,638.0702704401076
2025-06-16,B,53049.978052989114,0.0,3861.1349833180493,1015.8619307365882,56911.113036307164,2860.658339470617,eval,0.4913518518518519,0.05662182539682539,235.32844893465,763.2581894090698
2025-06-17,B,52916.93843159323,0.0,9606.977830392296,2017.3293497327327,62523.91626198553,2119.156355185842,eval,0.4900539682539682,0.060974305555555545,936.6825120285279,3340.6113488947362
2025-06-18,B,54456.10940868751,0.0,0.0,0.0,54456.10940868751,3672.784483676959,eval,0.4900798941798941,0.05118859126984127,207.35474817135082,630.1479233852912
2025-06-19,B,55121.25640124849,0.0,34.02852362825061,4.995745963187346,55155.28492487674,4379.939408684392,eval,0.48885185185185176,0.045914384920634904,152.69486016817444,466.584722371354
2025-06-20,B,16334.539400597288,0.0,8.077449820120819e-14,1.4210854715202004e-14,16334.539400597288,2517.7157247358346,eval,0.4883619047619047,0.14658918650793654,43.159092011756506,95.97418548890076
2025-06-21,B,16719.278020737118,0.0,265.21762078607946,144.48167715092455,16984.495641523197,3150.1401309839725,eval,0.48837142857142857,0.15586805555555555,67.86296213394039,199.534388966483
2025-06-22,B,50397.78297224197,0.0,4787.156509845436,1334.086652773532,55184.93948208741,2895.354733659501,eval,0.4900412698412698,0.052723710317460336,516.543539856833,1834.5839590966266
2025-06-23,B,49431.90983983618,0.0,3230.284664508673,848.9813734597968,52662.19450434486,2076.8148572054833,eval,0.4902835978835978,0.051532738095238104,817.8425584063816,2696.4272314864024
2025-06-24,B,51368.14364121639,0.0,32160.326327357725,6953.681341382516,83528.46996857412,2402.0429392534315,eval,0.4880671957671958,0.08572896825396824,285.06803752287715,921.250346475245
2025-06-25,B,50794.793822583044,0.0,2637.0193682036625,779.3753757312572,53431.81319078671,2795.3443917789755,eval,0.48677460317460314,0.06070049603174605,955.6051891156869,3606.931725920903
2025-06-26,B,47939.441654864,0.0,5640.4554840414385,1170.4853835936271,53579.897138905435,1509.0680409926024,eval,0.4849857142857144,0.05231666666666668,293.83388487112546,901.9693169074264
2025-06-27,B,15266.240885903893,0.0,320.88263952629444,132.561745217424,15587.123525430188,1509.8715286607437,eval,0.4852132275132275,0.1529569444444444,46.03336520531555,98.67777039715656
2025-06-28,B,16226.491934461206,0.0,2039.1906280014305,661.9758011577064,18265.682562462636,2383.388645813916,eval,0.48595238095238097,0.13287559523809525,88.05121993001019,202.21071153969305
2025-06-29,B,52315.11735802204,0.0,1631.4916840910653,346.5090782773645,53946.60904211311,4210.457772227733,eval,0.48521375661375665,0.06161785714285714,1097.8882415556093,4375.67923554245
2025-06-30,B,51174.675187684436,0.0,0.0,0.0,51174.675187684436,3647.4104966016967,eval,0.4843613756613756,0.05708224206349207,1579.8868404759048,5903.506320330708
2025-07-01,B,54032.40316715323,0.0,35215.63824118581,7952.089979844497,89248.04140833904,1200.0,eval,0.4844359788359787,0.13195694444444445,290.9697697812649,996.2660499231008
2025-07-02,B,65357.075682617564,0.0,1636.9973333822168,611.5840202090571,66994.07301599978,3942.8044342560956,eval,0.4933005291005291,0.11039176587301588,1914.9454359562392,7728.390277562408
2025-07-03,B,64956.452710825106,0.0,599.8489620708117,149.67267944044488,65556.30167289592,3224.687651784499,eval,0.5060111111111111,0.12684484126984127,678.8105040810169,2575.1633770480985
2025-07-04,B,22672.07075800793,0.0,6245.076229412207,2802.9654405751917,28917.146987420136,2141.9739662228694,eval,0.5153592592592592,0.11194771825396825,217.6915025961574,858.8274048525063
2025-07-05,B,22166.150233283595,0.0,10898.581440716003,3567.983427426331,33064.7316739996,2535.603640485796,eval,0.5274714285714286,0.11839930555555557,307.79864475126044,726.0108930394035
2025-07-06,B,66163.3100351605,0.0,9294.65728913065,1979.5937389606756,75457.96732429115,5153.511873958173,eval,0.5372047619047619,0.08999910714285714,681.6436311772163,2567.038240872603
2025-07-07,B,65846.29503771142,0.0,560.8108634854647,210.2351885486147,66407.10590119688,6604.031768298608,eval,0.5473555555555555,0.05812222222222222,397.3289866297799,1534.8621356341214
2025-07-08,B,67131.80128624954,0.0,1088.0650241611095,193.325248310937,68219.86631041065,7939.391320305674,eval,0.5587777777777778,0.058243452380952396,221.42498690014207,885.44814562047
2025-07-09,B,59541.21012631945,0.0,0.0,0.0,59541.21012631945,4021.643980768521,eval,0.5591915343915345,0.05439107142857144,1546.8487760980595,5968.630767116354
2025-07-10,B,63511.68096005327,0.0,1.852242803579429e-13,5.684341886080802e-14,63511.68096005327,5088.1920344055225,eval,0.5586772486772488,0.054364880952380935,369.53928403408884,1210.2345676734826
2025-07-11,B,27632.420678499722,0.0,1870.8355542141444,1015.1495602115056,29503.256232713866,4664.784951782515,eval,0.5597227513227513,0.12057708333333335,33.200493338811825,74.22505604765578
2025-07-12,B,28819.486833726896,0.0,0.0,0.0,28819.486833726896,5355.080098637008,eval,0.5568894179894179,0.13618839285714288,213.99606288899912,560.2925768655027
2025-07-13,B,55456.808253825715,0.0,281.4130175581873,71.27562165854476,55738.2212713839,2066.9554843119276,eval,0.5542185185185184,0.041224206349206344,46.247866688760986,102.15396518934651
2025-07-14,B,56159.988216543,0.0,1927.0457298617234,544.8856709503686,58087.03394640473,1907.5696429135016,eval,0.553584656084656,0.05352638888888888,399.1065039514942,1139.3316850915828
2025-07-15,B,63314.30290246243,0.0,168.39498871390498,36.44612633357116,63482.69789117633,3471.2287339704667,eval,0.5519074074074074,0.056671230158730164,1322.2107426356301,4958.01725017873
2025-07-16,B,56927.3968716387,0.0,2246.15594840208,524.0274001109935,59173.552820040786,1881.2347886122207,eval,0.5508962962962963,0.060499603174603185,1195.968646733895,4358.467117322582
2025-07-17,B,57339.808963944895,0.0,6597.588525750264,1462.0191842649906,63937.39748969516,1254.7207418362027,eval,0.5489566137566136,0.06076279761904762,277.31969064548315,911.9591649145128
2025-07-18,B,23096.913903865505,0.0,4814.613879791066,1877.8266217160578,27911.527783656573,1426.1478577663083,eval,0.5480772486772486,0.12729186507936507,41.6758837239946,108.97380216013896
2025-07-19,B,25056.556068764883,0.0,260.7556880685877,129.5361936738026,25317.31175683347,2702.152642113695,eval,0.5443116402116402,0.14050218253968252,437.8703948250894,1718.669602120462
2025-07-20,B,54820.60176682523,0.0,4473.158233522682,1517.690436029622,59293.76000034792,2382.4593833750887,eval,0.54460582010582,0.052711309523809514,284.79033544791565,884.5593847200001
2025-07-21,B,62502.43191344395,0.0,3415.2335595042205,828.4096502136692,65917.66547294817,3870.2501182771175,eval,0.5451343915343916,0.060835912698412695,924.4441390068926,3206.9926844576394
2025-07-22,B,56319.533695679245,0.0,4902.0736636207575,1273.1299706004647,61221.607359300004,1919.4709445058409,eval,0.545147619047619,0.06037936507936507,218.1502447013849,562.8934205935242
2025-07-23,B,57511.41913229527,0.0,5741.796490522067,1406.383394038172,63253.21562281733,2121.9714044818293,eval,0.5449640211640212,0.05883283730158731,565.230181676207,1792.261113262864
2025-07-24,B,59270.03126132344,0.0,7106.181650557501,1569.9570743921004,66376.21291188094,2760.0855663537186,eval,0.5448121693121694,0.06357916666666667,898.4431579227379,2903.7363192306893
2025-07-25,B,23723.385240630647,0.0,0.0,0.0,23723.385240630647,3091.961275132757,eval,0.5435994708994709,0.1443975198412698,524.5863540021479,1769.9066171778638
2025-07-26,B,23761.773335599748,0.0,628.1596589691043,343.5576444569654,24389.93299456885,3021.8912584980376,eval,0.5449671957671959,0.13273253968253967,335.6415213359796,821.592494849336
2025-07-27,B,60346.75044588383,0.0,9658.841819221354,2092.581247313234,70005.59226510518,4349.694834553777,eval,0.5453116402116402,0.05910079365079368,595.7436138962462,1817.7457981892137
2025-07-28,B,56159.792425889216,0.0,20048.99558103856,4965.987544036769,76208.78800692777,1373.8323952120259,eval,0.5448328042328042,0.07113144841269842,79.99667157567589,264.2604713061557
2025-07-29,B,60976.12473094162,0.0,6404.760989378448,2138.206339711419,67380.88572032008,3612.5774797446347,eval,0.5418460317460319,0.06545148809523808,1106.5964744173868,4543.814140844731
2025-07-30,B,57632.56854532736,0.0,6006.662925885975,1359.2986494056033,63639.23147121334,1598.210260422237,eval,0.5421238095238096,0.060412301587301584,105.07891595861365,266.0069367913244
2025-07-31,B,57272.24462772417,0.0,5324.421837249224,1243.993185834749,62596.666464973394,1387.7589594467772,eval,0.54485291005291,0.06224007936507936,216.17291965163204,592.0352321140665
2025-08-01,B,23733.82878012812,0.0,506.2700735580625,233.26419197139592,24240.09885368618,3111.274221449327,eval,0.5448312169312168,0.15951646825396829,230.60991755916058,922.048606713922
2025-08-02,B,22525.78724469996,0.0,0.0,0.0,22525.78724469996,3168.4802607095,eval,0.5471201058201057,0.1623127976190476,49.92039354108381,110.41821736801994
2025-08-03,B,53460.21590402332,0.0,3292.149428237375,723.0647255006863,56752.36533226069,1957.135039064838,eval,0.5456243386243386,0.038464781746031754,334.68992465735187,912.8039157790297
2025-08-04,B,55703.06495260715,0.0,455.1361823576579,118.23733816671995,56158.20113496481,2936.397266355248,eval,0.5430841269841269,0.04194801587301587,82.66751925165595,188.35399151546935
2025-08-05,B,53655.46993857004,0.0,300.75170637769145,103.81541849344819,53956.22164494773,2465.7159548718846,eval,0.5429597883597884,0.04200029761904763,281.0619050268878,730.3074228666085
2025-08-06,B,52243.69535476616,0.0,12791.532499183464,2954.5554588611726,65035.227853949626,2246.4429578498757,eval,0.5435121693121694,0.05984315476190478,267.3914314606794,626.149663583618
2025-08-07,B,51900.17178785305,0.0,1207.303056171125,347.58226299904317,53107.474844024175,2619.972491220728,eval,0.5399597883597883,0.04719950396825397,248.3871342330749,922.3731593008346
2025-08-08,B,21432.075914465873,0.0,1047.761358822595,335.1939049174358,22479.837273288467,2718.115475839083,eval,0.539568253968254,0.15493184523809525,165.16930022971832,812.8662869283021
2025-08-09,B,21431.192619970843,0.0,1520.609154507408,590.1358368537275,22951.801774478252,2260.445643810688,eval,0.5350746031746032,0.13665803571428572,91.84531980149727,251.42853463428818
2025-08-10,B,52692.20210737751,0.0,5188.024789361782,1417.2944613727173,57880.22689673929,2526.621154143473,eval,0.5341761904761904,0.06310555555555557,253.46277083256123,1115.7688908393836
2025-08-11,B,51021.21509484283,0.0,65.80927848601021,7.885746196918831,51087.024373328844,2842.9077540718877,eval,0.5368137566137566,0.06005694444444444,466.55509358977525,1069.403082957375
2025-08-12,B,52215.92152284339,0.0,11189.188548260647,2619.4853039409168,63405.110071104034,2691.123557886605,eval,0.534441798941799,0.07173214285714286,962.6020398720844,3554.4811608701957
2025-08-13,B,50851.52273797962,0.0,5287.893503942737,1955.2341020304677,56139.41624192236,1914.1309626619386,eval,0.5319222222222222,0.0647202380952381,39.81637749240533,92.82792886346331
2025-08-14,B,50772.23968984255,0.0,9474.960432028807,2004.7595386517628,60247.200121871356,1625.7080656746477,eval,0.5337687830687832,0.06522271825396825,188.43754022614104,474.571278201077
2025-08-15,B,21592.53411673459,0.0,2571.901958160085,902.1828287943459,24164.436074894675,2002.5719833357755,eval,0.5322592592592593,0.1402267857142857,194.31904758536203,943.7348478214817
2025-08-16,B,21904.24654449144,0.0,140.86234972305508,56.44804188583959,22045.108894214496,1508.535800774025,eval,0.5321359788359789,0.1459686507936508,38.506649824107825,85.55796140220033
2025-08-17,B,53721.4664054507,0.0,0.0,0.0,53721.4664054507,3132.220757846558,eval,0.532784126984127,0.05481686507936509,711.7592245519174,1807.6274441121936
2025-08-18,B,50091.13262646325,0.0,6388.34734797376,1463.7942676602934,56479.47997443701,1591.0691831614665,eval,0.5283423280423281,0.059799702380952384,86.27311117369251,188.19415926920334
2025-08-19,B,50411.263090787186,0.0,3416.2896483711174,883.7428113252615,53827.5527391583,1516.4872305361607,eval,0.5330116402116403,0.053927380952380956,170.1550064725213,535.1780877347912
2025-08-20,B,54156.33993169102,0.0,23081.519241915772,5633.808387502853,77237.85917360679,2576.19048774074,eval,0.534589947089947,0.07831785714285716,1275.3637098171216,4756.6673024019265
2025-08-21,B,49600.186041787034,0.0,8062.2901208161,2560.772881124991,57662.47616260313,1485.2702921639739,eval,0.5333031746031747,0.05832400793650795,264.2869997732072,686.4812524409897
2025-08-22,B,23357.762020367485,0.0,7384.053138324751,2384.3653430862164,30741.815158692236,2702.0401281268328,eval,0.534010052910053,0.13174890873015874,581.5869182245403,1986.4024685405325
2025-08-23,B,22470.712091289945,0.0,1365.8074433243282,423.72987762601247,23836.519534614272,3758.5301945629226,eval,0.5386126984126984,0.13412797619047623,146.61932933753528,660.9658812685419
2025-08-24,B,51522.00897738479,0.0,8215.981532186906,1941.7509977390414,59737.9905095717,3615.273750769642,eval,0.5376772486772485,0.05130654761904762,193.5736391873959,384.8320420170775
2025-08-25,B,52955.02547611996,0.0,18191.35292805501,4778.784740750934,71146.37840417498,3862.5783884407424,eval,0.539321164021164,0.06873551587301588,234.51982945206373,762.1589653142618
2025-08-26,B,54504.8454955262,0.0,1569.604543590001,348.3679061546043,56074.4500391162,3339.803829746964,eval,0.5367968253968255,0.0552484126984127,289.4998971536888,782.0744637820683
2025-08-27,B,51809.560617956675,0.0,8358.10208050022,1597.4902452193742,60167.662698456894,2326.21727333514,eval,0.5329015873015873,0.06640932539682538,255.48781193079236,906.5355505595483
2025-08-28,B,52516.05912707656,0.0,13980.91508466229,4698.0618479747955,66496.97421173885,2778.4386819312012,eval,0.5276857142857142,0.07400505952380951,234.82336143031776,776.2498000716828
2025-08-29,B,22460.325662934534,0.0,2310.286638443637,707.2004786753911,24770.612301378173,2873.4262436773515,eval,0.5254931216931216,0.13391428571428574,522.3419414157654,1929.9959971398239
2025-08-30,B,21959.26673631938,0.0,2217.656987545552,733.0256565435805,24176.923723864933,1710.8237177497444,eval,0.5221100529100529,0.1447313492063492,361.7706772416135,1432.999295206788
2025-08-31,B,53195.574720277094,0.0,691.9185562242376,180.9233923197022,53887.49327650133,3110.3218998317466,eval,0.5222767195767196,0.05793521825396827,205.70854913052008,632.6476087888036
2025-09-01,B,49863.77314633662,0.0,0.0,0.0,49863.77314633662,6583.657280541416,eval,0.5190936507936508,0.0746608134920635,198.57691487101988,517.2951402714117
2025-09-02,B,43397.57395741374,0.0,2094.0085728863114,522.5638490589074,45491.58253030005,5703.888213488581,eval,0.5097936507936507,0.06440228174603176,143.04735822469928,457.64552254936945
2025-09-03,B,40681.69578533429,0.0,4191.615356897179,806.8396724422877,44873.31114223147,3613.1003754255626,eval,0.5022063492063492,0.056388194444444456,1192.1834687116839,3551.0427614001724
2025-09-04,B,37134.8227934012,0.0,8618.714152539364,1821.2088397640227,45753.53694594056,3089.445989240676,eval,0.49613544973544976,0.05663809523809524,190.38880106626954,609.7914782070648
2025-09-05,B,17911.87631970334,0.0,0.0,0.0,17911.87631970334,6265.301442105034,eval,0.4847788359788359,0.18270644841269842,162.94683996773773,626.2781298846878
2025-09-06,B,20751.46845434509,0.0,0.0,0.0,20751.46845434509,9564.883440656033,eval,0.4751486772486771,0.16088849206349207,246.31520974261775,606.2650305028468
2025-09-07,B,38036.908490281254,0.0,1579.8104654413737,304.9128773092573,39616.71895572263,6938.551824694886,eval,0.46505132275132277,0.05513392857142856,892.3667655064276,2478.8708375846486
2025-09-08,B,36170.861037470015,0.0,26574.879888707248,6842.098953844448,62745.74092617726,5482.25628930134,eval,0.4547777777777778,0.07713531746031747,37.08856483733724,119.25381402177501
2025-09-09,B,37404.30654768421,0.0,10582.595919337537,2257.8776560024844,47986.90246702175,3532.972824661667,eval,0.4537338624338624,0.05490009920634921,235.896367279072,565.5905498568479
2025-09-10,B,40272.259960052914,0.0,21765.617707814967,5396.849907265436,62037.877667867884,2834.3225904602705,eval,0.45248624338624344,0.08075823412698412,82.95651982997687,221.59615929368252
2025-09-11,B,40990.877208296544,0.0,0.0,0.0,40990.877208296544,6115.142573686683,eval,0.4536740740740741,0.05342291666666665,640.1289859230405,1468.3940033286951
2025-09-12,B,15307.06789999826,0.0,1966.0124213019435,678.1134570366587,17273.080321300204,7044.91691623145,eval,0.4556820105820106,0.13119454365079364,70.69734045061185,124.46574144576971
2025-09-13,B,14169.965675073363,0.0,1786.81292453668,532.2352639326699,15956.778599610043,5566.463827347852,eval,0.4548952380952382,0.1423347222222222,569.9493950471327,1955.8370111827978
2025-09-14,B,38877.29780371696,0.0,15261.68003958699,4592.837026218099,54138.97784330395,5008.772947307539,eval,0.45539894179894175,0.06920803571428571,362.34196503013163,943.5332733334715
2025-09-15,B,40902.72278869282,0.0,2168.1210512265284,538.1860162441881,43070.843839919355,5781.855524062226,eval,0.4588497354497355,0.053628869047619064,377.9210185761555,847.6518738865067
2025-09-16,B,41264.75591543432,0.0,6392.17350981165,2096.2562106628857,47656.929425245966,4932.031551922054,eval,0.4610449735449734,0.07089543650793652,80.84776424614964,296.4666145278485
2025-09-17,B,42111.987463226586,0.0,5637.576795680487,1430.1363524848905,47749.56425890707,4873.901240315612,eval,0.4610513227513227,0.06790843253968254,178.5838180081609,543.3752585331756
2025-09-18,B,42927.78555921474,0.0,2796.6186065013,577.6939658190867,45724.40416571604,6338.88920944511,eval,0.4600402116402116,0.0625863095238095,571.3699972293955,1568.1246226753844
2025-09-19,B,14715.16657481185,0.0,1477.3462918604828,460.8459578510574,16192.512866672332,5461.696381713561,eval,0.4592555555555555,0.12201220238095238,71.17495653410492,168.3519941863251
2025-09-20,B,14257.635442943327,0.0,3573.1820937073717,1226.9887412500393,17830.8175366507,4716.362041626603,eval,0.4596407407407407,0.13063968253968256,107.07519391510657,311.35999364039714
2025-09-21,B,43288.62012224864,0.0,761.3519623232362,222.85506040560313,44049.97208457188,4682.667064305901,eval,0.45711111111111113,0.0577920634920635,956.8930818656814,3302.393536600767
2025-09-22,B,42974.74845634069,0.0,4388.560473992275,1081.4775725111604,47363.30893033296,3630.188439977459,eval,0.45738201058201056,0.06337777777777778,225.06508778918374,567.8793002558417
2025-09-23,B,42726.81132683251,0.0,9955.682076656107,2860.3234293624027,52682.49340348862,5314.833278317146,eval,0.45644285714285715,0.06235724206349205,268.5230512584523,594.4311888268961
2025-09-24,B,44023.77970509454,0.0,5169.02474957704,1324.8633246803738,49192.804454671576,6260.450902891204,eval,0.45619894179894177,0.05537301587301589,251.8184359323991,613.0492785473217
2025-09-25,B,41150.87288598175,0.0,3573.274778267906,1360.484119551171,44724.14766424966,5134.54764080395,eval,0.45510264550264545,0.05815853174603176,323.65541123732646,711.1667985855067
2025-09-26,B,14221.384845130782,0.0,1518.4577556169809,682.9380937498922,15739.842600747763,5352.711175165526,eval,0.4564396825396825,0.1317858134920635,71.75585657604456,155.3302975765857
2025-09-27,B,15241.04068550115,0.0,8632.626086179136,2904.831184945795,23873.666771680284,5309.987556563421,eval,0.4554481481481481,0.12588640873015872,202.0565379385478,763.6973629144865
2025-09-28,B,46007.725687501515,0.0,5177.08945278552,1091.1998632038185,51184.815140287035,5808.691248999657,eval,0.4580169312169314,0.06590555555555555,816.4597880522876,2864.751585125167
2025-09-29,B,47054.68709869371,0.0,3434.467608059888,810.0369646829295,50489.154706753594,5018.2078254051,eval,0.45696719576719586,0.06140644841269841,375.21011052159275,1187.789670311869
2025-09-30,B,42741.18549713321,0.0,12992.343229619473,3545.9317964399233,55733.52872675268,2946.5799063885365,eval,0.45684920634920634,0.06992966269841269,109.22567440282906,243.36996281683702
2025-10-01,B,43775.5931611245,0.0,0.0,0.0,43775.5931611245,6187.269081276334,eval,0.45616772486772483,0.039295039682539695,525.2106417219986,1198.9784349920683
2025-10-02,B,41147.906069169774,0.0,0.0,0.0,41147.906069169774,7703.972705520668,eval,0.4568978835978835,0.032451984126984135,471.87888856748276,1076.911670811981
2025-10-03,B,13464.683505100129,0.0,0.0,0.0,13464.683505100129,9210.748409873879,eval,0.4547063492063491,0.16259980158730158,108.71584138288422,223.56088805111364
2025-10-04,B,14370.556800949103,0.0,0.0,0.0,14370.556800949103,9955.102732597885,eval,0.4541507936507936,0.13008789682539681,50.41530239234319,106.17239572613883
2025-10-05,B,39755.989102214255,0.0,128.22185110896007,28.957057612682945,39884.210953323214,10088.324132821477,eval,0.45254021164021163,0.04299374999999999,320.9896914445717,863.2684051632563
2025-10-06,B,42841.04637119968,0.0,0.0,0.0,42841.04637119968,8885.780965942273,eval,0.4534867724867725,0.06301359126984127,385.04665874350184,1538.7100349638272
2025-10-07,B,40533.606194570464,0.0,5260.860825336127,1044.8061275877467,45794.46701990659,9388.355168834032,eval,0.4544164021164021,0.06308789682539681,271.81019259303423,651.171362971336
2025-10-08,B,36089.94391346317,0.0,12414.39404094698,3173.6845899639575,48504.33795441015,9579.834289963439,eval,0.4559920634920635,0.06135753968253969,175.34222974430526,544.5025989374661
2025-10-09,B,37118.32826197716,0.0,7996.148319855683,1455.4774302957392,45114.476581832845,8606.867337448137,eval,0.4563306878306878,0.05656775793650794,167.55269731050558,545.5074055742443
2025-10-10,B,13888.652333885784,0.0,416.7875423048525,133.9044895792107,14305.439876190636,9682.419318290307,eval,0.45994656084656094,0.14748065476190475,342.6507672782145,924.6224116167489
2025-10-11,B,12864.540678076028,0.0,0.0,0.0,12864.540678076028,6446.148788322682,eval,0.46068095238095247,0.12280039682539684,67.44051388633491,182.24067084164034
2025-10-12,B,38003.256276260996,0.0,10947.626449193274,2644.5866945373114,48950.88272545427,6710.391487231422,eval,0.461131216931217,0.06516180555555555,75.96353207257077,185.04307416592593
2025-10-13,B,37428.781198045945,0.0,6555.104527200976,1443.085060541042,43983.88572524692,6026.025432952614,eval,0.45852380952380956,0.05917490079365079,308.9504426464474,727.8416083342809
2025-10-14,B,42843.59547552151,0.0,12346.972952859433,2455.226126483017,55190.568428380946,8394.163758517005,eval,0.4581238095238095,0.0689347222222222,568.7437718556739,1925.766266875559
2025-10-15,B,43080.84227949745,0.0,7153.023155138998,1832.488203125713,50233.86543463644,8712.917573113997,eval,0.45811798941798937,0.06890605158730158,781.9248355048486,2185.480881898095
2025-10-16,B,42678.77452341238,0.0,17501.62125703728,4008.2868526310103,60180.39578044966,10050.370896872104,eval,0.45952380952380956,0.07472202380952381,409.9575770552665,1541.3074130167392
2025-10-17,B,12128.652763464092,0.0,1523.1255934225921,643.3114202033387,13651.778356886683,5737.168345232842,eval,0.45673597883597883,0.12654365079365076,65.0642057825338,123.38590852454554
2025-10-18,B,13840.351077069223,0.0,3814.5212722437195,1503.086955583877,17654.872349312944,8609.065125504392,eval,0.45554232804232797,0.13748154761904763,112.59458416343095,237.1377097071489
2025-10-19,B,41697.451399151,0.0,10629.12399117197,2412.7610777385944,52326.57539032297,5140.990115608089,eval,0.45466825396825394,0.07284196428571428,245.89773149109882,579.2723460346855
2025-10-20,B,45561.99946745899,0.0,8429.451719184883,1600.57868570515,53991.45118664387,9183.071457014574,eval,0.4561402116402116,0.0666800595238095,163.67503398348464,505.7537261383315
2025-10-21,B,44536.46401353934,0.0,10421.990036477959,2654.552876687467,54958.4540500173,6593.605404806275,eval,0.45551640211640204,0.07285813492063492,1488.4682775052283,5339.044861411827
2025-10-22,B,45595.85448294036,0.0,13410.769875281247,2813.332501956319,59006.62435822161,9468.025417692403,eval,0.45409947089947084,0.0655810515873016,180.88120616893625,569.8324246564991
2025-10-23,B,44755.34828038899,0.0,3047.017957239549,600.2605133074633,47802.36623762854,10190.685873520602,eval,0.4519735449735449,0.05451259920634921,293.41599139870095,914.8347250278545
2025-10-24,B,12340.6565347053,0.0,1925.1287737798175,484.96174134768825,14265.785308485118,6048.683433154951,eval,0.4522888888888889,0.1347780753968254,611.3435845661921,2025.159213138019
2025-10-25,B,15003.053928436306,0.0,206.11724537408801,105.69219605155757,15209.171173810393,7517.60451752776,eval,0.4535936507936509,0.1342387896825397,573.431229226108,1581.5680362576054
2025-10-26,B,46716.35626970453,0.0,2.6994939616997724e-13,1.1368683772161603e-13,46716.35626970453,8329.696126674151,eval,0.4575264550264551,0.054311011904761904,617.0320611650938,1895.3629960475628
2025-10-27,B,45875.59642967617,0.0,3485.5239829768584,746.2119917845378,49361.12041265303,9106.959084555381,eval,0.4582296296296296,0.05427341269841269,471.2954145705536,1682.5130660078353
2025-10-28,B,47367.290433209906,0.0,5120.246437964444,1129.445289519439,52487.53687117435,10219.805100473555,eval,0.4567074074074075,0.06113462301587301,484.38175637380783,1381.8645365479701
2025-10-29,B,44434.710218553875,0.0,16791.01674313329,4055.5903482542767,61225.72696168716,6974.667148117255,eval,0.45729100529100536,0.07460515873015873,253.29697070882548,650.9055879149328
2025-10-30,B,48119.46268967227,0.0,73.71936913494885,15.934155222079156,48193.182058807215,7765.762505757413,eval,0.4577687830687831,0.059820436507936524,1094.6920971850768,4143.799932628423
2025-10-31,B,14660.249790343765,0.0,4872.0677037603955,1838.6099522584689,19532.31749410416,9839.900183362668,eval,0.4585677248677248,0.11899275793650793,127.89662250607539,317.02559975720453
2025-11-01,B,13959.267247971045,0.0,3215.359436872178,1045.2215750533069,17174.626684843224,10165.998633561947,eval,0.45790529100529104,0.1355406746031746,126.75504026118237,365.0981090052975
2025-11-02,B,46744.35720752871,0.0,8716.80037561891,1763.0003961905331,55461.15758314762,8219.944906022123,eval,0.4531619047619047,0.06255307539682538,297.2463133900659,906.0004377992266
2025-11-03,B,51137.0539428925,0.0,1056.6389257104593,292.59914965861617,52193.69286860296,9572.67349540525,eval,0.4542603174603174,0.06735009920634921,751.4006556273242,2889.917425080249
2025-11-04,B,48668.74049491515,0.0,96.57009692358079,20.253476751973523,48765.31059183874,9703.469416829848,eval,0.45506296296296295,0.05603392857142859,432.41485440543386,1399.8057348936186
2025-11-05,B,48168.699818119174,0.0,6768.086717689248,1492.281624714407,54936.786535808424,8232.391562909022,eval,0.45361693121693125,0.06390059523809523,92.45021427564245,371.8699786339092
2025-11-06,B,50826.860387159606,0.0,11943.511332660459,2407.7594236251925,62770.37171982006,9818.678269000982,eval,0.45272222222222225,0.07077589285714286,363.79615938179825,1139.7123289962321
2025-11-07,B,13819.20228779551,0.0,2802.841986137965,665.422224002767,16622.044273933476,8568.354510316423,eval,0.45323703703703705,0.13492529761904762,360.02455815219037,1012.9117634612842
2025-11-08,B,14962.843879947352,0.0,0.0,0.0,14962.843879947352,9379.125250788666,eval,0.4548021164021163,0.13335863095238099,108.77018463964119,389.08237378674363
2025-11-09,B,49346.08566418718,0.0,9549.878070007775,2263.6704246577674,58895.96373419496,9031.14702877095,eval,0.45530687830687827,0.06452291666666667,187.9648811365858,810.2060240154723
2025-11-10,B,50894.791699733665,0.0,14940.626032244661,3159.987396022105,65835.41773197832,8497.087466536148,eval,0.4539740740740741,0.07209702380952382,133.85799606891106,380.7044279106609
2025-11-11,B,50080.93606267739,0.0,4484.587273018404,920.5416304748005,54565.5233356958,7586.472110214509,eval,0.45438835978835973,0.061847321428571425,267.3116559688815,1003.8276983755477
2025-11-12,B,51325.45028211183,0.0,0.0,0.0,51325.45028211183,5352.276706803548,eval,0.456368783068783,0.059277876984126995,879.3452487037796,3220.0090896402476
2025-11-13,B,55083.04270589046,0.0,6602.114928553757,1349.888897951116,61685.157634444215,9454.158292477527,eval,0.4577253968253968,0.06280228174603177,81.92744963358457,346.5496101929646
2025-11-14,B,14185.817390522547,0.0,4503.0983810214075,1646.810592871093,18688.915771543954,8692.063665965612,eval,0.4585322751322752,0.12905803571428573,93.5948874357189,230.2033169277632
2025-11-15,B,15615.254555160205,0.0,907.7124495799384,193.03105186298086,16522.967004740145,8483.102668979014,eval,0.45841428571428566,0.13143134920634922,82.04759700096088,245.0750789192889
2025-11-16,B,53596.74917979413,0.0,1849.753678549208,359.35859314179584,55446.50285834334,6013.107520437541,eval,0.4615349206349207,0.0635267857142857,1063.3567430599696,4257.313160949073
2025-11-17,B,56853.873423896155,0.0,0.0,0.0,56853.873423896155,9426.888096755501,eval,0.4606952380952381,0.05684841269841269,974.8845014482138,3996.1746439523704
2025-11-18,B,55309.25797296778,0.0,3806.669818755203,799.4609521831557,59115.927791722985,9243.31908153857,eval,0.46103280423280424,0.06468005952380954,249.6622562470237,740.7009009310108
2025-11-19,B,55292.55866397792,0.0,5660.492841982821,1076.183014923298,60953.05150596074,7546.155399063834,eval,0.46063968253968257,0.06670198412698414,52.66344269840191,137.41464012284968
2025-11-20,B,54602.25028097813,0.0,4451.120580233283,923.6690430627119,59053.37086121141,9042.127050510057,eval,0.46346666666666664,0.05850625000000001,944.7913259133817,3592.9100358981523
2025-11-21,B,15026.823251084958,0.0,1588.7184056519877,573.5032520768484,16615.541656736947,8823.721177116295,eval,0.46209841269841256,0.13399265873015873,76.09698267831075,159.253311749459
2025-11-22,B,15560.369185163407,0.0,1592.868956827746,397.72018125817976,17153.238141991154,8635.711678786558,eval,0.46219735449735455,0.1311862103174603,24.280007149429544,47.753650553013
2025-11-23,B,56434.252213383355,0.0,1592.1772413114504,321.0655986170597,58026.42945469481,8485.59052990545,eval,0.45973544973544966,0.06318144841269842,869.4173407599246,3322.475457913195
2025-11-24,B,53411.08504639106,0.0,0.0,0.0,53411.08504639106,5873.858176734747,eval,0.4625015873015874,0.054399503968253965,719.8296245620323,2756.489127795342
2025-11-25,B,56380.35334099541,0.0,1827.9619311535707,561.9332839288096,58208.31527214898,8492.756793394767,eval,0.4619539682539682,0.056656845238095235,416.1837334271275,1356.1566671695493
2025-11-26,B,56693.631153209935,0.0,4096.530271919066,816.6048967421217,60790.161425129,7817.810120514973,eval,0.4626455026455026,0.06532896825396824,196.02002560356917,880.6511155407404
2025-11-27,B,60164.33706719981,0.0,93.90159171771619,38.05204243923141,60258.23865891753,9711.183915394555,eval,0.45713968253968246,0.062066666666666666,248.94552723721281,1046.8153767203828
2025-11-28,B,14852.864334911234,0.0,1006.5899610697916,248.9291790112162,15859.454295981024,8128.237436874834,eval,0.4560730158730159,0.13732946428571427,179.5905970401273,318.82031126093955
2025-11-29,B,15465.824583589716,0.0,11166.549569500583,4289.766858210291,26632.3741530903,8044.81989680647,eval,0.4545058201058201,0.12166140873015872,85.09879928055106,306.83930763665614
2025-11-30,B,59231.92715534131,0.0,11071.752324298934,2508.164741459662,70303.67947964024,9359.74343354225,eval,0.45394126984126987,0.06886468253968255,240.2445455987695,869.258054863945
2025-12-01,B,61971.406136152895,0.0,28591.968387518977,5999.543713762385,90563.37452367187,4616.073496683277,eval,0.4505227513227513,0.1323813492063492,346.0452333755487,1508.7568472240582
2025-12-02,B,66161.9842736806,0.0,39622.37283580704,7842.792271656637,105784.35710948764,7529.135408557161,eval,0.4569164021164021,0.12814613095238092,163.802680561171,615.3696710885719
2025-12-03,B,69126.25506989514,0.0,5191.490682794399,1048.2332033042685,74317.74575268953,9003.334417044169,eval,0.46221216931216935,0.11173720238095235,383.10518204393924,1504.845074591774
2025-12-04,B,70964.60432863512,0.0,8813.144720922168,1370.1061332783863,79777.74904955729,10035.65777486204,eval,0.4702380952380953,0.0942796626984127,270.9819827211911,1043.876205450137
2025-12-05,B,18930.334403422727,0.0,10395.444967786154,2832.0390792923363,29325.779371208882,9703.456273142661,eval,0.47731164021164024,0.10771666666666667,258.9527883450463,536.5344466979961
2025-12-06,B,19912.26516516196,0.0,12614.318818798132,4232.156515848049,32526.583983960092,9466.78965044995,eval,0.4833714285714286,0.10884325396825396,87.15512755893555,186.3032696874688
2025-12-07,B,72860.23894223673,0.0,0.0,0.0,72860.23894223673,9815.566215657294,eval,0.4903153439153439,0.06802946428571427,542.1032868359358,2162.921834286475
2025-12-08,B,73325.22211498405,0.0,0.0,0.0,73325.22211498405,10800.0,eval,0.496173544973545,0.05379761904761906,480.30988782767236,2091.3779738434764
2025-12-09,B,68615.92622147419,0.0,911.351876059877,123.86940567488,69527.27809753407,8753.021360757864,eval,0.496521164021164,0.05510982142857143,67.43455430623038,287.58821822102294
2025-12-10,B,72524.14146552215,0.0,483.50747739046415,88.47096150707102,73007.64894291261,9434.51620297242,eval,0.4952375661375661,0.06404900793650793,115.74565000486885,573.7207890228652
2025-12-11,B,72018.27999247337,0.0,597.2472589970183,96.53156004015932,72615.52725147038,10381.452423621009,eval,0.4942121693121693,0.04928015873015874,777.7188206432886,3189.056796182635
2025-12-12,B,23648.043553439624,0.0,2.6227553462376817e-13,1.1368683772161603e-13,23648.043553439624,8342.079331820445,eval,0.49145978835978843,0.13132857142857143,331.64096898287096,823.4558973263277
2025-12-13,B,23556.612008300537,0.0,482.12579049378996,157.18857692045512,24038.737798794325,7633.772888744711,eval,0.4895846560846561,0.12623511904761905,250.22347391733598,515.7399590307361
2025-12-14,B,73032.34452925558,0.0,0.0,0.0,73032.34452925558,9700.808081644096,eval,0.4907513227513227,0.06661597222222222,541.1273622171173,2608.539264342492
2025-12-15,B,71698.55839164971,0.0,4390.222671295145,669.323869116269,76088.78106294485,9662.531542856352,eval,0.4903571428571428,0.061336805555555554,1049.829248864352,4904.066474477376
2025-12-16,B,71909.19588749738,0.0,4124.000938172515,835.4203275086866,76033.19682566989,10286.849109749293,eval,0.48649470899470904,0.05366517857142857,353.5882289309072,1419.233054613437
2025-12-17,B,74175.33965011331,0.0,0.0,0.0,74175.33965011331,10678.35227176698,eval,0.4864359788359788,0.052521428571428566,516.452157251749,1941.2486732304217
2025-12-18,B,70476.68445610351,0.0,2434.9782338243635,419.4337817151039,72911.66268992788,10775.090386686166,eval,0.48681428571428575,0.05642847222222221,348.5156429623561,1397.8337123148274
2025-12-19,B,24401.221814182147,0.0,3.61595198228315e-14,1.4210854715202004e-14,24401.221814182147,9713.24412473886,eval,0.48897142857142856,0.1354359126984127,173.8322769379143,414.5147554693497
2025-12-20,B,23583.319847616887,0.0,763.1602868089981,155.75759767313656,24346.480134425885,10568.572227421917,eval,0.4908185185185184,0.14118660714285713,931.7446279687553,2612.3034736438008
2025-12-21,B,71456.3901703502,0.0,0.0,0.0,71456.3901703502,8930.993947946352,eval,0.4902714285714285,0.05431170634920634,1173.6882146617086,5251.058755169072
2025-12-22,B,72419.98481462723,0.0,2660.394523391755,734.9030081022516,75080.37933801897,9429.729524598451,eval,0.48987248677248674,0.06379097222222223,390.6341065041198,1693.431943570936
2025-12-23,B,72386.4427961904,0.0,0.0,0.0,72386.4427961904,10429.306953607565,eval,0.4938910052910052,0.05630486111111109,1037.5000761304757,4756.241397699737
2025-12-24,B,72852.91069286922,0.0,0.0,0.0,72852.91069286922,10207.489418652487,eval,0.4959301587301587,0.05388878968253969,638.050261652676,2976.179899475558
2025-12-25,B,73577.57636601309,0.0,0.0,0.0,73577.57636601309,8636.533715224163,eval,0.4942253968253968,0.05970595238095236,773.5984926243162,3389.599833739493
2025-12-26,B,22528.932387320387,0.0,3354.768545623955,1033.2092969892628,25883.700932944343,10605.197634532075,eval,0.4937931216931216,0.13421190476190475,14.025542231035093,26.954945641737073
2025-12-27,B,24146.136857121346,0.0,1.2181544661871156e-13,5.684341886080802e-14,24146.136857121346,9760.507496917395,eval,0.4959148148148149,0.1369892857142857,1141.6814780429859,3404.653094557388
2025-12-28,B,69775.38739873239,0.0,0.0,0.0,69775.38739873239,8057.323473280599,eval,0.4923862433862433,0.05129265873015873,153.43805193572877,508.43991360170486
2025-12-29,B,73053.18760452652,0.0,603.8818071985274,240.41412863888138,73657.06941172505,10547.189245085397,eval,0.493610052910053,0.051714186507936515,182.33373631688605,561.2578005875486
2025-12-30,B,70909.15202689856,0.0,0.0,0.0,70909.15202689856,8933.480857798058,eval,0.49164021164021166,0.0504875,163.56577932722823,644.195372026234
2025-12-31,B,72644.6689367407,0.0,3177.346172772485,481.3727623220066,75822.01510951317,9501.528221560062,eval,0.4900629629629629,0.06042886904761905,200.84939675755257,733.6950589164097
2025-01-01,C,0.0,0.0,432888.7998430083,92035.17001666666,432888.7998430083,6000.0,init,0.0,0.0,0.0,0.0
2025-01-02,C,75936.92746654351,0.0,9983.703280074085,2040.3871382716065,85920.6307466176,10654.339575,init,0.5328444444444443,0.038234027777777777,0.0,0.0
2025-01-03,C,57731.93873605666,0.0,1.731592647047364e-13,2.842170943040401e-14,57731.93873605666,10800.0,init,0.5308481481481482,0.18821631944444445,0.0,0.0
2025-01-04,C,22850.640909223268,0.0,4354.962438602275,1273.1800331275776,27205.60334782554,10556.64123,init,0.4977197530864197,0.13456041666666665,0.0,0.0
2025-01-05,C,29643.09153514529,0.0,225914.64854117265,45278.50126831275,255557.74007631795,9185.410364999998,init,0.47875925925925933,0.09554913194444446,0.0,0.0
2025-01-06,C,73948.75395357498,0.0,7144.1136117166725,1446.785133333334,81092.86756529166,10718.956319999998,init,0.4920933333333334,0.08167111111111112,0.0,0.0
2025-01-07,C,73050.48469322486,0.0,16763.09965758679,3635.9013004115113,89813.58435081165,10710.055154999998,init,0.4989623456790123,0.06666828703703703,0.0,0.0
2025-01-08,C,73538.83093312179,0.0,5613.071743441682,1386.9447333333426,79151.90267656348,10757.449425000003,init,0.500173015873016,0.04950793650793652,0.0,0.0
2025-01-09,C,70970.1335895379,0.0,12827.179073979956,3029.225878189309,83797.31266351786,10747.30257,init,0.4981608465608466,0.05736785714285713,0.0,0.0
2025-01-10,C,55408.42101424333,0.0,1.6980550299194877e-13,2.842170943040401e-14,55408.42101424333,10800.0,init,0.4987703703703703,0.13991765873015874,0.0,0.0
2025-01-11,C,22576.063506598188,0.0,2517.4725326999933,818.7982999999992,25093.536039298182,10399.662464999998,init,0.4961656084656085,0.1352948412698413,0.0,0.0
2025-01-12,C,29635.811240145988,0.0,225853.41851221072,44798.23118106995,255489.2297523567,9087.386535,init,0.4964333333333332,0.06021696428571429,0.0,0.0
2025-01-13,C,73003.34919488055,0.0,3317.7264584083314,859.4926833333332,76321.07565328888,10597.352669999998,init,0.49465661375661374,0.05179861111111111,0.0,0.0
2025-01-14,C,69210.99023681253,0.0,9912.977149568718,2054.833813991768,79123.96738638125,10640.392049999999,init,0.4953925925925925,0.054164980158730155,0.0,0.0
2025-01-15,C,70706.48991908037,0.0,10908.626854505652,2231.8968162551446,81615.11677358602,10753.904564999999,init,0.4971100529100528,0.05923402777777777,0.0,0.0
2025-01-16,C,72085.61301098764,0.0,8019.534741266436,1722.7181127380982,80105.14775225408,10603.443857407407,init,0.497957671957672,0.05244037698412697,0.0,0.0
2025-01-17,C,23412.04390841743,0.0,6.723155365762068e-14,2.842170943040401e-14,23412.04390841743,10764.331679713388,init,0.4971534391534391,0.14103988095238093,0.0,0.0
2025-01-18,C,23020.97964700366,0.0,240.71203259499248,59.90926395151712,23261.69167959865,10590.238224348903,init,0.499037037037037,0.14380089285714287,0.0,0.0
2025-01-19,C,69334.38420573005,0.0,8554.89429682526,1716.6869962591668,77889.2785025553,10559.536712469708,init,0.5005740740740742,0.05702936507936508,0.0,0.0
2025-01-20,C,71135.93688025183,0.0,381.5344279514518,52.584211338424666,71517.47130820328,10796.447357469144,init,0.501367724867725,0.05355873015873015,0.0,0.0
2025-01-21,C,69908.11203973994,0.0,0.0,0.0,69908.11203973994,10798.406760928856,init,0.5010121693121693,0.044362301587301596,0.0,0.0
2025-01-22,C,68561.54399703935,0.0,7349.921523356624,1749.0041013578762,75911.46552039597,9620.292022032392,init,0.5011037037037036,0.0640277777777778,0.0,0.0
2025-01-23,C,70961.7569351129,0.0,7004.336185866716,1540.6336360371758,77966.09312097963,9818.772033133844,init,0.5011021164021164,0.06664623015873015,0.0,0.0
2025-01-24,C,21203.20343184275,0.0,423.13661697939847,212.07994109076589,21626.34004882215,10536.637009427403,init,0.501778835978836,0.14937162698412695,0.0,0.0
2025-01-25,C,21110.665803265943,0.0,0.0,0.0,21110.665803265943,10547.035162134793,init,0.5026534391534392,0.15257132936507936,0.0,0.0
2025-01-26,C,69195.09019630347,0.0,1695.82668861176,301.0404371150222,70890.91688491523,9769.520348414833,init,0.49998359788359786,0.06394434523809525,0.0,0.0
2025-01-27,C,69090.13716718469,0.0,0.0,0.0,69090.13716718469,10442.536426352066,init,0.49859841269841276,0.046439880952380955,0.0,0.0
2025-01-28,C,67684.30648191643,0.0,908.2590997741958,190.8703921155984,68592.56558169062,9736.192491128404,init,0.49627883597883604,0.058983531746031756,0.0,0.0
2025-01-29,C,67529.74507852009,0.0,0.0,0.0,67529.74507852009,10714.6422423379,init,0.49819894179894175,0.0435561507936508,0.0,0.0
2025-01-30,C,66413.35196277188,0.0,1552.546278843055,250.83023124453945,67965.89824161494,10272.732335905135,init,0.49724074074074076,0.055001884920634916,0.0,0.0
2025-01-31,C,19438.573854674032,0.0,542.0953291030678,250.9460966974371,19980.6691837771,10669.737735562008,init,0.49715238095238096,0.1351202380952381,0.0,0.0
2025-02-01,C,18782.66254879602,0.0,1.1734613281078054e-14,3.552713678800501e-15,18782.66254879602,10800.0,calibration,0.49730952380952387,0.1951779761904762,-1.8116130746082158e-12,-3.5471384000828865e-12
2025-02-02,C,63102.83124632113,0.0,0.0,0.0,63102.83124632113,10800.0,calibration,0.49425608465608467,0.057532539682539685,0.0,0.0
2025-02-03,C,63694.110297118605,0.0,0.0,0.0,63694.110297118605,10657.804105978668,calibration,0.49102910052910054,0.05969831349206348,0.0,0.0
2025-02-04,C,64043.76210916005,0.0,878.1473680975772,202.88374048942478,64921.90947725763,10800.0,calibration,0.48829100529100533,0.05257599206349204,0.0,0.0
2025-02-05,C,59810.100379769094,0.0,2261.490346130074,483.24412167203826,62071.590725899165,9133.57103539253,calibration,0.48388835978835976,0.052722519841269834,0.0,0.0
2025-02-06,C,60843.99516438728,0.0,35.631330029580944,7.864767692215196,60879.62649441686,9517.4340800967,calibration,0.48334126984126985,0.05190386904761904,0.0,0.0
2025-02-07,C,17299.09390843109,0.0,0.0,0.0,17299.09390843109,10256.116363282077,calibration,0.4790539682539683,0.1538861111111111,0.0,0.0
2025-02-08,C,15509.109739549818,0.0,1131.9585467140332,319.8414563577007,16641.06828626385,9555.800714442512,calibration,0.47338730158730163,0.1459512896825397,0.0,0.0
2025-02-09,C,58043.1427571587,0.0,3220.1680628780887,615.2638663421537,61263.310820036786,8706.315804125597,calibration,0.47297566137566144,0.058759722222222206,0.0,0.0
2025-02-10,C,57757.55784478663,0.0,808.8981333574062,331.45416878449635,58566.45597814403,9808.868329228451,calibration,0.4722402116402117,0.03834414682539684,0.0,0.0
2025-02-11,C,57087.70666146136,0.0,0.0,0.0,57087.70666146136,9351.021051546048,calibration,0.4720507936507936,0.04770833333333334,0.0,0.0
2025-02-12,C,57286.365923430225,0.0,2.7705837624125706e-14,5.329070518200751e-15,57286.365923430225,9883.897083202313,calibration,0.4733280423280424,0.04982857142857143,0.0,0.0
2025-02-13,C,55270.06580485741,0.0,732.9383836826837,291.68276096445345,56003.00418854009,10180.415583334365,calibration,0.4705460317460317,0.04360505952380952,0.0,0.0
2025-02-14,C,15093.407735270353,0.0,829.5292548680421,542.1114876728817,15922.936990138396,9849.215974500024,calibration,0.47089947089947093,0.14283492063492062,0.0,0.0
2025-02-15,C,15594.213044111772,0.0,512.6097154320997,327.8813618147241,16106.822759543871,9448.811872009912,calibration,0.4718179894179894,0.13493888888888889,0.0,0.0
2025-02-16,C,55202.96255926603,0.0,3389.2116654147253,760.1746838723723,58592.174224680755,9879.728763383375,calibration,0.4736047619047618,0.06151706349206349,0.0,0.0
2025-02-17,C,53743.47657946381,0.0,3.6135361369815656e-13,1.1368683772161603e-13,53743.47657946381,9962.907098452952,calibration,0.47256455026455013,0.051036805555555564,0.0,0.0
2025-02-18,C,52981.24033962512,0.0,117.7463203175894,27.607578034604785,53098.986659942704,10506.541138498247,calibration,0.47414814814814815,0.05028849206349206,0.0,0.0
2025-02-19,C,51711.41797540608,0.0,783.7083558935083,144.15764292126994,52495.12633129959,9369.819886107096,calibration,0.4713571428571428,0.05365218253968255,0.0,0.0
2025-02-20,C,53760.302317595844,0.0,0.0,0.0,53760.302317595844,10442.710372124424,calibration,0.47265978835978834,0.055220932539682556,0.0,0.0
2025-02-21,C,14871.56945261506,0.0,0.0,0.0,14871.56945261506,10025.758583946274,calibration,0.473063492063492,0.14571785714285715,0.0,0.0
2025-02-22,C,15232.644860588056,0.0,1412.1801626146525,523.9595759632997,16644.82502320271,9813.000529633331,calibration,0.47281587301587313,0.12959176587301588,0.0,0.0
2025-02-23,C,51664.01804735668,0.0,919.1165434584742,282.69013511207737,52583.134590815156,9813.45634126749,calibration,0.4718915343915344,0.053621428571428584,0.0,0.0
2025-02-24,C,50917.77384724132,0.0,1.6188472784506302e-13,2.4868995751603507e-14,50917.77384724132,9970.157087124722,calibration,0.47184973544973535,0.04930882936507937,0.0,0.0
2025-02-25,C,50173.72909682905,0.0,42.537472151566476,8.2801642787731,50216.266568980616,9930.645690934778,calibration,0.470436507936508,0.041781547619047614,0.0,0.0
2025-02-26,C,50401.898040200096,0.0,0.0,0.0,50401.898040200096,10320.492806769224,calibration,0.47081111111111107,0.05066349206349207,0.0,0.0
2025-02-27,C,48187.31252025927,0.0,468.766876428908,92.66361913215225,48656.079396688176,10197.684542630082,calibration,0.471189417989418,0.04860396825396824,0.0,0.0
2025-02-28,C,14187.656712791793,0.0,0.0,0.0,14187.656712791793,10222.10633549234,calibration,0.47052751322751324,0.13722271825396823,0.0,0.0
2025-03-01,C,14146.419880202051,0.0,0.0,0.0,14146.419880202051,9900.459768537337,calibration,0.4690243386243387,0.13950486111111113,0.0,0.0
2025-03-02,C,49392.15541634734,0.0,17104.68006063746,4156.408499791338,66496.8354769848,10415.55513823199,calibration,0.4657164021164021,0.06790456349206347,0.0,0.0
2025-03-03,C,47557.718772386295,0.0,15605.618366798026,3823.9874839345944,63163.337139184325,10341.519752844475,calibration,0.4645825396825396,0.06589791666666667,0.0,0.0
2025-03-04,C,50655.594969659614,0.0,525.303818197912,99.4140458360924,51180.89878785753,10089.401622469013,calibration,0.46330582010582017,0.05184285714285715,0.0,0.0
2025-03-05,C,47428.061420920494,0.0,155.5334094860064,48.30705000086141,47583.5948304065,10025.774169375583,calibration,0.46334708994708995,0.04629742063492062,0.0,0.0
2025-03-06,C,47055.054704480775,0.0,9.110578957916004e-14,2.842170943040401e-14,47055.054704480775,10134.267194407726,calibration,0.458679365079365,0.04774156746031746,0.0,0.0
2025-03-07,C,13361.792733103788,0.0,274.87682519752394,90.14520961256991,13636.669558301312,10306.898347938466,calibration,0.45631587301587295,0.1406079365079365,0.0,0.0
2025-03-08,C,13123.67496579069,0.0,711.0127880128514,328.06602117661953,13834.68775380354,10774.954090106608,calibration,0.4559460317460317,0.15116150793650796,0.0,0.0
2025-03-09,C,44377.33157596561,0.0,2255.364838296887,530.8339707632704,46632.6964142625,10695.354511508524,calibration,0.45648359788359794,0.04534335317460317,0.0,0.0
2025-03-10,C,47478.52104981992,0.0,3128.584005581529,607.6725331624634,50607.10505540145,9235.1058536432,calibration,0.45693015873015874,0.06240009920634922,0.0,0.0
2025-03-11,C,46479.69687296765,0.0,1839.297970193496,542.0305302370998,48318.99484316115,9826.03828592725,calibration,0.4566465608465608,0.05405089285714286,0.0,0.0
2025-03-12,C,45489.39089913173,0.0,575.1791228041885,100.53313454843988,46064.57002193592,10284.501269322212,calibration,0.45587671957671955,0.048841567460317474,0.0,0.0
2025-03-13,C,44332.6834453365,0.0,9752.567104439866,3088.8932685020955,54085.25054977636,10332.809804930477,calibration,0.4563804232804233,0.0678621031746032,0.0,0.0
2025-03-14,C,12539.774409211019,0.0,914.2123550791538,251.29382757058485,13453.986764290172,10193.35811867414,calibration,0.45648571428571433,0.14629573412698413,0.0,0.0
2025-03-15,C,13340.232984888966,0.0,597.2248528308047,380.0161372269524,13937.45783771977,10163.774911345323,calibration,0.4549883597883598,0.13138422619047618,0.0,0.0
2025-03-16,C,43853.458642100384,0.0,2099.0927739836425,545.1295881471578,45952.551416084025,9867.289922721038,calibration,0.45557248677248685,0.0531282738095238,0.0,0.0
2025-03-17,C,43099.19519954809,0.0,0.0,0.0,43099.19519954809,10130.104825360962,calibration,0.45470052910052905,0.03631359126984128,0.0,0.0
2025-03-18,C,42730.82424502882,0.0,3744.92642191351,711.3949936272843,46475.75066694233,10183.266526680574,calibration,0.45277989417989417,0.048267757936507935,0.0,0.0
2025-03-19,C,42842.86178966721,0.0,2638.325909073086,509.92797838511353,45481.187698740294,10345.101227995408,calibration,0.4518751322751323,0.04881170634920636,0.0,0.0
2025-03-20,C,41498.412541039856,0.0,2519.950879812298,634.2725317761336,44018.363420852154,9951.553905226234,calibration,0.4522597883597884,0.056766964285714275,0.0,0.0
2025-03-21,C,12033.349371073331,0.0,361.45341932475424,207.39797547477366,12394.802790398086,10398.014482469407,calibration,0.4530079365079365,0.1536701388888889,0.0,0.0
2025-03-22,C,12494.702511570766,0.0,1508.1842981118148,622.8126778919334,14002.88680968258,10693.182734000284,calibration,0.45365873015873015,0.13372331349206348,0.0,0.0
2025-03-23,C,41535.199421709505,0.0,0.0,0.0,41535.199421709505,10621.108937190344,calibration,0.452205291005291,0.05060575396825398,0.0,0.0
2025-03-24,C,40728.3062500744,0.0,1469.6592776343957,418.10250772199885,42197.965527708795,9905.511057855188,calibration,0.45250634920634913,0.05461378968253968,0.0,0.0
2025-03-25,C,40192.35549492341,0.0,3755.3196091534896,1145.5650664132609,43947.6751040769,9903.209598955773,calibration,0.45285026455026456,0.0572953373015873,0.0,0.0
2025-03-26,C,39332.835818064996,0.0,45.9902263173013,21.662848006265335,39378.826044382295,10562.050645193347,calibration,0.45108095238095236,0.047057440476190475,0.0,0.0
2025-03-27,C,40392.20028021344,0.0,824.7632310062706,182.58324177471337,41216.96351121971,10179.846570939577,calibration,0.4509153439153438,0.05638541666666666,0.0,0.0
2025-03-28,C,12110.411554452141,0.0,0.0,0.0,12110.411554452141,10476.350438015015,calibration,0.449647619047619,0.13822063492063494,0.0,0.0
2025-03-29,C,11733.64924729156,0.0,0.0,0.0,11733.64924729156,9432.993987011188,calibration,0.450710582010582,0.15139275793650792,0.0,0.0
2025-03-30,C,37281.886842918415,0.0,608.490025956782,181.39774410369841,37890.376868875195,10481.923629224111,calibration,0.4536047619047619,0.049554464285714285,0.0,0.0
2025-03-31,C,37495.75743879116,0.0,7886.820714216392,2211.3425670417655,45382.57815300755,10284.918840545457,calibration,0.45265873015873015,0.05669087301587302,0.0,0.0
2025-04-01,C,38367.0663963815,0.0,9120.830628639422,3059.9011236186698,47487.897025020924,10163.723420132133,eval,0.4515280423280424,0.0719405753968254,0.0,0.0
2025-04-02,C,38452.92391908032,0.0,14635.710714491239,3477.5838571535155,53088.63463357156,10707.78860653438,eval,0.45426084656084664,0.06762728174603175,0.0,0.0
2025-04-03,C,40056.251940271264,0.0,425.6954413053651,115.2044195360491,40481.94738157663,10554.6688443792,eval,0.4561820105820106,0.06061577380952383,0.0,0.0
2025-04-04,C,11043.940814939324,0.0,0.0,0.0,11043.940814939324,10094.210191298407,eval,0.45736878306878304,0.14913710317460319,0.0,0.0
2025-04-05,C,11847.262171686169,0.0,2284.127556837528,950.906067295225,14131.389728523696,9772.510335262446,eval,0.4554814814814816,0.1311729166666667,0.0,0.0
2025-04-06,C,38807.101559212955,0.0,110.63100558785645,45.55251371321003,38917.73256480081,10293.294311526804,eval,0.45346243386243396,0.04986498015873016,0.0,0.0
2025-04-07,C,37051.72333191605,0.0,1751.3141581485695,540.4095287167936,38803.03749006462,10508.173919673474,eval,0.4558476190476191,0.05191001984126983,0.0,0.0
2025-04-08,C,36473.7535409862,0.0,2376.809763405165,524.149517169361,38850.56330439137,9994.804132733832,eval,0.45664920634920636,0.050626984126984124,0.0,0.0
2025-04-09,C,38650.39439048829,0.0,8911.296893646595,2554.8008658028093,47561.69128413488,10511.607441913377,eval,0.4555074074074074,0.06723720238095238,0.0,0.0
2025-04-10,C,36559.63200864873,0.0,839.1212067833861,227.90042552440855,37398.753215432116,10105.313115976882,eval,0.45338412698412706,0.05992212301587301,0.0,0.0
2025-04-11,C,11092.588249671011,0.0,76.52512988672028,39.13399739521668,11169.113379557732,10035.334573082111,eval,0.4523375661375661,0.15134126984126983,0.0,0.0
2025-04-12,C,11647.27188059285,0.0,0.0,0.0,11647.27188059285,10617.097606586784,eval,0.45481058201058205,0.13979117063492064,0.0,0.0
2025-04-13,C,35066.52765161279,0.0,1719.5177893371851,565.8231615416905,36786.04544094998,9948.443264192003,eval,0.45294973544973555,0.059799702380952384,0.0,0.0
2025-04-14,C,36277.681708267875,0.0,682.4565550141303,242.51173110577446,36960.138263282,10629.667152811038,eval,0.45337301587301587,0.05116130952380953,0.0,0.0
2025-04-15,C,35907.690881168506,0.0,2863.284976490448,907.0489196725557,38770.97585765895,10800.0,eval,0.4556465608465607,0.04900436507936509,0.0,0.0
2025-04-16,C,35236.27341934822,0.0,3423.465716827548,1080.1555881384368,38659.73913617576,10057.15017503699,eval,0.4550328042328041,0.06689652777777777,0.0,0.0
2025-04-17,C,34696.31037326902,0.0,205.7943206160641,61.26753011776282,34902.104693885085,10141.916324470034,eval,0.4568486772486773,0.05517619047619049,0.0,0.0
2025-04-18,C,10490.212573390636,0.0,1265.2178342816314,625.5154276296861,11755.430407672267,10800.0,eval,0.45714232804232807,0.13584444444444443,0.0,0.0
2025-04-19,C,10402.622010949846,0.0,0.0,0.0,10402.622010949846,10033.658850821628,eval,0.4573312169312169,0.13859573412698412,0.0,0.0
2025-04-20,C,34274.17791949237,0.0,1612.122945413946,316.01770186458293,35886.30086490632,10175.055160763715,eval,0.4606984126984128,0.053529960317460316,0.0,0.0
2025-04-21,C,34167.45511983895,0.0,0.0,0.0,34167.45511983895,9984.06863655047,eval,0.45873597883597883,0.04580932539682539,0.0,0.0
2025-04-22,C,34045.36529881655,0.0,4475.584893726829,1550.4676789080959,38520.95019254338,10415.933639724957,eval,0.4576507936507937,0.060242261904761896,0.0,0.0
2025-04-23,C,35475.66820120914,0.0,1541.6600388883414,484.7054558835532,37017.32824009748,10735.063083656538,eval,0.45945925925925923,0.05768124999999999,-1.8804448199699285e-13,-3.7843952001894815e-13
2025-04-24,C,33938.284850235264,0.0,1.561777374092799e-13,6.128431095930864e-14,33938.284850235264,10019.205203999025,eval,0.4612582010582011,0.0493328373015873,0.0,0.0
2025-04-25,C,10172.273266447579,0.0,0.0,0.0,10172.273266447579,10485.196630100347,eval,0.46247142857142853,0.15006011904761907,0.0,0.0
2025-04-26,C,10461.03907440674,0.0,2263.422259442255,834.018724910115,12724.461333848996,9856.13221373686,eval,0.4604343915343916,0.15092718253968254,0.0,0.0
2025-04-27,C,32914.488283330866,0.0,4743.205009879304,1035.007411091963,37657.69329321017,10294.576587274587,eval,0.4590957671957673,0.05493998015873017,0.0,0.0
2025-04-28,C,32564.083713589323,0.0,23283.404170242095,7468.0409971685785,55847.48788383142,9934.766351305905,eval,0.45826455026455026,0.08564384920634921,0.0,0.0
2025-04-29,C,32362.242960536358,0.0,4142.5840245407,1050.1036043069385,36504.82698507706,10364.97561188553,eval,0.45860052910052906,0.04940337301587302,0.0,0.0
2025-04-30,C,32775.102079410906,0.0,2098.12833471237,805.0307504856171,34873.230414123274,10681.95903056266,eval,0.45716137566137566,0.05083402777777778,0.0,0.0
2025-05-01,C,32871.74906129963,0.0,17129.252984843282,3127.9661100650446,50001.002046142916,9268.576331856106,eval,0.4539862433862434,0.07086815476190475,0.0,0.0
2025-05-02,C,10985.002451439648,0.0,18515.39221793699,5604.515188198565,29500.39466937664,9223.39832964496,eval,0.4527296296296297,0.09780684523809523,0.0,0.0
2025-05-03,C,11357.86652888597,0.0,11161.97564073529,2722.4500455422644,22519.84216962126,9532.378539482403,eval,0.455978306878307,0.12078948412698412,0.0,0.0
2025-05-04,C,34220.50760144327,0.0,9750.301182448704,1803.0173769762791,43970.808783891975,9108.116082603592,eval,0.4565640211640212,0.05533789682539682,0.0,0.0
2025-05-05,C,35372.190497231175,0.0,18472.656047685523,3691.58704502808,53844.8465449167,9301.697025773643,eval,0.45834021164021166,0.06813918650793653,0.0,0.0
2025-05-06,C,37103.51059083612,0.0,13606.916574084116,2497.8110901592445,50710.42716492024,8526.783627886054,eval,0.45842804232804224,0.06247103174603175,0.0,0.0
2025-05-07,C,36088.34659460761,0.0,7455.424237941627,2022.1732091812432,43543.770832549235,8344.575354428624,eval,0.4613322751322752,0.062067956349206366,0.0,0.0
2025-05-08,C,38252.39383831719,0.0,5671.490198789756,1790.1247562323497,43923.884037106945,8190.059712964848,eval,0.4637100529100529,0.0629389880952381,0.0,0.0
2025-05-09,C,12878.375570388305,0.0,0.0,0.0,12878.375570388305,9137.236034366606,eval,0.4640820105820106,0.13854603174603175,0.0,0.0
2025-05-10,C,14615.463714595695,0.0,564.3490433094635,201.04744323131771,15179.812757905158,8960.111948032214,eval,0.4621883597883598,0.12751894841269842,0.0,0.0
2025-05-11,C,38115.42258616224,0.0,402.7005722816996,113.20995225767255,38518.12315844394,7281.248300820946,eval,0.46208465608465604,0.061195833333333324,0.0,0.0
2025-05-12,C,38939.270028147184,0.0,1887.9130763239828,600.3426251447781,40827.183104471165,8136.499429411411,eval,0.46352222222222217,0.05152638888888889,0.0,0.0
2025-05-13,C,39859.97939813665,0.0,20.168050026949846,7.28351391366914,39880.1474481636,7752.4086437856495,eval,0.4644613756613757,0.058716666666666674,0.0,0.0
2025-05-14,C,37551.23606877303,0.0,195.8176850073209,61.327179770535835,37747.053753780354,7499.003878795734,eval,0.4616857142857144,0.04893948412698413,0.0,0.0
2025-05-15,C,38118.961066996635,0.0,474.5980357673035,119.22630310262667,38593.55910276394,7380.823270878055,eval,0.45981428571428573,0.05462807539682538,0.0,0.0
2025-05-16,C,10504.393787316503,0.0,90.99025350910098,54.69553823408012,10595.384040825604,4276.166789940361,eval,0.4595153439153439,0.15624176587301586,0.0,0.0
2025-05-17,C,12080.199409122337,0.0,4391.060265107125,1743.261784707728,16471.259674229463,4762.690215552669,eval,0.45778253968253957,0.12560763888888887,0.0,0.0
2025-05-18,C,35843.19462852235,0.0,4281.509737125338,1557.6158604025263,40124.70436564769,4805.408021364154,eval,0.45744920634920627,0.05614077380952382,0.0,0.0
2025-05-19,C,37295.784621141196,0.0,291.4102980858921,41.758300220089154,37587.19491922709,6153.289048078927,eval,0.4556920634920636,0.04694136904761906,0.0,0.0
2025-05-20,C,40791.31577079185,0.0,244.19601442351487,63.11605438705476,41035.51178521536,5476.7529152950965,eval,0.45464550264550263,0.06721289682539683,0.0,0.0
2025-05-21,C,37919.16660081921,0.0,0.0,0.0,37919.16660081921,7135.105400677586,eval,0.45527037037037027,0.05793978174603176,0.0,0.0
2025-05-22,C,33934.27186690831,0.0,912.0427712430937,141.241471190666,34846.31463815141,6066.016974967681,eval,0.457268253968254,0.05686339285714285,0.0,0.0
2025-05-23,C,13862.596900172088,0.0,8.950733941374462,6.2542842420999705,13871.547634113462,8778.475864329022,eval,0.45737830687830694,0.1360205357142857,0.0,0.0
2025-05-24,C,13124.2305755158,0.0,116.70299228936015,68.64454859511304,13240.93356780516,9510.373419425976,eval,0.46061111111111114,0.14165763888888888,0.0,0.0
2025-05-25,C,34393.62939592978,0.0,692.6268593808826,157.1592856367327,35086.25625531066,8688.759435697455,eval,0.46305661375661383,0.05378878968253967,0.0,0.0
2025-05-26,C,36106.19091358393,0.0,6973.187707065885,2118.1570438895506,43079.37862064982,8694.784745576628,eval,0.4629507936507937,0.06794087301587301,0.0,0.0
2025-05-27,C,35789.3584073222,0.0,0.0,0.0,35789.3584073222,9890.974853636386,eval,0.4636439153439153,0.05648501984126983,0.0,0.0
2025-05-28,C,35996.18227135902,0.0,4141.2112564367835,1234.6470893174983,40137.39352779581,9446.005074890358,eval,0.4635322751322751,0.06529027777777777,0.0,0.0
2025-05-29,C,34238.34208121423,0.0,11238.953423258665,3099.1996823472664,45477.295504472895,8036.729921353275,eval,0.46291746031746034,0.07312767857142857,0.0,0.0
2025-05-30,C,11791.747594970615,0.0,5140.75643733269,2084.414983404057,16932.504032303306,8657.670494862024,eval,0.46268571428571426,0.13248045634920633,0.0,0.0
2025-05-31,C,10917.195976752926,0.0,3697.028361190216,1786.921659593736,14614.224337943142,7423.325435310218,eval,0.46082857142857137,0.12931041666666665,0.0,0.0
2025-06-01,C,38787.548434919154,0.0,68583.93062719378,16075.44521936173,107371.47906211294,5118.399261696021,eval,0.4579656084656084,0.12338293650793651,0.0,0.0
2025-06-02,C,52649.82307415844,0.0,42012.95405680625,8520.63227787897,94662.77713096469,6070.00814611087,eval,0.4640201058201059,0.10458065476190476,0.0,0.0
2025-06-03,C,49208.10671064748,0.0,24314.88475545203,4381.345996641922,73522.99146609951,4012.1788584652663,eval,0.4677211640211639,0.09143849206349206,0.0,0.0
2025-06-04,C,48971.04351013241,0.0,15093.160224623158,4161.284407071412,64064.20373475557,4211.85558570144,eval,0.4732343915343915,0.08982579365079364,0.0,0.0
2025-06-05,C,49036.43622481832,0.0,19737.5644771227,4532.552445793293,68774.00070194103,3354.9574203664415,eval,0.47868888888888894,0.09041875000000002,0.0,0.0
2025-06-06,C,13384.833741900875,0.0,34039.27414483834,9930.756679959144,47424.10788673921,1202.8437658865375,eval,0.4831148148148148,0.09393392857142857,0.0,0.0
2025-06-07,C,15909.31237766405,0.0,19128.13062951566,5945.208104097554,35037.44300717971,2170.143011289335,eval,0.488226455026455,0.10546755952380953,0.0,0.0
2025-06-08,C,50914.264023115014,0.0,0.0,0.0,50914.264023115014,2307.274978126838,eval,0.4940502645502645,0.041805952380952374,0.0,0.0
2025-06-09,C,57194.46389015828,0.0,1084.3857916636393,365.44463021763556,58278.84968182192,3335.3434697403627,eval,0.49194285714285707,0.059196924603174605,0.0,0.0
2025-06-10,C,66870.88700731382,0.0,2654.007456261279,517.5930636682787,69524.8944635751,9430.363126448323,eval,0.49467671957671955,0.054851289682539675,0.0,0.0
2025-06-11,C,49397.87632088123,0.0,19661.514186197925,4076.240177194683,69059.39050707915,2564.8288517958754,eval,0.4949894179894179,0.07027430555555556,0.0,0.0
2025-06-12,C,55374.22464153057,0.0,0.0,0.0,55374.22464153057,3384.998285718245,eval,0.493605291005291,0.06014662698412698,0.0,0.0
2025-06-13,C,23073.07400588289,0.0,23.011766124844495,10.765738537938944,23096.085772007733,6885.5966897043545,eval,0.4940063492063491,0.12945714285714283,0.0,0.0
2025-06-14,C,21511.191890152884,0.0,0.0,0.0,21511.191890152884,6425.41025522324,eval,0.49208888888888885,0.133205753968254,0.0,0.0
2025-06-15,C,50691.812218386156,0.0,1954.729367411835,417.457405247549,52646.54158579799,3177.5650871850844,eval,0.491184656084656,0.05559444444444445,0.0,0.0
2025-06-16,C,54364.97273684867,0.0,0.0,0.0,54364.97273684867,3498.571634511021,eval,0.4913518518518519,0.05662182539682539,0.0,0.0
2025-06-17,C,59675.046887639466,0.0,262.5690196720222,51.12551325866008,59937.61590731149,2197.858485280666,eval,0.4900539682539682,0.060974305555555545,0.0,0.0
2025-06-18,C,55445.19402025241,0.0,0.0,0.0,55445.19402025241,3808.9126887394605,eval,0.4900798941798941,0.05118859126984127,0.0,0.0
2025-06-19,C,55980.46604178622,0.0,174.34346858810085,36.621038092661394,56154.80951037432,4432.0186268799125,eval,0.48885185185185176,0.045914384920634904,0.0,0.0
2025-06-20,C,16477.622401621265,0.0,0.0,0.0,16477.622401621265,2524.518499496013,eval,0.4883619047619047,0.14658918650793654,0.0,0.0
2025-06-21,C,17104.35397901405,0.0,67.98695818908476,37.21265714357639,17172.340937203135,3322.7681173669807,eval,0.48837142857142857,0.15586805555555555,0.0,0.0
2025-06-22,C,54321.08240533469,0.0,0.0,0.0,54321.08240533469,4403.391958569953,eval,0.4900412698412698,0.052723710317460336,0.0,0.0
2025-06-23,C,54137.4917624371,0.0,0.0,0.0,54137.4917624371,3984.9994347510374,eval,0.4902835978835978,0.051532738095238104,0.0,0.0
2025-06-24,C,51721.01004668327,0.0,29467.752642318334,6125.79888214848,81188.7626890016,2437.0767141106644,eval,0.4880671957671958,0.08572896825396824,0.0,0.0
2025-06-25,C,58431.06675761138,0.0,4489.820286466521,909.3052145834638,62920.8870440779,5887.462875602632,eval,0.48677460317460314,0.06070049603174605,0.0,0.0
2025-06-26,C,48052.088472658084,0.0,5921.3763291360265,1203.3231721494471,53973.46480179411,1597.1400340642358,eval,0.4849857142857144,0.05231666666666668,0.0,0.0
2025-06-27,C,15360.818054255647,0.0,360.3901960989771,156.4483500733244,15721.208250354624,1555.1632719683705,eval,0.4852132275132275,0.1529569444444444,0.0,0.0
2025-06-28,C,16653.045449286146,0.0,1560.104571261731,464.3710413607449,18213.150020547877,2499.431377765734,eval,0.48595238095238097,0.13287559523809525,0.0,0.0
2025-06-29,C,62514.4107552275,0.0,2335.0381301988964,579.7635153571075,64849.4488854264,9671.62431761754,eval,0.48521375661375665,0.06161785714285714,0.0,0.0
2025-06-30,C,61727.74289303808,0.0,0.0,0.0,61727.74289303808,9735.00376179965,eval,0.4843613756613756,0.05708224206349207,0.0,0.0
2025-07-01,C,52626.21390678445,0.0,29158.7304291419,6185.83237544935,81784.94433592635,1200.0,eval,0.4844359788359787,0.13195694444444445,0.0,0.0
2025-07-02,C,83794.43296008089,0.0,469.87381449100326,177.0873012667904,84264.30677457189,10800.0,eval,0.4933005291005291,0.11039176587301588,0.0,0.0
2025-07-03,C,66513.97997646494,0.0,304.0619580742999,36.63417516997106,66818.04193453923,3684.9380307354645,eval,0.5060111111111111,0.12684484126984127,0.0,0.0
2025-07-04,C,24442.67743184998,0.0,5346.283814672046,2412.707524728752,29788.961246522027,3475.6998169208314,eval,0.5153592592592592,0.11194771825396825,0.0,0.0
2025-07-05,C,22999.425776667824,0.0,5762.485715079599,1464.5020141222312,28761.91149174742,2540.198191612355,eval,0.5274714285714286,0.11839930555555557,0.0,0.0
2025-07-06,C,71532.17232511121,0.0,4770.97571800711,913.5208541927864,76303.14804311833,5665.714563624003,eval,0.5372047619047619,0.08999910714285714,0.0,0.0
2025-07-07,C,68142.38162356935,0.0,155.84796400940675,57.54736542321439,68298.22958757875,7441.351363793675,eval,0.5473555555555555,0.05812222222222222,0.0,0.0
2025-07-08,C,68379.7655656752,0.0,0.0,0.0,68379.7655656752,8113.638654040885,eval,0.5587777777777778,0.058243452380952396,0.0,0.0
2025-07-09,C,71218.86070323385,0.0,0.0,0.0,71218.86070323385,5288.63049304422,eval,0.5591915343915345,0.05439107142857144,0.0,0.0
2025-07-10,C,65198.88022354462,0.0,0.0,0.0,65198.88022354462,5437.752346973928,eval,0.5586772486772488,0.054364880952380935,0.0,0.0
2025-07-11,C,27605.485518664827,0.0,1703.5938243121204,928.4958141482807,29309.079342976947,4662.207677397625,eval,0.5597227513227513,0.12057708333333335,0.0,0.0
2025-07-12,C,29805.713531229754,0.0,0.0,0.0,29805.713531229754,5635.672076765544,eval,0.5568894179894179,0.13618839285714288,0.0,0.0
2025-07-13,C,55454.7242815512,0.0,292.2257773879088,75.15851687758521,55746.95005893911,2066.9554843119276,eval,0.5542185185185184,0.041224206349206344,0.0,0.0
2025-07-14,C,57778.50433755604,0.0,269.90653743866966,31.876653843911413,58048.41087499471,1938.8055295152571,eval,0.553584656084656,0.05352638888888888,0.0,0.0
2025-07-15,C,73215.2100678842,0.0,37.766903121266466,8.38053991373937,73252.97697100547,5303.790637073723,eval,0.5519074074074074,0.056671230158730164,0.0,0.0
2025-07-16,C,64112.460420416275,0.0,1059.7440359249445,260.3027210121332,65172.20445634122,2782.5589569423455,eval,0.5508962962962963,0.060499603174603185,0.0,0.0
2025-07-17,C,58196.80152485735,0.0,5791.678180481172,1155.3254043682152,63988.47970533852,1254.1787267666532,eval,0.5489566137566136,0.06076279761904762,0.0,0.0
2025-07-18,C,23274.388656659918,0.0,4601.172316785217,1775.5012480375256,27875.560973445135,1469.834533126128,eval,0.5480772486772486,0.12729186507936507,0.0,0.0
2025-07-19,C,28716.777745835174,0.0,117.25150141806952,63.34998233744512,28834.029247253242,4538.761481750737,eval,0.5443116402116402,0.14050218253968252,0.0,0.0
2025-07-20,C,55538.36854144352,0.0,3534.0867066211695,1020.5921871667019,59072.45524806469,2406.3256779966473,eval,0.54460582010582,0.052711309523809514,0.0,0.0
2025-07-21,C,67801.03772174258,0.0,3374.2703648870975,801.2475859959179,71175.30808662968,4878.753375548297,eval,0.5451343915343916,0.060835912698412695,0.0,0.0
2025-07-22,C,56859.87776650792,0.0,4035.2830105821085,958.638982242923,60895.16077709003,1949.8714398769825,eval,0.545147619047619,0.06037936507936507,0.0,0.0
2025-07-23,C,60817.64727536324,0.0,7202.5901886595175,1611.9185806457276,68020.23746402276,2183.8001507495446,eval,0.5449640211640212,0.05883283730158731,0.0,0.0
2025-07-24,C,65038.59116419688,0.0,4644.494101784923,1040.602588442296,69683.0852659818,2771.076039235386,eval,0.5448121693121694,0.06357916666666667,0.0,0.0
2025-07-25,C,27333.739900668297,0.0,7.79181164034526e-14,2.842170943040401e-14,27333.739900668297,4365.837778123351,eval,0.5435994708994709,0.1443975198412698,0.0,0.0
2025-07-26,C,25000.800923742623,0.0,42.379210564102785,17.55923371207905,25043.180134306727,3333.0218489862777,eval,0.5449671957671959,0.13273253968253967,0.0,0.0
2025-07-27,C,63793.94270693053,0.0,9523.752102975228,2010.775096401994,73317.69480990576,4401.450883962386,eval,0.5453116402116402,0.05910079365079368,0.0,0.0
2025-07-28,C,56514.390742490796,0.0,19408.420256809884,4676.631439861337,75922.81099930068,1403.7326529405887,eval,0.5448328042328042,0.07113144841269842,0.0,0.0
2025-07-29,C,70314.16621115696,0.0,3898.0513692118875,711.3431707680627,74212.21758036884,5245.711920436956,eval,0.5418460317460319,0.06545148809523808,0.0,0.0
2025-07-30,C,57015.62675963925,0.0,5720.812799021125,1225.1294032560456,62736.43955866038,1609.91535353194,eval,0.5421238095238096,0.060412301587301584,0.0,0.0
2025-07-31,C,58373.03788791513,0.0,5600.67942574279,1378.268809269754,63973.71731365792,1374.6880547106514,eval,0.54485291005291,0.06224007936507936,0.0,0.0
2025-08-01,C,25742.603635072184,0.0,416.6480739689106,195.1968789094396,26159.251709041095,4262.094963207909,eval,0.5448312169312168,0.15951646825396829,0.0,0.0
2025-08-02,C,22211.47971504773,0.0,0.0,0.0,22211.47971504773,3162.730940591944,eval,0.5471201058201057,0.1623127976190476,0.0,0.0
2025-08-03,C,54940.385424454355,0.0,1965.0433460093964,309.35743441491445,56905.42877046375,1957.135039064838,eval,0.5456243386243386,0.038464781746031754,0.0,0.0
2025-08-04,C,56078.16343022783,0.0,182.78892938901836,30.33262013296047,56260.95235961685,2992.9610484031373,eval,0.5430841269841269,0.04194801587301587,0.0,0.0
2025-08-05,C,54691.236942179035,0.0,236.7613903148404,81.33023549147981,54927.99833249387,2489.05939875123,eval,0.5429597883597884,0.04200029761904763,0.0,0.0
2025-08-06,C,53197.01445863019,0.0,12960.261856522447,3050.2376899346464,66157.27631515265,2234.7855802571303,eval,0.5435121693121694,0.05984315476190478,0.0,0.0
2025-08-07,C,53635.153994440254,0.0,2725.1917970435516,773.0179838953102,56360.34579148381,3290.0377796781486,eval,0.5399597883597883,0.04719950396825397,0.0,0.0
2025-08-08,C,22813.72198217533,0.0,1027.0859998411524,325.8321847537761,23840.807982016486,4143.964354191719,eval,0.539568253968254,0.15493184523809525,0.0,0.0
2025-08-09,C,21352.251318613067,0.0,1086.089089748707,398.9886797595473,22438.340408361775,2275.977044446724,eval,0.5350746031746032,0.13665803571428572,0.0,0.0
2025-08-10,C,54571.168669320185,0.0,2784.147833638158,674.0487762270584,57355.31650295834,2867.098667268817,eval,0.5341761904761904,0.06310555555555557,0.0,0.0
2025-08-11,C,52898.05809617645,0.0,3481.0783093738264,748.2220071807283,56379.13640555028,3205.525402065657,eval,0.5368137566137566,0.06005694444444444,0.0,0.0
2025-08-12,C,59134.917636315826,0.0,1561.0015567739918,257.6889035976301,60695.919193089816,3074.8869150461646,eval,0.534441798941799,0.07173214285714286,0.0,0.0
2025-08-13,C,50791.44023995628,0.0,5123.511707976157,1892.6997178908368,55914.95194793244,1918.455089999538,eval,0.5319222222222222,0.0647202380952381,0.0,0.0
2025-08-14,C,51630.319176360936,0.0,9238.342087259498,1899.9545525889112,60868.66126362044,1625.7080656746477,eval,0.5337687830687832,0.06522271825396825,0.0,0.0
2025-08-15,C,23524.270068516795,0.0,1096.2983329686251,381.6928295767069,24620.56840148542,3306.0956182664327,eval,0.5322592592592593,0.1402267857142857,0.0,0.0
2025-08-16,C,21484.093774281177,0.0,58.11678450210761,21.386361707472023,21542.210558783285,1532.0652342425274,eval,0.5321359788359789,0.1459686507936508,0.0,0.0
2025-08-17,C,56999.1307594634,0.0,2173.131872573249,614.0462430547504,59172.26263203665,3641.61570433349,eval,0.532784126984127,0.05481686507936509,0.0,0.0
2025-08-18,C,50013.74245607751,0.0,6240.131607264346,1398.6539350085343,56253.87406334186,1590.883998560326,eval,0.5283423280423281,0.059799702380952384,0.0,0.0
2025-08-19,C,51390.82691537314,0.0,3632.481187671015,969.255395124387,55023.30810304415,1654.2661816471825,eval,0.5330116402116403,0.053927380952380956,0.0,0.0
2025-08-20,C,63707.31083199982,0.0,12899.433486312866,2699.3517545475643,76606.74431831269,3291.877619711809,eval,0.534589947089947,0.07831785714285716,0.0,0.0
2025-08-21,C,50338.71139503279,0.0,6529.777777758164,2042.1163049662423,56868.489172790956,1374.9775978142275,eval,0.5333031746031747,0.05832400793650795,0.0,0.0
2025-08-22,C,27555.888201504586,0.0,2867.955298728555,596.7426466349914,30423.84350023314,3217.511994146517,eval,0.534010052910053,0.13174890873015874,0.0,0.0
2025-08-23,C,23551.22833197008,0.0,38.476731505897995,16.798398387207158,23589.70506347598,4455.300106950664,eval,0.5386126984126984,0.13412797619047623,0.0,0.0
2025-08-24,C,51772.77183636212,0.0,7660.357870351069,1735.7133452730673,59433.12970671319,3593.4427567759185,eval,0.5376772486772485,0.05130654761904762,0.0,0.0
2025-08-25,C,54147.631682654624,0.0,17482.72928572713,4496.246200649473,71630.36096838175,3856.8197525979735,eval,0.539321164021164,0.06873551587301588,0.0,0.0
2025-08-26,C,55781.03699094259,0.0,1555.1675053614251,347.21137584294866,57336.20449630402,3683.4103341724644,eval,0.5367968253968255,0.0552484126984127,0.0,0.0
2025-08-27,C,53304.781227545616,0.0,7457.441713260289,1471.053552996404,60762.22294080591,2545.6075370196486,eval,0.5329015873015873,0.06640932539682538,0.0,0.0
2025-08-28,C,53669.12811536866,0.0,13853.96704950578,3984.58031093307,67523.09516487444,2934.790241968202,eval,0.5276857142857142,0.07400505952380951,0.0,0.0
2025-08-29,C,26308.78724310921,0.0,2347.7318349976026,723.5093621919266,28656.519078106812,4410.72691463571,eval,0.5254931216931216,0.13391428571428574,0.0,0.0
2025-08-30,C,24086.191434573604,0.0,0.0,0.0,24086.191434573604,2825.580282292356,eval,0.5221100529100529,0.1447313492063492,0.0,0.0
2025-08-31,C,53798.83665577332,0.0,2173.134135685194,592.1379438515651,55971.97079145851,3720.0767607919493,eval,0.5222767195767196,0.05793521825396827,0.0,0.0
2025-09-01,C,50144.87929317546,0.0,0.0,0.0,50144.87929317546,6590.221333469946,eval,0.5190936507936508,0.0746608134920635,0.0,0.0
2025-09-02,C,44065.444838866795,0.0,2135.446420699732,536.8650907546521,46200.891259566524,5789.6511511725275,eval,0.5097936507936507,0.06440228174603176,0.0,0.0
2025-09-03,C,45931.77075073434,0.0,505.994733530438,116.05069910009604,46437.765484264775,3872.543514020501,eval,0.5022063492063492,0.056388194444444456,0.0,0.0
2025-09-04,C,37824.12680749677,0.0,9821.729941176414,2109.732210700529,47645.85674867318,3206.1579148209753,eval,0.49613544973544976,0.05663809523809524,0.0,0.0
2025-09-05,C,19148.24582989829,0.0,0.0,0.0,19148.24582989829,6947.527976335764,eval,0.4847788359788359,0.18270644841269842,0.0,0.0
2025-09-06,C,21379.379741187964,0.0,0.0,0.0,21379.379741187964,9952.62974290082,eval,0.4751486772486771,0.16088849206349207,0.0,0.0
2025-09-07,C,42961.925988167466,0.0,1.39010580824106e-13,5.684341886080802e-14,42961.925988167466,8600.977692285942,eval,0.46505132275132277,0.05513392857142856,0.0,0.0
2025-09-08,C,35587.71186667112,0.0,25952.090115431754,6548.496585558169,61539.80198210287,5482.25628930134,eval,0.4547777777777778,0.07713531746031747,0.0,0.0
2025-09-09,C,38524.30251068817,0.0,10495.217809107906,2240.8008528765113,49019.52031979607,3532.972824661667,eval,0.4537338624338624,0.05490009920634921,0.0,0.0
2025-09-10,C,40559.93125339656,0.0,21686.372816167255,5374.201149250341,62246.30406956381,2834.3225904602705,eval,0.45248624338624344,0.08075823412698412,0.0,0.0
2025-09-11,C,43921.609983069204,0.0,3282.2756989334302,689.5314113668885,47203.885682002634,6314.3511605419735,eval,0.4536740740740741,0.05342291666666665,0.0,0.0
2025-09-12,C,15417.42007220471,0.0,1570.45537122869,505.351045778799,16987.8754434334,7034.449882699975,eval,0.4556820105820106,0.13119454365079364,0.0,0.0
2025-09-13,C,18419.95961032779,0.0,0.0,0.0,18419.95961032779,8511.824120358704,eval,0.4548952380952382,0.1423347222222222,0.0,0.0
2025-09-14,C,39239.2033211002,0.0,12622.579707751656,3317.8390040376007,51861.78302885185,5008.772947307539,eval,0.45539894179894175,0.06920803571428571,0.0,0.0
2025-09-15,C,42608.960845139416,0.0,3228.193336168568,843.967238390713,45837.15418130798,5853.479511430882,eval,0.4588497354497355,0.053628869047619064,0.0,0.0
2025-09-16,C,41692.991656149374,0.0,5502.433494034896,1782.0841637094352,47195.42515018427,4932.031551922054,eval,0.4610449735449734,0.07089543650793652,0.0,0.0
2025-09-17,C,43079.231011345284,0.0,6574.327807686299,1613.592699808747,49653.55881903158,5026.340862699915,eval,0.4610513227513227,0.06790843253968254,0.0,0.0
2025-09-18,C,45982.665893511185,0.0,2882.2099552795726,599.6871654945758,48864.875848790754,6915.0795905078585,eval,0.4600402116402116,0.0625863095238095,0.0,0.0
2025-09-19,C,14795.440443620106,0.0,1701.702327391494,567.4944700381917,16497.1427710116,5471.8830448642875,eval,0.4592555555555555,0.12201220238095238,0.0,0.0
2025-09-20,C,15021.028081073453,0.0,2170.2024482313027,677.1686174361236,17191.230529304754,4689.418061648647,eval,0.4596407407407407,0.13063968253968256,0.0,0.0
2025-09-21,C,50153.15664952952,0.0,799.4140644568871,228.1210403618033,50952.57071398641,6696.740004308603,eval,0.45711111111111113,0.0577920634920635,0.0,0.0
2025-09-22,C,42831.253209623304,0.0,3584.8413007352597,824.4367453528241,46416.09451035856,3679.712695145271,eval,0.45738201058201056,0.06337777777777778,0.0,0.0
2025-09-23,C,43617.33232932054,0.0,10107.231065786433,2752.6625766235857,53724.563395106976,5331.447748048602,eval,0.45644285714285715,0.06235724206349205,0.0,0.0
2025-09-24,C,44805.69838793277,0.0,5153.918223512423,1344.7881621044428,49959.61661144519,6229.200750499407,eval,0.45619894179894177,0.05537301587301589,0.0,0.0
2025-09-25,C,42444.79637032394,0.0,953.6837458808722,201.32929069311842,43398.48011620481,5139.65020095876,eval,0.45510264550264545,0.05815853174603176,0.0,0.0
2025-09-26,C,14514.927423679403,0.0,1115.6939604326217,468.64017126285484,15630.621384112024,5330.861954135598,eval,0.4564396825396825,0.1317858134920635,0.0,0.0
2025-09-27,C,16861.202594701906,0.0,5854.753157671638,1724.1663891108444,22715.955752373546,5493.433378009885,eval,0.4554481481481481,0.12588640873015872,0.0,0.0
2025-09-28,C,50989.09652718337,0.0,5013.137886863477,1004.4543818421212,56002.23441404685,6475.032971331563,eval,0.4580169312169314,0.06590555555555555,0.0,0.0
2025-09-29,C,48819.70541595257,0.0,3144.737157092138,678.607616483484,51964.44257304471,5353.939175796696,eval,0.45696719576719586,0.06140644841269841,0.0,0.0
2025-09-30,C,42930.20781399365,0.0,12657.81299515082,3626.0439197557525,55588.020809144466,2937.773029033016,eval,0.45684920634920634,0.06992966269841269,0.0,0.0
2025-10-01,C,46283.95178406504,0.0,111.59548822035835,38.502005765693525,46395.547272285396,6473.30196659119,eval,0.45616772486772483,0.039295039682539695,0.0,0.0
2025-10-02,C,42888.83162357703,0.0,278.098080540931,100.9219337664374,43166.92970411797,7938.310061087372,eval,0.4568978835978835,0.032451984126984135,0.0,0.0
2025-10-03,C,13920.624268614261,0.0,0.0,0.0,13920.624268614261,9494.950897363638,eval,0.4547063492063491,0.16259980158730158,0.0,0.0
2025-10-04,C,14439.351380493783,0.0,510.1830224826042,155.63163843257252,14949.534402976387,10019.284713064975,eval,0.4541507936507936,0.13008789682539681,0.0,0.0
2025-10-05,C,41103.191586218396,0.0,0.0,0.0,41103.191586218396,10151.135336378695,eval,0.45254021164021163,0.04299374999999999,0.0,0.0
2025-10-06,C,45401.34617109879,0.0,0.0,0.0,45401.34617109879,9161.655177315437,eval,0.4534867724867725,0.06301359126984127,0.0,0.0
2025-10-07,C,41350.76579147784,0.0,5160.274659427401,999.4597481644148,46511.04045090524,9600.839887186363,eval,0.4544164021164021,0.06308789682539681,0.0,0.0
2025-10-08,C,36738.94763006685,0.0,9556.421416294634,2432.6333181326313,46295.36904636148,9556.122048318191,eval,0.4559920634920635,0.06135753968253969,0.0,0.0
2025-10-09,C,37809.06133912349,0.0,3261.544332102425,523.4674822797328,41070.605671225916,8090.25947718651,eval,0.4563306878306878,0.05656775793650794,0.0,0.0
2025-10-10,C,15661.289086611552,0.0,486.22361590346713,154.50255353608242,16147.51270251502,9801.16305158022,eval,0.45994656084656094,0.14748065476190475,0.0,0.0
2025-10-11,C,13151.071824625487,0.0,0.0,0.0,13151.071824625487,6666.319255998704,eval,0.46068095238095247,0.12280039682539684,0.0,0.0
2025-10-12,C,38216.368183560655,0.0,11631.63795082224,2794.454765483112,49848.00613438289,6711.827048293042,eval,0.461131216931217,0.06516180555555555,0.0,0.0
2025-10-13,C,38581.085959786535,0.0,5893.154675532015,1174.515868825571,44474.24063531855,5898.131524520287,eval,0.45852380952380956,0.05917490079365079,0.0,0.0
2025-10-14,C,46016.49631175093,0.0,8747.788726638144,1685.0634950340236,54764.28503838908,7768.004065219163,eval,0.4581238095238095,0.0689347222222222,0.0,0.0
2025-10-15,C,46235.67981516348,0.0,2193.4592618435836,444.2258081370911,48429.139077007065,8183.84629332836,eval,0.45811798941798937,0.06890605158730158,0.0,0.0
2025-10-16,C,45345.8684829273,0.0,13197.689565084886,2966.4610777315374,58543.558048012186,9359.201203880317,eval,0.45952380952380956,0.07472202380952381,0.0,0.0
2025-10-17,C,12481.833768910048,0.0,1502.3116538682475,640.8052317853985,13984.145422778296,5623.096180369125,eval,0.45673597883597883,0.12654365079365076,0.0,0.0
2025-10-18,C,14213.81094030313,0.0,3166.329800339068,1128.1614782469321,17380.140740642197,8444.278517613138,eval,0.45554232804232797,0.13748154761904763,0.0,0.0
2025-10-19,C,42677.62125833669,0.0,9931.515863823017,2244.8171742950017,52609.13712215971,5003.413551122001,eval,0.45466825396825394,0.07284196428571428,0.0,0.0
2025-10-20,C,46360.79561048785,0.0,7946.194924815093,1499.7191423164431,54306.99053530294,9203.704317135142,eval,0.4561402116402116,0.0666800595238095,0.0,0.0
2025-10-21,C,54384.6602018908,0.0,4786.90823003066,928.213631763267,59171.56843192146,7531.951190477367,eval,0.45551640211640204,0.07285813492063492,0.0,0.0
2025-10-22,C,45831.93981350228,0.0,13181.861259629572,2692.8452958854296,59013.80107313185,9420.861430893514,eval,0.45409947089947084,0.0655810515873016,0.0,0.0
2025-10-23,C,45863.5443099628,0.0,3062.6900238396574,596.4776293271839,48926.23433380246,10170.301352060986,eval,0.4519735449735449,0.05451259920634921,0.0,0.0
2025-10-24,C,15734.265965513492,0.0,4.0266456835524876e-14,1.4210854715202004e-14,15734.265965513492,6155.2453184253545,eval,0.4522888888888889,0.1347780753968254,0.0,0.0
2025-10-25,C,17699.378521902596,0.0,146.0918189343412,71.44884984311459,17845.47034083694,7959.843923856293,eval,0.4535936507936509,0.1342387896825397,0.0,0.0
2025-10-26,C,49487.610007485106,0.0,2.6994939616997724e-13,1.1368683772161603e-13,49487.610007485106,8500.313848147605,eval,0.4575264550264551,0.054311011904761904,0.0,0.0
2025-10-27,C,48632.400473520844,0.0,587.1577694311222,120.18034134089419,49219.55824295196,8754.037646572451,eval,0.4582296296296296,0.05427341269841269,0.0,0.0
2025-10-28,C,50067.17206742386,0.0,2688.145302664767,552.4995052266827,52755.317370088625,9798.991662976488,eval,0.4567074074074075,0.06113462301587301,0.0,0.0
2025-10-29,C,45424.36902392365,0.0,14310.804317256358,3093.755736434423,59735.17334118001,7003.365778110495,eval,0.45729100529100536,0.07460515873015873,0.0,0.0
2025-10-30,C,54850.97811013988,0.0,708.5841107415658,210.78093070749645,55559.562220881446,8394.13414990018,eval,0.4577687830687831,0.059820436507936524,0.0,0.0
2025-10-31,C,15044.70079671144,0.0,3726.658626605132,1225.0339789183142,18771.35942331657,9587.466648811089,eval,0.4585677248677248,0.11899275793650793,0.0,0.0
2025-11-01,C,14488.587186009863,0.0,1228.9442489840676,388.5253811615997,15717.53143499393,9618.018273130554,eval,0.45790529100529104,0.1355406746031746,0.0,0.0
2025-11-02,C,47991.29577257149,0.0,5052.695436344435,992.1409982251062,53043.99120891592,7430.589717030241,eval,0.4531619047619047,0.06255307539682538,0.0,0.0
2025-11-03,C,56408.58903819545,0.0,807.0936225561479,190.74179216198914,57215.6826607516,10249.01590130622,eval,0.4542603174603174,0.06735009920634921,0.0,0.0
2025-11-04,C,49532.961480250844,0.0,96.5700969235807,20.253476751973494,49629.53157717443,8419.722671912588,eval,0.45506296296296295,0.05603392857142859,0.0,0.0
2025-11-05,C,49394.20498193653,0.0,6289.403088423163,1415.1400216621582,55683.60807035969,8024.181356939458,eval,0.45361693121693125,0.06390059523809523,0.0,0.0
2025-11-06,C,52551.24130773025,0.0,11126.227287324513,2128.3236566838614,63677.46859505476,10052.253315330549,eval,0.45272222222222225,0.07077589285714286,0.0,0.0
2025-11-07,C,15521.290547544457,0.0,0.0,0.0,15521.290547544457,8604.601934796234,eval,0.45323703703703705,0.13492529761904762,0.0,0.0
2025-11-08,C,15596.863626422066,0.0,5.1514348342607263e-14,2.842170943040401e-14,15596.863626422066,9662.34566088969,eval,0.4548021164021163,0.13335863095238099,0.0,0.0
2025-11-09,C,50729.06432897094,0.0,8617.332488378923,1975.284437210479,59346.396817349865,9030.945710529271,eval,0.45530687830687827,0.06452291666666667,0.0,0.0
2025-11-10,C,51314.77376315327,0.0,13912.206328759716,2941.109787229897,65226.98009191299,8497.087466536148,eval,0.4539740740740741,0.07209702380952382,0.0,0.0
2025-11-11,C,51223.49381392861,0.0,1132.3248243118178,213.50640216195023,52355.818638240424,6776.900161776952,eval,0.45438835978835973,0.061847321428571425,0.0,0.0
2025-11-12,C,57572.660345309414,0.0,2653.013830556226,563.9004516209725,60225.67417586564,5850.795498016776,eval,0.456368783068783,0.059277876984126995,0.0,0.0
2025-11-13,C,55244.05383308689,0.0,5053.2740656963815,1019.598664157726,60297.32789878327,9114.823535585087,eval,0.4577253968253968,0.06280228174603177,0.0,0.0
2025-11-14,C,14705.431758784602,0.0,3440.708113290568,1078.8630116328984,18146.139872075168,8366.180700472982,eval,0.4585322751322752,0.12905803571428573,0.0,0.0
2025-11-15,C,16030.723140213802,0.0,369.8810451364852,80.6472041513145,16400.604185350287,8553.805050207411,eval,0.45841428571428566,0.13143134920634922,0.0,0.0
2025-11-16,C,60987.14515163041,0.0,3381.232160428592,646.6675137018316,64368.377312059,9163.231672500178,eval,0.4615349206349207,0.0635267857142857,0.0,0.0
2025-11-17,C,61467.27114829986,0.0,3296.2214379023485,643.3170432165965,64763.49258620221,9774.973534229368,eval,0.4606952380952381,0.05684841269841269,0.0,0.0
2025-11-18,C,56286.71222989827,0.0,83.60432895194447,15.391076758458112,56370.316558850216,8808.122273986519,eval,0.46103280423280424,0.06468005952380954,0.0,0.0
2025-11-19,C,55616.97447959979,0.0,4989.442249633997,951.3210215227317,60606.41672923379,7415.590303066864,eval,0.46063968253968257,0.06670198412698414,0.0,0.0
2025-11-20,C,61046.47597317809,0.0,116.50521331876124,23.87104805938199,61162.98118649685,8830.68704254373,eval,0.46346666666666664,0.05850625000000001,0.0,0.0
2025-11-21,C,15374.698099711844,0.0,282.92678656867014,87.21464692650319,15657.624886280515,8725.818999951385,eval,0.46209841269841256,0.13399265873015873,0.0,0.0
2025-11-22,C,15674.5491756972,0.0,1127.8900918755903,259.37478853215913,16802.43926757279,8639.447638674923,eval,0.46219735449735455,0.1311862103174603,0.0,0.0
2025-11-23,C,62013.35381405086,0.0,5494.102271281409,954.9130617864384,67507.45608533228,8647.15426706231,eval,0.45973544973544966,0.06318144841269842,0.0,0.0
2025-11-24,C,58392.10646512256,0.0,0.0,0.0,58392.10646512256,5881.457977239389,eval,0.4625015873015874,0.054399503968253965,0.0,0.0
2025-11-25,C,58125.64111518006,0.0,948.5734294942482,195.24499909530812,59074.2145446743,7395.524133634932,eval,0.4619539682539682,0.056656845238095235,0.0,0.0
2025-11-26,C,58625.29346011881,0.0,3063.6516932075037,621.0770518900276,61688.94515332631,7825.84523695085,eval,0.4626455026455026,0.06532896825396824,0.0,0.0
2025-11-27,C,61680.10479495954,0.0,177.19610536277523,42.78351072230055,61857.30090032231,9737.678662330452,eval,0.45713968253968246,0.062066666666666666,0.0,0.0
2025-11-28,C,15338.00802372423,0.0,466.5772265546046,93.10131229264783,15804.585250278833,7984.204708585402,eval,0.4560730158730159,0.13732946428571427,0.0,0.0
2025-11-29,C,15955.00680992322,0.0,9349.927061740465,3504.2778331271647,25304.933871663685,7618.135734303395,eval,0.4545058201058201,0.12166140873015872,0.0,0.0
2025-11-30,C,60943.00327712818,0.0,4626.6246064563875,893.245542447366,65569.62788358456,8731.73850096261,eval,0.45394126984126987,0.06886468253968255,0.0,0.0
2025-12-01,C,65239.77393033603,0.0,24392.855677908898,5299.038109022745,89632.62960824493,4609.846681248069,eval,0.4505227513227513,0.1323813492063492,0.0,0.0
2025-12-02,C,66856.45598044312,0.0,37061.940307692406,6857.367562811177,103918.39628813553,7058.110079549967,eval,0.4569164021164021,0.12814613095238092,0.0,0.0
2025-12-03,C,72311.92876428143,0.0,1491.2814457620025,221.3756290019195,73803.21021004343,9026.897446746634,eval,0.46221216931216935,0.11173720238095235,0.0,0.0
2025-12-04,C,72332.68545892571,0.0,4964.824939446615,757.2740668583758,77297.51039837232,10084.078586546904,eval,0.4702380952380953,0.0942796626984127,0.0,0.0
2025-12-05,C,19656.269039131595,0.0,8641.124099956418,2381.331475034299,28297.393139088013,9667.835335635764,eval,0.47731164021164024,0.10771666666666667,0.0,0.0
2025-12-06,C,20216.37449583187,0.0,12808.163179180328,3941.0825808449426,33024.5376750122,9426.415185313048,eval,0.4833714285714286,0.10884325396825396,0.0,0.0
2025-12-07,C,76430.92467045043,0.0,563.3885152709425,81.05147883132989,76994.31318572137,9775.141421543882,eval,0.4903153439153439,0.06802946428571427,0.0,0.0
2025-12-08,C,76808.9310971797,0.0,0.0,0.0,76808.9310971797,10800.0,eval,0.496173544973545,0.05379761904761906,0.0,0.0
2025-12-09,C,68965.26805514742,0.0,911.351876059877,123.86940567488,69876.6199312073,8800.810988151452,eval,0.496521164021164,0.05510982142857143,0.0,0.0
2025-12-10,C,73140.57430862286,0.0,0.0,0.0,73140.57430862286,9433.025260038341,eval,0.4952375661375661,0.06404900793650793,0.0,0.0
2025-12-11,C,76360.01088123902,0.0,0.0,0.0,76360.01088123902,10423.593412942377,eval,0.4942121693121693,0.04928015873015874,0.0,0.0
2025-12-12,C,24740.295291921386,0.0,0.0,0.0,24740.295291921386,8764.702898946427,eval,0.49145978835978843,0.13132857142857143,0.0,0.0
2025-12-13,C,24326.613335070724,0.0,129.3350783383811,42.29400861294347,24455.948413409104,7644.997329329689,eval,0.4895846560846561,0.12623511904761905,0.0,0.0
2025-12-14,C,77749.61495010491,0.0,2578.3500844899,387.6523773706492,80327.9650345948,10394.215462443426,eval,0.4907513227513227,0.06661597222222222,0.0,0.0
2025-12-15,C,80135.97569768378,0.0,2258.2540175157696,333.61123292157265,82394.22971519954,10581.854200151362,eval,0.4903571428571428,0.061336805555555554,0.0,0.0
2025-12-16,C,73937.89365662176,0.0,0.0,0.0,73937.89365662176,10306.014660304025,eval,0.48649470899470904,0.05366517857142857,0.0,0.0
2025-12-17,C,77552.43538832248,0.0,0.0,0.0,77552.43538832248,10153.979421033227,eval,0.4864359788359788,0.052521428571428566,0.0,0.0
2025-12-18,C,72850.50840425002,0.0,814.6274380778465,120.72131566061745,73665.13584232787,10798.526957639526,eval,0.48681428571428575,0.05642847222222221,0.0,0.0
2025-12-19,C,25176.27364520581,0.0,0.0,0.0,25176.27364520581,9731.175615736736,eval,0.48897142857142856,0.1354359126984127,0.0,0.0
2025-12-20,C,28425.878192030224,0.0,7.619593844765404e-14,1.9539925233402755e-14,28425.878192030224,10396.474818155837,eval,0.4908185185185184,0.14118660714285713,0.0,0.0
2025-12-21,C,80331.9906623856,0.0,0.0,0.0,80331.9906623856,10505.590613592165,eval,0.4902714285714285,0.05431170634920634,0.0,0.0
2025-12-22,C,73939.23214685582,0.0,0.0,0.0,73939.23214685582,9379.814270007213,eval,0.48987248677248674,0.06379097222222223,0.0,0.0
2025-12-23,C,80741.7029165517,0.0,41.34135519927426,15.427790588397443,80783.04427175097,10462.667771003134,eval,0.4938910052910052,0.05630486111111109,0.0,0.0
2025-12-24,C,78160.70584743752,0.0,2.1115909021318657e-13,2.842170943040401e-14,78160.70584743752,10262.931009342383,eval,0.4959301587301587,0.05388878968253969,0.0,0.0
2025-12-25,C,79066.54757392236,0.0,0.0,0.0,79066.54757392236,9125.059277170736,eval,0.4942253968253968,0.05970595238095236,0.0,0.0
2025-12-26,C,22328.173451117156,0.0,3265.41464488741,1020.2580594977587,25593.588096004565,10585.042911570818,eval,0.4937931216931216,0.13421190476190475,0.0,0.0
2025-12-27,C,30622.888915689226,0.0,0.0,0.0,30622.888915689226,9944.758435517533,eval,0.4959148148148149,0.1369892857142857,0.0,0.0
2025-12-28,C,70627.41161274696,0.0,0.0,0.0,70627.41161274696,8276.908675278924,eval,0.4923862433862433,0.05129265873015873,0.0,0.0
2025-12-29,C,73927.92179901831,0.0,522.2126789095992,205.3348327358483,74450.1344779279,10602.081134194312,eval,0.493610052910053,0.051714186507936515,0.0,0.0
2025-12-30,C,71970.29968271086,0.0,0.0,0.0,71970.29968271086,9004.459651104875,eval,0.49164021164021166,0.0504875,0.0,0.0
2025-12-31,C,73684.3157567677,0.0,3330.7809414956046,489.49321851030277,77015.0966982633,9725.797543254692,eval,0.4900629629629629,0.06042886904761905,0.0,0.0
