日期,模型,计划购电费,调整费,紧急购电费,紧急购电量,总费用,末SOC,阶段,v_term,价格预测MAE,计划紧急购电量,计划紧急购电费
2025-01-01,none,0.0,0.0,432888.7998430083,92035.17001666666,432888.7998430083,6000.0,init,0.0,0.0,0.0,0.0
2025-01-02,none,78170.43012215814,0.0,8275.773076712647,1762.897406172839,86446.20319887079,10654.339575,init,0.5328444444444443,0.038234027777777777,0.0,0.0
2025-01-03,none,56581.11496452577,0.0,0.0,0.0,56581.11496452577,10800.0,init,0.5308481481481482,0.18821631944444445,0.0,0.0
2025-01-04,none,22661.323636313762,0.0,10256.027960315616,4329.037468312753,32917.35159662938,10556.64123,init,0.4977197530864197,0.13456041666666665,0.0,0.0
2025-01-05,none,29536.489350514756,0.0,228072.2950401694,45835.00478168724,257608.78439068416,9185.410364999998,init,0.47875925925925933,0.09554913194444446,0.0,0.0
2025-01-06,none,74298.61283238907,0.0,15033.698396050035,2803.3008333333446,89332.31122843911,10718.956319999998,init,0.4920933333333334,0.08167111111111112,0.0,0.0
2025-01-07,none,70906.5168276184,0.0,28194.385342923048,5626.016156378631,99100.90217054145,10710.055154999998,init,0.4989623456790123,0.06666828703703703,0.0,0.0
2025-01-08,none,77447.28852588077,0.0,12975.88033045633,2668.5572840000004,90423.1688563371,10757.449425000003,init,0.500173015873016,0.04950793650793652,0.0,0.0
2025-01-09,none,70476.65945150494,0.0,18560.56496324509,3597.3916072017437,89037.22441475003,10747.30257,init,0.4981608465608466,0.05736785714285713,0.0,0.0
2025-01-10,none,58718.21292861934,0.0,1.6980550299194877e-13,2.842170943040401e-14,58718.21292861934,10800.0,init,0.4987703703703703,0.13991765873015874,0.0,0.0
2025-01-11,none,22238.07230175298,0.0,6568.441357321583,2396.1369342901494,28806.513659074564,10399.662464999998,init,0.4961656084656085,0.1352948412698413,0.0,0.0
2025-01-12,none,31141.352784053597,0.0,219755.18242861907,43195.16332751646,250896.53521267266,9087.386535,init,0.4964333333333332,0.06021696428571429,0.0,0.0
2025-01-13,none,73693.39580417331,0.0,9060.316324408323,1905.9447833333318,82753.71212858164,10597.352669999998,init,0.49465661375661374,0.05179861111111111,0.0,0.0
2025-01-14,none,71179.69803181337,0.0,15325.90431140828,2942.1849499999894,86505.60234322165,10640.392049999999,init,0.4953925925925925,0.054164980158730155,0.0,0.0
2025-01-15,none,68555.97584692828,0.0,25238.606408307838,5163.5823930041515,93794.58225523612,10753.904564999999,init,0.4971100529100528,0.05923402777777777,0.0,0.0
2025-01-16,none,70524.47407278704,0.0,16502.215085658572,2661.506051063793,87026.6891584456,10603.443857407407,init,0.497957671957672,0.05244037698412697,6.738667635593292e-13,2.2021178910778683e-12
2025-01-17,none,24273.232394435567,0.0,143.8163577293015,62.176568109957,24417.04875216487,10764.331679713387,init,0.4971534391534391,0.14103988095238093,7.73070496506989e-13,2.3578195396112273e-12
2025-01-18,none,25774.31049137314,0.0,410.72158280680685,104.88704316377056,26185.032074179948,10726.164395539892,init,0.499037037037037,0.14380089285714287,0.0,0.0
2025-01-19,none,69242.14039719502,0.0,11611.351705111623,2202.6687921729817,80853.49210230664,10181.274551310551,init,0.5005740740740742,0.05702936507936508,-7.105427357601002e-15,-3.8554759385078796e-14
2025-01-20,none,71182.01981667738,0.0,12589.032138963476,2579.9582832887786,83771.05195564085,10796.447357469144,init,0.501367724867725,0.05355873015873015,7.561505194300318,34.754468853138846
2025-01-21,none,69824.89059228316,0.0,0.0,0.0,69824.89059228316,10798.406760928856,init,0.5010121693121693,0.044362301587301596,7.846479179959687,38.54255346417729
2025-01-22,none,71704.78056103099,0.0,1295.1495247913297,214.14146265273183,72999.93008582231,9690.534658098883,init,0.5011037037037036,0.0640277777777778,174.8825526014004,706.4752823813291
2025-01-23,none,71481.52151021187,0.0,21730.39617589988,3979.3356001164457,93211.91768611174,10134.327980034446,init,0.5011021164021164,0.06664623015873015,2.424620835751193,5.451323174750052
2025-01-24,none,20005.54033802742,0.0,3925.0360465300555,1292.8668480218707,23930.576384557473,10500.49616459326,init,0.501778835978836,0.14937162698412695,18.631351707678146,55.88979817218065
2025-01-25,none,19744.14446625345,0.0,2138.053570447245,1122.705716587022,21882.198036700695,10502.769100765114,init,0.5026534391534392,0.15257132936507936,59.314276681253276,156.89881008601694
2025-01-26,none,76242.50892142065,0.0,0.0,0.0,76242.50892142065,10278.206658620642,init,0.49998359788359786,0.06394434523809525,57.20556801402142,221.39772751057166
2025-01-27,none,66301.80135784954,0.0,2447.5829637806937,604.1896118700998,68749.38432163023,10377.467150457855,init,0.49859841269841276,0.046439880952380955,75.01710845173284,291.9579335997932
2025-01-28,none,70066.20353529303,0.0,3117.271915051617,775.2428301614842,73183.47545034465,10258.786398690723,init,0.49627883597883604,0.058983531746031756,155.88208598102705,836.691730185565
2025-01-29,none,63015.05710349692,0.0,4016.407733222878,945.9618642788984,67031.4648367198,10710.813968225637,init,0.49819894179894175,0.0435561507936508,95.61807513952803,394.1257894282585
2025-01-30,none,63645.43878925358,0.0,5954.872302567748,1614.202182732883,69600.31109182134,10315.930867830077,init,0.49724074074074076,0.055001884920634916,188.17737282499465,718.4264080379943
2025-01-31,none,18882.973771472796,0.0,3495.1706087574507,1561.7658628048362,22378.144380230246,10574.882478499878,init,0.49715238095238096,0.1351202380952381,103.94614569683968,245.30584305353392
2025-02-01,none,19497.37773505713,0.0,72.41087270905889,41.049247567493694,19569.78860776619,10800.0,calibration,0.49730952380952387,0.1951779761904762,77.63543020659424,184.18441660611933
2025-02-02,none,63535.957605117335,0.0,0.0,0.0,63535.957605117335,10800.0,calibration,0.49425608465608467,0.057532539682539685,81.3475408264637,228.80036225223995
2025-02-03,none,66167.45988496087,0.0,1423.3888546207104,378.4099041926653,67590.84873958159,10718.19932524828,calibration,0.49102910052910054,0.05969831349206348,209.43403130594942,992.4219236966785
2025-02-04,none,70144.70237662617,0.0,0.0,0.0,70144.70237662617,10800.0,calibration,0.48829100529100533,0.05257599206349204,89.24866308216187,330.3933840448864
2025-02-05,none,61083.03284759362,0.0,7382.486648763819,1504.291955825785,68465.51949635743,10047.874187653255,calibration,0.48388835978835976,0.052722519841269834,117.78088379919777,517.4028757086262
2025-02-06,none,66110.38144437183,0.0,3878.14469518698,907.6632843609023,69988.5261395588,10065.371823453668,calibration,0.48334126984126985,0.05190386904761904,140.7566367561144,589.4331670980681
2025-02-07,none,18254.500267241623,0.0,1.0331291377951856e-13,5.684341886080802e-14,18254.500267241623,10133.174798135891,calibration,0.4790539682539683,0.1538861111111111,97.29324631564086,199.5339565666462
2025-02-08,none,14616.445444947456,0.0,7617.761488548842,2618.3653587787526,22234.206933496298,9774.683586357869,calibration,0.47338730158730163,0.1459512896825397,53.124665502723246,116.9426764460574
2025-02-09,none,61716.09791689245,0.0,1292.4700066357573,309.2947475891089,63008.56792352821,9548.806773600503,calibration,0.47297566137566144,0.058759722222222206,285.70195521619576,1055.6636372747437
2025-02-10,none,55249.00186025665,0.0,2380.201158727984,582.0418525210092,57629.203018984634,9809.572301559016,calibration,0.4722402116402117,0.03834414682539684,307.1596916506972,1163.8670419840032
2025-02-11,none,57419.69926434058,0.0,8242.955131136805,1583.6139242904646,65662.65439547738,9348.216413749087,calibration,0.4720507936507936,0.04770833333333334,110.40778477582174,439.47380436594904
2025-02-12,none,58530.22673609879,0.0,2363.482032625544,638.3181773218532,60893.70876872433,9991.199934024333,calibration,0.4733280423280424,0.04982857142857143,150.61256664160803,586.1064480054735
2025-02-13,none,53507.70401417992,0.0,1332.513172959749,445.81442099132727,54840.21718713967,10177.621701098387,calibration,0.4705460317460317,0.04360505952380952,265.7487653728917,933.5740236965939
2025-02-14,none,14663.260375447273,0.0,1657.338776785206,699.6553912197203,16320.599152232478,9775.04109077061,calibration,0.47089947089947093,0.14283492063492062,127.69827255518092,287.4088489648835
2025-02-15,none,15591.802055435968,0.0,2259.572127238557,747.128224529264,17851.374182674524,9722.07892637328,calibration,0.4718179894179894,0.13493888888888889,280.46407094811826,532.9510128224063
2025-02-16,none,59727.33401276857,0.0,3387.4061402030393,724.8455439064262,63114.740152971615,9989.70473129192,calibration,0.4736047619047618,0.06151706349206349,323.3441699050501,1183.4893264498805
2025-02-17,none,58055.88496852387,0.0,413.11479378004856,91.22665160218804,58468.999762303916,9981.42444119666,calibration,0.47256455026455013,0.051036805555555564,199.51283631734526,733.0706648299072
2025-02-18,none,50841.36836996929,0.0,7312.1182107070235,2217.80031943874,58153.48658067631,10128.403831121965,calibration,0.47414814814814815,0.05028849206349206,58.95960735527579,156.97870241399312
2025-02-19,none,50849.44476103382,0.0,9934.117290799777,2097.0095202741954,60783.56205183359,9563.63503904773,calibration,0.4713571428571428,0.05365218253968255,223.0886430931485,740.400202171567
2025-02-20,none,54834.4590016915,0.0,2100.1206104588427,618.4057569748358,56934.579612150344,10466.345615435532,calibration,0.47265978835978834,0.055220932539682556,154.16138491099795,583.1502358144508
2025-02-21,none,14617.895068630576,0.0,891.1551314597751,347.5493164987419,15509.05020009035,10025.300071302332,calibration,0.473063492063492,0.14571785714285715,41.99731619282232,87.19366926587671
2025-02-22,none,15270.404923983417,0.0,1145.0539918809586,350.92214665163465,16415.458915864376,10362.373355015114,calibration,0.47281587301587313,0.12959176587301588,84.40914813028964,201.3047460771644
2025-02-23,none,52724.88340176756,0.0,11460.04443273913,2086.5206787667285,64184.92783450669,9816.492379926945,calibration,0.4718915343915344,0.053621428571428584,258.3685922863777,1083.3675690423165
2025-02-24,none,50900.31693094553,0.0,5977.691808823239,2047.0425765746422,56878.008739768775,10045.75022406719,calibration,0.47184973544973535,0.04930882936507937,338.3806102387518,1135.6078101872831
2025-02-25,none,51423.50131638431,0.0,305.11676264450654,59.627637046298446,51728.61807902882,9913.05762234513,calibration,0.470436507936508,0.041781547619047614,129.73188858702494,388.40885935355016
2025-02-26,none,46997.23238595489,0.0,15214.127567170864,3976.4069566101803,62211.35995312576,10792.950955358747,calibration,0.47081111111111107,0.05066349206349207,55.17199282129419,159.51621201246195
2025-02-27,none,45580.375481343624,0.0,8892.18025267035,2939.610348867255,54472.55573401398,10257.509283970317,calibration,0.471189417989418,0.04860396825396824,389.2121229915249,991.3829114065796
2025-02-28,none,14068.069528998552,0.0,2700.97376249685,1211.4195190836185,16769.043291495404,10557.110890778595,calibration,0.47052751322751324,0.13722271825396823,35.640984556324995,69.19403592311288
2025-03-01,none,15482.269786400442,0.0,6.33712807925441,1.9846940429860354,15488.606914479697,10110.945749823088,calibration,0.4690243386243387,0.13950486111111113,96.92769324582085,133.35662394751273
2025-03-02,none,54977.541244510205,0.0,772.2799217236616,173.1044036726923,55749.821166233865,10542.772935528192,calibration,0.4657164021164021,0.06790456349206347,190.1300479093126,720.3175989503203
2025-03-03,none,56383.960633223716,0.0,996.6977766567625,204.77873294719564,57380.65840988048,9910.994624694793,calibration,0.4645825396825396,0.06589791666666667,97.12879132061988,305.24649353781547
2025-03-04,none,49553.34700514532,0.0,7841.392811178621,2353.856444770473,57394.73981632394,10093.566389198419,calibration,0.46330582010582017,0.05184285714285715,149.32360345837975,501.2056679129863
2025-03-05,none,48669.13380371833,0.0,2105.3439905961013,625.7691453162363,50774.47779431443,9936.62506550791,calibration,0.46334708994708995,0.04629742063492062,162.35120527104044,563.1170791294583
2025-03-06,none,44701.17413948341,0.0,14161.61494195613,3369.9086998632265,58862.789081439536,10221.198541435531,calibration,0.458679365079365,0.04774156746031746,467.45726878354634,1686.4630790810813
2025-03-07,none,13817.98857443557,0.0,0.0,0.0,13817.98857443557,10784.275843757208,calibration,0.45631587301587295,0.1406079365079365,111.28478509767729,226.68370969702656
2025-03-08,none,12839.571470772571,0.0,2835.528076089273,872.0409063844354,15675.099546861844,10800.0,calibration,0.4559460317460317,0.15116150793650796,34.317912164336256,89.39525749902475
2025-03-09,none,44638.40884434463,0.0,9529.186410946113,2178.4054284599556,54167.59525529074,10794.815343945045,calibration,0.45648359788359794,0.04534335317460317,253.00792375866257,707.1107242744183
2025-03-10,none,45650.24408261545,0.0,16462.875854480764,3902.991386106017,62113.11993709621,10191.830890006757,calibration,0.45693015873015874,0.06240009920634922,39.82496581197001,101.49521229365163
2025-03-11,none,39287.96866416959,0.0,28549.15437401639,8257.399502016055,67837.12303818598,10193.513768394245,calibration,0.4566465608465608,0.05405089285714286,122.71935327760806,338.933104368568
2025-03-12,none,46415.628011818124,0.0,2483.3673621693633,809.3739860309579,48898.99537398749,10344.083850194656,calibration,0.45587671957671955,0.048841567460317474,371.08360661189874,1102.7480124575657
2025-03-13,none,46815.992111441956,0.0,5505.514925405896,1524.8095231697139,52321.50703684785,9797.999719660256,calibration,0.4563804232804233,0.0678621031746032,165.54775206936864,417.1889212678473
2025-03-14,none,12724.101642930493,0.0,1166.611476642856,687.4986085199342,13890.71311957335,10568.381896723398,calibration,0.45648571428571433,0.14629573412698413,100.27399390155327,178.7111843100747
2025-03-15,none,12874.346186413988,0.0,1180.6218655104612,387.0424241081796,14054.96805192445,10165.242371656173,calibration,0.4549883597883598,0.13138422619047618,187.77789592818309,338.83035522324644
2025-03-16,none,43447.656676003826,0.0,11723.720476845594,3231.7009847534246,55171.37715284942,10052.134388547718,calibration,0.45557248677248685,0.0531282738095238,409.9021621249152,1232.979029129397
2025-03-17,none,40139.80459827949,0.0,1714.2615110197535,549.7856301721699,41854.06610929924,10155.499212594357,calibration,0.45470052910052905,0.03631359126984128,166.43087171989652,423.40810091164667
2025-03-18,none,48479.25310908896,0.0,0.0,0.0,48479.25310908896,10196.729245936955,calibration,0.45277989417989417,0.048267757936507935,237.0375079790344,588.8026377095209
2025-03-19,none,37216.78629910697,0.0,19650.843264235373,6244.480081521544,56867.62956334234,10356.48041780211,calibration,0.4518751322751323,0.04881170634920636,208.83838386577628,537.9470875612051
2025-03-20,none,43538.62663984483,0.0,14026.623656281172,3209.692009702897,57565.250296126,10013.778209564043,calibration,0.4522597883597884,0.056766964285714275,296.25241644136474,812.6516621121458
2025-03-21,none,12016.173130340645,0.0,3461.081868493411,1060.6841973833166,15477.254998834056,10403.069486028968,calibration,0.4530079365079365,0.1536701388888889,19.40842752548366,35.69306368033506
2025-03-22,none,13087.65163907507,0.0,1.5155741719215992,0.48228295049215575,13089.16721324699,10743.928522207489,calibration,0.45365873015873015,0.13372331349206348,40.90094612399464,78.10399904054293
2025-03-23,none,42797.845992605195,0.0,2305.644752071442,884.8467197934368,45103.49074467664,10650.538552567668,calibration,0.452205291005291,0.05060575396825398,52.64510209496014,153.31906192763526
2025-03-24,none,40012.59160766391,0.0,2606.4677053619266,1034.12385642142,42619.059313025835,10100.253918638715,calibration,0.45250634920634913,0.05461378968253968,141.6240509723009,328.69259028484305
2025-03-25,none,46197.346142774215,0.0,0.0,0.0,46197.346142774215,10066.696507801624,calibration,0.45285026455026456,0.0572953373015873,350.5831981959395,1218.4711413510504
2025-03-26,none,39232.33196729572,0.0,13393.214222419607,3614.0692248103637,52625.54618971533,10737.389678215295,calibration,0.45108095238095236,0.047057440476190475,154.18405991302956,342.8950680886536
2025-03-27,none,41508.69749575679,0.0,1388.300951323321,528.9746213242283,42896.99844708011,10468.767813883616,calibration,0.4509153439153438,0.05638541666666666,112.32248998989012,283.3701059369622
2025-03-28,none,12584.048722978354,0.0,321.06337671572396,165.11359049407247,12905.112099694077,10568.827065114066,calibration,0.449647619047619,0.13822063492063494,88.55888113224599,175.1018054166828
2025-03-29,none,11762.723872222265,0.0,596.7451172097145,189.9098723922965,12359.46898943198,9809.795881263022,calibration,0.450710582010582,0.15139275793650792,60.93678880610962,122.84939371319308
2025-03-30,none,39681.53045856438,0.0,726.2931265144459,209.65410909432916,40407.823585078826,10786.908723092165,calibration,0.4536047619047619,0.049554464285714285,330.49543203200346,848.3750446822498
2025-03-31,none,34649.17462209725,0.0,22200.714755350342,7114.478311388145,56849.88937744759,10510.639146743571,calibration,0.45265873015873015,0.05669087301587302,276.3855290190917,796.3567218698448
2025-04-01,none,44286.00030887703,0.0,397.4293051378677,92.1960162216775,44683.4296140149,10534.469876092495,eval,0.4515280423280424,0.0719405753968254,383.69356739219614,1185.4773626143597
2025-04-02,none,42125.38153939316,0.0,210.4182437479043,66.5406847755015,42335.79978314106,10701.764472645567,eval,0.45426084656084664,0.06762728174603175,135.16763383810581,346.4651859513528
2025-04-03,none,42846.31872124171,0.0,0.0,0.0,42846.31872124171,10630.987312394882,eval,0.4561820105820106,0.06061577380952383,608.9953931823686,1465.4836072290668
2025-04-04,none,10980.75642252614,0.0,1070.8012141278487,323.5267884753367,12051.557636653988,10119.201369121443,eval,0.45736878306878304,0.14913710317460319,37.4433261163731,77.69462798088696
2025-04-05,none,11698.394179442997,0.0,2761.5285850147097,1364.8588445454945,14459.922764457708,10182.39404850411,eval,0.4554814814814816,0.1311729166666667,103.55581721337049,198.97930303710274
2025-04-06,none,40058.93864994227,0.0,36.3305399988656,9.04082120165873,40095.26918994114,10276.688311115386,eval,0.45346243386243396,0.04986498015873016,174.9070231253785,502.01119045514406
2025-04-07,none,34498.98843120242,0.0,8334.444607258785,2482.445109399282,42833.43303846121,10735.327386024646,eval,0.4558476190476191,0.05191001984126983,99.94643854886405,222.30436056325257
2025-04-08,none,39504.84174400114,0.0,845.9022682957133,409.3690042810473,40350.744012296855,10159.37840091194,eval,0.45664920634920636,0.050626984126984124,731.0555981403321,2110.8499851297283
2025-04-09,none,38884.328483701145,0.0,13236.397745233198,4100.939069085266,52120.72622893434,10680.570338378693,eval,0.4555074074074074,0.06723720238095238,247.09901727742437,688.57040092273
2025-04-10,none,38740.49468253284,0.0,20.449596122427245,7.398551419112607,38760.94427865526,10465.01270094372,eval,0.45338412698412706,0.05992212301587301,575.3514676371782,1564.4540775411874
2025-04-11,none,10719.849549550974,0.0,2519.112384201463,783.8668387596642,13238.961933752438,10175.128796610883,eval,0.4523375661375661,0.15134126984126983,50.62080502922673,96.03040178521294
2025-04-12,none,11663.394372516976,0.0,134.01036188005807,46.103566030695454,11797.404734397034,10565.275728611154,eval,0.45481058201058205,0.13979117063492064,34.311975177067055,63.01693189278245
2025-04-13,none,35116.67821473551,0.0,5351.501036849474,2034.9694765448312,40468.17925158499,10188.088919053676,eval,0.45294973544973555,0.059799702380952384,222.77477458695415,500.7700870446289
2025-04-14,none,38168.955780436474,0.0,1137.7249167150153,550.1607122672558,39306.68069715149,10659.911728407098,eval,0.45337301587301587,0.05116130952380953,433.8582555848995,1161.721731177324
2025-04-15,none,33070.541167794305,0.0,3465.5468466025113,1084.083810766264,36536.08801439682,10800.0,eval,0.4556465608465607,0.04900436507936509,259.376111236872,530.811054003297
2025-04-16,none,37039.16212073421,0.0,2106.7928903419925,646.4575470762462,39145.95501107621,10066.518369018133,eval,0.4550328042328041,0.06689652777777777,189.95154835689652,546.2870650878183
2025-04-17,none,34216.65655734438,0.0,14706.374897259493,4491.72841435253,48923.03145460387,10737.998387918315,eval,0.4568486772486773,0.05517619047619049,493.0763265268224,1051.7396608500833
2025-04-18,none,10295.441273427838,0.0,2774.3624267300675,1040.475522812118,13069.803700157905,10800.0,eval,0.45714232804232807,0.13584444444444443,65.11754098352314,124.21886669480823
2025-04-19,none,10431.118888302422,0.0,270.3880676707255,143.32789168869624,10701.506955973147,10158.193740907996,eval,0.4573312169312169,0.13859573412698412,89.85497072506519,184.44791295027218
2025-04-20,none,34315.75320839828,0.0,11617.10669874994,3252.9555772615527,45932.85990714822,10427.3436038074,eval,0.4606984126984128,0.053529960317460316,40.8444640122996,105.61560021680513
2025-04-21,none,35036.468987871885,0.0,2313.0476339598863,999.9820510757634,37349.516621831775,10037.636960945603,eval,0.45873597883597883,0.04580932539682539,36.239304751998525,72.94998753483908
2025-04-22,none,32733.81764823545,0.0,12164.635136485747,4428.968285746207,44898.4527847212,10402.512856354317,eval,0.4576507936507937,0.060242261904761896,363.8937335984827,976.1242445293828
2025-04-23,none,31834.611313167214,0.0,14260.679232275204,4760.040394263946,46095.29054544242,10713.832976649588,eval,0.45945925925925923,0.05768124999999999,170.23523135910213,429.23385972190937
2025-04-24,none,31883.338748695176,0.0,3841.5898565662455,1845.6658412953707,35724.92860526142,10132.166213347666,eval,0.4612582010582011,0.0493328373015873,75.77133669320921,208.99971334271876
2025-04-25,none,9900.25470827946,0.0,1781.3611288153622,559.0473198370574,11681.615837094823,10437.642139885085,eval,0.46247142857142853,0.15006011904761907,53.43630067211776,149.04996350255834
2025-04-26,none,10489.926158695169,0.0,1533.1298080722618,522.6182839245722,12023.055966767432,10473.2001154286,eval,0.4604343915343916,0.15092718253968254,153.58564493601034,292.6845919535126
2025-04-27,none,31664.133144415668,0.0,10690.629282304684,2717.60933517338,42354.76242672035,10764.733968241944,eval,0.4590957671957673,0.05493998015873017,185.3654343743654,402.54958691298225
2025-04-28,none,37480.192346912496,0.0,6512.64060145464,2273.3541516442974,43992.83294836713,10583.920678926263,eval,0.45826455026455026,0.08564384920634921,239.60257509118273,736.7162989156844
2025-04-29,none,30949.029250090796,0.0,12748.715047086305,3832.0537796157964,43697.7442971771,10800.0,eval,0.45860052910052906,0.04940337301587302,176.59282664801057,354.7290013691098
2025-04-30,none,30523.78733885485,0.0,14903.067116979573,4777.442869977062,45426.85445583442,10693.857373229412,eval,0.45716137566137566,0.05083402777777778,224.0475580933478,548.0159765506281
2025-05-01,none,33168.766992281686,0.0,21377.53334531086,4383.797376852668,54546.30033759255,9128.606085672081,eval,0.4539862433862434,0.07086815476190475,204.80173041231882,432.0546351646506
2025-05-02,none,11945.792881434356,0.0,7187.725573413687,1960.3070017354207,19133.518454848043,9150.019864474578,eval,0.4527296296296297,0.09780684523809523,104.21359353820114,255.69521140557293
2025-05-03,none,11383.705770195898,0.0,6914.196489227928,1754.2803621268185,18297.902259423827,9323.260689363275,eval,0.455978306878307,0.12078948412698412,177.33520966497915,344.64840996694113
2025-05-04,none,35304.450245660075,0.0,8345.431686752596,1818.3518892982443,43649.88193241267,9108.116082603592,eval,0.4565640211640212,0.05533789682539682,70.2582661108587,196.29918348778438
2025-05-05,none,36467.46355584652,0.0,14085.990027205356,4392.978515745202,50553.45358305188,9301.697025773643,eval,0.45834021164021166,0.06813918650793653,120.54099807527686,253.6370817568355
2025-05-06,none,33275.20987582305,0.0,22341.916150633442,5133.8307466015885,55617.12602645649,8526.783627886054,eval,0.45842804232804224,0.06247103174603175,62.390241857914496,151.13462130235524
2025-05-07,none,37010.60957782144,0.0,13924.576106581371,4269.71114563764,50935.18568440281,8965.401396945641,eval,0.4613322751322752,0.062067956349206366,386.0244853078516,863.1265646728552
2025-05-08,none,37793.97029813675,0.0,6285.388783167853,2337.2635231137933,44079.3590813046,8053.975570729194,eval,0.4637100529100529,0.0629389880952381,579.470059707671,1499.4175024651122
2025-05-09,none,12964.688595746331,0.0,1518.0281509016647,480.17788197628397,14482.716746647995,9380.514647460877,eval,0.4640820105820106,0.13854603174603175,67.51801885823512,120.3888869821097
2025-05-10,none,13377.379651050296,0.0,1273.2514871818862,446.9010249950202,14650.631138232182,8942.837364050174,eval,0.4621883597883598,0.12751894841269842,131.71573661939482,511.19244789546667
2025-05-11,none,38125.722602007954,0.0,3435.32390373934,1164.240485905676,41561.0465057473,7760.022818825142,eval,0.46208465608465604,0.061195833333333324,421.1469021496834,1247.1731361203051
2025-05-12,none,34131.53766563753,0.0,12658.59827917106,4161.17759607267,46790.135944808586,8298.247089967175,eval,0.46352222222222217,0.05152638888888889,253.1923607067516,681.4437956260242
2025-05-13,none,38182.03190893259,0.0,1870.92623922101,532.2829768842239,40052.9581481536,7768.782125846941,eval,0.4644613756613757,0.058716666666666674,376.43155821427155,869.2169766661394
2025-05-14,none,36198.38627174661,0.0,13571.690289047445,4050.1926934369926,49770.076560794056,7368.136288702396,eval,0.4616857142857144,0.04893948412698413,769.7975389778925,1763.3542798653275
2025-05-15,none,37309.26138785269,0.0,16148.792629207057,5331.437323636776,53458.054017059745,8071.159120974124,eval,0.45981428571428573,0.05462807539682538,377.00106949497865,883.289534182932
2025-05-16,none,10642.312690336199,0.0,2550.457573228897,956.9902681928028,13192.770263565097,4614.696215514461,eval,0.4595153439153439,0.15624176587301586,54.64948880407853,88.69321042709376
2025-05-17,none,11886.413868930953,0.0,2290.9519407138114,763.3672594145639,14177.365809644765,5055.086698144167,eval,0.45778253968253957,0.12560763888888887,37.00878892560646,83.43837735007908
2025-05-18,none,37421.83036575193,0.0,5145.178827323469,2076.849133019925,42567.0091930754,4976.050816151164,eval,0.45744920634920627,0.05614077380952382,259.18230876169866,635.844898477256
2025-05-19,none,35563.938656164544,0.0,1487.2113493978072,766.379587328116,37051.150005562355,5944.562669935361,eval,0.4556920634920636,0.04694136904761906,335.45184898384684,697.8283725203049
2025-05-20,none,34067.41294160602,0.0,21209.631412206392,6875.194510164429,55277.04435381241,5889.751709731473,eval,0.45464550264550263,0.06721289682539683,775.2053864414281,2067.875857230541
2025-05-21,none,34580.46973158278,0.0,17415.64117944435,5740.008240906583,51996.11091102713,8154.29723667481,eval,0.45527037037037027,0.05793978174603176,91.69859005935734,246.57918154649633
2025-05-22,none,33922.73131958791,0.0,8494.236359663302,3384.5369084565327,42416.96767925121,6513.281283255267,eval,0.457268253968254,0.05686339285714285,180.93507351423153,463.90744929807715
2025-05-23,none,12156.208407341146,0.0,2374.4767615695037,791.9814617307039,14530.68516891065,8462.289564610594,eval,0.45737830687830694,0.1360205357142857,193.82846673308987,657.9969253859172
2025-05-24,none,12585.15470466337,0.0,2270.9460247120323,860.3214186847948,14856.100729375401,8910.389088371994,eval,0.46061111111111114,0.14165763888888888,158.8199369731366,460.40513522120045
2025-05-25,none,35631.220491310974,0.0,773.5719392806138,195.26458895196168,36404.79243059159,8880.273760239917,eval,0.46305661375661383,0.05378878968253967,466.65485147003085,994.3990289724358
2025-05-26,none,34065.25021427436,0.0,22169.698709375512,7042.409523350165,56234.94892364988,9725.343778763296,eval,0.4629507936507937,0.06794087301587301,105.83156243266235,369.20161799002614
2025-05-27,none,33573.0008593642,0.0,6709.9964763873595,2718.004639714493,40282.997335751556,9397.221722365004,eval,0.4636439153439153,0.05648501984126983,335.8253586896084,931.0792496572464
2025-05-28,none,36013.401646188584,0.0,3556.7259735219177,1451.5128961541477,39570.1276197105,9319.43468015948,eval,0.4635322751322751,0.06529027777777777,430.3429479605029,1145.3630976451798
2025-05-29,none,34381.73994993807,0.0,11952.056509266553,4391.612824708313,46333.79645920462,8448.507966020625,eval,0.46291746031746034,0.07312767857142857,297.2341364223099,664.2051960368494
2025-05-30,none,12288.707394220159,0.0,3276.500313185569,1023.9361170163795,15565.207707405727,9439.475803635365,eval,0.46268571428571426,0.13248045634920633,45.65260411863312,91.74730020713491
2025-05-31,none,11760.121748132873,0.0,737.3500882099597,245.70283431757093,12497.471836342833,7874.731960065309,eval,0.46082857142857137,0.12931041666666665,152.64636914447982,275.86586535023685
2025-06-01,none,51468.451320481196,0.0,19916.95944379474,3735.0103381091985,71385.41076427593,5118.399261696021,eval,0.4579656084656084,0.12338293650793651,174.80097889877737,533.3107039278113
2025-06-02,none,53466.31361000224,0.0,8443.70106841537,1924.0835338893196,61910.01467841761,5963.909230248931,eval,0.4640201058201059,0.10458065476190476,234.14300302806436,568.6120146930683
2025-06-03,none,46631.79208491124,0.0,12863.086846089438,2961.268349095367,59494.87893100068,4012.1788584652663,eval,0.4677211640211639,0.09143849206349206,449.1955253924413,1357.2983503526596
2025-06-04,none,59952.63698621192,0.0,2085.616817745333,817.1829868986689,62038.253803957254,4754.067467043646,eval,0.4732343915343915,0.08982579365079364,547.3725191444762,1621.0511515989406
2025-06-05,none,52516.78107047874,0.0,16586.57186379601,3664.1272107665095,69103.35293427475,3685.7560412684597,eval,0.47868888888888894,0.09041875000000002,132.33105412773833,416.443259067647
2025-06-06,none,15236.62948647281,0.0,14076.673930971361,3412.7624725794585,29313.30341744417,1202.8437658865375,eval,0.4831148148148148,0.09393392857142857,280.1732839645418,561.1050885922014
2025-06-07,none,19370.550049951085,0.0,9536.841434537766,2817.0793435665064,28907.39148448885,2170.143011289335,eval,0.488226455026455,0.10546755952380953,405.31560187916386,818.0116270661732
2025-06-08,none,49638.52818921114,0.0,8588.419869148905,2587.261108442573,58226.948058360045,2346.2745802956365,eval,0.4940502645502645,0.041805952380952374,144.86544557912663,384.7583672758477
2025-06-09,none,57310.48273553559,0.0,1333.8745265967887,537.8864962071638,58644.35726213238,4642.072578859032,eval,0.49194285714285707,0.059196924603174605,146.78579647242591,407.6163879954127
2025-06-10,none,53270.12201330461,0.0,11086.047038600835,3405.824355226944,64356.16905190544,4757.150439511202,eval,0.49467671957671955,0.054851289682539675,114.00309593762681,297.45385011249607
2025-06-11,none,54064.99762639709,0.0,18660.25083840466,5616.598240455169,72725.24846480176,3940.7999309382585,eval,0.4949894179894179,0.07027430555555556,446.91472654707013,1363.4529721840481
2025-06-12,none,54560.69014611195,0.0,9626.401733566998,2758.9359241106577,64187.09187967895,4443.95954247949,eval,0.493605291005291,0.06014662698412698,77.82106180499063,266.6994312418593
2025-06-13,none,21788.745528603675,0.0,1466.591256384559,818.5559394815532,23255.336784988234,6296.8855536280025,eval,0.4940063492063491,0.12945714285714283,59.28374753952039,132.22459914534244
2025-06-14,none,20530.815368456922,0.0,938.3037283365255,306.1408405720256,21469.11909679345,5301.11830818465,eval,0.49208888888888885,0.133205753968254,81.93346152732916,393.0700836070283
2025-06-15,none,48821.98654504292,0.0,23878.408863263892,7243.5875419775675,72700.39540830681,3173.0638884214195,eval,0.491184656084656,0.05559444444444445,220.0553845364318,617.2714499497937
2025-06-16,none,54070.154062593,0.0,23482.031397205537,5813.755238513917,77552.18545979854,4405.737468880733,eval,0.4913518518518519,0.05662182539682539,196.827251078954,553.2321629741858
2025-06-17,none,53646.82085058538,0.0,21050.548313673782,5031.874063906219,74697.36916425917,3356.933757588961,eval,0.4900539682539682,0.060974305555555545,347.9205872613952,1090.9243711321892
2025-06-18,none,53899.353324760654,0.0,10853.662659063031,3252.0578095235664,64753.01598382369,4337.373468603809,eval,0.4900798941798941,0.05118859126984127,909.9366616810181,3098.5046332007123
2025-06-19,none,51310.225188092634,0.0,3303.6306491786036,994.3876408430044,54613.855837271236,3310.5425884750025,eval,0.48885185185185176,0.045914384920634904,275.0482934223355,688.6630635098553
2025-06-20,none,17775.868088446456,0.0,1559.9829340393374,523.3920236626002,19335.851022485793,2962.0759107319036,eval,0.4883619047619047,0.14658918650793654,144.52476584375913,302.30051992205006
2025-06-21,none,17320.505636598362,0.0,3506.885722315822,1363.381134101075,20827.391358914185,3588.865825986737,eval,0.48837142857142857,0.15586805555555555,165.73980525609454,315.97349465999804
2025-06-22,none,48518.94302444734,0.0,9857.368374443395,2938.059803173306,58376.311398890735,3519.6668700048876,eval,0.4900412698412698,0.052723710317460336,203.9855446085259,672.029223131238
2025-06-23,none,51080.79591791574,0.0,7700.7867013503455,2455.9043689528835,58781.58261926609,3447.20495979655,eval,0.4902835978835978,0.051532738095238104,232.81735938842408,708.9361320897685
2025-06-24,none,59058.10195412752,0.0,15517.032933455775,3400.9450308335395,74575.13488758329,3112.470286195995,eval,0.4880671957671958,0.08572896825396824,844.7009586265445,3117.2224499878143
2025-06-25,none,51120.586776932745,0.0,9024.177221112424,2646.4271872129125,60144.76399804517,3243.6298152933514,eval,0.48677460317460314,0.06070049603174605,362.0392372154769,1150.8354553012944
2025-06-26,none,48529.61078511248,0.0,13037.816410428768,4263.467005852688,61567.427195541255,2099.6498965349997,eval,0.4849857142857144,0.05231666666666668,538.1942021279823,1570.2856095468806
2025-06-27,none,16631.40753042386,0.0,1386.3465592954633,702.957941918303,18017.754089719325,2161.4584916871463,eval,0.4852132275132275,0.1529569444444444,110.55798311669591,222.95327706315464
2025-06-28,none,17310.982661298753,0.0,3674.665806512159,1219.364447362951,20985.648467810912,3202.0695779882526,eval,0.48595238095238097,0.13287559523809525,93.66469114959756,203.4914623518691
2025-06-29,none,50263.13992264008,0.0,14925.27552727795,4102.705983718401,65188.41544991803,3548.5796080099612,eval,0.48521375661375665,0.06161785714285714,314.1384669997153,1106.7796398989187
2025-06-30,none,50892.4195581488,0.0,9741.716193560223,3025.5345821235114,60634.13575170902,4427.696818859946,eval,0.4843613756613756,0.05708224206349207,653.1970027851274,2064.200916685252
2025-07-01,none,47223.75379215245,0.0,65601.16101114855,17695.882353188426,112824.914803301,1200.0,eval,0.4844359788359787,0.13195694444444445,466.1288223552262,1527.842553026708
2025-07-02,none,61339.08281840832,0.0,10983.041000376426,4128.025534879953,72322.12381878475,5320.5413663527925,eval,0.4933005291005291,0.11039176587301588,128.0144661895437,451.9793928509372
2025-07-03,none,64435.23296167074,0.0,8297.845291357662,2477.129747527111,72733.0782530284,3661.441609081711,eval,0.5060111111111111,0.12684484126984127,499.74258619623015,1702.2835914780765
2025-07-04,none,21882.69744135542,0.0,12588.581304516028,4832.39110637135,34471.278745871445,2111.1653759296655,eval,0.5153592592592592,0.11194771825396825,182.0796610449964,899.4425465641121
2025-07-05,none,22826.301369291108,0.0,12275.731396602165,4903.692296521596,35102.03276589327,2743.9969200217156,eval,0.5274714285714286,0.11839930555555557,366.50204334392373,821.0007987431223
2025-07-06,none,65432.79863036076,0.0,29794.188910875237,7306.231001809284,95226.987541236,5700.139548312462,eval,0.5372047619047619,0.08999910714285714,1472.0218419890975,5461.961771306834
2025-07-07,none,65131.9075018882,0.0,11534.332245509819,2801.933538415823,76666.23974739802,7317.811968102022,eval,0.5473555555555555,0.05812222222222222,412.3105021496791,1118.9098906834104
2025-07-08,none,70835.20462267593,0.0,2589.1245249410285,603.0446974831376,73424.32914761695,8577.13477567488,eval,0.5587777777777778,0.058243452380952396,214.5259793422202,614.0430397763807
2025-07-09,none,62840.5562471196,0.0,0.0,0.0,62840.5562471196,4724.297000232813,eval,0.5591915343915345,0.05439107142857144,306.1445462631856,913.7424488551711
2025-07-10,none,62556.775684690154,0.0,13986.62367954963,3494.725218739778,76543.39936423978,4770.255127278509,eval,0.5586772486772488,0.054364880952380935,1161.1656828288785,3773.512971497722
2025-07-11,none,29211.278606808333,0.0,1058.1599896600778,326.64310708227316,30269.43859646841,4754.828412840234,eval,0.5597227513227513,0.12057708333333335,211.18923730787174,419.0583558745473
2025-07-12,none,28415.898268317404,0.0,1072.9774592668855,564.1743511078098,29488.875727584287,5114.933980574538,eval,0.5568894179894179,0.13618839285714288,159.65461250694838,549.662916843254
2025-07-13,none,60579.73370294832,0.0,4406.363375429607,1890.255644891753,64986.09707837793,2156.178247246701,eval,0.5542185185185184,0.041224206349206344,428.1159492222964,977.3917567811031
2025-07-14,none,56385.866479635464,0.0,5700.611504204006,1916.7686324840834,62086.47798383947,1983.1588388585249,eval,0.553584656084656,0.05352638888888888,173.20400503952465,451.8418034572831
2025-07-15,none,62583.84775623868,0.0,4289.367734973432,1284.707830555173,66873.21549121212,4348.328881117912,eval,0.5519074074074074,0.056671230158730164,150.64456484047716,669.6321114276285
2025-07-16,none,58202.56998326888,0.0,12177.754241027675,3808.088121511003,70380.32422429655,3075.9646395988775,eval,0.5508962962962963,0.060499603174603185,398.8292679702181,1113.5388019691286
2025-07-17,none,56034.04488173935,0.0,20052.112529015852,5216.533662590575,76086.1574107552,1485.4393035234461,eval,0.5489566137566136,0.06076279761904762,220.39143229484316,600.2212853551198
2025-07-18,none,24473.93037554924,0.0,3488.7036768500784,1283.910583662665,27962.63405239932,1968.1722870335725,eval,0.5480772486772486,0.12729186507936507,121.71329043584403,284.41916589480184
2025-07-19,none,26726.971454272403,0.0,2193.950407007159,698.9524758668736,28920.921861279563,3709.4480307534645,eval,0.5443116402116402,0.14050218253968252,323.2250968883355,1186.7485590717256
2025-07-20,none,57305.2451379023,0.0,12508.36741785806,3584.4635481499863,69813.61255576035,2424.533568394623,eval,0.54460582010582,0.052711309523809514,428.21508254169686,1349.8476910984707
2025-07-21,none,63224.8828999741,0.0,9718.91631459617,2793.952878296929,72943.79921457027,4472.775574387922,eval,0.5451343915343916,0.060835912698412695,1458.4260107416696,4754.348207915658
2025-07-22,none,57339.417283725365,0.0,17526.566374649257,4692.5845965048375,74865.98365837462,2652.651404127564,eval,0.545147619047619,0.06037936507936507,184.53650698486211,517.1004025951179
2025-07-23,none,65791.1624453596,0.0,92.50419422564954,43.04522765269871,65883.66663958525,2380.4593560564495,eval,0.5449640211640212,0.05883283730158731,79.9883985139713,193.18431621103596
2025-07-24,none,65814.83294533366,0.0,2853.9057387505836,977.7385512130272,68668.73868408425,3921.1742131855553,eval,0.5448121693121694,0.06357916666666667,841.0026366438008,2671.5946510883564
2025-07-25,none,23359.706148283876,0.0,1569.699718435453,656.7527413590329,24929.405866719328,3030.0202368342743,eval,0.5435994708994709,0.1443975198412698,229.26523160851767,953.0775769838922
2025-07-26,none,23881.990342099183,0.0,3455.010870873461,1056.3039768888584,27337.001212972646,2859.321161877332,eval,0.5449671957671959,0.13273253968253967,281.6424017863997,666.4350087991784
2025-07-27,none,59563.069389945806,0.0,8322.856413399184,2613.276918396277,67885.92580334499,3718.6440518901945,eval,0.5453116402116402,0.05910079365079368,441.63306890061995,1075.9730262727012
2025-07-28,none,59479.99738699066,0.0,21471.06746928449,4852.397668976422,80951.06485627516,1579.3202060222502,eval,0.5448328042328042,0.07113144841269842,99.88250911868515,280.4098793069053
2025-07-29,none,62314.190610543956,0.0,18814.59906167232,5115.445510509792,81128.78967221628,4514.176237608648,eval,0.5418460317460319,0.06545148809523808,503.9228864579476,1612.9883718270526
2025-07-30,none,52627.115482945526,0.0,35353.10196012995,10047.92364549399,87980.21744307547,1966.7831959957696,eval,0.5421238095238096,0.060412301587301584,120.10512171362686,291.1598967717803
2025-07-31,none,57336.154319307156,0.0,26410.858975325646,6234.202092390007,83747.01329463281,1630.0155207681921,eval,0.54485291005291,0.06224007936507936,393.33767793951586,1234.6640910192505
2025-08-01,none,23612.26245628487,0.0,2559.8194399545455,878.9810624205675,26172.081896239415,2999.3401380873506,eval,0.5448312169312168,0.15951646825396829,164.8391152326479,825.0764877630445
2025-08-02,none,23193.16389568038,0.0,1537.8590220175486,515.1832739539778,24731.02291769793,3476.6044307006787,eval,0.5471201058201057,0.1623127976190476,115.20049710644855,310.6228066370655
2025-08-03,none,48667.42366414111,0.0,18053.843805023058,4831.263404001758,66721.26746916417,1957.135039064838,eval,0.5456243386243386,0.038464781746031754,284.22988106955336,657.4157455846318
2025-08-04,none,53744.301522834015,0.0,13269.4559044408,3990.636726584704,67013.75742727482,3240.7403170296525,eval,0.5430841269841269,0.04194801587301587,307.2259559017245,710.9423693334257
2025-08-05,none,51228.78459895457,0.0,17420.71530940672,5647.059858790017,68649.4999083613,2819.919216227434,eval,0.5429597883597884,0.04200029761904763,309.86028664570847,808.3216017448008
2025-08-06,none,58236.6813869499,0.0,16376.94709059767,4122.248706310572,74613.62847754758,2380.979985313948,eval,0.5435121693121694,0.05984315476190478,195.67946969130224,488.46303377916485
2025-08-07,none,58221.33276675654,0.0,6497.066501677961,1825.6695479002135,64718.3992684345,3307.843505575999,eval,0.5399597883597883,0.04719950396825397,12.939078068936828,39.660568965345654
2025-08-08,none,22761.237624045338,0.0,1761.853444518154,540.911260894449,24523.09106856349,3572.2061300779487,eval,0.539568253968254,0.15493184523809525,93.26264130703179,418.6130150865623
2025-08-09,none,22379.879684941327,0.0,2057.248872951536,640.0441316183511,24437.128557892862,2655.465545808671,eval,0.5350746031746032,0.13665803571428572,40.45126574741947,92.8374350154644
2025-08-10,none,55509.44685701137,0.0,16726.88555348012,5018.106075154672,72236.33241049148,3560.468868438973,eval,0.5341761904761904,0.06310555555555557,647.5207307259964,1670.0398936536262
2025-08-11,none,49089.67764627325,0.0,11559.221303511029,3743.3219300927576,60648.898949784285,2516.9458504462796,eval,0.5368137566137566,0.06005694444444444,923.0732262763886,2649.4378595652797
2025-08-12,none,58046.84683515456,0.0,9089.494146429806,2737.352391388979,67136.34098158436,3581.070525132865,eval,0.534441798941799,0.07173214285714286,179.95572215042225,897.511291737045
2025-08-13,none,50288.14648539014,0.0,17330.787983747534,5291.063009968907,67618.93446913768,2179.3165176984367,eval,0.5319222222222222,0.0647202380952381,219.04868397841256,554.4312638902527
2025-08-14,none,53606.79508000456,0.0,16517.336519024233,4237.117764693589,70124.1315990288,1944.3194717305853,eval,0.5337687830687832,0.06522271825396825,319.18651517289067,753.6954997300643
2025-08-15,none,23097.515229253528,0.0,3409.72506274381,1009.6755335618741,26507.24029199734,2404.4552804064156,eval,0.5322592592592593,0.1402267857142857,211.99544330539734,794.3296454260976
2025-08-16,none,23698.186686878682,0.0,4014.417606315811,1273.2577048854416,27712.604293194494,1874.5812587514595,eval,0.5321359788359789,0.1459686507936508,80.75524333544656,172.14743093875018
2025-08-17,none,56253.70907756296,0.0,6732.5908720416555,1961.487060425972,62986.29994960462,3801.157093505166,eval,0.532784126984127,0.05481686507936509,369.8920210127863,854.2229554802536
2025-08-18,none,51868.00987111369,0.0,10537.504145244675,3387.3811983969044,62405.514016358364,1836.6556891482269,eval,0.5283423280423281,0.059799702380952384,149.5473423538994,338.5534625657854
2025-08-19,none,50940.778521985645,0.0,12334.713893703218,3934.897107523846,63275.49241568886,1534.8268811430105,eval,0.5330116402116403,0.053927380952380956,548.7408701722384,1466.1254006922
2025-08-20,none,60302.01356306855,0.0,14801.497984359023,3490.1872041180577,75103.51154742757,3896.8586951799093,eval,0.534589947089947,0.07831785714285716,194.16560793414942,640.6761852832126
2025-08-21,none,53044.72495121957,0.0,4308.583280427396,1585.1956758574102,57353.308231646966,1532.001926064399,eval,0.5333031746031747,0.05832400793650795,616.5614643961134,1618.7201816807024
2025-08-22,none,23648.939759265304,0.0,4913.9029891741275,1725.317790466571,28562.84274843943,2962.587633682057,eval,0.534010052910053,0.13174890873015874,835.6231066725098,2639.671990965922
2025-08-23,none,22889.504281048004,0.0,3856.972511296209,1278.787137018031,26746.476792344212,4409.554801236852,eval,0.5386126984126984,0.13412797619047623,306.7304796158415,845.8518725852642
2025-08-24,none,52867.83016178539,0.0,14645.008925888149,4018.1888033583728,67512.83908767354,3636.1529424657156,eval,0.5376772486772485,0.05130654761904762,206.80536393132107,559.4942756997036
2025-08-25,none,67488.09716680477,0.0,362.62567881346655,120.12507171535307,67850.72284561823,4196.857959294937,eval,0.539321164021164,0.06873551587301588,288.57822410303277,735.1509772319362
2025-08-26,none,52424.619423449236,0.0,14850.671618053238,4526.824232359933,67275.29104150247,3689.6086734388687,eval,0.5367968253968255,0.0552484126984127,185.88155888795,739.1375161118677
2025-08-27,none,53032.138829912496,0.0,12878.793990715507,4502.0776170424615,65910.932820628,3077.7109821906797,eval,0.5329015873015873,0.06640932539682538,300.6005697000504,884.5995959079986
2025-08-28,none,51666.72673294002,0.0,28342.23811437568,7424.091107002407,80008.9648473157,2651.7744042047584,eval,0.5276857142857142,0.07400505952380951,821.208094763337,2811.813225541625
2025-08-29,none,24390.117327452415,0.0,4097.121315839175,1255.4305333654183,28487.23864329159,3741.1350008195423,eval,0.5254931216931216,0.13391428571428574,238.8425306560235,774.456580277445
2025-08-30,none,22917.624925766147,0.0,1829.3265206135889,592.8302219305524,24746.951446379735,2634.3086143262162,eval,0.5221100529100529,0.1447313492063492,178.57997843038478,511.8301599578305
2025-08-31,none,53179.39029401043,0.0,19596.95481729507,5037.826091856416,72776.3451113055,3540.4518652573574,eval,0.5222767195767196,0.05793521825396827,561.0568275468711,1580.5378314524053
2025-09-01,none,51003.1366933901,0.0,0.0,0.0,51003.1366933901,6371.791609990194,eval,0.5190936507936508,0.0746608134920635,624.0070177009718,1724.6104944294698
2025-09-02,none,42512.92585704087,0.0,8195.09087186209,2231.3045163478632,50708.01672890296,5883.917895188002,eval,0.5097936507936507,0.06440228174603176,306.93097540486315,622.7965402043825
2025-09-03,none,39741.5103365976,0.0,6464.121890060913,2173.665939662757,46205.63222665852,4221.140457481139,eval,0.5022063492063492,0.056388194444444456,214.6432723262793,840.1742211918748
2025-09-04,none,40289.03513267156,0.0,15417.095956685775,3668.3258285913566,55706.13108935734,3152.0839033082675,eval,0.49613544973544976,0.05663809523809524,322.18939335136423,831.2292403788831
2025-09-05,none,18750.72581411793,0.0,2285.501338091652,853.7450193941693,21036.227152209583,6577.067099219201,eval,0.4847788359788359,0.18270644841269842,215.98331336114953,533.86168921391
2025-09-06,none,19870.404305201173,0.0,0.0,0.0,19870.404305201173,8781.332633449492,eval,0.4751486772486771,0.16088849206349207,143.86535631982548,373.63995103011143
2025-09-07,none,37919.97937239487,0.0,12601.43785594829,3383.7217440840104,50521.417228343154,7797.005060173302,eval,0.46505132275132277,0.05513392857142856,269.6297206363457,1036.3650480529645
2025-09-08,none,41195.68326553733,0.0,7064.255382975316,1706.5079823739568,48259.938648512645,5482.25628930134,eval,0.4547777777777778,0.07713531746031747,54.361438757633195,116.20784225396612
2025-09-09,none,36674.40158252609,0.0,21514.340525516775,5942.852721126717,58188.74210804286,3532.972824661667,eval,0.4537338624338624,0.05490009920634921,103.55709336030739,314.7999113756062
2025-09-10,none,43377.387795833536,0.0,10566.547636215553,2357.883634218519,53943.93543204909,2834.3225904602705,eval,0.45248624338624344,0.08075823412698412,361.44666524587194,889.1597465308639
2025-09-11,none,45021.45251679339,0.0,18840.655591552684,4313.052133503729,63862.108108346074,6476.064102460749,eval,0.4536740740740741,0.05342291666666665,277.1084280585459,585.8970485809414
2025-09-12,none,15990.508667068054,0.0,949.8103011453051,377.47601458043164,16940.31896821336,7005.039139363991,eval,0.4556820105820106,0.13119454365079364,70.09009383158991,160.5760355327776
2025-09-13,none,15232.255230921564,0.0,688.1642831439688,212.57108559373478,15920.419514065534,6496.366733840501,eval,0.4548952380952382,0.1423347222222222,329.89508692196125,1030.871009532873
2025-09-14,none,46052.00326613352,0.0,569.2986499402015,246.6466523337241,46621.301916073724,5142.456051222895,eval,0.45539894179894175,0.06920803571428571,182.54597273975136,415.1623289805666
2025-09-15,none,40446.44279408602,0.0,18577.11755761845,4632.4853975343185,59023.560351704466,6121.771436068003,eval,0.4588497354497355,0.053628869047619064,218.93055050393622,733.474110560531
2025-09-16,none,46887.81672421623,0.0,9229.854958726757,2157.681221498347,56117.671682942986,6301.240933270386,eval,0.4610449735449734,0.07089543650793652,282.07345759998003,675.481093833922
2025-09-17,none,44144.7174491826,0.0,16642.561165025923,5401.522124710965,60787.278614208524,5715.268820635325,eval,0.4610513227513227,0.06790843253968254,92.01898719989148,248.86408034775778
2025-09-18,none,41278.449605036716,0.0,21235.3479608305,6045.22969920835,62513.797565867215,7434.418687238815,eval,0.4600402116402116,0.0625863095238095,428.79825765060406,879.9231916228455
2025-09-19,none,14771.886979333434,0.0,1437.8980326960318,579.369586981639,16209.785012029466,5710.1498698529285,eval,0.4592555555555555,0.12201220238095238,57.6865894292355,129.12459696601223
2025-09-20,none,14700.401791465945,0.0,2064.9655384500165,687.1367647698941,16765.367329915964,5049.031537393022,eval,0.4596407407407407,0.13063968253968256,114.09528632839593,256.7985219471519
2025-09-21,none,44251.33640373669,0.0,5933.532700023519,1923.3567361842877,50184.86910376021,5185.837799655456,eval,0.45711111111111113,0.0577920634920635,609.2469411352383,1794.7660583545153
2025-09-22,none,46554.39308312883,0.0,11927.995757643712,3446.1435081601935,58482.388840772546,4211.393711114512,eval,0.45738201058201056,0.06337777777777778,477.69183664831905,1175.2985955932857
2025-09-23,none,46562.70272006823,0.0,10006.80874922793,3662.859679983124,56569.51146929616,5552.458325071559,eval,0.45644285714285715,0.06235724206349205,231.72968976790762,662.6615316857249
2025-09-24,none,41950.08275734178,0.0,21588.115986725028,6306.192291192436,63538.1987440668,5850.529391336659,eval,0.45619894179894177,0.05537301587301589,203.03769453768822,509.59065488584974
2025-09-25,none,42544.75364971845,0.0,6544.305763663699,2781.9174967408994,49089.05941338214,5171.021483356311,eval,0.45510264550264545,0.05815853174603176,218.01653894552268,556.6629226827381
2025-09-26,none,15042.28163727041,0.0,1066.6562647791209,360.1789113960949,16108.93790204953,5663.135860167629,eval,0.4564396825396825,0.1317858134920635,166.02885853712885,312.0692031607327
2025-09-27,none,15713.017936253334,0.0,6225.003088394011,2441.910603742897,21938.021024647343,5794.853457397477,eval,0.4554481481481481,0.12588640873015872,73.00993142089023,141.44423896832623
2025-09-28,none,46939.15072842293,0.0,14067.20931077437,3629.397665878938,61006.3600391973,7115.619969465655,eval,0.4580169312169314,0.06590555555555555,175.79445508777545,597.6836314579452
2025-09-29,none,45950.59102029407,0.0,14644.300464586797,3936.490585530041,60594.89148488087,4673.436550357768,eval,0.45696719576719586,0.06140644841269841,499.78358631346936,1329.656300804223
2025-09-30,none,46473.26602687386,0.0,28605.306478341954,7274.858988297389,75078.57250521582,3551.596596227449,eval,0.45684920634920634,0.06992966269841269,375.326418546416,881.9360913650929
2025-10-01,none,40742.090832294954,0.0,6499.909248236647,1290.9490402837323,47242.0000805316,6080.858930698425,eval,0.45616772486772483,0.039295039682539695,763.0908442890803,1734.499538101933
2025-10-02,none,44639.795470435856,0.0,2.599431595459023,1.1762133916104176,44642.394902031316,7501.354041619979,eval,0.4568978835978835,0.032451984126984135,160.96528783208396,469.0673610678922
2025-10-03,none,13433.196499821457,0.0,299.2988385046891,95.17030005392239,13732.495338326145,9433.325072789958,eval,0.4547063492063491,0.16259980158730158,70.71200405075476,130.25582962245886
2025-10-04,none,14930.358129050464,0.0,55.71623058896558,16.070444357936424,14986.07435963943,10209.284215165837,eval,0.4541507936507936,0.13008789682539681,119.44693928303295,231.0724016165362
2025-10-05,none,41592.853384616625,0.0,0.0,0.0,41592.853384616625,10212.601272298776,eval,0.45254021164021163,0.04299374999999999,331.57333067424554,813.3525259532664
2025-10-06,none,38868.305676748394,0.0,14322.12063426762,4354.766070465221,53190.42631101601,9569.589274279262,eval,0.4534867724867725,0.06301359126984127,127.34496854776509,298.4350064293827
2025-10-07,none,40452.61918844533,0.0,9966.369266298385,2632.700173270008,50418.98845474371,9978.070313541692,eval,0.4544164021164021,0.06308789682539681,511.9570647169788,1240.688516448698
2025-10-08,none,35914.3411677376,0.0,17932.797794768732,4918.356651988675,53847.13896250633,9270.033268963327,eval,0.4559920634920635,0.06135753968253969,181.0570383118737,538.521970289729
2025-10-09,none,43047.85507429544,0.0,2912.2456336745895,518.5203771149942,45960.10070797003,8561.069206314307,eval,0.4563306878306878,0.05656775793650794,546.4551603747542,1602.2410765405289
2025-10-10,none,13995.175186044537,0.0,655.0028675724989,204.15309879175666,14650.178053617035,9795.995345194635,eval,0.45994656084656094,0.14748065476190475,146.94009120125625,420.6892235776277
2025-10-11,none,12839.410299224375,0.0,168.91499468415202,55.48379503149468,13008.325293908527,7035.309337617748,eval,0.46068095238095247,0.12280039682539684,204.65580353322144,481.078260589639
2025-10-12,none,37866.16510872707,0.0,16058.235803087478,3808.620287626244,53924.40091181455,6752.50629843026,eval,0.461131216931217,0.06516180555555555,285.12710988414585,713.1655024217437
2025-10-13,none,39819.75916055233,0.0,15566.66118918611,4217.306788092943,55386.42034973844,6111.484693578988,eval,0.45852380952380956,0.05917490079365079,308.46823193743614,752.1906669926112
2025-10-14,none,44280.95986612077,0.0,20867.424917751603,4954.925885998405,65148.384783872374,8122.583772357477,eval,0.4581238095238095,0.0689347222222222,307.6370671673117,872.0671127330563
2025-10-15,none,48575.391935342865,0.0,9407.24272617712,2055.514417962324,57982.63466151999,10051.08780712637,eval,0.45811798941798937,0.06890605158730158,1104.082105973549,3579.4451927033906
2025-10-16,none,44432.154306487166,0.0,17629.616586333508,4904.51646471996,62061.77089282067,9963.339431077384,eval,0.45952380952380956,0.07472202380952381,170.41270732198535,610.1269043470882
2025-10-17,none,11420.555112851178,0.0,4892.556110069242,2129.6868841719734,16313.11122292042,5479.865624134605,eval,0.45673597883597883,0.12654365079365076,60.17635344705095,115.47502067569155
2025-10-18,none,14482.401506460177,0.0,2471.407457577019,744.5297930522352,16953.808964037198,8668.296565996283,eval,0.45554232804232797,0.13748154761904763,57.901270245389426,131.86167184451318
2025-10-19,none,44040.597077281964,0.0,15235.204578965564,4235.431977765251,59275.801656247524,5220.95866382975,eval,0.45466825396825394,0.07284196428571428,674.2947168909099,2029.9956563123912
2025-10-20,none,50164.79462460679,0.0,8471.514454995053,2810.1750699490444,58636.30907960184,9290.707406318521,eval,0.4561402116402116,0.0666800595238095,304.18164041069855,1007.3255137437955
2025-10-21,none,46942.39197560206,0.0,13586.004086284185,4090.8903944307785,60528.39606188625,7886.426909989495,eval,0.45551640211640204,0.07285813492063492,246.23521922923373,906.746764568358
2025-10-22,none,47811.0993680127,0.0,15253.938735769565,4787.836303020201,63065.038103782266,9830.676742629854,eval,0.45409947089947084,0.0655810515873016,121.32349205229252,450.57519979867504
2025-10-23,none,52424.460151587155,0.0,381.91886776058755,93.5486729794157,52806.37901934774,9848.84718431619,eval,0.4519735449735449,0.05451259920634921,418.00845386085575,1496.8269173975184
2025-10-24,none,12604.07338396736,0.0,1965.4301198757357,675.0653629771582,14569.503503843094,6310.6998806436295,eval,0.4522888888888889,0.1347780753968254,322.55328055584835,1130.6315299352625
2025-10-25,none,14530.249286722701,0.0,866.2231449924582,267.80004016593483,15396.47243171516,8057.175843837364,eval,0.4535936507936509,0.1342387896825397,380.5526597733873,990.0002134865974
2025-10-26,none,50954.185884813065,0.0,0.0,0.0,50954.185884813065,7664.483284743613,eval,0.4575264550264551,0.054311011904761904,1272.2640046964664,4179.930251600204
2025-10-27,none,45245.79916084099,0.0,9005.008496554434,3366.7676195968024,54250.80765739542,8881.224402816977,eval,0.4582296296296296,0.05427341269841269,223.41938887781072,564.3902080048769
2025-10-28,none,45099.382777496365,0.0,15904.548991460493,5481.482937397934,61003.931768956856,10244.194240902052,eval,0.4567074074074075,0.06113462301587301,174.84398064459452,700.3171216299133
2025-10-29,none,47217.950548156965,0.0,11254.381154159993,2745.049663277916,58472.33170231696,7044.013780271189,eval,0.45729100529100536,0.07460515873015873,439.61162570668967,1539.7595356451816
2025-10-30,none,44629.832835185094,0.0,13523.826432584789,4569.236054437801,58153.65926776988,7037.886004968561,eval,0.4577687830687831,0.059820436507936524,224.63322767809623,714.8589463129615
2025-10-31,none,15362.86097423739,0.0,773.5989190495305,236.21166495750037,16136.459893286921,9734.86245436925,eval,0.4585677248677248,0.11899275793650793,61.17239603381794,114.01215460740623
2025-11-01,none,14169.11178961968,0.0,399.4175462542431,167.80613064895553,14568.529335873922,9974.167011139432,eval,0.45790529100529104,0.1355406746031746,67.13648694936185,197.2715319129974
2025-11-02,none,48161.51147742935,0.0,14430.02794097438,4367.242967286074,62591.53941840373,7381.214274836709,eval,0.4531619047619047,0.06255307539682538,661.7651860066036,2125.499205784818
2025-11-03,none,53127.93567922388,0.0,5728.269907575823,1701.4851963659974,58856.205586799704,9656.49720396965,eval,0.4542603174603174,0.06735009920634921,384.97705153483776,1884.4177789402704
2025-11-04,none,48121.8578270636,0.0,4713.216781413219,1683.1258494490187,52835.07460847682,7384.240345706715,eval,0.45506296296296295,0.05603392857142859,449.5640570059456,1184.577693486494
2025-11-05,none,54304.049417355214,0.0,8522.482003447732,1921.5032952381187,62826.531420802945,7236.549793403013,eval,0.45361693121693125,0.06390059523809523,407.18412844092524,1121.7571823264682
2025-11-06,none,53613.519177817274,0.0,18172.6605382061,4448.259935278976,71786.17971602337,9647.853774641437,eval,0.45272222222222225,0.07077589285714286,149.27598618228384,437.9094837550745
2025-11-07,none,13839.708392088425,0.0,1883.7973291791693,678.4376953463025,15723.505721267595,7990.6957914312125,eval,0.45323703703703705,0.13492529761904762,181.19612195579367,528.3166253363177
2025-11-08,none,15147.308229664755,0.0,750.2840912667225,246.7314855224258,15897.592320931479,9029.980179487127,eval,0.4548021164021163,0.13335863095238099,170.0257501863412,365.5292315943514
2025-11-09,none,53047.11061242791,0.0,5904.417952928532,1990.0935242989988,58951.52856535644,9073.756031796454,eval,0.45530687830687827,0.06452291666666667,266.22633621077546,961.5008411324012
2025-11-10,none,54736.44116377046,0.0,14504.80510004344,2901.3694722926066,69241.2462638139,8693.82581802024,eval,0.4539740740740741,0.07209702380952382,540.9404024559639,1808.5820987330703
2025-11-11,none,52567.188437027784,0.0,857.8487335350078,328.07117289042486,53425.03717056279,6984.671930385601,eval,0.45438835978835973,0.061847321428571425,274.26791864680297,902.9518997974064
2025-11-12,none,53564.788977262084,0.0,16718.873249128992,3376.115715434354,70283.66222639108,5506.862752460098,eval,0.456368783068783,0.059277876984126995,280.966838545428,789.8417661255162
2025-11-13,none,53276.54050268173,0.0,14007.592042122182,4198.067067973321,67284.13254480391,8837.417062491737,eval,0.4577253968253968,0.06280228174603177,417.1836914142662,1382.5222613393955
2025-11-14,none,13796.243522229888,0.0,4278.692942596117,1569.5612814417025,18074.936464826005,8105.597551746443,eval,0.4585322751322752,0.12905803571428573,94.00477613309549,182.25685715028527
2025-11-15,none,16274.761292601663,0.0,48.7109508991966,13.98072124626471,16323.472243500859,8831.623186046594,eval,0.45841428571428566,0.13143134920634922,610.3414407530964,1051.4526978776094
2025-11-16,none,53253.764587801095,0.0,12000.317115250442,4011.716091566705,65254.08170305154,7052.71577490528,eval,0.4615349206349207,0.0635267857142857,345.329511588496,961.6899688241396
2025-11-17,none,50844.69352575141,0.0,17664.630410581623,6207.716185663235,68509.32393633304,7982.69080267724,eval,0.4606952380952381,0.05684841269841269,185.70052425342038,476.177766545158
2025-11-18,none,54778.42171372111,0.0,18708.743257759914,5018.407924937449,73487.16497148102,9291.067213458913,eval,0.46103280423280424,0.06468005952380954,81.13263541036886,223.2930370473767
2025-11-19,none,54163.012231177265,0.0,14996.043182671921,4053.4421732126643,69159.05541384919,7897.703477584726,eval,0.46063968253968257,0.06670198412698414,553.5289434624788,1854.4495978659634
2025-11-20,none,53461.74174042306,0.0,18971.713279696698,4729.689098047935,72433.45502011976,9213.487919667827,eval,0.46346666666666664,0.05850625000000001,356.56930318473013,1178.9645756555262
2025-11-21,none,14894.524074400599,0.0,2685.336971899251,1314.5395888605917,17579.861046299848,8662.847930736134,eval,0.46209841269841256,0.13399265873015873,141.71762573923817,337.61963686269553
2025-11-22,none,15975.769278677817,0.0,1944.7446992533603,505.5873617165928,17920.513977931176,8336.23396533448,eval,0.46219735449735455,0.1311862103174603,338.6638312989647,525.6074596167593
2025-11-23,none,54806.210313326796,0.0,18841.241758440243,4501.829528204288,73647.45207176704,8122.269924566573,eval,0.45973544973544966,0.06318144841269842,81.43516125180639,378.06255614483126
2025-11-24,none,52825.63432878363,0.0,15145.559512459546,3502.0027377865185,67971.19384124318,6194.555991674825,eval,0.4625015873015874,0.054399503968253965,583.2347467212753,1738.7739803485401
2025-11-25,none,63990.067376710096,0.0,2948.7111640290013,676.903858241257,66938.77854073909,8079.602064596922,eval,0.4619539682539682,0.056656845238095235,357.74850986922627,1333.7717893717695
2025-11-26,none,57798.47056829691,0.0,17978.323168128692,3637.447541945681,75776.7937364256,8321.98243026593,eval,0.4626455026455026,0.06532896825396824,124.75578041764042,485.79521097869036
2025-11-27,none,57389.2064506333,0.0,12481.529471822607,3721.9994571038496,69870.7359224559,9947.94676685326,eval,0.45713968253968246,0.062066666666666666,765.8708950168993,2556.8427978936243
2025-11-28,none,14241.646105794207,0.0,2681.1989947002903,1268.0495910115678,16922.8451004945,7247.412518925248,eval,0.4560730158730159,0.13732946428571427,454.16351790536294,865.7801333723819
2025-11-29,none,19664.08277406724,0.0,2862.663473422956,707.7952291686428,22526.746247490195,7758.835474654538,eval,0.4545058201058201,0.12166140873015872,251.16220558781401,534.3171736907209
2025-11-30,none,60342.50469125112,0.0,20096.695479273272,3888.9978490347903,80439.20017052439,9468.02380427047,eval,0.45394126984126987,0.06886468253968255,612.5453451851989,2056.8880210742495
2025-12-01,none,64542.17127752179,0.0,27152.694934874078,5154.460197829825,91694.86621239586,5586.649541893429,eval,0.4505227513227513,0.1323813492063492,517.4377920637676,2387.6940365433866
2025-12-02,none,72851.91588036838,0.0,20280.73362215853,4441.897367615757,93132.64950252691,7362.800840696875,eval,0.4569164021164021,0.12814613095238092,319.1526849136168,1137.9469989936024
2025-12-03,none,63550.58228813733,0.0,32690.340160648215,7852.0028093070505,96240.92244878554,7768.041205800453,eval,0.46221216931216935,0.11173720238095235,49.06245347741577,231.39304844594935
2025-12-04,none,73613.11732964538,0.0,20991.738522163403,4186.301072125789,94604.85585180878,10285.694585239578,eval,0.4702380952380953,0.0942796626984127,314.5512377352835,1012.7777955021613
2025-12-05,none,18810.939515814425,0.0,11699.373104376846,3571.4295114703195,30510.31262019127,9380.022808846508,eval,0.47731164021164024,0.10771666666666667,159.58761705877365,356.6672515083675
2025-12-06,none,21785.191907934117,0.0,10421.66246289321,2701.9781719204693,32206.85437082733,9454.156656339788,eval,0.4833714285714286,0.10884325396825396,376.1658017622875,942.4301741141693
2025-12-07,none,75692.666742929,0.0,2016.9323688847103,505.5373608618615,77709.5991118137,9849.671482524685,eval,0.4903153439153439,0.06802946428571427,433.55343454360974,1305.7876776014673
2025-12-08,none,75802.44151124055,0.0,0.0,0.0,75802.44151124055,10800.0,eval,0.496173544973545,0.05379761904761906,111.80577633230546,343.4243924685298
2025-12-09,none,71032.57554835887,0.0,566.2580094891779,78.56607722107023,71598.83355784805,9160.174137036089,eval,0.496521164021164,0.05510982142857143,112.9517478236721,611.5541312253441
2025-12-10,none,70713.38918562126,0.0,14486.426571078953,2696.5349476731444,85199.8157567002,9944.763382356385,eval,0.4952375661375661,0.06404900793650793,399.67506358320645,1779.8083747687172
2025-12-11,none,72032.97638695088,0.0,2483.529324014571,703.4472928842415,74516.50571096544,10146.620967435287,eval,0.4942121693121693,0.04928015873015874,528.4640256630626,1654.9111542736596
2025-12-12,none,21668.03051888944,0.0,1786.2491708065008,585.8186463543166,23454.27968969594,8088.950575720681,eval,0.49145978835978843,0.13132857142857143,215.70901242369737,589.7697331541276
2025-12-13,none,24109.696812746908,0.0,3307.3336906922614,1281.4863105844356,27417.03050343917,8124.043162110357,eval,0.4895846560846561,0.12623511904761905,239.400723557958,506.85711869755085
2025-12-14,none,68121.6526841436,0.0,25464.48385799936,6069.22932692213,93586.13654214295,9869.936261589239,eval,0.4907513227513227,0.06661597222222222,606.2359536948945,2172.036804333058
2025-12-15,none,67041.26557790865,0.0,29715.55625091315,6541.718717332195,96756.82182882179,9597.75547375656,eval,0.4903571428571428,0.061336805555555554,63.4509813621552,240.29768666173845
2025-12-16,none,75070.91998999254,0.0,1386.2217688391547,354.8767872626024,76457.1417588317,10400.092998083277,eval,0.48649470899470904,0.05366517857142857,183.50147504203716,711.973053162571
2025-12-17,none,73391.93819783384,0.0,0.0,0.0,73391.93819783384,10035.373533932012,eval,0.4864359788359788,0.052521428571428566,243.51098824423838,709.036124118414
2025-12-18,none,71705.0280633767,0.0,5193.571859618161,1372.7693647384656,76898.59992299485,10540.127885232978,eval,0.48681428571428575,0.05642847222222221,166.75718213182725,476.01382329383915
2025-12-19,none,21129.16653944292,0.0,5576.2451985122,2418.600355229414,26705.411737955117,9504.460716308324,eval,0.48897142857142856,0.1354359126984127,56.66787500817439,114.87799324920442
2025-12-20,none,25248.237865743733,0.0,0.0,0.0,25248.237865743733,9964.799962205261,eval,0.4908185185185184,0.14118660714285713,253.13638029244385,639.1654450802969
2025-12-21,none,73874.59108408386,0.0,1474.0552920100558,423.4622390496078,75348.64637609392,9408.570346584813,eval,0.4902714285714285,0.05431170634920634,409.72502139986653,1068.3846643123095
2025-12-22,none,69510.97455582692,0.0,16772.065691854375,3610.901639099975,86283.04024768129,9251.681408485569,eval,0.48987248677248674,0.06379097222222223,126.06362083784306,603.4888882578018
2025-12-23,none,72681.94721551087,0.0,3263.191315784074,927.1225179109922,75945.13853129494,10500.659124411046,eval,0.4938910052910052,0.05630486111111109,259.0573798197666,1102.4173733304767
2025-12-24,none,70697.63877397438,0.0,8428.9231297486,2410.2426147389942,79126.56190372298,10419.95559462225,eval,0.4959301587301587,0.05388878968253969,64.76893439965166,274.2567328689291
2025-12-25,none,66471.09261072183,0.0,17262.370833207202,3913.3442323218424,83733.46344392902,8082.23388066864,eval,0.4942253968253968,0.05970595238095236,122.32940005983369,643.5564848741126
2025-12-26,none,22780.90073563255,0.0,13188.381916683,3734.33573408707,35969.28265231555,10614.989342335783,eval,0.4937931216931216,0.13421190476190475,130.91132650252743,407.57242991733966
2025-12-27,none,20703.020216100023,0.0,7688.029911978661,3326.994695067057,28391.050128078685,9766.84558907729,eval,0.4959148148148149,0.1369892857142857,537.2155745242256,1221.6913212368022
2025-12-28,none,66667.74915198646,0.0,10240.36736288045,2716.1844647876205,76908.11651486691,7933.349418568449,eval,0.4923862433862433,0.05129265873015873,587.3624096390165,2405.2665498728766
2025-12-29,none,67095.84858324776,0.0,22320.969687201323,4419.222452210513,89416.81827044909,10428.860424443148,eval,0.493610052910053,0.051714186507936515,362.48105449067214,1999.5546708159764
2025-12-30,none,66618.50239081937,0.0,10138.675347914945,2584.444082034274,76757.17773873432,8429.514454915368,eval,0.49164021164021166,0.0504875,282.34157027225154,1087.8976356428682
2025-12-31,none,72794.91314208864,0.0,6536.0055599611915,1493.0706054393595,79330.91870204984,9453.683121088574,eval,0.4900629629629629,0.06042886904761905,355.5203457925554,1646.8259611455655
2025-01-01,6,0.0,0.0,432888.7998430083,92035.17001666666,432888.7998430083,6000.0,init,0.0,0.0,0.0,0.0
2025-01-02,6,78170.43012215814,-1368.1273677556824,15835.667383460164,3281.9005630061765,92637.97013786262,10654.339575,init,0.5328444444444443,0.038234027777777777,0.0,0.0
2025-01-03,6,56581.11496452577,405.6715028075292,0.0,0.0,56986.786467333295,10800.0,init,0.5308481481481482,0.18821631944444445,0.0,0.0
2025-01-04,6,22661.323636313762,582.9902094416714,5309.2612392188,2107.3359133744807,28553.575084974233,10556.64123,init,0.4977197530864197,0.13456041666666665,0.0,0.0
2025-01-05,6,29536.489350514756,1746.1758015257378,221564.46854010862,44209.87448724279,252847.1336921491,9185.410364999998,init,0.47875925925925933,0.09554913194444446,0.0,0.0
2025-01-06,6,74298.61283238907,-204.8240175967618,14609.322200450017,2839.490400000007,88703.11101524232,10718.956319999998,init,0.4920933333333334,0.08167111111111112,0.0,0.0
2025-01-07,6,70906.5168276184,6204.59751936696,13468.106353322015,2577.0419360493993,90579.22070030737,10710.055154999998,init,0.4989623456790123,0.06666828703703703,0.0,0.0
2025-01-08,6,77447.28852588077,-3355.0401324545446,18712.589372258317,3711.4353999999985,92804.83776568454,10757.449425000003,init,0.500173015873016,0.04950793650793652,0.0,0.0
2025-01-09,6,70476.65945150494,1356.234340055185,20607.54810831529,4041.0782400000858,92440.44189987541,10747.30257,init,0.4981608465608466,0.05736785714285713,0.0,0.0
2025-01-10,6,58718.21292861934,-2653.0403312942335,32.76255949999971,7.4928666666666,56097.9351568251,10800.0,init,0.4987703703703703,0.13991765873015874,0.0,0.0
2025-01-11,6,22238.07230175298,1066.2136071025043,9120.642121414843,3531.228725308664,32424.92803027033,10399.662464999998,init,0.4961656084656085,0.1352948412698413,0.0,0.0
2025-01-12,6,31141.352784053597,3570.396024364598,206240.88059198682,40161.70530576131,240952.629400405,9087.386535,init,0.4964333333333332,0.06021696428571429,0.0,0.0
2025-01-13,6,73693.39580417331,-171.37376053250486,11674.589968949993,2274.079983333332,85196.6120125908,10597.352669999998,init,0.49465661375661374,0.05179861111111111,0.0,0.0
2025-01-14,6,71179.69803181337,182.74677960611143,16498.150222966648,3172.506233333329,87860.59503438613,10640.392049999999,init,0.4953925925925925,0.054164980158730155,0.0,0.0
2025-01-15,6,68555.97584692828,6667.78073925068,12858.76248960842,2395.450416666697,88082.51907578738,10753.904564999999,init,0.4971100529100528,0.05923402777777777,0.0,0.0
2025-01-16,6,70524.47407278704,1534.823406258997,11297.548426163477,2065.712970415634,83356.84590520951,10603.443857407407,init,0.497957671957672,0.05244037698412697,6.738667635593292e-13,2.2021178910778683e-12
2025-01-17,6,24273.232394435567,-914.7247209393981,1233.1257112264689,461.122804875654,24591.633384722638,10764.331679713387,init,0.4971534391534391,0.14103988095238093,7.73070496506989e-13,2.3578195396112273e-12
2025-01-18,6,25774.31049137314,-1061.4928156380784,624.1790815893532,164.8054078255766,25336.996757324418,10726.164395539892,init,0.499037037037037,0.14380089285714287,0.0,0.0
2025-01-19,6,69242.14039719502,-204.29874501464482,13423.849641588513,2644.0940242745583,82461.69129376889,10181.274551310551,init,0.5005740740740742,0.05702936507936508,-7.105427357601002e-15,-3.8554759385078796e-14
2025-01-20,6,71182.01981667738,491.595987861028,11188.074537837409,2428.980588984333,82861.69034237582,10796.447357469144,init,0.501367724867725,0.05355873015873015,7.561505194300318,34.754468853138846
2025-01-21,6,69824.89059228316,-1919.6203977111722,1856.013998720591,499.7562465240354,69761.28419329258,10798.406760928856,init,0.5010121693121693,0.044362301587301596,7.846479179959687,38.54255346417729
2025-01-22,6,71704.78056103099,181.40014053961661,395.03215873786223,104.45536103330369,72281.21286030846,9690.534658098883,init,0.5011037037037036,0.0640277777777778,174.8825526014004,706.4752823813291
2025-01-23,6,71481.52151021187,3391.699972009613,11443.747711469447,2661.5707209476905,86316.96919369092,10070.786097448414,init,0.5011021164021164,0.06664623015873015,2.424620835751193,5.451323174750052
2025-01-24,6,20032.355012478725,99.74899980442044,5766.679090796307,2704.518367202957,25898.783103079455,10497.377638449878,init,0.501778835978836,0.14937162698412695,18.63135170767831,55.889798172181635
2025-01-25,6,19745.582453308452,1760.3347919565556,1.0248868420603685e-13,5.684341886080802e-14,21505.91724526501,10502.769100765114,init,0.5026534391534392,0.15257132936507936,59.314276681253276,156.89881008601694
2025-01-26,6,76242.50892142065,-2444.6244970350645,2062.8858395715083,540.3756080706274,75860.77026395709,10268.611675772532,init,0.49998359788359786,0.06394434523809525,57.20556801402142,221.39772751057166
2025-01-27,6,66306.29820647767,2485.7524448901927,221.4846826714822,68.76998399627598,69013.53533403935,10503.298665277825,init,0.49859841269841276,0.046439880952380955,75.0171084517341,291.9579335997989
2025-01-28,6,70003.80508522177,-408.50244607027787,2868.9912447869524,753.855891983799,72464.29388393844,10270.079398601321,init,0.49627883597883604,0.058983531746031756,155.88208598102324,836.6917301855425
2025-01-29,6,63009.61011320671,3051.2531510858307,51.11199171442915,7.482108229846176,66111.97525600696,10710.813968225633,init,0.49819894179894175,0.0435561507936508,95.61807513952817,394.1257894282583
2025-01-30,6,63645.438789253574,4239.722756313138,2079.7392844081864,580.2679580280803,69964.90082997491,10315.930867830077,init,0.49724074074074076,0.055001884920634916,188.17737282499522,718.4264080379965
2025-01-31,6,18882.973771472796,1510.8756321122855,892.1493699363593,407.0796412124045,21285.99877352144,10637.30136721366,init,0.49715238095238096,0.1351202380952381,103.94614569683968,245.30584305353392
2025-02-01,6,19476.287086103963,-773.950238977564,976.666538042505,472.6318147141692,19679.003385168904,10800.0,calibration,0.49730952380952387,0.1951779761904762,77.63543020659566,184.18441660612243
2025-02-02,6,63535.957605117335,-856.7517659635607,1823.7449141642028,532.2907478799623,64502.95075331797,10800.0,calibration,0.49425608465608467,0.057532539682539685,81.3475408264637,228.80036225223995
2025-02-03,6,66167.45988496087,-1472.6114177769314,4236.422596825307,970.1518968856369,68931.27106400924,10713.073557083148,calibration,0.49102910052910054,0.05969831349206348,209.43403130594942,992.4219236966785
2025-02-04,6,70148.07646815367,-1943.7083528076855,856.2300997798455,234.49080490157417,69060.59821512582,10800.0,calibration,0.48829100529100533,0.05257599206349204,88.98147626421948,329.3325630458347
2025-02-05,6,61083.03284759362,1302.3809559873876,4696.435617124737,939.2349153605965,67081.84942070574,10047.874187653255,calibration,0.48388835978835976,0.052722519841269834,117.78088379919777,517.4028757086262
2025-02-06,6,66110.38144437183,-1697.653251085935,4889.638841843236,1119.497430205032,69302.36703512914,10057.79468004546,calibration,0.48334126984126985,0.05190386904761904,140.7566367561144,589.4331670980681
2025-02-07,6,18257.146374100736,-71.0449641644502,1.0331291377951856e-13,5.684341886080802e-14,18186.101409936284,10133.174798135897,calibration,0.4790539682539683,0.1538861111111111,97.29324631564002,199.53395656664497
2025-02-08,6,14616.445444947454,704.0361314837069,4282.15900058863,1412.0802554956142,19602.64057701979,9876.398503348268,calibration,0.47338730158730163,0.1459512896825397,53.12466550272362,116.94267644605807
2025-02-09,6,61666.042876075735,-318.3384239076843,4621.590273855857,1119.7234284530605,65969.2947260239,9548.806773600503,calibration,0.47297566137566144,0.058759722222222206,285.70195521619576,1055.6636372747437
2025-02-10,6,55249.00186025665,-1179.0150791177132,8258.408457541096,2162.180820522898,62328.39523868003,9512.81861709388,calibration,0.4722402116402117,0.03834414682539684,307.1596916506972,1163.8670419840032
2025-02-11,6,57572.85713815619,-822.580633769282,9089.755936865571,1982.737090920819,65840.03244125248,9341.972631009172,calibration,0.4720507936507936,0.04770833333333334,110.40778477582174,439.47380436594904
2025-02-12,6,58533.055863433605,-1662.9088088604412,6994.916786264105,1686.2034738604611,63865.06384083727,9234.723168805122,calibration,0.4733280423280424,0.04982857142857143,150.61256664160803,586.1064480054735
2025-02-13,6,53865.986723787006,-757.9368129757071,4364.017666058118,1240.359758009129,57472.06757686942,10177.621701098387,calibration,0.4705460317460317,0.04360505952380952,265.84246199941,934.3058922982318
2025-02-14,6,14663.260375447273,378.3058454626302,1065.0375111181893,509.36686874227087,16106.603732028092,9826.895322851547,calibration,0.47089947089947093,0.14283492063492062,127.69827255518092,287.4088489648835
2025-02-15,6,15574.226582014453,123.14584508457446,2959.5688766481435,1282.1214510258303,18656.94130374717,9722.07892637328,calibration,0.4718179894179894,0.13493888888888889,279.3693704930764,531.6098895333532
2025-02-16,6,59727.33401276857,-2360.7095584286253,8555.440400132644,2231.8138898855445,65922.0648544726,9962.646782352816,calibration,0.4736047619047618,0.06151706349206349,323.3441699050501,1183.4893264498805
2025-02-17,6,58067.36054531282,-2373.293709888111,730.8948708346597,228.68584244179985,56424.96170625937,9981.42444119666,calibration,0.47256455026455013,0.051036805555555564,199.51283631734526,733.0706648299072
2025-02-18,6,50841.36836996929,1999.6948372030583,2776.662627751575,861.7538724989463,55617.72583492393,10250.781020028973,calibration,0.47414814814814815,0.05028849206349206,58.95960735527579,156.97870241399312
2025-02-19,6,50793.65436035766,56.76108546711388,10065.790280852376,2254.8349099176176,60916.205726677144,9649.50279144172,calibration,0.4713571428571428,0.05365218253968255,223.08864309314762,740.4002021715638
2025-02-20,6,54792.08803631575,-1175.2875125050114,7344.934915407039,1967.5869173738154,60961.73543921777,10466.345615435532,calibration,0.47265978835978834,0.055220932539682556,154.16138491099795,583.1502358144508
2025-02-21,6,14617.895068630576,282.0064918104401,323.2655596398015,101.73293776211312,15223.167120080818,10025.300071302332,calibration,0.473063492063492,0.14571785714285715,41.99731619282232,87.19366926587671
2025-02-22,6,15270.404923983417,209.33469167596107,692.3664279681047,195.1588331714566,16172.106043627484,10362.373355015114,calibration,0.47281587301587313,0.12959176587301588,84.40914813028964,201.3047460771644
2025-02-23,6,52724.88340176756,1187.983128882617,7043.516692896859,1561.551300032253,60956.38322354704,9816.492379926945,calibration,0.4718915343915344,0.053621428571428584,258.3685922863777,1083.3675690423165
2025-02-24,6,50900.31693094553,776.1347514094416,3203.445708881818,1098.7194165807314,54879.897391236795,10045.75022406719,calibration,0.47184973544973535,0.04930882936507937,338.3806102387518,1135.6078101872831
2025-02-25,6,51423.50131638431,-322.73957597947793,2815.908020373848,852.0921481771122,53916.669760778685,9913.379688450686,calibration,0.470436507936508,0.041781547619047614,129.73188858702494,388.40885935355016
2025-02-26,6,47005.346083401266,2002.5559037340588,9610.305430859436,2510.2522677341535,58618.20741799476,10792.950955358747,calibration,0.47081111111111107,0.05066349206349207,52.0748688403875,151.2685708513074
2025-02-27,6,45580.375481343624,1696.519310237402,7900.386583407986,2384.229901498815,55177.28137498901,10352.467207140355,calibration,0.471189417989418,0.04860396825396824,389.2121229915249,991.3829114065796
2025-02-28,6,14038.615186157193,423.47858695316444,111.31722618333343,39.414400000000036,14573.41099929369,10420.697310329917,calibration,0.47052751322751324,0.13722271825396823,35.640984556324824,69.1940359231126
2025-03-01,6,15531.42461013268,-104.23838282704699,470.98806876925664,237.25621928090004,15898.17429607489,10101.80082080519,calibration,0.4690243386243387,0.13950486111111113,96.82062696153125,133.3003798806307
2025-03-02,6,54981.6076896135,2315.208578382876,0.0,0.0,57296.81626799637,10542.77293552819,calibration,0.4657164021164021,0.06790456349206347,190.1300479093126,720.3175989503203
2025-03-03,6,56383.960633223716,-2474.168539658486,5289.169176524961,1588.0577093067536,59198.96127009019,9997.93934783029,calibration,0.4645825396825396,0.06589791666666667,97.12879132062018,305.2464935378174
2025-03-04,6,49509.56092356756,1605.1596494015678,3477.911288309718,1110.4081360596692,54592.631861278845,10093.566389198419,calibration,0.46330582010582017,0.05184285714285715,148.74675103883226,504.4884131746112
2025-03-05,6,48669.13380371833,-976.5733206351032,4849.406758595623,1234.1366000121102,52541.96724167885,9936.62506550791,calibration,0.46334708994708995,0.04629742063492062,162.35120527104044,563.1170791294583
2025-03-06,6,44701.17413948341,1349.1903860328487,7766.512308757388,2471.4275138240564,53816.876834273644,10221.198541435531,calibration,0.458679365079365,0.04774156746031746,467.45726878354634,1686.4630790810813
2025-03-07,6,13817.98857443557,-286.7801549275126,627.5023499301928,247.96638079944938,14158.710769438252,10550.756241465533,calibration,0.45631587301587295,0.1406079365079365,111.28478509767729,226.68370969702656
2025-03-08,6,12903.631486613456,426.23281618391957,1507.0660640659446,474.77076306548145,14836.93036686332,10800.0,calibration,0.4559460317460317,0.15116150793650796,34.31791216433642,89.39525749902502
2025-03-09,6,44638.40884434463,-1584.3595749211295,18485.501188033802,4725.247998362996,61539.5504574573,10727.773992515715,calibration,0.45648359788359794,0.04534335317460317,253.00792375866257,707.1107242744183
2025-03-10,6,45674.15080050445,1440.0963037435424,11936.410835986704,3098.471892944272,59050.6579402347,10191.830890006702,calibration,0.45693015873015874,0.06240009920634922,40.61153601958142,104.88269625766183
2025-03-11,6,39287.96866416962,8165.137563339482,8463.053566605488,1991.8705798474168,55916.15979411458,10239.612273866122,calibration,0.4566465608465608,0.05405089285714286,122.71935327760806,338.933104368568
2025-03-12,6,46393.772198168284,-2957.0583949625807,12224.431898851652,3653.5061125832567,55661.14570205736,10344.083850194658,calibration,0.45587671957671955,0.048841567460317474,371.08360661190164,1102.7480124575748
2025-03-13,6,46815.992111441956,1009.31212735981,4184.359630124092,1301.5892015040704,52009.663868925854,9857.584428846632,calibration,0.4563804232804233,0.0678621031746032,165.54775206936864,417.1889212678474
2025-03-14,6,12705.198393941115,23.77178520705007,693.9632251390791,326.5611802266071,13422.933404287245,10615.748576531545,calibration,0.45648571428571433,0.14629573412698413,100.27399390155324,179.6094238010593
2025-03-15,6,12860.1527858944,350.0394398989255,307.7949084525328,96.38502943534027,13517.987134245857,10165.242371656173,calibration,0.4549883597883598,0.13138422619047618,187.77789592818328,338.7055314794904
2025-03-16,6,43447.656676003826,3365.3636655070773,4991.293381018251,1481.868127937279,51804.31372252916,10059.700078689046,calibration,0.45557248677248685,0.0531282738095238,409.9021621249152,1232.979029129397
2025-03-17,6,40138.45358475328,-1380.043175219249,8927.358301699587,2821.642340167605,47685.76871123361,10155.499212594357,calibration,0.45470052910052905,0.03631359126984128,166.43087171989654,421.67399412466455
2025-03-18,6,48479.25310908896,-1418.0086446509922,1367.1008676992742,542.6162903921802,48428.34533213724,10196.729245936955,calibration,0.45277989417989417,0.048267757936507935,237.0375079790344,588.8026377095209
2025-03-19,6,37216.78629910697,5251.018825406372,9043.776951836797,3122.686420282625,51511.58207635014,10323.749894715595,calibration,0.4518751322751323,0.04881170634920636,208.83838386577628,537.9470875612051
2025-03-20,6,43578.28749760224,-1207.5521997309177,14331.30546722632,3866.6668136082494,56702.04076509764,10013.778209564041,calibration,0.4522597883597884,0.056766964285714275,285.41251201260184,788.6141740413644
2025-03-21,6,12016.173130340645,332.75018064773985,2007.4869615132534,645.8496875478546,14356.410272501638,10403.069486028968,calibration,0.4530079365079365,0.1536701388888889,19.40842752548366,35.69306368033506
2025-03-22,6,13087.65163907507,-72.83847775066036,1085.0547737194609,753.8694247432757,14099.86793504387,10743.928522207489,calibration,0.45365873015873015,0.13372331349206348,40.90094612399464,78.10399904054293
2025-03-23,6,42797.845992605195,-402.8871793709359,1174.9405094438996,423.12925531502947,43569.89932267816,10603.635640914683,calibration,0.452205291005291,0.05060575396825398,52.64510209496014,153.31906192763526
2025-03-24,6,40029.97695358329,689.7543549841212,4537.5520032272325,1866.3489881873957,45257.28331179464,10100.253918638715,calibration,0.45250634920634913,0.05461378968253968,141.6240509723009,328.69259028484305
2025-03-25,6,46197.346142774215,-2702.64725918061,6142.579947384078,1972.702905010251,49637.27883097768,10066.696507801624,calibration,0.45285026455026456,0.0572953373015873,350.5831981959395,1218.4711413510504
2025-03-26,6,39232.33196729572,2783.5094941460666,2743.968667418688,1008.2214584362043,44759.810128860474,10737.389678215295,calibration,0.45108095238095236,0.047057440476190475,154.18405991302956,342.8950680886536
2025-03-27,6,41508.69749575679,-117.90844275075142,2433.0168650061123,891.496677554881,43823.80591801215,10516.454345082471,calibration,0.4509153439153438,0.05638541666666666,112.32248998989012,283.3701059369622
2025-03-28,6,12570.396545961434,-10.288147320943608,0.0,0.0,12560.10839864049,10541.927312793252,calibration,0.449647619047619,0.13822063492063494,88.55888113224599,175.1018054166828
2025-03-29,6,11770.892251012003,84.7478303184862,618.6980252047981,192.06528611585537,12474.338106535288,9809.795881263022,calibration,0.450710582010582,0.15139275793650792,60.93678880610962,122.84939371319308
2025-03-30,6,39681.53045856438,-1196.5796162108484,4689.975691161709,1969.7230605493883,43174.926533515245,10786.908723092165,calibration,0.4536047619047619,0.049554464285714285,330.49543203200346,848.3750446822498
2025-03-31,6,34649.17462209725,8879.188534582514,1137.646529901469,410.4274278549273,44666.00968658123,10616.58161707975,calibration,0.45265873015873015,0.05669087301587302,276.3855290190917,796.3567218698448
2025-04-01,6,44233.13501617928,-291.4000217203179,133.5862495094029,34.722724075176274,44075.32124396836,10663.202812557522,eval,0.4515280423280424,0.0719405753968254,383.69356739219774,1185.477362614365
2025-04-02,6,42062.56244354925,691.1080114575734,1474.9751956091839,544.8060887758514,44228.64565061601,10725.068282061697,eval,0.45426084656084664,0.06762728174603175,135.670793627895,347.0417175803887
2025-04-03,6,42798.02722312909,-1250.6173020316023,0.0,0.0,41547.40992109748,10616.296987124832,eval,0.4561820105820106,0.06061577380952383,608.995393182368,1503.681966552346
2025-04-04,6,10985.239762895306,82.94207903479591,737.9295194824207,221.64212893562507,11806.111361412522,10119.201369121443,eval,0.45736878306878304,0.14913710317460319,37.4433261163731,77.69462798088696
2025-04-05,6,11698.394179442997,-13.650089320993741,694.4648770021257,335.0086837358993,12379.208967124128,10050.175355263722,eval,0.4554814814814816,0.1311729166666667,103.55581721337049,198.97930303710274
2025-04-06,6,40123.34384451625,-1247.9331328313424,1625.1258138618975,594.8047175067684,40500.5365255468,10276.688311115378,eval,0.45346243386243396,0.04986498015873016,174.90702312537823,502.0111904551436
2025-04-07,6,34498.98843120242,4049.3248516577096,1624.1415189915958,680.7839979767966,40172.45480185172,10735.327386024646,eval,0.4558476190476191,0.05191001984126983,99.94643854886415,222.30436056325274
2025-04-08,6,39504.84174400114,-685.9755014931634,1.1817746781161987e-13,5.684341886080802e-14,38818.866242507975,10159.37840091194,eval,0.45664920634920636,0.050626984126984124,731.0555981403321,2110.8499851297283
2025-04-09,6,38884.328483701145,1945.1812780080718,6919.081127567133,2421.665632223377,47748.590889276355,10681.637365898598,eval,0.4555074074074074,0.06723720238095238,247.09901727742437,688.57040092273
2025-04-10,6,38740.49468253284,544.664466052818,251.14369021997135,119.15492483270816,39536.30283880563,10433.315656292136,eval,0.45338412698412706,0.05992212301587301,575.1143504105328,1563.9871937219225
2025-04-11,6,10730.647147811536,704.9945847779286,891.2115342512574,271.6090334003881,12326.853266840722,10175.128796610883,eval,0.4523375661375661,0.15134126984126983,50.62080502922673,96.03040178521294
2025-04-12,6,11663.394372516976,-144.0823404446126,446.9696276631465,291.70238312585957,11966.281659735509,10524.082546844706,eval,0.45481058201058205,0.13979117063492064,34.311975177067055,63.01693189278245
2025-04-13,6,35134.743713450196,-45.12137811382704,4783.556287883939,2151.30673887799,39873.17862322031,10187.807241622006,eval,0.45294973544973555,0.059799702380952384,222.77477458695415,500.7700870446289
2025-04-14,6,38169.06347510785,-1828.65426190493,5285.081202703819,1866.9714189029896,41625.49041590674,10638.077330926055,eval,0.45337301587301587,0.05116130952380953,433.8582555848995,1161.721731177324
2025-04-15,6,33092.98987026201,1914.2709862192164,619.5476413059023,159.65278923441952,35626.808497787126,10800.0,eval,0.4556465608465607,0.04900436507936509,251.98454386704967,516.7079434616763
2025-04-16,6,37039.16212073421,1147.7963798189685,4336.9002082091965,1603.807246700341,42523.858708762375,10149.309279938187,eval,0.4550328042328041,0.06689652777777777,189.95154835689652,546.2870650878183
2025-04-17,6,34181.81483039279,3873.4047451631022,4899.009684919694,1254.4450994240906,42954.229260475586,10737.998387918315,eval,0.4568486772486773,0.05517619047619049,493.0763265268224,1052.1308479041804
2025-04-18,6,10295.441273427838,729.7462551165554,360.1058768304878,146.26984304381807,11385.293405374881,10800.0,eval,0.45714232804232807,0.13584444444444443,65.11754098352314,124.21886669480823
2025-04-19,6,10431.118888302422,43.82479535047629,202.77904550633994,107.48955499938506,10677.722729159239,10158.193740907996,eval,0.4573312169312169,0.13859573412698412,89.85497072506519,184.44791295027218
2025-04-20,6,34315.75320839828,2820.8095911840546,3943.3088671707683,826.8646039464372,41079.871666753104,10427.3436038074,eval,0.4606984126984128,0.053529960317460316,40.8444640122996,105.61560021680513
2025-04-21,6,35036.468987871885,-1500.3842944056128,4070.3604812939534,1729.5676027257477,37606.44517476022,10037.636960945603,eval,0.45873597883597883,0.04580932539682539,36.239304751998525,72.94998753483908
2025-04-22,6,32733.81764823545,4016.955490076804,1488.5769153897547,590.7948526849558,38239.35005370201,10495.355338348332,eval,0.4576507936507937,0.060242261904761896,363.8937335984827,976.1242445293828
2025-04-23,6,31796.049188271005,2667.484263747572,3432.779903170433,1312.1524162685726,37896.31335518901,10713.83297664958,eval,0.45945925925925923,0.05768124999999999,170.2352313591012,429.23385972190636
2025-04-24,6,31883.338748695183,110.71661912681068,3790.420709134043,1823.0581367354907,35784.47607695604,10141.052181908683,eval,0.4612582010582011,0.0493328373015873,75.77133669320939,208.99971334271945
2025-04-25,6,9897.487617669558,561.7286912629786,354.96859359640786,109.6955952499585,10814.184902528945,10437.642139885085,eval,0.46247142857142853,0.15006011904761907,53.436300672118094,149.04996350255885
2025-04-26,6,10489.926158695169,315.57180599939903,728.6700165723639,322.9205678952792,11534.167981266932,10473.2001154286,eval,0.4604343915343916,0.15092718253968254,153.58564493601034,292.6845919535126
2025-04-27,6,31664.133144415668,2722.150496238589,2361.27277579005,656.5247832327519,36747.556416444306,10675.246503516475,eval,0.4590957671957673,0.05493998015873017,185.3654343743654,402.54958691298225
2025-04-28,6,37513.366244960875,2389.02618183212,1370.3832852721462,527.1004662842308,41272.775712065144,10583.920678926268,eval,0.45826455026455026,0.08564384920634921,239.60257509118213,736.7162989156831
2025-04-29,6,30949.029250090793,2764.6988784376217,4185.189223046572,994.2035920570372,37898.917351574986,10800.0,eval,0.45860052910052906,0.04940337301587302,176.59282664801154,354.72900136911187
2025-04-30,6,30523.78733885485,2135.6355476495155,8248.233227104547,3027.078821442747,40907.656113608915,10693.857373229412,eval,0.45716137566137566,0.05083402777777778,224.0475580933478,548.0159765506281
2025-05-01,6,33168.766992281686,3155.0490913698513,12796.498366539647,2834.854466118277,49120.31445019119,9127.173423979371,eval,0.4539862433862434,0.07086815476190475,204.80173041231882,432.0546351646506
2025-05-02,6,11946.322694054936,653.5991422373236,5281.973215519267,1176.094587732082,17881.895051811523,9150.019864474578,eval,0.4527296296296297,0.09780684523809523,104.21359353820114,255.69521140557293
2025-05-03,6,11383.705770195898,555.1687545697949,5747.640812702454,1282.102639597722,17686.515337468147,9323.260689363275,eval,0.455978306878307,0.12078948412698412,177.33520966497915,344.64840996694113
2025-05-04,6,35304.450245660075,-393.64850644781274,11675.071877586122,2976.084426012656,46585.87361679839,9108.116082603592,eval,0.4565640211640212,0.05533789682539682,70.2582661108587,196.29918348778438
2025-05-05,6,36467.46355584652,1930.8869513974737,7484.500723911552,2061.5479861526987,45882.851231155546,9301.697025773643,eval,0.45834021164021166,0.06813918650793653,120.54099807527686,253.6370817568355
2025-05-06,6,33275.20987582305,4167.886003352213,8886.643376689048,2310.0240125413598,46329.73925586431,8526.783627886054,eval,0.45842804232804224,0.06247103174603175,62.390241857914496,151.13462130235524
2025-05-07,6,37010.60957782144,4375.023321124026,983.9042911446038,455.71330192481673,42369.537190090065,8980.853993371333,eval,0.4613322751322752,0.062067956349206366,386.0244853078516,863.1265646728552
2025-05-08,6,37783.27748922067,1579.2023804130558,2380.4308694674364,724.1585370760292,41742.910739101164,8230.824590553553,eval,0.4637100529100529,0.0629389880952381,580.5389869229482,1501.8551909795515
2025-05-09,6,12910.015721267631,1019.6676424410872,679.1801558583334,402.0297166666667,14608.863519567052,9380.514647460877,eval,0.4640820105820106,0.13854603174603175,67.51801885823537,120.38888698211015
2025-05-10,6,13377.379651050296,493.6678345272669,177.36535209928837,60.10944777417481,14048.412837676851,8942.837364050174,eval,0.4621883597883598,0.12751894841269842,131.71573661939482,511.19244789546667
2025-05-11,6,38125.722602007954,74.62165226701862,5269.474320695195,1904.2567532288163,43469.81857497017,7760.022818825142,eval,0.46208465608465604,0.061195833333333324,421.1469021496834,1247.1731361203051
2025-05-12,6,34131.53766563753,7324.72495127472,0.0,0.0,41456.26261691225,8357.44266771626,eval,0.46352222222222217,0.05152638888888889,253.1923607067516,681.4437956260242
2025-05-13,6,38152.21706960631,-290.1940497368536,3909.7444953367726,1574.2574168734923,41771.76751520623,7796.391324493983,eval,0.4644613756613757,0.058716666666666674,376.43155821427155,869.2169766661394
2025-05-14,6,36191.30868833614,4566.169222873548,1844.3912090819456,342.8188631722249,42601.86912029163,7490.658576824834,eval,0.4616857142857144,0.04893948412698413,769.5575399270133,1757.0506049981996
2025-05-15,6,37254.221653310575,6098.66212848534,4506.390172422291,1408.6329931429507,47859.2739542182,8077.135545543713,eval,0.45981428571428573,0.05462807539682538,377.00106949497865,883.289534182932
2025-05-16,6,10640.518328623426,421.7333034314144,970.8359902205925,473.3763619609862,12033.087622275432,4644.841909442084,eval,0.4595153439153439,0.15624176587301586,54.64948880407853,88.69321042709376
2025-05-17,6,11877.636950143926,719.3145510620345,686.5931104674576,247.83050046539918,13283.544611673418,5125.988643000873,eval,0.45778253968253957,0.12560763888888887,37.00878892560646,83.43837735007908
2025-05-18,6,37386.820560980465,1449.830783442464,1614.266659290346,722.6930460923431,40450.918003713276,4983.672255796433,eval,0.45744920634920627,0.05614077380952382,259.18230876169866,635.844898477256
2025-05-19,6,35559.956877363205,1002.2649832587765,1111.4442180176297,491.3841148428678,37673.66607863961,5939.078757866692,eval,0.4556920634920636,0.04694136904761906,335.45184898384684,697.8283725203049
2025-05-20,6,34069.95077424669,6800.075744040289,1317.3499502167479,422.72176140825775,42187.376468503724,5893.2029480830115,eval,0.45464550264550263,0.06721289682539683,775.2053864414281,2067.875857230541
2025-05-21,6,34578.935464400056,6673.4068995077905,1622.3661764878855,552.0003751679392,42874.70854039573,8346.11123165816,eval,0.45527037037037027,0.05793978174603176,91.69859005935724,246.5791815464961
2025-05-22,6,33602.81690178998,1962.1469640144944,2735.37023919659,1107.426856572491,38300.334105001064,6532.369053608819,eval,0.457268253968254,0.05686339285714285,286.58968880533547,688.8749840753713
2025-05-23,6,12151.362213326083,692.154281803488,291.85598673621564,115.27365865155204,13135.372481865788,8508.751992936117,eval,0.45737830687830694,0.1360205357142857,193.82846673308987,657.9969253859172
2025-05-24,6,12571.476630388619,387.32033869362954,553.9736400733335,233.93213576534703,13512.770609155581,8910.389088371994,eval,0.46061111111111114,0.14165763888888888,158.8199369731366,460.58949002472417
2025-05-25,6,35631.220491310974,1264.3824472308788,0.0,0.0,36895.60293854185,9573.811323565078,eval,0.46305661375661383,0.05378878968253967,466.65485147003085,994.3990289724358
2025-05-26,6,33774.63888835176,6725.0953767661795,2706.0739614740596,949.47539937943,43205.808226591995,9725.343778763296,eval,0.4629507936507937,0.06794087301587301,106.16125377820963,376.6684353748936
2025-05-27,6,33573.0008593642,4502.156499479422,1625.430626718064,612.5383635517521,39700.58798556169,9366.555463694835,eval,0.4636439153439153,0.05648501984126983,335.8253586896084,931.0792496572464
2025-05-28,6,36028.605295764835,942.4416885022684,4009.734262789161,1595.0029239185806,40980.781247056264,9319.43468015948,eval,0.4635322751322751,0.06529027777777777,430.3429479605029,1145.3630976451798
2025-05-29,6,34381.73994993807,5833.355539940911,1792.908058866759,450.3704344190595,42008.003548745735,8536.003351392856,eval,0.46291746031746034,0.07312767857142857,297.2341364223099,664.2051960368494
2025-05-30,6,12261.713317925118,1093.4003725876098,790.0633528117723,286.2282638950079,14145.1770433245,9638.741673238697,eval,0.46268571428571426,0.13248045634920633,45.65260411863312,91.74730020713491
2025-05-31,6,11690.627776108711,69.956364442891,31.580968810200268,15.834027982050774,11792.165109361802,7849.966195988368,eval,0.46082857142857137,0.12931041666666665,152.64636914447956,282.02412788993126
2025-06-01,6,51482.12477400323,3171.8243179515803,13176.218180832204,2343.6303741457223,67830.167272787,5118.399261696021,eval,0.4579656084656084,0.12338293650793651,174.80097889877737,533.3107039278113
2025-06-02,6,53466.31361000224,-2065.8762206423617,25889.96881523986,5881.768010415501,77290.40620459974,5963.909230248931,eval,0.4640201058201059,0.10458065476190476,234.14300302806436,568.6120146930683
2025-06-03,6,46631.79208491124,5258.818759901373,3063.4521068389295,624.0411822985055,54954.06295165155,4012.1788584652663,eval,0.4677211640211639,0.09143849206349206,449.1955253924413,1357.2983503526596
2025-06-04,6,59952.63698621192,-5125.8701441938365,14403.126787512174,4288.333452144912,69229.89362953026,4758.09690606235,eval,0.4732343915343915,0.08982579365079364,547.3725191444762,1621.0511515989406
2025-06-05,6,52514.90200874969,4970.022435274042,7709.594813617666,1729.158305472582,65194.5192576414,3752.9019021303243,eval,0.47868888888888894,0.09041875000000002,132.33105412773833,416.443259067647
2025-06-06,6,15211.017070879612,1501.375321335243,12747.735847332398,3369.048403901641,29460.12823954725,1202.8437658865375,eval,0.4831148148148148,0.09393392857142857,280.17328396454184,560.0232941672047
2025-06-07,6,19370.550049951085,-52.308434226544875,10562.755804649696,3219.4802965291155,29880.997420374235,2170.143011289335,eval,0.488226455026455,0.10546755952380953,405.31560187916386,818.0116270661732
2025-06-08,6,49638.52818921114,1160.4585068951978,3555.1477357216745,1178.2954721747658,54354.13443182801,2451.111311957512,eval,0.4940502645502645,0.041805952380952374,144.86544557912663,384.7583672758477
2025-06-09,6,57251.50624971292,-1143.220095524354,6115.8385035135,2159.104543238922,62224.124657702065,4643.8462140818865,eval,0.49194285714285707,0.059196924603174605,146.78579647242572,407.6163879954123
2025-06-10,6,53269.21410914109,1572.3124566050656,6604.74115303191,2462.642194730288,61446.267718778065,4744.1481291617565,eval,0.49467671957671955,0.054851289682539675,114.00309593762681,297.45385011249607
2025-06-11,6,54071.64907612151,4418.55588245262,728.121790045128,329.2345274878765,59218.32674861926,3286.983738785214,eval,0.4949894179894179,0.07027430555555556,447.13002650546343,1363.818264429318
2025-06-12,6,54885.60898922814,1845.1924155952756,4521.386756020881,1336.5197683568608,61252.18816084429,4573.378841480734,eval,0.493605291005291,0.06014662698412698,77.82106180499063,266.6994312418593
2025-06-13,6,21740.57278953099,-434.87680783546705,2211.5249609010198,779.8577814898927,23517.220942596545,5202.836195412217,eval,0.4940063492063491,0.12945714285714283,59.28374753952039,132.22459914534244
2025-06-14,6,20882.318549495874,639.6396567548744,781.9713404722031,538.0771803267371,22303.92954672295,5302.158370251172,eval,0.49208888888888885,0.133205753968254,81.93346152732924,393.07008360702844
2025-06-15,6,48821.42583602662,9109.768809353494,1974.55418688709,746.8820219501229,59905.74883226721,4567.965264341617,eval,0.491184656084656,0.05559444444444445,220.0553845364318,617.2714499497937
2025-06-16,6,53364.79010877046,6545.240573762247,1887.6589327331262,728.7437499059989,61797.68961526583,4350.992630496774,eval,0.4913518518518519,0.05662182539682539,196.79470013040554,554.2237634437354
2025-06-17,6,53675.76870457086,6357.167889827533,3328.5130850299047,932.73096671282,63361.4496794283,3732.4871988012733,eval,0.4900539682539682,0.060974305555555545,347.9205872613952,1090.9243711321892
2025-06-18,6,53703.41345100755,6237.8388579735565,1239.7723395408848,560.576029847788,61181.02464852199,4441.692925858898,eval,0.4900798941798941,0.05118859126984127,903.8833828432314,3095.3594549511554
2025-06-19,6,51254.53018896922,484.0006868258653,6403.738150335065,2149.4868885529004,58142.26902613015,3434.3426823644722,eval,0.48885185185185176,0.045914384920634904,275.0482934223355,688.6630635098553
2025-06-20,6,17739.79026508519,314.7504345582072,129.63551900467192,42.57687889882148,18184.176218648066,2962.0759107319036,eval,0.4883619047619047,0.14658918650793654,144.47052516627576,302.19900135720883
2025-06-21,6,17320.505636598362,656.0986773456239,751.2813483478023,260.58905961367503,18727.88566229179,3588.865825986737,eval,0.48837142857142857,0.15586805555555555,165.73980525609454,315.97349465999804
2025-06-22,6,48518.94302444734,5712.8481046374,1170.5052131036732,379.07897926220267,55402.29634218841,4410.336040668914,eval,0.4900412698412698,0.052723710317460336,203.9855446085259,672.029223131238
2025-06-23,6,50639.5475684946,4484.429106133621,1592.813234355995,573.9600751065676,56716.78990898421,3572.539013605254,eval,0.4902835978835978,0.051532738095238104,232.7906731239324,708.8746668398032
2025-06-24,6,59018.49473076831,2912.814544506651,7065.207097455931,1927.1256744464322,68996.5163727309,3156.162322068374,eval,0.4880671957671958,0.08572896825396824,835.6678753629079,3092.5890077670715
2025-06-25,6,51030.914856824114,2681.8681597466907,6017.423584650049,1758.9407857997187,59730.20660122085,3474.5062974461516,eval,0.48677460317460314,0.06070049603174605,384.7719539635836,1216.5058837040283
2025-06-26,6,48411.975149666825,4401.200611084996,1910.9086516826687,606.7199657122703,54724.084412434495,2189.741781403392,eval,0.4849857142857144,0.05231666666666668,538.5172505218186,1569.7425847826087
2025-06-27,6,16593.188550820803,330.73584099289565,267.5596376981069,97.9395160368219,17191.48402951181,2161.4584916871463,eval,0.4852132275132275,0.1529569444444444,110.55798311669587,222.95327706315462
2025-06-28,6,17310.982661298753,1299.2914490363469,538.44698704008,186.59951243917823,19148.72109737518,3202.0695779882526,eval,0.48595238095238097,0.13287559523809525,93.66469114959756,203.4914623518691
2025-06-29,6,50263.13992264008,3025.082876390164,8988.245994278253,2811.307813347993,62276.4687933085,4819.934684544662,eval,0.48521375661375665,0.06161785714285714,314.1384669997153,1106.7796398989187
2025-06-30,6,50268.87352565478,2224.2597982285392,5328.461861698523,1786.5123725806156,57821.59518558184,4427.696818859946,eval,0.4843613756613756,0.05708224206349207,653.1970027851276,2064.200916685252
2025-07-01,6,47223.75379215245,4821.699129695733,49765.550784742256,12528.669436375261,101811.00370659045,1200.0,eval,0.4844359788359787,0.13195694444444445,466.1288223552262,1527.842553026708
2025-07-02,6,61339.08281840832,1232.3572636320232,7455.328274455816,2805.152766531687,70026.76835649616,5256.5919822458545,eval,0.4933005291005291,0.11039176587301588,128.0144661895437,451.9793928509372
2025-07-03,6,64472.00385753223,6601.555626335269,375.20653373521964,96.53619439418662,71448.76601760273,3724.3002831438557,eval,0.5060111111111111,0.12684484126984127,499.74258619623015,1702.2835914780765
2025-07-04,6,21855.061625304,1722.4255817726737,5102.266199416418,2239.24532559187,28679.75340649309,2287.6985232469056,eval,0.5153592592592592,0.11194771825396825,182.07966104499644,899.4425465641121
2025-07-05,6,22753.670359807504,972.9894483701772,6074.016984821891,2784.0334822859877,29800.67679299957,2552.529084549007,eval,0.5274714285714286,0.11839930555555557,366.50204334392373,823.0618115794892
2025-07-06,6,65504.537234195086,10212.534663137685,2239.90087372349,528.8743607665464,77956.97277105626,6065.052110659081,eval,0.5372047619047619,0.08999910714285714,1472.0218419890975,5491.977684924279
2025-07-07,6,64912.733941587714,785.8051253988579,2260.2609257288887,421.20784357469495,67958.79999271546,7317.811968102022,eval,0.5473555555555555,0.05812222222222222,412.3105021496787,1118.7304551733166
2025-07-08,6,70835.20462267593,-217.27130278884147,5959.341029667493,1643.1291331290302,76577.27434955459,8598.2943250784,eval,0.5587777777777778,0.058243452380952396,214.5259793422202,614.0430397763807
2025-07-09,6,62828.98197359589,437.45730881047285,1.2914824765175582e-13,5.684341886080802e-14,63266.43928240636,4724.297000232813,eval,0.5591915343915345,0.05439107142857144,306.14454626318513,913.74244885517
2025-07-10,6,62556.775684690154,3659.958204095737,6784.077679090518,2648.8348923771628,73000.81156787642,4741.036453897949,eval,0.5586772486772488,0.054364880952380935,1161.1656828288785,3773.512971497722
2025-07-11,6,29235.34111714511,769.7549976528655,0.0,0.0,30005.096114797976,4765.242454280705,eval,0.5597227513227513,0.12057708333333335,204.18145443326483,407.487736162463
2025-07-12,6,28412.349787836974,515.6358204254498,447.70543677388673,194.76009954116552,29375.69104503631,5114.933980574538,eval,0.5568894179894179,0.13618839285714288,159.65461250694847,549.6629168432543
2025-07-13,6,60579.73370294832,-2388.2293710913004,4024.9674628357725,1662.073701145898,62216.47179469279,2047.743369351301,eval,0.5542185185185184,0.041224206349206344,428.1159492222964,977.3917567811031
2025-07-14,6,56476.43069794463,2217.4284968383054,5332.97683161186,2006.7855571751475,64026.83602639479,2140.5337377309756,eval,0.553584656084656,0.05352638888888888,160.1515398963539,422.362566362522
2025-07-15,6,62516.26820152976,-462.5800708164652,7597.996175248467,2562.983654720795,69651.68430596177,4348.32888111789,eval,0.5519074074074074,0.056671230158730164,143.9998468880855,652.6016993156597
2025-07-16,6,58202.569983268884,-103.15337127220377,10018.830229609544,3395.1865491269186,68118.24684160623,3030.2964656898266,eval,0.5508962962962963,0.060499603174603185,398.82926797021804,1113.5388019691286
2025-07-17,6,56060.32437870323,6911.5383754472705,5149.228296722587,1615.247817007385,68121.09105087309,1560.9345906324024,eval,0.5489566137566136,0.06076279761904762,220.39143229484316,600.2212853551198
2025-07-18,6,24447.51541342634,1408.4799045011857,361.36761550243773,203.91926668305592,26217.362933429962,2119.555300366677,eval,0.5480772486772486,0.12729186507936507,121.71329043584402,284.4191658948018
2025-07-19,6,26659.572047646387,-101.00237279059755,2881.0446263046592,1270.626762855473,29439.614301160447,3497.556169401663,eval,0.5443116402116402,0.14050218253968252,326.2195214817299,1191.8668082675645
2025-07-20,6,57408.62482270182,3571.545535519265,2688.8387170535816,980.2858407258104,63669.00907527467,2480.323669914355,eval,0.54460582010582,0.052711309523809514,428.21508254169686,1349.8476910984707
2025-07-21,6,63194.51448804686,349.20831878107316,7634.785012781054,2513.195368903908,71178.50781960899,4438.263407348673,eval,0.5451343915343916,0.060835912698412695,1458.4260107416696,4751.685780293134
2025-07-22,6,57359.64908298082,12695.595312755986,632.3100974542754,130.40638796049655,70687.55449319108,2761.975794982925,eval,0.545147619047619,0.06037936507936507,184.53650698486214,517.1004025951179
2025-07-23,6,65725.51922222823,-3046.9742827784576,8790.485301918157,2751.4165210935907,71469.03024136793,2436.227541356006,eval,0.5449640211640212,0.05883283730158731,79.9883985139712,193.18431621103568
2025-07-24,6,65783.93352604214,-498.7739325389176,1413.158371292873,542.5294258568687,66698.3179647961,3921.1742131855553,eval,0.5448121693121694,0.06357916666666667,841.0026366438009,2671.8835331154532
2025-07-25,6,23359.706148283876,343.2557588685538,392.5777442871663,116.26891402260682,24095.539651439594,3020.184767856339,eval,0.5435994708994709,0.1443975198412698,229.26523160851767,953.0775769838922
2025-07-26,6,23885.980264014564,1137.1565095790913,967.0484013154967,452.71589074174096,25990.18517490915,2859.321161877332,eval,0.5449671957671959,0.13273253968253967,281.6424017863997,666.4350087991784
2025-07-27,6,59563.069389945806,1331.6039359102713,10631.348650645088,3375.290522287847,71526.02197650117,4191.066994423404,eval,0.5453116402116402,0.05910079365079368,441.63306890061995,1075.9730262727012
2025-07-28,6,59179.31566948868,5215.053334708681,7175.020872163052,2149.1350020748823,71569.38987636041,2066.216794172021,eval,0.5448328042328042,0.07113144841269842,104.07900205060398,292.75612754945337
2025-07-29,6,61908.91314319782,5206.1246648716515,1866.2809449403746,664.6717820730976,68981.31875300984,4358.341121992682,eval,0.5418460317460319,0.06545148809523808,555.4714202499532,1735.339609122615
2025-07-30,6,52719.92827614921,11616.14035775572,4227.078185779155,1145.279323636376,68563.14681968409,2004.97530210958,eval,0.5421238095238096,0.060412301587301584,120.00378474776801,290.6968881747705
2025-07-31,6,57313.926513548926,5443.061053916152,11864.794527144299,3197.6398825240562,74621.78209460937,1693.4751231187342,eval,0.54485291005291,0.06224007936507936,393.33767793951563,1234.664091019249
2025-08-01,6,23588.200478861614,563.6978735468891,1228.7662099995187,590.4733019983047,25380.66456240802,2999.3401380873506,eval,0.5448312169312168,0.15951646825396829,164.8391152326479,825.0764877630445
2025-08-02,6,23193.16389568038,372.0584998177061,703.8883450587739,222.26067184426526,24269.110740556862,3476.6044307006787,eval,0.5471201058201057,0.1623127976190476,115.20049710644855,310.6228066370655
2025-08-03,6,48667.42366414111,4862.199044373576,8994.887801767547,2336.3738433872204,62524.510510282234,1957.135039064838,eval,0.5456243386243386,0.038464781746031754,284.22988106955336,657.4157455846318
2025-08-04,6,53744.301522834015,4446.551370274799,3327.992186310046,1369.7952151436289,61518.84507941886,3268.856144885736,eval,0.5430841269841269,0.04194801587301587,307.2259559017245,710.9423693334257
2025-08-05,6,51214.017541368376,5367.0477180594135,3747.0014127565896,1523.8023405038089,60328.06667218438,2941.759900069111,eval,0.5429597883597884,0.04200029761904763,309.8602866457084,808.3216017448005
2025-08-06,6,58141.941765398486,1637.3753341596623,8757.353956112827,1959.1439825124453,68536.67105567097,2512.915921753187,eval,0.5435121693121694,0.05984315476190478,205.532209166843,513.3067163667408
2025-08-07,6,58145.616198788906,-573.5722161543563,8413.364423660294,2186.8809882937453,65985.40840629485,3307.843505575999,eval,0.5399597883597883,0.04719950396825397,12.939078068936828,39.660568965345654
2025-08-08,6,22761.237624045338,528.5888319826324,46.08976303027784,16.86211183432015,23335.91621905825,3572.2061300779487,eval,0.539568253968254,0.15493184523809525,93.26264130703179,418.6130150865623
2025-08-09,6,22379.879684941327,479.5426449027208,923.2745287625119,277.7203940163281,23782.69685860656,2714.565183637167,eval,0.5350746031746032,0.13665803571428572,40.45126574741947,92.8374350154644
2025-08-10,6,55477.1860606267,1523.6737924398626,9759.356388820512,2742.4553192634885,66760.21624188707,3222.616604843255,eval,0.5341761904761904,0.06310555555555557,647.5207307259964,1669.894908250637
2025-08-11,6,49269.45258964657,3874.825514953344,3310.937888945269,917.6980173906277,56455.215993545185,2594.9595373481657,eval,0.5368137566137566,0.06005694444444444,923.0732262763886,2648.242716017859
2025-08-12,6,58003.28052511357,2519.961273340102,2064.3962949591078,742.0628386140063,62587.63809341278,3586.3833444664774,eval,0.534441798941799,0.07173214285714286,179.95572215042225,897.511291737045
2025-08-13,6,50285.206725358876,2995.637867398067,8611.288705083929,3238.142210712752,61892.13329784087,2192.6875299189087,eval,0.5319222222222222,0.0647202380952381,219.04868397841256,554.4312638902527
2025-08-14,6,53598.41888368245,4674.641311876724,2939.1667623425215,899.544425114146,61212.226957901694,1944.3194717305853,eval,0.5337687830687832,0.06522271825396825,319.18651517289067,753.6954997300643
2025-08-15,6,23097.515229253528,859.7122239059745,355.9869802030026,139.6316310651522,24313.214433362507,2404.4552804064156,eval,0.5322592592592593,0.1402267857142857,211.99544330539734,794.3296454260976
2025-08-16,6,23698.186686878682,381.74512354923064,1025.0157668263505,339.2489594473641,25104.94757725426,1876.7269009350637,eval,0.5321359788359789,0.1459686507936508,80.75524333544656,172.14743093875018
2025-08-17,6,56252.60097257748,1730.0379684502568,3268.076707040746,786.2885708900185,61250.71564806848,3801.157093505166,eval,0.532784126984127,0.05481686507936509,369.89202101278653,854.2229554802541
2025-08-18,6,51868.00987111369,3098.1448919816758,3383.2168346644476,1405.2092536706434,58349.37159775981,2144.076596028518,eval,0.5283423280423281,0.059799702380952384,149.5473423538994,338.5534625657854
2025-08-19,6,50790.347224885554,2548.7251407859812,4529.572340031521,1480.058710060419,57868.64470570305,1780.0031135666875,eval,0.5330116402116403,0.053927380952380956,548.7408701722384,1466.1254006921995
2025-08-20,6,60179.39820505309,2275.932016360418,9591.730899887936,2957.9474637348285,72047.06112130145,3458.317763043218,eval,0.534589947089947,0.07831785714285716,194.1656079341504,640.6761852832168
2025-08-21,6,53324.590752240074,661.6435880550447,3341.9397283237013,1223.7976060553708,57328.17406861881,1821.3593956515872,eval,0.5333031746031747,0.05832400793650795,602.1519242833014,1576.7426552118072
2025-08-22,6,23523.085835423153,676.3736258757356,2542.6065772386273,1008.6340812225494,26742.066038537516,2962.587633682057,eval,0.534010052910053,0.13174890873015874,840.4064826083643,2649.92425150528
2025-08-23,6,22889.504281048004,1538.4894875657849,1021.6840359281871,540.9143641395312,25449.677804541978,4524.747935800571,eval,0.5386126984126984,0.13412797619047623,306.7304796158415,845.8518725852642
2025-08-24,6,52807.62255012008,3025.3090673525494,6088.407330497366,1678.3114613616212,61921.33894797,3802.1214460961764,eval,0.5376772486772485,0.05130654761904762,206.80536393132084,559.4942756997032
2025-08-25,6,67338.80131652715,-2978.134567781658,1719.2015218430183,693.4076528685061,66079.86827058851,4304.196686801098,eval,0.539321164021164,0.06873551587301588,319.32619248632943,809.9454103243052
2025-08-26,6,52367.51522041596,3726.0250926689337,6116.948966473554,1982.3210345374198,62210.489279558446,3696.234559532589,eval,0.5367968253968255,0.0552484126984127,185.8815588879501,739.137516111868
2025-08-27,6,53028.5866187567,8888.772734685404,1888.2085399744774,363.3644523208928,63805.567893416584,3198.6873766311446,eval,0.5329015873015873,0.06640932539682538,300.6005697000502,884.5995959079977
2025-08-28,6,51699.31152531945,10205.856590829297,9710.505009054319,2887.7869621692557,71615.67312520306,2692.091275942018,eval,0.5276857142857142,0.07400505952380951,817.3175613223149,2714.0355983803947
2025-08-29,6,24369.54676356158,380.4879247781261,1587.6595613943177,496.00437330892976,26337.69424973402,3033.314916959816,eval,0.5254931216931216,0.13391428571428574,238.8425306560236,774.4565802774453
2025-08-30,6,23210.008888113894,579.0979723037531,285.71716505707104,111.46123089131838,24074.824025474718,2634.3086143262162,eval,0.5221100529100529,0.1447313492063492,182.0614254154895,516.5059729881104
2025-08-31,6,53179.39029401043,4000.084653180568,4978.56761316749,1788.4120544812577,62158.04256035849,3340.248163862371,eval,0.5222767195767196,0.05793521825396827,561.0568275468711,1580.5378314524053
2025-09-01,6,51093.25060387356,-1438.071766738839,2.4755308913881893e-13,1.1368683772161603e-13,49655.17883713472,6394.528070242848,eval,0.5190936507936508,0.0746608134920635,624.0070177009718,1724.61049442947
2025-09-02,6,42501.72688722976,9525.578863094057,0.0,0.0,52027.305750323816,5984.411399205857,eval,0.5097936507936507,0.06440228174603176,306.93097540486315,622.7965402043825
2025-09-03,6,39695.74112848991,302.623811190708,3577.107102826184,1438.5765355261271,43575.47204250681,4221.140457481139,eval,0.5022063492063492,0.056388194444444456,214.6432723262793,840.1742211918748
2025-09-04,6,40289.03513267156,1895.0082447526668,10748.726930771929,3093.4912506856417,52932.77030819615,3152.0839033082675,eval,0.49613544973544976,0.05663809523809524,322.18939335136423,831.2292403788831
2025-09-05,6,18750.72581411793,397.84975423859726,208.0291208043319,141.85841297476816,19356.604689160857,6567.411810135196,eval,0.4847788359788359,0.18270644841269842,215.98331336114953,533.86168921391
2025-09-06,6,19873.14157965649,-631.6815622497874,0.0,0.0,19241.4600174067,8159.379976371877,eval,0.4751486772486771,0.16088849206349207,143.86535631982548,373.63995103011143
2025-09-07,6,38214.53677309941,5408.184367785118,4367.43952131168,968.4446939763421,47990.16066219621,7434.820395569796,eval,0.46505132275132277,0.05513392857142856,268.1854794508612,1035.1178216403473
2025-09-08,6,41378.667006643125,1507.4414170770165,6171.478173490295,1742.6558095127143,49057.58659721044,5482.25628930134,eval,0.4547777777777778,0.07713531746031747,54.36143875763336,116.2236459776854
2025-09-09,6,36674.40158252609,5380.873963476361,9761.16098743296,2412.41735225949,51816.43653343541,3532.972824661667,eval,0.4537338624338624,0.05490009920634921,103.55709336030739,314.7999113756062
2025-09-10,6,43377.387795833536,2100.7611403805704,7926.404629053091,1954.8300622948036,53404.5535652672,2850.0238948080105,eval,0.45248624338624344,0.08075823412698412,361.44666524587194,889.1597465308639
2025-09-11,6,45013.36634505431,1651.9039589820068,8797.140934578492,2456.0475276510615,55462.41123861481,6476.064102460749,eval,0.4536740740740741,0.05342291666666665,277.1084280585459,586.1587369867369
2025-09-12,6,15990.508667068054,-16.11607186907382,1160.5053620464262,371.76961249710706,17134.897957245408,7008.240217199259,eval,0.4556820105820106,0.13119454365079364,70.09009383158991,160.5760355327776
2025-09-13,6,15231.209438792781,15.161389385130931,599.1916621623579,186.8198578127078,15845.562490340271,6459.383058528247,eval,0.4548952380952382,0.1423347222222222,329.89508692196125,1030.871009532873
2025-09-14,6,46068.161022947716,-1216.4747269335016,3383.183489337419,1410.7210027146002,48234.869785351635,5142.456051222895,eval,0.45539894179894175,0.06920803571428571,182.54597273975136,415.1623289805666
2025-09-15,6,40446.44279408602,3017.6491976243456,8272.271102257773,1882.9468451766575,51736.36309396814,6150.5837203522715,eval,0.4588497354497355,0.053628869047619064,218.93055050393622,733.474110560531
2025-09-16,6,46873.05843193284,1596.095769807026,3112.579967984462,645.9382026592086,51581.73416972433,6215.231467286969,eval,0.4610449735449734,0.07089543650793652,282.07345759998003,675.481093833922
2025-09-17,6,44191.98442904415,2296.025945383227,6950.68316387681,2322.562271379129,53438.693538304185,5803.087305097286,eval,0.4610513227513227,0.06790843253968254,92.01898719989148,248.86408034775778
2025-09-18,6,41235.799094416354,8501.438955941834,2489.4712330683988,821.5545317043295,52226.709283426586,7440.846075255725,eval,0.4600402116402116,0.0625863095238095,428.79825765060406,879.9231916228455
2025-09-19,6,14770.461641766806,1009.1534315724732,631.6541188084708,432.6251179318024,16411.26919214775,6024.251065272446,eval,0.4592555555555555,0.12201220238095238,57.6865894292355,129.12459696601223
2025-09-20,6,14609.714494324422,352.40121771745333,791.0066889111537,263.0587262198804,15753.122400953029,5049.031537393022,eval,0.4596407407407407,0.13063968253968256,114.09528632839574,256.79852194715164
2025-09-21,6,44251.33640373669,1935.8683919366745,844.7259928637316,349.5554373212258,47031.930788537094,5197.3007260453405,eval,0.45711111111111113,0.0577920634920635,609.2469411352383,1794.7660583545153
2025-09-22,6,46548.99531845769,-505.9951761124974,5881.931541860057,1940.6927153651554,51924.93168420525,4175.491952637435,eval,0.45738201058201056,0.06337777777777778,477.6918366483188,1175.298595593285
2025-09-23,6,46580.76928275075,515.6499875999302,8413.49976038504,3111.552504829439,55509.91903073572,5662.391187447822,eval,0.45644285714285715,0.06235724206349205,231.72968976790762,662.6615316857249
2025-09-24,6,41894.10250086729,3605.9214210101595,9579.346709568492,3515.043182635571,55079.370631445934,5850.529391336658,eval,0.45619894179894177,0.05537301587301589,203.03769453768822,509.59065488584974
2025-09-25,6,42544.75364971845,5243.297206407706,153.0065600275889,33.46808162596645,47941.057416153744,5289.402755493593,eval,0.45510264550264545,0.05815853174603176,218.01653894552268,556.6629226827381
2025-09-26,6,15001.953083895642,87.59319266883719,386.670038889517,245.37166895630787,15476.216315453996,5663.135860167629,eval,0.4564396825396825,0.1317858134920635,166.02885853712885,312.0692031607327
2025-09-27,6,15713.017936253334,535.5442550210764,1998.9039473521875,591.2952021916319,18247.466138626598,5851.62504849352,eval,0.4554481481481481,0.12588640873015872,73.00993142089023,141.44423896832623
2025-09-28,6,46911.67958628702,7219.953346453029,1944.894112857695,582.3036266041003,56076.52704559774,7196.409179864448,eval,0.4580169312169314,0.06590555555555555,175.79445508777536,597.6836314579448
2025-09-29,6,45912.53930219624,-741.2610035706377,17500.54727124455,5074.998024735126,62671.825569870154,4631.098238406872,eval,0.45696719576719586,0.06140644841269841,499.78358631346936,1329.656300804223
2025-09-30,6,46495.35251294158,5005.700686661208,9268.411915683395,2802.0852977245495,60769.46511528618,3552.994395912921,eval,0.45684920634920634,0.06992966269841269,375.326418546416,881.9360913650929
2025-10-01,6,40741.29734800683,4937.698923553932,2546.969466025136,508.71388915746206,48225.965737585895,7263.776502050361,eval,0.45616772486772483,0.039295039682539695,763.0908442890806,1734.5437241031013
2025-10-02,6,44110.25275596364,-2089.6262144878874,2288.461983957445,495.6392222450396,44309.088525433195,7460.9676630653785,eval,0.4568978835978835,0.032451984126984135,160.96528783208356,469.2673262927339
2025-10-03,6,13444.347986667955,26.955006116467327,140.1701387611323,45.58046794800521,13611.473131545556,9350.442234924803,eval,0.4547063492063491,0.16259980158730158,70.71200405075476,130.25582962245886
2025-10-04,6,14944.73332355964,59.65341522869939,0.0,0.0,15004.386738788338,10258.731836145425,eval,0.4541507936507936,0.13008789682539681,122.92045795537334,240.49659958615047
2025-10-05,6,41568.898759342075,-869.6604913742731,1694.6273106497351,982.9931624753369,42393.86557861754,10322.012459382788,eval,0.45254021164021163,0.04299374999999999,331.5733306742393,813.3525259532555
2025-10-06,6,38814.98595824279,938.5672534034595,8943.739482095383,3651.8914321528882,48697.292693741634,9489.336837283441,eval,0.4534867724867725,0.06301359126984127,127.34496854776549,298.4350064293835
2025-10-07,6,40492.130138259614,1525.88442757341,6463.04403467078,2084.537287113178,48481.058600503806,9978.070313541692,eval,0.4544164021164021,0.06308789682539681,511.9570647169788,1240.688516448698
2025-10-08,6,35914.3411677376,1590.811390871354,11375.94225706871,3267.761756309547,48881.094815677665,9270.033268963327,eval,0.4559920634920635,0.06135753968253969,181.0570383118737,538.521970289729
2025-10-09,6,43047.85507429544,-2705.2853996419312,8867.858540199535,2788.2979710214654,49210.42821485305,8561.069206314307,eval,0.4563306878306878,0.05656775793650794,546.4551603747542,1602.2410765405289
2025-10-10,6,13995.175186044537,-384.35468148600955,802.6139690308321,253.9460154584233,14413.43447358936,9356.52276637626,eval,0.45994656084656094,0.14748065476190475,146.94009120125625,420.6892235776277
2025-10-11,6,12984.864223023098,278.4505145943906,248.2342641814857,193.8590641023721,13511.549001798974,7237.129340679825,eval,0.46068095238095247,0.12280039682539684,204.8867087247877,469.5601247932371
2025-10-12,6,37775.08976152046,2738.1255488519605,9857.389732906191,2211.9407427092747,50370.605043278614,6752.50629843026,eval,0.461131216931217,0.06516180555555555,285.12710988414585,713.1917772498656
2025-10-13,6,39819.75916055233,1773.9345336030533,6879.30459599022,1334.9910472392544,48472.9982901456,6111.484693578988,eval,0.45852380952380956,0.05917490079365079,308.46823193743614,752.1906669926112
2025-10-14,6,44280.95986612077,993.3263647643271,16907.906585360248,5086.497027571123,62182.19281624534,8103.839558630196,eval,0.4581238095238095,0.0689347222222222,307.6370671673117,872.0671127330563
2025-10-15,6,48583.66854704867,-1332.2935537430144,10091.687581477234,4161.398450471466,57343.06257478289,10051.08780712637,eval,0.45811798941798937,0.06890605158730158,1104.082105973549,3579.4451927033906
2025-10-16,6,44432.154306487166,2035.0144204753467,7043.253715620935,2033.0583137687277,53510.42244258345,9940.966918652533,eval,0.45952380952380956,0.07472202380952381,170.41270732198535,610.1269043470882
2025-10-17,6,11428.941449133632,1400.3730155046323,332.4129108926304,242.58482709337238,13161.727375530894,5927.291376415959,eval,0.45673597883597883,0.12654365079365076,60.17635344705095,115.47502067569155
2025-10-18,6,14349.173858891521,240.5266766668525,261.617167360813,68.86460262107734,14851.317702919187,8668.93152067587,eval,0.45554232804232797,0.13748154761904763,57.44805818074817,131.01943460974513
2025-10-19,6,44040.26894681366,3006.6091319703737,8206.636771281333,2631.373571479769,55253.514850065374,5220.95866382975,eval,0.45466825396825394,0.07284196428571428,674.2947168909099,2029.9956563123912
2025-10-20,6,50164.79462460679,1071.472295831852,5059.231531441077,1626.93011037123,56295.498451879714,9291.747949078534,eval,0.4561402116402116,0.0666800595238095,304.18164041069855,1007.3255137437955
2025-10-21,6,46941.91806618281,3106.329695672278,6214.569806493854,1825.7028512730262,56262.81756834894,7886.426909989495,eval,0.45551640211640204,0.07285813492063492,246.23521922923373,906.746764568358
2025-10-22,6,47811.0993680127,685.8379648902331,10018.10551855299,3078.8593507512433,58515.042851455924,9830.676742629854,eval,0.45409947089947084,0.0655810515873016,121.32349205229252,450.57519979867504
2025-10-23,6,52424.460151587155,-5272.408950864632,13102.009668421239,4885.447713182231,60254.06086914376,9848.84718431619,eval,0.4519735449735449,0.05451259920634921,418.00845386085575,1496.8269173975184
2025-10-24,6,12604.07338396736,38.472306077433856,1249.4941110990276,369.15750990295163,13892.039801143821,6310.6998806436295,eval,0.4522888888888889,0.1347780753968254,322.55328055584835,1130.6315299352625
2025-10-25,6,14530.249286722701,-7.10133462831709,621.767502855367,420.10902871225636,15144.91545494975,7565.824475385032,eval,0.4535936507936509,0.1342387896825397,380.5526597733873,990.0002134865974
2025-10-26,6,51242.85510333977,-1837.4136821162103,7258.803699584727,2134.5697551629028,56664.245120808286,7247.188503935121,eval,0.4575264550264551,0.054311011904761904,1242.078214625689,4115.511024931845
2025-10-27,6,45441.74795146691,5393.691741566259,3261.8641027771005,797.507400695671,54097.30379581027,9082.724315539683,eval,0.4582296296296296,0.05427341269841269,223.41938887781072,564.3902080048769
2025-10-28,6,44984.19202745653,3318.334962730757,8948.076609306157,2637.3667234490745,57250.603599493435,10238.588859911904,eval,0.4567074074074075,0.06113462301587301,184.15810924551917,725.8424910607479
2025-10-29,6,47220.2032884949,1918.3157182196246,5699.382403407884,1711.1333809593903,54837.90141012241,7044.0137802711915,eval,0.45729100529100536,0.07460515873015873,439.61162570668887,1539.7595356451795
2025-10-30,6,44629.832835185094,2252.391986153705,7030.675716894788,2439.5982959654684,53912.90053823359,7148.026951303937,eval,0.4577687830687831,0.059820436507936524,224.63322767809623,714.8589463129615
2025-10-31,6,15320.224190122673,-95.53843655062957,909.633717587796,274.2881047256201,16134.31947115984,9519.455507137594,eval,0.4585677248677248,0.11899275793650793,61.17239603381794,114.01215460740623
2025-11-01,6,14234.076370835273,-235.17290014809802,1015.368193500871,326.8217008910198,15014.271664188047,9516.67818111101,eval,0.45790529100529104,0.1355406746031746,67.1364869493622,197.27153191299794
2025-11-02,6,48388.34088128814,4546.066577071467,5275.878275752638,1394.1328493288452,58210.28573411224,7381.214274836709,eval,0.4531619047619047,0.06255307539682538,660.0633543121053,2120.775931610706
2025-11-03,6,53127.93567922388,-292.2297683322372,9033.714830072477,2330.1830162944393,61869.420740964124,9659.22470020255,eval,0.4542603174603174,0.06735009920634921,384.97705153483776,1884.4177789402704
2025-11-04,6,48120.53953721769,1089.7251496374765,2607.850525797909,936.7175620555013,51818.11521265308,7384.240345706715,eval,0.45506296296296295,0.05603392857142859,449.56405700594553,1184.577693486494
2025-11-05,6,54304.049417355214,-1347.840833370644,9590.883178742331,2317.05395223963,62547.0917627269,7030.830607181805,eval,0.45361693121693125,0.06390059523809523,407.18412844092524,1121.7571823264682
2025-11-06,6,53742.02590901581,3905.253658205431,8314.743698307208,2245.8921375123123,65962.02326552845,9654.011802653336,eval,0.45272222222222225,0.07077589285714286,139.34875285598434,411.4166112348986
2025-11-07,6,13837.681600328868,503.8563160465145,731.6701991608145,236.6675004746757,15073.208115536198,7990.6957914312125,eval,0.45323703703703705,0.13492529761904762,181.19612195579384,528.2548295252185
2025-11-08,6,15147.308229664755,184.72002457303364,270.86772017758165,88.55428843799069,15602.895974415369,9020.991522667091,eval,0.4548021164021163,0.13335863095238099,170.0257501863412,365.5292315943514
2025-11-09,6,53051.414181565415,-382.80837518604187,7510.3272492617925,2511.7533559416747,60178.933055641166,9266.513633586968,eval,0.45530687830687827,0.06452291666666667,266.22633621077495,961.500841132399
2025-11-10,6,54705.95507878796,3588.551637994501,3442.6914621140904,932.3650701150442,61737.19817889656,8643.671818217932,eval,0.4539740740740741,0.07209702380952382,518.4049384865829,1739.091240920221
2025-11-11,6,52594.394195587214,941.8144902862588,3121.711539967591,1151.3718109292302,56657.920225841066,7640.738456565084,eval,0.45438835978835973,0.061847321428571425,274.26791864680297,902.9518997974064
2025-11-12,6,53222.78854907327,6188.869415596839,3362.1081091912174,654.971202343747,62773.766073861334,5506.862752460098,eval,0.456368783068783,0.059277876984126995,280.96683854542795,789.841766125516
2025-11-13,6,53276.54050268173,1333.1956647325592,10986.750862606892,3296.6727767262228,65596.48703002118,9056.022979427298,eval,0.4577253968253968,0.06280228174603177,417.1836914142662,1382.5222613393955
2025-11-14,6,13728.169639696152,806.4353913760667,3848.2770795323686,1666.8875731748276,18382.882110604587,8210.577011421849,eval,0.4585322751322752,0.12905803571428573,94.00477613309549,182.25685715028527
2025-11-15,6,16241.139318898931,-218.23574568848468,695.0719680396035,213.13717220755908,16717.975541250053,8609.283271816119,eval,0.45841428571428566,0.13143134920634922,608.481620958978,1048.4943806912374
2025-11-16,6,53366.12035779223,3376.9645866832434,4419.629630147789,1449.010299806606,61162.714574623256,7052.71577490528,eval,0.4615349206349207,0.0635267857142857,345.329511588496,961.6899688241396
2025-11-17,6,50844.69352575141,5713.7700214464,5145.347605450822,1701.8370146206853,61703.81115264863,9185.387641615842,eval,0.4606952380952381,0.05684841269841269,185.70052425342038,476.177766545158
2025-11-18,6,54136.32039608831,1953.045247998057,7877.246361042688,2546.048716736564,63966.612005129056,9243.854085819288,eval,0.46103280423280424,0.06468005952380954,94.95848399590108,257.3421407982172
2025-11-19,6,54186.277020319714,6615.622780984189,2581.971005426305,474.14215132744573,63383.87080673021,7897.703477584726,eval,0.46063968253968257,0.06670198412698414,554.4474382473621,1854.4269881847335
2025-11-20,6,53461.74174042306,3164.816812285515,9044.170264305001,2231.355449847232,65670.72881701357,9213.487919667827,eval,0.46346666666666664,0.05850625000000001,356.56930318473013,1178.9645756555262
2025-11-21,6,14894.524074400599,0.0,733.1853525640927,223.59088101978153,15627.709426964691,8662.847930736134,eval,0.46209841269841256,0.13399265873015873,141.71762573923817,337.61963686269553
2025-11-22,6,15975.769278677817,736.5883871765343,710.4918385235817,242.2426081208337,17422.849504377933,8333.82096533448,eval,0.46219735449735455,0.1311862103174603,338.6638312989647,525.6074596167593
2025-11-23,6,54807.33611188235,5018.369150776095,7025.162834850562,2280.165491759716,66850.86809750901,8118.330876843238,eval,0.45973544973544966,0.06318144841269842,81.43516125180642,378.0625561448313
2025-11-24,6,52827.39333242808,2597.4544356551614,9684.841700991972,2288.561521437216,65109.689469075216,6148.602041078951,eval,0.4625015873015874,0.054399503968253965,583.2347467212759,1738.7739803485413
2025-11-25,6,64012.45454543959,348.4146940852161,2680.8661024913026,677.2839170925432,67041.73534201611,8079.602064596922,eval,0.4619539682539682,0.056656845238095235,357.7485098692262,1333.5066341945592
2025-11-26,6,57798.47056829691,4862.906348621492,3855.8287368048095,869.2073809564043,66517.20565372321,8490.57646018054,eval,0.4626455026455026,0.06532896825396824,124.75578041764042,485.79521097869036
2025-11-27,6,57313.983347946094,6334.621139876042,245.1364345174255,74.19452509466976,63893.74092233956,10299.808103383284,eval,0.45713968253968246,0.062066666666666666,766.190993900436,2558.083932895648
2025-11-28,6,14140.032589891605,376.2978702761409,1221.3547874636292,362.60225527461876,15737.685247631376,7242.778629649567,eval,0.4560730158730159,0.13732946428571427,446.7353341341733,857.1418733021374
2025-11-29,6,19665.855494153482,759.020933951752,822.330866539807,261.12877898778737,21247.207294645043,7727.12057873695,eval,0.4545058201058201,0.12166140873015872,251.16220558781401,534.3171736907209
2025-11-30,6,60357.59745783057,7501.252654154591,5125.7797623902115,1006.2471322104644,72984.62987437537,9972.898389660531,eval,0.45394126984126987,0.06886468253968255,612.5453451851993,2056.8880210742504
2025-12-01,6,64272.98065543659,1567.0823282762385,24350.550289812483,4204.4368664896565,90190.61327352532,5655.597786472293,eval,0.4505227513227513,0.1323813492063492,517.3489881638668,2388.118956482277
2025-12-02,6,72818.93563671148,1724.488272133811,17512.910986032228,4035.548964889677,92056.33489487751,7341.083311437898,eval,0.4569164021164021,0.12814613095238092,319.1526849136168,1137.9469989936024
2025-12-03,6,63565.140079184785,9631.392362675844,7977.01791719498,1779.912999598855,81173.55035905562,8764.06249762235,eval,0.46221216931216935,0.11173720238095235,48.32222286327836,227.9127049405576
2025-12-04,6,73104.00373736574,764.5355576007095,14929.24998019612,3176.72338642506,88797.78927516258,10046.750904807119,eval,0.4702380952380953,0.0942796626984127,312.3704927380069,1007.1585174003628
2025-12-05,6,18902.64079050484,2408.882706155867,4709.374226200452,1417.4520923981688,26020.89772286116,9396.689743409228,eval,0.47731164021164024,0.10771666666666667,159.58761705877328,356.66725150836675
2025-12-06,6,21779.002919566494,2806.901458824257,1037.242844430421,409.54693847818567,25623.14722282117,9503.857720460363,eval,0.4833714285714286,0.10884325396825396,376.1658017622875,942.4301741141693
2025-12-07,6,75610.87062740406,-2213.2186445140833,7782.2364947659535,2098.1902315564876,81179.88847765593,9849.671482524685,eval,0.4903153439153439,0.06802946428571427,446.6888491316893,1365.7705483179325
2025-12-08,6,75802.44151124055,542.2448462560408,0.0,0.0,76344.6863574966,10800.0,eval,0.496173544973545,0.05379761904761906,111.80577633230546,343.4243924685298
2025-12-09,6,71032.57554835887,171.28083095651903,902.3925068929616,137.74372246418736,72106.24888620836,9179.20371376026,eval,0.496521164021164,0.05510982142857143,112.9517478236721,611.5541312253441
2025-12-10,6,70703.87439725918,6476.5731569161235,5085.965048943379,870.9306350315389,82266.41260311869,9895.06793570111,eval,0.4952375661375661,0.06404900793650793,399.67506358320645,1779.8083747687172
2025-12-11,6,72057.18911290457,-947.3422057583057,2439.8244756071404,678.2673445470558,73549.6713827534,10146.013084479357,eval,0.4942121693121693,0.04928015873015874,528.4640256630626,1654.9111542736596
2025-12-12,6,21668.23429476478,1899.9146042730074,864.6874611890888,239.5618572955078,24432.836360226876,8071.179527466098,eval,0.49145978835978843,0.13132857142857143,215.70901242369737,589.7697331541276
2025-12-13,6,24116.110186605896,2499.7371314872034,502.83842053466105,229.5651136127087,27118.685738627762,8469.351254076533,eval,0.4895846560846561,0.12623511904761905,239.400723557958,506.85711869755085
2025-12-14,6,67952.95677505393,6885.089157662361,6677.84094396399,1517.199999738085,81515.88687668028,9987.504955565,eval,0.4907513227513227,0.06661597222222222,605.5145248098285,2170.3971746246493
2025-12-15,6,66984.17045372377,7558.6054605764775,8340.43984782039,2268.0890915632294,82883.21576212064,10419.380420152122,eval,0.4903571428571428,0.061336805555555554,64.19090013580194,241.8979842970501
2025-12-16,6,74719.72534611571,-529.336282543564,639.8192799493783,169.82565726235396,74830.20834352153,10249.837408962287,eval,0.48649470899470904,0.05366517857142857,183.56359735902407,711.9631422616533
2025-12-17,6,73467.199552918,-1275.640938348533,4644.169378723024,1255.1238586555996,76835.72799329249,9959.18357897294,eval,0.4864359788359788,0.052521428571428566,243.51098824423966,709.0361241184198
2025-12-18,6,71744.98289310254,3210.0546337509622,968.4144406044696,288.5977230517915,75923.45196745796,10569.165510539018,eval,0.48681428571428575,0.05642847222222221,164.81178420495328,472.52894263654645
2025-12-19,6,21121.447945295644,1496.4918518182417,2836.5731267093493,1213.9736754649775,25454.512923823237,9522.580268990032,eval,0.48897142857142856,0.1354359126984127,56.677285212716846,114.74308084079287
2025-12-20,6,25240.81690227876,-478.0520902802002,2.76543232757831e-13,1.1368683772161603e-13,24762.764811998557,9906.738378887045,eval,0.4908185185185184,0.14118660714285713,253.13638029244385,639.1654450802969
2025-12-21,6,73902.09937200262,-648.3236432903549,5573.8844138824,1471.3997675832143,78827.66014259467,9390.930589397767,eval,0.4902714285714285,0.05431170634920634,409.72502139986653,1068.4782079743222
2025-12-22,6,69520.95277847574,2033.0102844184423,12505.411726132035,3010.875835190208,84059.37478902622,9251.681408485569,eval,0.48987248677248674,0.06379097222222223,126.06362083784306,603.4888882578018
2025-12-23,6,72681.94721551087,-520.7833886522797,7724.685413273206,2074.733737509686,79885.84924013179,10491.153374198007,eval,0.4938910052910052,0.05630486111111109,259.0573798197666,1102.4173733304767
2025-12-24,6,70702.5469096677,392.4687976230684,6885.189046826399,1989.4756832671542,77980.20475411716,10392.255857550377,eval,0.4959301587301587,0.05388878968253969,64.7689343996541,274.25673286893937
2025-12-25,6,66484.60860570974,1480.694533426376,12136.829858768408,3130.7099905996383,80102.13299790453,7941.808143872868,eval,0.4942253968253968,0.05970595238095236,122.44050678297774,644.2210141852374
2025-12-26,6,22824.276685442797,3555.835444776483,1326.6006147786277,575.742401484356,27706.71274499791,10554.24952525258,eval,0.4937931216931216,0.13421190476190475,130.91132650252743,407.57242991733966
2025-12-27,6,20730.17041583752,693.4656051586412,5295.202146543408,2358.8424618105696,26718.838167539572,9766.84558907729,eval,0.4959148148148149,0.1369892857142857,534.5666587972178,1214.7952881593687
2025-12-28,6,66667.74915198646,1714.8185194454134,5301.93374112397,1282.635928147206,73684.50141255584,7996.32417762616,eval,0.4923862433862433,0.05129265873015873,587.3624096390165,2405.2665498728766
2025-12-29,6,67067.69886594896,8158.4861440961995,8598.470991284936,1601.6227080063281,83824.65600133009,10634.340441942615,eval,0.493610052910053,0.051714186507936515,362.4810544906719,1999.5546708159752
2025-12-30,6,66450.58948534957,4252.473251656989,2118.821881101284,561.5899671281186,72821.88461810784,8675.285218165103,eval,0.49164021164021166,0.0504875,305.1128078500784,1158.7783106267962
2025-12-31,6,72650.22357634458,1304.9546714580943,2581.4729479197513,598.6049561957244,76536.65119572243,9593.717634764995,eval,0.4900629629629629,0.06042886904761905,358.2207881275875,1656.0412206138626
2025-01-01,12,0.0,0.0,432888.7998430083,92035.17001666666,432888.7998430083,6000.0,init,0.0,0.0,0.0,0.0
2025-01-02,12,78170.43012215814,1354.9954710377785,7934.024479149996,1710.0565333333338,87459.45007234592,10654.339575,init,0.5328444444444443,0.038234027777777777,0.0,0.0
2025-01-03,12,56581.11496452577,-114.29579195502771,0.0,0.0,56466.819172570744,10800.0,init,0.5308481481481482,0.18821631944444445,0.0,0.0
2025-01-04,12,22661.323636313762,605.1968680226546,7559.546974207284,2956.0106183127536,30826.0674785437,10556.64123,init,0.4977197530864197,0.13456041666666665,0.0,0.0
2025-01-05,12,29536.489350514756,1480.993585019532,223791.21670068806,44657.42779156378,254808.69963622236,9185.410364999998,init,0.47875925925925933,0.09554913194444446,0.0,0.0
2025-01-06,12,74298.61283238907,527.0694802379405,14843.675977275036,2746.2684000000118,89669.35828990205,10718.956319999998,init,0.4920933333333334,0.08167111111111112,0.0,0.0
2025-01-07,12,70906.5168276184,4794.816960367358,19186.155138025068,3690.5044333333567,94887.48892601082,10710.055154999998,init,0.4989623456790123,0.06666828703703703,0.0,0.0
2025-01-08,12,77447.28852588077,-2024.8148540119319,13067.339749031325,2696.2596673333323,88489.81342090016,10757.449425000003,init,0.500173015873016,0.04950793650793652,0.0,0.0
2025-01-09,12,70476.65945150494,3564.8746977246337,15163.661387291995,2959.9879833334285,89205.19553652157,10747.30257,init,0.4981608465608466,0.05736785714285713,0.0,0.0
2025-01-10,12,58718.21292861934,-1679.9425225693262,0.0,0.0,57038.27040605001,10800.0,init,0.4987703703703703,0.13991765873015874,0.0,0.0
2025-01-11,12,22238.07230175298,798.0398939150863,6501.659222342838,2372.489223456817,29537.771418010907,10399.662464999998,init,0.4961656084656085,0.1352948412698413,0.0,0.0
2025-01-12,12,31141.352784053597,-194.53805535795297,222738.51761177887,43831.90245226337,253685.3323404745,9087.386535,init,0.4964333333333332,0.06021696428571429,0.0,0.0
2025-01-13,12,73693.39580417331,-679.6802315605995,9060.316324408323,1905.9447833333318,82074.03189702104,10597.352669999998,init,0.49465661375661374,0.05179861111111111,0.0,0.0
2025-01-14,12,71179.69803181337,268.0650245942958,15282.06467465828,2933.8583333333227,86729.82773106595,10640.392049999999,init,0.4953925925925925,0.054164980158730155,0.0,0.0
2025-01-15,12,68555.97584692828,4909.794949133056,14249.533805200099,2776.7963666666997,87715.30460126144,10753.904564999999,init,0.4971100529100528,0.05923402777777777,0.0,0.0
2025-01-16,12,70524.47407278704,-442.1935509353848,17415.73687106491,2862.1423063971274,87498.01739291658,10603.44385740741,init,0.497957671957672,0.05244037698412697,6.738667635593292e-13,2.2021178910778683e-12
2025-01-17,12,24273.23239443557,-428.4975106135012,1704.084122427987,630.5525993175821,25548.819006250054,10764.331679713387,init,0.4971534391534391,0.14103988095238093,-9.663381206337362e-14,-2.707906787691177e-13
2025-01-18,12,25774.31049137314,-1225.9211339637163,2552.8945136055345,916.2153916314674,27101.28387101496,10726.164395539892,init,0.499037037037037,0.14380089285714287,0.0,0.0
2025-01-19,12,69242.14039719502,2500.4318219362503,6371.930042854131,1121.5047886075388,78114.5022619854,10477.851624273848,init,0.5005740740740742,0.05702936507936508,-7.105427357601002e-15,-3.8554759385078796e-14
2025-01-20,12,71050.27369026546,-453.3853617795279,11012.6024208333,2328.4920912982416,81609.49074931923,10796.447357469144,init,0.501367724867725,0.05355873015873015,7.561505194306962,34.75446885316014
2025-01-21,12,69824.89059228316,-1061.607590813925,1547.5593761538676,456.6418932292321,70310.84237762309,10798.406760928856,init,0.5010121693121693,0.044362301587301596,7.846479179959687,38.54255346417729
2025-01-22,12,71704.78056103099,-344.68303104561096,1493.0271018176036,261.9910131974222,72853.12463180297,9690.534658098879,init,0.5011037037037036,0.0640277777777778,174.8825526014004,706.4752823813291
2025-01-23,12,71481.52151021187,-700.6940228968485,22512.66919940623,4133.64374737878,93293.49668672125,10105.021794793329,init,0.5011021164021164,0.06664623015873015,2.424620835751193,5.451323174750052
2025-01-24,12,20017.907548199168,362.5549203562412,4544.569616108916,1530.5157072278037,24925.032084664323,10508.24751977886,init,0.501778835978836,0.14937162698412695,18.631351707678068,55.889798172180086
2025-01-25,12,19740.5702302512,354.0528672181314,2580.990176674184,1264.0196698302136,22675.613274143514,10502.769100765116,init,0.5026534391534392,0.15257132936507936,59.31427668125305,156.8988100860169
2025-01-26,12,76242.50892142065,-1796.0735646318694,858.1470974916743,214.48067241077126,75304.58245428046,10280.310832839317,init,0.49998359788359786,0.06394434523809525,57.20556801402142,221.39772751057166
2025-01-27,12,66300.81520153239,687.2414103524152,3997.5297837962985,978.7491162668537,70985.58639568111,10503.29866527782,init,0.49859841269841276,0.046439880952380955,75.01710845173284,291.9579335997932
2025-01-28,12,70003.80508522179,-815.1529230292315,4046.9055318995197,954.5337327287136,73235.55769409207,10258.786398690718,init,0.49627883597883604,0.058983531746031756,155.88208598102324,836.6917301855425
2025-01-29,12,63015.057103496925,-156.2938021204058,4430.463138423659,1068.4401854733196,67289.22643980019,10710.813968225637,init,0.49819894179894175,0.0435561507936508,95.61807513952803,394.1257894282585
2025-01-30,12,63645.43878925358,2635.068383596157,2344.275588780094,651.5822444126857,68624.78276162983,10315.930867830077,init,0.49724074074074076,0.055001884920634916,188.17737282499465,718.4264080379943
2025-01-31,12,18882.973771472796,541.9881374618515,3343.3144728922007,1422.4825425855372,22768.27638182685,10574.882478499878,init,0.49715238095238096,0.1351202380952381,103.94614569683968,245.30584305353392
2025-02-01,12,19497.37773505713,-609.3504650274706,736.9617210328997,428.8571377481317,19624.988991062557,10800.0,calibration,0.49730952380952387,0.1951779761904762,77.63543020659424,184.18441660611933
2025-02-02,12,63535.957605117335,-775.0020461910816,0.0,0.0,62760.95555892625,10800.0,calibration,0.49425608465608467,0.057532539682539685,81.3475408264637,228.80036225223995
2025-02-03,12,66167.45988496087,-1439.3053291032581,2025.963460276967,525.2270037397063,66754.11801613458,10701.880768788842,calibration,0.49102910052910054,0.05969831349206348,209.43403130594942,992.4219236966785
2025-02-04,12,70155.15774093839,-2384.3624534177866,1753.2307691788126,412.99564222905656,69524.02605669943,10800.0,calibration,0.48829100529100533,0.05257599206349204,88.4700743387128,327.29247188340577
2025-02-05,12,61083.03284759362,-573.5669673982904,7776.528643846954,1609.2557297899525,68285.99452404228,9931.923305381923,calibration,0.48388835978835976,0.052722519841269834,117.78088379919777,517.4028757086262
2025-02-06,12,66165.21332825482,-2280.7270390444546,5476.832645076791,1370.1265057551093,69361.31893428715,10049.807438081327,calibration,0.48334126984126985,0.05190386904761904,140.7566367561144,589.4331670980681
2025-02-07,12,18259.93569648887,-677.0412614540346,377.3057779596161,111.82458484354163,17960.20021299445,9751.900112730034,calibration,0.4790539682539683,0.1538861111111111,97.29324631564143,199.53395656664708
2025-02-08,12,14748.656891785366,523.5263145610998,7267.32247698024,2730.971294482984,22539.505683326704,9830.374410339753,calibration,0.47338730158730163,0.1459512896825397,53.14740942429927,116.99828772840783
2025-02-09,12,61688.69184362404,-174.02307193572693,2545.7394159903997,563.4187480016179,64060.40818767871,9548.806773600503,calibration,0.47297566137566144,0.058759722222222206,285.70195521619576,1055.6636372747437
2025-02-10,12,55249.00186025665,-375.41389052458,2546.2734279575934,645.1960430990027,57419.86139768967,9785.594479416926,calibration,0.4722402116402117,0.03834414682539684,307.1596916506972,1163.8670419840032
2025-02-11,12,57432.07448476835,-1929.9619658766683,9109.988049005031,1858.3576051082885,64612.10056789672,8499.864304850482,calibration,0.4720507936507936,0.04770833333333334,110.40778477582174,439.47380436594904
2025-02-12,12,58928.95047860622,-1012.8808128198258,5506.314137389256,1236.1159683649857,63422.383803175646,9402.068981067281,calibration,0.4733280423280424,0.04982857142857143,151.0454873295208,587.0428554534288
2025-02-13,12,53778.91111947327,-59.93213087484226,2917.1070937572144,905.6233280792612,56636.08608235564,10177.621701098387,calibration,0.4705460317460317,0.04360505952380952,265.84246199941,934.3058922982318
2025-02-14,12,14663.260375447273,713.3342633749912,2610.7556535248978,1329.064904008546,17987.35029234716,9824.545218813302,calibration,0.47089947089947093,0.14283492063492062,127.69827255518092,287.4088489648835
2025-02-15,12,15575.023126277178,8.789002886544298,1892.4045283396297,501.359129051509,17476.21665750335,9758.961754586617,calibration,0.4718179894179894,0.13493888888888889,279.41898380055034,531.6706710574621
2025-02-16,12,59708.96636431834,-2029.7059282447208,6341.351654567507,1517.9489466733658,64020.61209064112,9942.891505919744,calibration,0.4736047619047618,0.06151706349206349,323.3441699050493,1183.4893264498778
2025-02-17,12,58075.738977551155,-1778.3673676974117,2660.3758407016035,854.1402055470951,58957.74745055535,9966.368990020277,calibration,0.47256455026455013,0.051036805555555564,199.51283631734526,733.0706648299072
2025-02-18,12,50848.022879389246,197.8649225054207,6791.212344886655,2060.081227538829,57837.10014678132,10128.403831121965,calibration,0.47414814814814815,0.05028849206349206,58.95960735527579,156.97870241399312
2025-02-19,12,50849.44476103382,1651.3194531196527,9138.829402380567,1820.4149151894503,61639.59361653403,9773.99696694759,calibration,0.4713571428571428,0.05365218253968255,223.0886430931485,740.400202171567
2025-02-20,12,54730.65707704669,-1009.6305161363669,2191.965922551358,672.1157849437003,55912.99248346169,10400.04482056558,calibration,0.47265978835978834,0.055220932539682556,154.16138491099795,583.1502358144508
2025-02-21,12,14638.02200092925,69.01931615705631,1798.1816516387062,1158.8301968692094,16505.222968725015,10042.745959452168,calibration,0.473063492063492,0.14571785714285715,41.99731619282232,87.19366926587671
2025-02-22,12,15264.138535418879,82.15115662456748,679.0034025148336,152.4041754998785,16025.293094558281,10362.373355015114,calibration,0.47281587301587313,0.12959176587301588,84.40914813028964,201.3047460771644
2025-02-23,12,52724.88340176756,-1477.832451612746,13367.0676958039,2685.7787874493247,64614.11864595872,9816.492379926945,calibration,0.4718915343915344,0.053621428571428584,258.3685922863777,1083.3675690423165
2025-02-24,12,50900.31693094553,-706.7998319693611,6822.92576132928,2306.1169156994647,57016.442860305455,10038.147690909811,calibration,0.47184973544973535,0.04930882936507937,338.3806102387518,1135.6078101872831
2025-02-25,12,51426.961313696826,-1233.611672393818,2461.810165087859,934.1237958286955,52655.15980639087,9913.05762234513,calibration,0.470436507936508,0.041781547619047614,129.73188858702494,388.40885935355016
2025-02-26,12,46997.23238595489,1925.3209517405367,9232.284550686496,2135.130389426072,58154.837888381924,10792.950955358747,calibration,0.47081111111111107,0.05066349206349207,55.17199282129419,159.51621201246195
2025-02-27,12,45580.375481343624,555.9995582282908,7837.779151542834,2617.0199274943316,53974.15419111475,10275.512856771029,calibration,0.471189417989418,0.04860396825396824,389.2121229915249,991.3829114065796
2025-02-28,12,14062.482660287038,-115.73782420250458,2148.0639263496732,888.3838024169536,16094.808762434208,10401.937492267765,calibration,0.47052751322751324,0.13722271825396823,35.640984556324995,69.19403592311288
2025-03-01,12,15538.059332453997,-70.7537713590049,32.7095700119234,11.425339087793262,15500.015131106915,10110.945749823088,calibration,0.4690243386243387,0.13950486111111113,96.82062696153126,133.3003798806307
2025-03-02,12,54977.541244510205,-635.8067892486595,1859.278071609696,422.8586870933631,56201.01252687124,10519.814409725192,calibration,0.4657164021164021,0.06790456349206347,190.1300479093126,720.3175989503203
2025-03-03,12,56397.89102154637,-1414.9760418156197,2059.898960132765,524.570001457158,57042.81393986351,10048.790827382194,calibration,0.4645825396825396,0.06589791666666667,95.8524638548111,301.004165411553
2025-03-04,12,49487.266524355524,-190.2072322257106,8119.92179004622,2495.5180814544374,57416.98108217603,10093.566389198419,calibration,0.46330582010582017,0.05184285714285715,147.85113961462926,502.18817453214905
2025-03-05,12,48669.13380371833,-1637.2618740764565,5970.156539590744,1736.584157811134,53002.02846923262,9922.848795343569,calibration,0.46334708994708995,0.04629742063492062,162.35120527104044,563.1170791294583
2025-03-06,12,44707.62449531369,-191.44503243696784,14257.151160193833,3393.066787022224,58773.33062307056,10212.245595529193,calibration,0.458679365079365,0.04774156746031746,467.45726878354634,1686.4630790810813
2025-03-07,12,13821.093187487513,-235.68239727378054,354.1787415508984,114.76226156485207,13939.589531764632,10708.740865519188,calibration,0.45631587301587295,0.1406079365079365,111.28478509767729,226.5245710835414
2025-03-08,12,12860.190253782204,0.0,2839.596727518911,874.8314766379594,15699.786981301115,10800.0,calibration,0.4559460317460317,0.15116150793650796,34.317912164336256,89.39525749902475
2025-03-09,12,44638.40884434463,-620.6507189377769,10207.233270907935,2480.3622196560464,54224.99139631479,10792.905717767302,calibration,0.45648359788359794,0.04534335317460317,253.00792375866257,707.1107242744183
2025-03-10,12,45651.037933313804,233.0865508546408,15685.920684965206,3681.98294647707,61570.04516913365,10191.830890006691,calibration,0.45693015873015874,0.06240009920634922,39.824965811967026,101.4952122936389
2025-03-11,12,39287.968664169624,1081.035927440144,26672.602008244445,7305.523814576481,67041.60659985422,10193.513768394245,calibration,0.4566465608465608,0.05405089285714286,122.71935327760806,338.933104368568
2025-03-12,12,46415.628011818124,-1769.6728954104442,3702.909499482627,1303.3659431005194,48348.86461589031,10324.436695975124,calibration,0.45587671957671955,0.048841567460317474,371.08360661189874,1102.7480124575657
2025-03-13,12,46814.93500605665,1502.0586937119247,1693.5935688960367,472.4327074340423,50010.58726866461,9798.346135087908,calibration,0.4563804232804233,0.0678621031746032,169.26395696283447,427.72250403837626
2025-03-14,12,12723.99174263607,10.98203759940041,1169.656412714616,719.6752419981474,13904.630192950086,10611.964447972974,calibration,0.45648571428571433,0.14629573412698413,100.27399390155327,178.71640652264654
2025-03-15,12,12861.465348726226,244.46556331610964,1391.3359844989498,602.1323864772285,14497.266896541285,10165.242371656173,calibration,0.4549883597883598,0.13138422619047618,187.77789592818328,338.62617830361717
2025-03-16,12,43447.656676003826,-684.3014435631868,11783.813544670593,3243.8153014200916,54547.168777111234,10052.134388547718,calibration,0.45557248677248685,0.0531282738095238,409.9021621249152,1232.979029129397
2025-03-17,12,40139.80459827949,-146.58451495998514,1768.5346027316357,656.1555426126831,41761.754686051136,10155.499212594357,calibration,0.45470052910052905,0.03631359126984128,166.43087171989652,423.40810091164667
2025-03-18,12,48479.25310908896,-1430.8906932873695,1252.5717548353048,430.9416116825442,48300.934170636894,10196.729245936955,calibration,0.45277989417989417,0.048267757936507935,237.0375079790344,588.8026377095209
2025-03-19,12,37216.78629910697,2836.8018821279397,13136.513438041959,3689.9819585250107,53190.10161927687,10356.48041780211,calibration,0.4518751322751323,0.04881170634920636,208.83838386577628,537.9470875612051
2025-03-20,12,43538.62663984483,-1837.860642667208,15203.201590778559,3804.987051689155,56903.967587956184,10013.45817413805,calibration,0.4522597883597884,0.056766964285714275,296.25241644136474,812.6516621121458
2025-03-21,12,12016.286960540961,33.17219353614876,3461.081868493411,1060.6841973833166,15510.541022570522,10423.781610325894,calibration,0.4530079365079365,0.1536701388888889,19.40842752548366,35.69306368033506
2025-03-22,12,13080.651976668922,-56.4747227350757,358.38390682183524,181.52614208769597,13382.56116075568,10743.928522207489,calibration,0.45365873015873015,0.13372331349206348,40.90094612399464,78.10399904054293
2025-03-23,12,42797.845992605195,-1395.4026063419287,2237.95181033846,847.5486565481308,43640.39519660173,10474.167757138905,calibration,0.452205291005291,0.05060575396825398,52.64510209496014,153.31906192763526
2025-03-24,12,40077.96638250284,104.99754742216025,3588.743884932528,1424.25171390778,43771.707814857524,10084.690138078986,calibration,0.45250634920634913,0.05461378968253968,141.6240509723009,328.69259028484305
2025-03-25,12,46204.63911837565,-1760.1312721937313,1362.0849053140307,575.568982064909,45806.592751495955,10099.901795320036,calibration,0.45285026455026456,0.0572953373015873,350.45330318750166,1218.0922918936217
2025-03-26,12,39215.26269002387,-1226.4543807293842,13981.251666680473,3888.376634554585,51970.05997597496,10755.141851682136,calibration,0.45108095238095236,0.047057440476190475,154.97152247680214,343.85944202503543
2025-03-27,12,41499.859891970555,-794.7632362826395,1847.0929882042099,640.3578343059643,42552.189643892125,10442.903387255676,calibration,0.4509153439153438,0.05638541666666666,113.07202620293602,284.85980916039165
2025-03-28,12,12591.453449677669,121.47988435535659,0.0,0.0,12712.933334033025,10568.827065114066,calibration,0.449647619047619,0.13822063492063494,88.55888113224599,175.1018054166828
2025-03-29,12,11762.723872222265,5.454495163303445,820.5211938871844,256.83849366756374,12588.699561272751,9809.795881263022,calibration,0.450710582010582,0.15139275793650792,60.93678880610962,122.84939371319308
2025-03-30,12,39681.53045856438,-886.4679983505418,3482.4483223897205,1176.6790068858784,42277.51078260356,10732.311262427887,calibration,0.4536047619047619,0.049554464285714285,330.49543203200346,848.3750446822498
2025-03-31,12,34669.7161215353,1721.276700352802,15995.382028285421,4717.48522615168,52386.37485017352,10510.639146743577,calibration,0.45265873015873015,0.05669087301587302,276.2187772075349,796.0841616456529
2025-04-01,12,44286.000308877025,-674.2363883767227,3060.754191359961,1123.4929221622788,46672.51811186026,10627.46662047886,eval,0.4515280423280424,0.0719405753968254,383.6935673921956,1185.4773626143556
2025-04-02,12,42079.60647521185,-270.51824284050633,2426.551443276572,765.3588719079681,44235.63967564791,10678.447699859711,eval,0.45426084656084664,0.06762728174603175,135.167633838109,346.4651859513633
2025-04-03,12,42853.11918654487,-1208.648793468922,536.7176399159133,275.40535157811223,42181.188032991864,10606.620513024682,eval,0.4561820105820106,0.06061577380952383,608.995393182368,1468.7818952947175
2025-04-04,12,10988.192926025931,-6.666284123745367,1070.8012141278487,323.5267884753367,12052.327856030035,10119.201369121443,eval,0.45736878306878304,0.14913710317460319,37.4433261163731,77.69462798088696
2025-04-05,12,11698.394179442997,-63.686722188432654,398.6187484939551,176.06853346626897,12033.326205748519,10135.925963880629,eval,0.4554814814814816,0.1311729166666667,103.55581721337049,198.97930303710274
2025-04-06,12,40081.57377027441,-213.72726706736975,764.1572632327002,392.77413069983834,40632.00376643974,10276.688311115382,eval,0.45346243386243396,0.04986498015873016,174.90702312537826,502.01119045514315
2025-04-07,12,34498.98843120242,1799.5568140697064,2527.518439561374,978.0932857224722,38826.063684833505,10735.327386024646,eval,0.4558476190476191,0.05191001984126983,99.94643854886411,222.30436056325266
2025-04-08,12,39504.84174400114,-1239.6174651243323,987.3190963649494,449.93276765029685,39252.54337524175,10159.37840091194,eval,0.45664920634920636,0.050626984126984124,731.0555981403321,2110.8499851297283
2025-04-09,12,38884.328483701145,-466.8843989830342,13986.15715061207,4315.263921358281,52403.60123533018,10734.312327630741,eval,0.4555074074074074,0.06723720238095238,247.09901727742437,688.57040092273
2025-04-10,12,38740.49468253284,-872.1665057879507,1616.0887377890565,448.1457115298928,39484.41691453394,10465.01270094372,eval,0.45338412698412706,0.05992212301587301,563.408803358945,1540.9389715773464
2025-04-11,12,10719.849549550974,-53.95385928657136,2607.4321139993103,811.5489355463269,13273.327804263712,10073.250766004296,eval,0.4523375661375661,0.15134126984126983,50.62080502922673,96.03040178521294
2025-04-12,12,11693.09348908765,-84.57400716750796,134.01036188005807,46.103566030695454,11742.529843800201,10519.23120361038,eval,0.45481058201058205,0.13979117063492064,34.3119751770669,63.01693189278226
2025-04-13,12,35136.871296977515,683.3909679466799,3264.730554031654,1255.1103575102234,39084.99281895585,10169.601331278865,eval,0.45294973544973555,0.059799702380952384,222.7747745869537,500.77008704462804
2025-04-14,12,38176.02420149571,-1627.9141857582563,5212.686522355237,2155.9566554967105,41760.79653809269,10659.911728407098,eval,0.45337301587301587,0.05116130952380953,433.8582555848995,1161.721731177324
2025-04-15,12,33070.541167794305,146.62987254313646,3535.963726490066,1383.839615453183,36753.134766827505,10800.0,eval,0.4556465608465607,0.04900436507936509,259.376111236872,530.811054003297
2025-04-16,12,37039.16212073421,49.0143036864927,4158.900413024367,1444.0792901586224,41247.07683744507,10060.40873195044,eval,0.4550328042328041,0.06689652777777777,189.95154835689652,546.2870650878183
2025-04-17,12,34219.227737007954,-377.7965251597932,15649.5666848344,4787.619313070629,49490.99789668256,10700.91877713619,eval,0.4568486772486773,0.05517619047619049,493.0763265268224,1051.7107928149383
2025-04-18,12,10307.24148876314,122.12257646742503,1941.754369404205,623.2208318788715,12371.11843463477,10800.0,eval,0.45714232804232807,0.13584444444444443,65.11754098352314,124.21886669480823
2025-04-19,12,10431.118888302422,113.2364833359305,66.41634936702285,56.420765779024464,10610.771721005374,10158.193740907996,eval,0.4573312169312169,0.13859573412698412,89.85497072506519,184.44791295027218
2025-04-20,12,34315.75320839828,1325.7582978399296,7919.661960509166,1943.6738355337532,43561.17346674738,10427.3436038074,eval,0.4606984126984128,0.053529960317460316,40.8444640122996,105.61560021680513
2025-04-21,12,35036.468987871885,-981.1139097519476,2719.641036369641,1107.6879873791493,36774.99611448958,10037.636960945603,eval,0.45873597883597883,0.04580932539682539,36.239304751998525,72.94998753483908
2025-04-22,12,32733.81764823545,2827.5857309498906,4922.6516925947435,1683.5594905443645,40484.05507178009,10402.512856354317,eval,0.4576507936507937,0.060242261904761896,363.8937335984827,976.1242445293828
2025-04-23,12,31834.611313167214,2439.8723539469956,7004.174888966165,2000.4468124766972,41278.65855608038,10759.836337653893,eval,0.45945925925925923,0.05768124999999999,170.23523135910213,429.23385972190937
2025-04-24,12,31861.67545721141,1418.0456996256057,3367.1054165151654,1563.3935893403223,36646.826573352184,10083.050010461224,eval,0.4612582010582011,0.0493328373015873,75.25094985247108,207.93463229134522
2025-04-25,12,9915.954317115928,-42.985254547561524,1786.2899825158067,553.888782226256,11659.259045084173,10437.642139885085,eval,0.46247142857142853,0.15006011904761907,53.4363006721176,149.0499635025581
2025-04-26,12,10489.926158695169,242.91607359766772,1135.8071408458923,369.90009571640127,11868.649373138729,10485.625421505938,eval,0.4604343915343916,0.15092718253968254,153.58564493601034,292.6845919535126
2025-04-27,12,31658.999132197572,400.83093692243403,9795.06327342691,2342.0911355221483,41854.893342546915,10745.733281845256,eval,0.4590957671957673,0.05493998015873017,185.3654343743654,402.54958691298225
2025-04-28,12,37487.23609136661,12.15653564127311,6414.140846529505,2246.3352205910487,43913.53347353739,10602.628459225029,eval,0.45826455026455026,0.08564384920634921,239.60257509118324,736.7162989156875
2025-04-29,12,30942.183324968268,838.6372642783765,9442.76923605345,2567.620197064217,41223.58982530009,10800.0,eval,0.45860052910052906,0.04940337301587302,176.59282664801137,354.7290013691118
2025-04-30,12,30523.78733885485,257.63721608812915,15105.96751251947,4713.334788981063,45887.39206746245,10693.857373229412,eval,0.45716137566137566,0.05083402777777778,224.0475580933478,548.0159765506281
2025-05-01,12,33168.766992281686,-206.28435954595852,21135.92578030828,4288.430603926792,54098.40841304401,9128.606085672081,eval,0.4539862433862434,0.07086815476190475,204.80173041231882,432.0546351646506
2025-05-02,12,11945.792881434356,0.0,8293.568324179927,2627.186775400577,20239.36120561428,9150.019864474578,eval,0.4527296296296297,0.09780684523809523,104.21359353820114,255.69521140557293
2025-05-03,12,11383.705770195898,-0.5424428303713588,6848.716251850108,1746.2638191268188,18231.879579215634,9320.764074068198,eval,0.455978306878307,0.12078948412698412,177.33520966497915,344.64840996694113
2025-05-04,12,35305.32183902574,-952.5825910347351,10540.167051831235,2431.791343097314,44892.906299822236,9108.116082603592,eval,0.4565640211640212,0.05533789682539682,70.3109724337548,196.4285511573328
2025-05-05,12,36467.46355584652,281.068849273856,11080.05542102034,3238.3642887796586,47828.58782614072,9301.697025773643,eval,0.45834021164021166,0.06813918650793653,120.54099807527686,253.6370817568355
2025-05-06,12,33275.20987582305,1370.5532465506192,19737.064444922493,4380.81589937896,54382.82756729616,8526.783627886054,eval,0.45842804232804224,0.06247103174603175,62.390241857914496,151.13462130235524
2025-05-07,12,37010.60957782144,854.6179811682789,11999.24995501272,3211.9917359441056,49864.477514002436,8965.401396945641,eval,0.4613322751322752,0.062067956349206366,386.0244853078516,863.1265646728552
2025-05-08,12,37793.97029813675,224.74052116242734,6760.510889757239,2518.29383232063,44779.22170905642,8307.972602121861,eval,0.4637100529100529,0.0629389880952381,579.470059707671,1499.4175024651122
2025-05-09,12,12883.45952617674,69.47107680413094,1712.6496013391677,552.3863860260884,14665.58020432004,9404.512863604788,eval,0.4640820105820106,0.13854603174603175,67.5180188582354,121.74183063938365
2025-05-10,12,13370.781341521528,323.03007233867464,203.0152372999999,123.72339999999993,13896.826651160203,8942.837364050174,eval,0.4621883597883598,0.12751894841269842,131.71573661939505,511.1924478954672
2025-05-11,12,38125.722602007954,1011.2759562390247,5602.290211006348,2192.274436521588,44739.288769253326,8024.026591815762,eval,0.46208465608465604,0.061195833333333324,421.1469021496834,1247.1731361203051
2025-05-12,12,34023.38059991873,4013.064994900486,4493.745295691336,1304.987450400071,42530.19089051055,8897.287037128943,eval,0.46352222222222217,0.05152638888888889,253.1923607067516,681.4437956260242
2025-05-13,12,37880.31545554545,921.6085955876157,1704.4688481804767,721.490147283668,40506.39289931355,8020.900566432056,eval,0.4644613756613757,0.058716666666666674,376.43155821427155,869.2169766661394
2025-05-14,12,35875.024811120755,45.99295728940664,14279.657450522023,4441.476515546652,50200.675218932185,7682.451845860668,eval,0.4616857142857144,0.04893948412698413,831.4333630612584,1960.2270474958598
2025-05-15,12,37170.38728720718,-570.0496245298881,14695.392900072588,4866.436431359606,51295.730562749886,7696.0870810163,eval,0.45981428571428573,0.05462807539682538,377.1135683079495,882.2457729782584
2025-05-16,12,10754.924319613136,-156.4490707253733,2550.457573228897,956.9902681928028,13148.93282211666,4614.696215514461,eval,0.4595153439153439,0.15624176587301586,54.64948880407851,88.99751078610562
2025-05-17,12,11886.413868930953,73.52210831935365,2258.512157004934,754.7870135545666,14218.44813425524,5094.9090350961105,eval,0.45778253968253957,0.12560763888888887,37.00878892560646,83.43837735007908
2025-05-18,12,37402.16698070588,-717.0618877193358,8309.822031793026,3162.6305289132015,44994.92712477957,4976.050816151164,eval,0.45744920634920627,0.05614077380952382,259.18230876169866,635.844898477256
2025-05-19,12,35563.938656164544,-158.46952669630247,2780.2859382783927,1409.7886470514532,38185.755067746635,5730.77416455533,eval,0.4556920634920636,0.04694136904761906,335.45184898384684,697.8283725203049
2025-05-20,12,34166.34951104022,2461.2994797098945,12972.650188800162,3940.6535092283293,49600.299179550275,5889.751709731473,eval,0.45464550264550263,0.06721289682539683,775.2053864414281,2070.644567055978
2025-05-21,12,34580.46973158278,954.3564062796688,14787.391523707567,4769.104501073411,50322.217661570015,8213.147705144585,eval,0.45527037037037027,0.05793978174603176,91.69859005935734,246.57918154649633
2025-05-22,12,33893.15568971138,670.4014167136381,7475.46466710974,2803.0441882009864,42039.021773534754,6565.354088274394,eval,0.457268253968254,0.05686339285714285,180.93507351423153,463.90744929807715
2025-05-23,12,12142.987642874841,68.94555183561455,2655.902464197053,1108.628389703687,14867.83565890751,8508.751992936117,eval,0.45737830687830694,0.1360205357142857,193.82846673308987,657.9969253859172
2025-05-24,12,12571.476630388619,-48.486775932288225,1965.6168836420113,679.6770221365265,14488.606738098342,8910.389088371994,eval,0.46061111111111114,0.14165763888888888,158.8199369731366,460.58949002472417
2025-05-25,12,35631.220491310974,-438.0848731903915,2869.14444782796,1184.9180909227161,38062.280065948544,8948.661972319554,eval,0.46305661375661383,0.05378878968253967,466.65485147003085,994.3990289724358
2025-05-26,12,34039.31330096103,2131.5957824046372,15814.387803983522,4499.05095741853,51985.29688734919,9725.343778763296,eval,0.4629507936507937,0.06794087301587301,105.83156243266235,369.20161799002614
2025-05-27,12,33573.0008593642,904.0116422800694,5174.945305154004,1745.8435069065822,39651.95780679827,9390.428895025267,eval,0.4636439153439153,0.05648501984126983,335.8253586896084,931.0792496572464
2025-05-28,12,36016.7693790319,130.69429241268733,4803.311029809862,1880.1994973813312,40950.77470125445,9308.369019057918,eval,0.4635322751322751,0.06529027777777777,430.3429479605029,1145.3630976451798
2025-05-29,12,34387.25433772035,868.7146224938917,8567.29478278146,3072.447020095689,43823.263742995696,8448.507966020625,eval,0.46291746031746034,0.07312767857142857,297.2341364223099,664.2051960368494
2025-05-30,12,12288.707394220159,6.425297131897064,3391.06160221305,1107.1546691363883,15686.194293565106,9446.884706743958,eval,0.46268571428571426,0.13248045634920633,45.65260411863312,91.74730020713491
2025-05-31,12,11757.53789317375,-187.43143126303983,781.0659489004529,261.3156417070328,12351.172410811163,7808.414240296187,eval,0.46082857142857137,0.12931041666666665,152.64636914447982,276.27494793537784
2025-06-01,12,51505.06607042928,-1597.0569836834607,29277.83985716959,5998.610133110844,79185.84894391541,5118.399261696021,eval,0.4579656084656084,0.12338293650793651,174.80097889877734,533.3107039278113
2025-06-02,12,53466.31361000224,-2220.3532763460285,22224.359729719017,4668.334761026498,73470.32006337523,5963.909230248931,eval,0.4640201058201059,0.10458065476190476,234.14300302806436,568.6120146930683
2025-06-03,12,46631.79208491124,-712.9490057152839,19182.732015251288,4547.9992403543465,65101.57509444724,4012.1788584652663,eval,0.4677211640211639,0.09143849206349206,449.1955253924413,1357.2983503526596
2025-06-04,12,59952.63698621192,-2035.5072498720685,3770.7396312832466,1369.2793309134374,61687.8693676231,4858.024209506992,eval,0.4732343915343915,0.08982579365079364,547.3725191444762,1621.0511515989406
2025-06-05,12,52468.30257624334,1638.0761611181665,11679.543437193013,2442.8331618982547,65785.92217455452,3727.2546236516373,eval,0.47868888888888894,0.09041875000000002,132.33105412773833,416.443259067647
2025-06-06,12,15220.46686412203,-150.90063929427876,15579.068325509652,3749.185318668098,30648.634550337403,1202.8437658865375,eval,0.4831148148148148,0.09393392857142857,280.1732839645415,560.7697189688678
2025-06-07,12,19370.550049951085,48.086859143528244,8788.70936588088,2621.9708022973996,28207.346274975494,2170.143011289335,eval,0.488226455026455,0.10546755952380953,405.31560187916386,818.0116270661732
2025-06-08,12,49638.52818921114,3368.6140674306807,4596.431397590155,1631.2158119474232,57603.57365423197,4216.290257470521,eval,0.4940502645502645,0.041805952380952374,144.86544557912663,384.7583672758477
2025-06-09,12,56416.76239138884,-532.2827468683756,1398.1066025642713,583.6637922558436,57282.586247084735,4431.5385295352735,eval,0.49194285714285707,0.059196924603174605,146.5334006725704,407.46275091346916
2025-06-10,12,53377.89205388623,722.1319563155597,10485.17020280115,3106.5164802418103,64585.19421300294,5097.6911238567545,eval,0.49467671957671955,0.054851289682539675,114.00309593762661,297.45385011249545
2025-06-11,12,53880.104586184476,-21.381939063927902,18035.79325000272,5496.147238883777,71894.51589712327,3941.03392168395,eval,0.4949894179894179,0.07027430555555556,446.52758320037884,1362.5290964948358
2025-06-12,12,54560.56386910619,534.6856851802281,7703.966027219472,2255.2403473179484,62799.215581505894,4405.150428609201,eval,0.493605291005291,0.06014662698412698,77.82106180499063,266.6994312418593
2025-06-13,12,21803.19114321095,-365.848586796867,1229.2181547934385,604.2996134905324,22666.56071120752,5891.12897279837,eval,0.4940063492063491,0.12945714285714283,59.28374753952039,132.22459914534244
2025-06-14,12,20663.376043413962,-181.11195147932892,964.4128284842053,314.232921820338,21446.67692041884,5301.11830818465,eval,0.49208888888888885,0.133205753968254,81.9334615273294,393.0700836070287
2025-06-15,12,48821.98654504292,545.5927288198093,21220.94436724885,6404.220463735917,70588.52364111158,3180.1017713434658,eval,0.491184656084656,0.05559444444444445,220.0553845364318,617.2714499497937
2025-06-16,12,54066.68360432544,-820.3126440663482,24796.57139818667,6138.381371859095,78042.94235844575,3831.758002674446,eval,0.4913518518518519,0.05662182539682539,196.827251078954,553.2321629741858
2025-06-17,12,53950.32843721601,42.3463532776802,20667.96110354794,4963.079509973884,74660.63589404162,3305.961307739139,eval,0.4900539682539682,0.060974305555555545,347.9205872613951,1090.9243711321888
2025-06-18,12,53926.75931338797,-343.01811175438195,11359.507823566752,3419.597639676568,64943.24902520034,4355.923415920096,eval,0.4900798941798941,0.05118859126984127,909.9366616810179,3098.1197065993424
2025-06-19,12,51300.32157733099,1926.8497436813427,680.5588461470151,286.07046048570203,53907.73016715935,4029.162755118909,eval,0.48885185185185176,0.045914384920634904,275.0482934223355,688.6630635098553
2025-06-20,12,17545.865119719805,-304.51784271346133,1782.2474940758714,595.1802963427521,19023.59477108222,2962.0759107319036,eval,0.4883619047619047,0.14658918650793654,144.47052516627576,308.85497511409875
2025-06-21,12,17320.505636598362,0.0,3131.967545262655,1320.4503425758976,20452.473181861016,3588.865825986737,eval,0.48837142857142857,0.15586805555555555,165.73980525609454,315.97349465999804
2025-06-22,12,48518.94302444734,2625.8525621471144,5998.0981415894075,1976.6464628810133,57142.89372818386,3973.23593961171,eval,0.4900412698412698,0.052723710317460336,203.9855446085259,672.029223131238
2025-06-23,12,50862.52840230828,-460.51353286981714,9673.93406262998,2962.2159202122357,60075.948932068444,3151.77096904749,eval,0.4902835978835978,0.051532738095238104,232.81735938842417,708.9361320897689
2025-06-24,12,59237.063701739826,-1223.2103201235716,16375.088250855431,3629.6995951063914,74388.94163247169,3130.64256890707,eval,0.4880671957671958,0.08572896825396824,837.3264643062118,3092.5857366836253
2025-06-25,12,51083.98958847457,1936.5615175834114,5324.36767985571,1722.3513913031472,58344.91878591369,3888.230626741809,eval,0.48677460317460314,0.06070049603174605,371.3989497758716,1177.4500031235177
2025-06-26,12,48197.987732681126,545.5914278383193,11480.962289251762,3699.1035397099395,60224.541449771204,2141.338859046581,eval,0.4849857142857144,0.05231666666666668,538.5172505218186,1569.7425847826087
2025-06-27,12,16613.722146105058,38.3094122088186,1399.9797212986114,560.7306944970511,18052.01127961249,2341.173940365485,eval,0.4852132275132275,0.1529569444444444,110.55798311669575,222.95327706315447
2025-06-28,12,17236.48062362999,0.0,4006.57017288699,1648.7751015822166,21243.050796516978,3202.0695779882526,eval,0.48595238095238097,0.13287559523809525,93.6646911495977,203.49146235186942
2025-06-29,12,50263.13992264008,4479.24794973146,2759.576604505234,759.0790284037882,57501.96447687678,4248.824076752304,eval,0.48521375661375665,0.06161785714285714,314.1384669997153,1106.7796398989187
2025-06-30,12,50556.90364218473,705.7928975836762,7354.897940371009,2251.7800884613553,58617.594480139414,4427.696818859946,eval,0.4843613756613756,0.05708224206349207,653.1970027851276,2064.200916685252
2025-07-01,12,47223.75379215245,2253.9670359266493,57923.25941332737,15320.62919488247,107400.98024140646,1200.0,eval,0.4844359788359787,0.13195694444444445,466.1288223552262,1527.842553026708
2025-07-02,12,61339.08281840832,-479.36146810272874,12832.975248788136,4658.929322629045,73692.69659909373,4996.4671840057235,eval,0.4933005291005291,0.11039176587301588,128.0144661895437,451.9793928509372
2025-07-03,12,64629.127629728835,52.67925530416297,8659.9783690201,2608.2188438443427,73341.7852540531,3685.88509236065,eval,0.5060111111111111,0.12684484126984127,496.6682881264011,1694.7315782695412
2025-07-04,12,21871.950863931837,831.2049016215345,10087.600483546063,3863.139022317864,32790.75624909943,2215.796482818839,eval,0.5153592592592592,0.11194771825396825,182.07966104499644,899.4425465641121
2025-07-05,12,22785.042658087077,0.0,11024.220294109815,4681.686890187015,33809.26295219689,2581.1208677257882,eval,0.5274714285714286,0.11839930555555557,366.5020433439238,821.3275343643642
2025-07-06,12,65529.25744799823,2091.9216251764183,25029.78090674731,6066.284982852439,92650.95997992196,6062.711866848231,eval,0.5372047619047619,0.08999910714285714,1472.0218419890975,5452.062526795069
2025-07-07,12,64914.171371341756,25.987287486606714,10904.58275855303,2599.094940774556,75844.74141738139,7340.566247869519,eval,0.5473555555555555,0.05812222222222222,412.3105021496787,1118.6997719766855
2025-07-08,12,70822.59116692483,1110.7705370516423,812.4577733587353,198.751481957733,72745.81947733522,8608.461170328164,eval,0.5587777777777778,0.058243452380952396,214.52597934222018,614.0430397763803
2025-07-09,12,62823.42070924427,-1497.6332231955312,1871.3420766623542,542.4910862087795,63197.12956271109,4207.999725415815,eval,0.5591915343915345,0.05439107142857144,306.14454626318513,913.74244885517
2025-07-10,12,62826.68442669171,-1289.684283269486,16938.981359336074,4482.002602285287,78475.9815027583,4347.118372820747,eval,0.5586772486772488,0.054364880952380935,1161.1656828288785,3773.512971497722
2025-07-11,12,29394.663821661434,-499.0344538707886,1388.330482311777,481.58292219947805,30283.959850102423,4725.004780603749,eval,0.5597227513227513,0.12057708333333335,211.18923730787174,419.2854658524172
2025-07-12,12,28426.060372765663,2013.9246179157922,499.4535338201117,328.2578213143024,30939.43852450157,5114.933980574538,eval,0.5568894179894179,0.13618839285714288,159.65461250694838,549.6629168432542
2025-07-13,12,60579.73370294832,-811.9974755155475,4406.363375429607,1890.255644891753,64174.09960286238,3093.6435130982586,eval,0.5542185185185184,0.041224206349206344,428.1159492222964,977.3917567811031
2025-07-14,12,55890.926286829905,540.8688308941408,5160.806355375989,1708.2593007167532,61592.60147310003,1983.1588388585249,eval,0.553584656084656,0.05352638888888888,173.20400503952465,451.8418034572831
2025-07-15,12,62583.84775623868,-818.9219229026539,6037.309041334554,1830.3946990502454,67802.23487467058,4348.328881117912,eval,0.5519074074074074,0.056671230158730164,150.64456484047716,669.6321114276285
2025-07-16,12,58202.56998326888,595.5394211549585,9989.34988278559,3121.1037265097657,68787.45928720942,3075.9646395988775,eval,0.5508962962962963,0.060499603174603185,398.8292679702181,1113.5388019691286
2025-07-17,12,56034.04488173935,3179.4645427537744,13649.650971597366,3674.0950813585728,72863.16039609049,2243.9865085239358,eval,0.5489566137566136,0.06076279761904762,220.39143229484316,600.2212853551198
2025-07-18,12,24172.99446262096,103.87396945632534,3167.144492079028,1062.9646447218856,27444.012924156315,2057.4444271008015,eval,0.5480772486772486,0.12729186507936507,114.97060657242562,286.4414684856842
2025-07-19,12,26685.815538715786,-580.3447379306073,2230.6819790302457,710.7291902057922,28336.152779815424,3709.4480307534645,eval,0.5443116402116402,0.14050218253968252,325.080597750936,1189.7201195145108
2025-07-20,12,57305.2451379023,1365.4032128366243,10378.401561033781,3189.7441146018955,69049.0499117727,2921.1397392973345,eval,0.54460582010582,0.052711309523809514,428.21508254169686,1349.8476910984707
2025-07-21,12,62954.56360761273,-222.75623944081087,12649.643008113391,3671.5833252959883,75381.45037628531,4472.775574387922,eval,0.5451343915343916,0.060835912698412695,1458.4260107416696,4743.309046755833
2025-07-22,12,57339.417283725365,57.39417700497232,17346.230549414453,4620.597256854651,74743.0420101448,2652.651404127564,eval,0.545147619047619,0.06037936507936507,184.53650698486211,517.1004025951179
2025-07-23,12,65791.1624453596,-2320.0993658064103,1579.0311474920686,587.8324106885053,65050.09422704526,2345.5732664182015,eval,0.5449640211640212,0.05883283730158731,79.9883985139713,193.18431621103596
2025-07-24,12,65834.7914290831,-1468.8109102309231,3450.1921914083923,1202.8181052314535,67816.17271026057,3921.1742131855553,eval,0.5448121693121694,0.06357916666666667,841.0026366438005,2670.7847543181324
2025-07-25,12,23359.706148283876,641.8314968725251,1404.6937387985624,673.9238635033768,25406.231383954964,3581.7377458676538,eval,0.5435994708994709,0.1443975198412698,229.26523160851767,953.0775769838922
2025-07-26,12,23651.17164590527,318.07223358715214,1547.1508061645384,480.88341429393756,25516.39468565696,2876.470018995911,eval,0.5449671957671959,0.13273253968253967,282.1108571902216,668.2401220310185
2025-07-27,12,59553.660383673414,741.4178841716673,9039.093198011422,2896.9461533252797,69334.1714658565,4198.649502313453,eval,0.5453116402116402,0.05910079365079368,441.6330689006198,1075.9730262727007
2025-07-28,12,59187.034060415666,1761.9115907006021,18523.23441180885,4343.354716056658,79472.18006292512,2227.3946310054034,eval,0.5448328042328042,0.07113144841269842,99.88250911868515,280.4098793069053
2025-07-29,12,61758.32612267445,-24.26179336979505,21404.928812124937,5930.07257279515,83138.99314142959,4514.176237608648,eval,0.5418460317460319,0.06545148809523808,570.2022294520111,1785.3220846831416
2025-07-30,12,52627.115482945526,6713.9758524842455,20938.660583165638,5527.955305987814,80279.75191859542,2066.7674291014923,eval,0.5421238095238096,0.060412301587301584,120.10512171362686,291.1598967717803
2025-07-31,12,57277.963495639626,2355.243776937299,21183.586959724795,4942.136944272525,80816.79423230172,1821.7520121237899,eval,0.54485291005291,0.06224007936507936,393.33767793951574,1234.6640910192498
2025-08-01,12,23539.174293904125,-327.51141863126884,2584.2987923590526,838.0393388054582,25795.96166763191,2885.744010873062,eval,0.5448312169312168,0.15951646825396829,164.83911523264797,825.0764877630447
2025-08-02,12,23240.949999861856,26.665609817291667,1884.1848105624106,623.4248082622953,25151.80042024156,3522.461504734145,eval,0.5471201058201057,0.1623127976190476,115.20049710644855,310.6228066370655
2025-08-03,12,48641.71577637896,95.95282912717764,18009.44451000349,4929.1580037597105,66747.11311550962,1957.135039064838,eval,0.5456243386243386,0.038464781746031754,284.22988106955336,657.4157455846318
2025-08-04,12,53744.301522834015,-772.0746387080474,15963.99006560059,4771.063407883854,68936.21694972656,3298.0602818169314,eval,0.5430841269841269,0.04194801587301587,307.2259559017245,710.9423693334257
2025-08-05,12,51198.24219443193,89.09170292582911,16744.967858135264,5344.732737731063,68032.30175549301,2845.87987408363,eval,0.5429597883597884,0.04200029761904763,309.8602866457086,808.3123295703356
2025-08-06,12,58221.788622893066,-1090.9316966585827,16950.013282990876,4341.464577590899,74080.87020922537,2749.1463326362655,eval,0.5435121693121694,0.05984315476190478,195.67946969130224,488.4630337791649
2025-08-07,12,58010.04619076545,-1017.2180563164571,7380.330902649455,2263.4352266037213,64373.15903709845,3409.3120878474992,eval,0.5399597883597883,0.04719950396825397,12.939078068937032,39.6605689653464
2025-08-08,12,22719.714425322458,0.0,1454.5558431089162,449.5895368500989,24174.270268431374,3572.2061300779487,eval,0.539568253968254,0.15493184523809525,93.26264130703179,418.6130150865623
2025-08-09,12,22379.879684941327,69.55031675564133,2057.248872951536,640.0441316183511,24506.678874648504,2714.1139416470646,eval,0.5350746031746032,0.13665803571428572,40.45126574741947,92.8374350154644
2025-08-10,12,55477.430383095336,-1882.8160160631433,18171.248380626963,5505.514291546755,71765.86274765915,3129.13168475607,eval,0.5341761904761904,0.06310555555555557,647.5207307259965,1669.8970140465913
2025-08-11,12,49300.326021713896,1927.9394640878206,7195.40039689554,1988.6756196209712,58423.665882697256,2521.888132853904,eval,0.5368137566137566,0.06005694444444444,931.0704385748932,2665.6698259955783
2025-08-12,12,58044.08684500115,-1309.6933666156735,10469.883895365472,3181.5072347226937,67204.27737375094,3138.1136476262022,eval,0.534441798941799,0.07173214285714286,179.95572215042225,897.511291737045
2025-08-13,12,50533.24929094383,2357.7274998395933,12154.21739015389,3519.7310864144197,65045.19418093732,2380.8384335214478,eval,0.5319222222222222,0.0647202380952381,219.04868397841256,554.4312638902527
2025-08-14,12,53480.809402007144,-162.79225344167367,17562.892013197066,4597.5218817981895,70880.90916176254,1956.6080251432934,eval,0.5337687830687832,0.06522271825396825,319.1865151728912,753.6954997300659
2025-08-15,12,23092.713135658807,-138.74565311381753,3513.7869411456013,1040.0010117497777,26467.754423690592,2404.4552804064156,eval,0.5322592592592593,0.1402267857142857,211.99544330539734,794.3296454260976
2025-08-16,12,23698.186686878682,-684.9908213909467,4014.417606315811,1273.2577048854416,27027.613471803546,1874.5812587514595,eval,0.5321359788359789,0.1459686507936508,80.75524333544656,172.14743093875018
2025-08-17,12,56253.70907756296,-604.3848443550521,6772.960755400138,1973.7344082853115,62422.28498860805,3801.157093505166,eval,0.532784126984127,0.05481686507936509,369.8920210127863,854.2229554802536
2025-08-18,12,51868.00987111369,259.64710921248667,10589.324132607671,3422.05045170586,62716.98111293385,2377.2292175679736,eval,0.5283423280423281,0.059799702380952384,149.5473423538994,338.5534625657854
2025-08-19,12,50671.206561862506,981.8355218296506,10889.488249391674,3378.2940127706624,62542.53033308383,1810.0782625159463,eval,0.5330116402116403,0.053927380952380956,548.9092578107704,1466.4529860390228
2025-08-20,12,60143.383179719625,-1405.0040075615418,18265.023484025245,4655.579053035953,77003.40265618333,3433.8583730701844,eval,0.534589947089947,0.07831785714285716,201.26956738754774,661.6502944588416
2025-08-21,12,53337.4482382359,-947.3496794102302,7340.091447448436,2621.4594602813154,59730.190006274104,1524.1642500737876,eval,0.5333031746031747,0.05832400793650795,602.1519242833014,1576.7426552118072
2025-08-22,12,23650.5461743008,-208.14293060039248,5535.412751168093,1915.4400775936128,28977.815994868502,2931.355999790264,eval,0.534010052910053,0.13174890873015874,836.797371823351,2641.4392600179376
2025-08-23,12,22905.126952474093,996.9277593151294,2028.9482100445039,648.3565188161298,25931.00292183373,4502.910747532334,eval,0.5386126984126984,0.13412797619047623,305.48694974075136,842.6906230820019
2025-08-24,12,52819.03612052161,-68.8867760041268,14638.285180673818,4010.0663825987062,67388.4345251913,3686.7991271982373,eval,0.5376772486772485,0.05130654761904762,206.80536393132084,559.4942756997032
2025-08-25,12,67395.90343315949,-3764.4979057373075,1665.4387628599575,469.8775604098902,65296.84429028214,4209.217261813862,eval,0.539321164021164,0.06873551587301588,317.2960520608525,804.6102012861518
2025-08-26,12,52418.04427450917,137.67140374979672,15388.275043684982,4928.94604201215,67943.99072194395,3685.8857108884254,eval,0.5367968253968255,0.0552484126984127,185.8815588879501,739.137516111868
2025-08-27,12,53034.13475150204,2470.7346145222186,6426.617220254215,2083.5280075463274,61931.48658627847,3077.7109821906797,eval,0.5329015873015873,0.06640932539682538,300.6005697000502,884.5995959079977
2025-08-28,12,51666.72673294002,4144.541089102795,21221.194368800505,5422.65027047869,77032.46219084332,2770.6867334608455,eval,0.5276857142857142,0.07400505952380951,821.208094763337,2811.813225541625
2025-08-29,12,24329.44561456975,-242.13095988625886,3968.2656627726387,1203.1882252095152,28055.580317456133,3620.584243042569,eval,0.5254931216931216,0.13391428571428574,238.84253065602348,774.4565802774449
2025-08-30,12,22964.310617730436,-1.7245707344350638,1843.9343729081963,597.4580857970524,24806.5204199042,2670.4240555748056,eval,0.5221100529100529,0.1447313492063492,178.57997843038478,511.8301599578305
2025-08-31,12,53157.520387921,-456.67567938786067,21761.268238201912,5756.902617769443,74462.11294673505,3553.5407971845048,eval,0.5222767195767196,0.05793521825396827,561.0568275468711,1581.0073321886368
2025-09-01,12,50997.24521969711,206.51317923703732,390.1961833970027,189.7379933853648,51593.95458233116,6661.392001106309,eval,0.5190936507936508,0.0746608134920635,624.0070177009718,1724.6104944294698
2025-09-02,12,42372.49673014326,783.0526702700078,8862.802512419436,2528.9550860223326,52018.3519128327,5899.270028359049,eval,0.5097936507936507,0.06440228174603176,306.93097540486315,622.7965402043825
2025-09-03,12,39734.51829283447,-231.12812719250212,7211.223327237474,2542.8688919746537,46714.61349287944,4221.140457481139,eval,0.5022063492063492,0.056388194444444456,214.6432723262793,840.1742211918748
2025-09-04,12,40289.03513267156,-807.4306690510944,16031.849448387684,4030.5484708629738,55513.45391200815,3152.0839033082675,eval,0.49613544973544976,0.05663809523809524,322.18939335136423,831.2292403788831
2025-09-05,12,18750.72581411793,-202.8987713147152,2068.772475206593,694.7076715267226,20616.599518009807,6577.067099219201,eval,0.4847788359788359,0.18270644841269842,215.98331336114953,533.86168921391
2025-09-06,12,19870.404305201173,-818.0480084227643,0.0,0.0,19052.35629677841,7737.011688313671,eval,0.4751486772486771,0.16088849206349207,143.86535631982548,373.63995103011143
2025-09-07,12,38403.9884660931,-177.0806196675262,16857.79410943067,4740.8175747345895,55084.701955856246,7236.3644499591055,eval,0.46505132275132277,0.05513392857142856,274.84156675579237,1047.650257519365
2025-09-08,12,41481.7257972621,104.7221009858934,9046.976078259406,2360.798462322059,50633.4239765074,5482.25628930134,eval,0.4547777777777778,0.07713531746031747,54.36143875763323,116.65663242726414
2025-09-09,12,36674.40158252609,842.839726818599,18886.442288782047,4842.9169709840535,56403.683598126736,3532.972824661667,eval,0.4537338624338624,0.05490009920634921,103.55709336030739,314.7999113756062
2025-09-10,12,43377.387795833536,792.8881852580105,11941.06282582405,2852.427321411212,56111.33880691559,3226.29799680875,eval,0.45248624338624344,0.08075823412698412,361.44666524587194,889.1597465308639
2025-09-11,12,44820.250480310926,-1841.504832396452,19572.676121369717,4501.592487344948,62551.42176928419,5987.513320929621,eval,0.4536740740740741,0.05342291666666665,277.1084280585459,592.0973231265816
2025-09-12,12,16126.062508399611,344.85428201760135,935.4538209862068,368.89262721327015,17406.37061140342,7153.147725667052,eval,0.4556820105820106,0.13119454365079364,70.09009383158983,160.57603553277747
2025-09-13,12,15183.041489306564,-61.8657130088376,544.799799457342,170.9990716855944,15665.975575755068,6360.182409146941,eval,0.4548952380952382,0.1423347222222222,329.89508692196125,1031.1427972183633
2025-09-14,12,46111.50068443298,-238.1179276619882,1261.6518958347035,528.471493791622,47135.03465260569,5142.456051222895,eval,0.45539894179894175,0.06920803571428571,182.54597273975136,415.1623289805666
2025-09-15,12,40446.44279408602,448.6309001606094,18985.54080141462,4776.020343610839,59880.61449566124,6167.560074542747,eval,0.4588497354497355,0.053628869047619064,218.93055050393622,733.474110560531
2025-09-16,12,46864.362766064165,-1101.5932017615307,9490.83965541333,2276.14908200065,55253.60921971596,6321.986925173535,eval,0.4610449735449734,0.07089543650793652,282.07345759998003,675.481093833922
2025-09-17,12,44133.316374076705,-881.8283663949047,15388.896021218734,4823.6209130765355,58640.38402890053,5721.2972053893445,eval,0.4610513227513227,0.06790843253968254,92.01898719989148,248.86408034775778
2025-09-18,12,41275.52181950785,1225.4691552101774,19258.3121786951,4867.006888838385,61759.30315341313,7434.418687238815,eval,0.4600402116402116,0.0625863095238095,428.79825765060406,879.9231916228455
2025-09-19,12,14771.886979333434,-138.01141219067782,2514.748699238882,1080.5532458013936,17148.624266381637,5710.1498698529285,eval,0.4592555555555555,0.12201220238095238,57.6865894292355,129.12459696601223
2025-09-20,12,14700.401791465945,-176.44136156034278,2940.8287682436203,908.6044551075995,17464.78919814922,5049.031537393022,eval,0.4596407407407407,0.13063968253968256,114.09528632839593,256.7985219471519
2025-09-21,12,44251.33640373669,-167.09147543407113,5225.815896707375,1626.40848675094,49310.06082501,5195.279713603458,eval,0.45711111111111113,0.0577920634920635,609.2469411352383,1794.7660583545153
2025-09-22,12,46549.94699076087,-2146.8434738987917,12762.990078063758,3793.183303783482,57166.09359492584,4215.404703216956,eval,0.45738201058201056,0.06337777777777778,477.6918366483193,1175.2985955932859
2025-09-23,12,46560.68429970912,-1097.9841886292525,10839.314621329646,3953.9465325128526,56302.014732409516,5591.766113017884,eval,0.45644285714285715,0.06235724206349205,231.72968976790762,662.6615316857249
2025-09-24,12,41930.06635821312,822.4469086013451,20205.251217636778,5822.738128050989,62957.76448445124,5911.830169168095,eval,0.45619894179894177,0.05537301587301589,203.0376945376881,509.59065488584946
2025-09-25,12,42517.52929316375,1912.152513647707,4072.7774433734025,1700.0639226848534,48502.45925018486,5410.159401530804,eval,0.45510264550264545,0.05815853174603176,218.01653894552268,556.6629226827381
2025-09-26,12,14964.983727988618,-20.98051427434717,845.560687669441,301.3476693271476,15789.56390138371,5663.135860167629,eval,0.4564396825396825,0.1317858134920635,163.66040523939552,309.5766722428657
2025-09-27,12,15713.017936253334,211.96617401148728,5407.052844857335,1981.8189499810605,21332.03695512216,5794.853457397477,eval,0.4554481481481481,0.12588640873015872,73.00993142089023,141.44423896832623
2025-09-28,12,46939.15072842293,-61.10418777009416,16140.834851795717,4250.243636244611,63018.88139244856,7196.409179864448,eval,0.4580169312169314,0.06590555555555555,175.79445508777545,597.6836314579452
2025-09-29,12,45912.53930219624,-1483.0425985902311,15808.973893723065,4387.818150652555,60238.47059732907,4528.313290748948,eval,0.45696719576719586,0.06140644841269841,499.78358631346936,1329.656300804223
2025-09-30,12,46545.68226203533,-1124.3462452242688,28654.860180474778,7288.207730862109,74076.19619728584,3551.596596227449,eval,0.45684920634920634,0.06992966269841269,376.5953604690668,885.2258232995651
2025-10-01,12,40742.090832294954,-932.230223296159,6513.704110870953,1294.9539358082807,46323.56471986975,6086.601840146424,eval,0.45616772486772483,0.039295039682539695,763.0908442890803,1734.499538101933
2025-10-02,12,44637.038235799766,-1634.1855215247826,2.599431595459023,1.1762133916104176,43005.45214587044,7513.136150397735,eval,0.4568978835978835,0.032451984126984135,160.96528783208396,469.0673610678922
2025-10-03,12,13429.943223945744,198.07374903789002,178.23610705036265,58.216201093188445,13806.253080033997,9433.325072789958,eval,0.4547063492063491,0.16259980158730158,70.71200405075476,130.25582962245886
2025-10-04,12,14930.358129050464,-126.00759734299554,0.0,0.0,14804.350531707469,10209.284215165837,eval,0.4541507936507936,0.13008789682539681,119.44693928303295,231.0724016165362
2025-10-05,12,41592.853384616625,-328.945186617521,4.536527892406314,2.772938809539312,41268.44472589151,10238.258605188803,eval,0.45254021164021163,0.04299374999999999,331.57333067424554,813.3525259532664
2025-10-06,12,38864.30720361567,734.1497833168615,11816.476169828598,3251.9971462114313,51414.93315676112,9569.589274279262,eval,0.4534867724867725,0.06301359126984127,123.29487310537772,289.92980600036924
2025-10-07,12,40452.61918844533,45.61740141408618,11196.445725094527,3152.0775718159775,51694.68231495394,9999.718441481005,eval,0.4544164021164021,0.06308789682539681,511.9570647169788,1240.688516448698
2025-10-08,12,35944.602788048775,-4.20789387925817,17277.050151530748,4637.139121884231,53217.44504570027,9270.033268963327,eval,0.4559920634920635,0.06135753968253969,160.1920619021252,498.1795384014804
2025-10-09,12,43047.85507429544,-990.7557342845853,2912.2456336745895,518.5203771149942,44969.344973685445,8561.069206314307,eval,0.4563306878306878,0.05656775793650794,546.4551603747542,1602.2410765405289
2025-10-10,12,13995.175186044537,-381.7859088790462,1032.072153916963,332.56737620076694,14645.461431082453,9340.809608008984,eval,0.45994656084656094,0.14748065476190475,146.94009120125625,420.6892235776277
2025-10-11,12,12990.10094731216,-317.05275319138735,754.8494402532391,231.13582738966062,13427.897634374012,6502.350502909478,eval,0.46068095238095247,0.12280039682539684,204.88670872478787,469.09697945036186
2025-10-12,12,38107.358590256714,-44.29077358953657,16629.820400185043,4028.80478332457,54692.888216852225,6752.50629843026,eval,0.461131216931217,0.06516180555555555,285.1271098841456,713.1655024217432
2025-10-13,12,39819.75916055233,-1148.5328951223555,15426.506187157342,4197.364975018411,54097.73245258731,6111.484693578988,eval,0.45852380952380956,0.05917490079365079,308.46823193743614,752.1906669926112
2025-10-14,12,44280.95986612077,-1608.2227146004138,21461.92298334863,5266.752828351949,64134.66013486899,7970.738231391189,eval,0.4581238095238095,0.0689347222222222,307.6370671673117,872.0671127330563
2025-10-15,12,48642.44017754287,-2187.2899733877775,10471.304889064442,2496.138680307921,56926.455093219534,10015.1113476722,eval,0.45811798941798937,0.06890605158730158,1104.0821059735495,3579.4451927033906
2025-10-16,12,44450.0544588881,-1736.473878534911,18795.075381633,5157.869434196506,61508.655961986195,9503.115135411152,eval,0.45952380952380956,0.07472202380952381,169.7279890085901,608.2795101528542
2025-10-17,12,11554.829693953592,453.588550640442,1043.5485982202651,322.82409069465496,13051.9668428143,5507.7934435205825,eval,0.45673597883597883,0.12654365079365076,60.17635344705078,115.47502067569128
2025-10-18,12,14474.119356466714,-58.514240728855775,2381.8261841145577,719.3947556048556,16797.43129985242,8689.176055796825,eval,0.45554232804232797,0.13748154761904763,57.901270245389426,131.86167184451318
2025-10-19,12,44029.807020941706,-636.2756956314911,17680.472111964948,5344.493074355514,61074.00343727516,5220.95866382975,eval,0.45466825396825394,0.07284196428571428,674.2947168909099,2029.9956563123912
2025-10-20,12,50164.79462460679,-1254.2726458612806,7818.016308505129,2566.1503699901486,56728.53828725064,9221.72491566004,eval,0.4561402116402116,0.0666800595238095,304.18164041069855,1007.3255137437955
2025-10-21,12,46973.80966773641,-1252.4486333124553,13957.987737345655,4165.377399941482,59679.348771769604,6714.495608737773,eval,0.45551640211640204,0.07285813492063492,246.23521922923373,906.746764568358
2025-10-22,12,48374.08031711343,-813.9849419154514,18537.641246856823,5496.854701909387,66097.7366220548,9830.676742629857,eval,0.45409947089947084,0.0655810515873016,121.54537646794037,451.7611442618062
2025-10-23,12,52424.46015158715,-1087.2358487445697,1198.943297260208,412.150389303065,52536.16760010279,9848.84718431619,eval,0.4519735449735449,0.05451259920634921,418.00845386085575,1496.8269173975184
2025-10-24,12,12604.07338396736,174.88037226788097,1059.919769240724,394.49970527850627,13838.873525475963,6320.118679986075,eval,0.4522888888888889,0.1347780753968254,322.55328055584835,1130.6315299352625
2025-10-25,12,14526.861909727184,-59.543817220537115,866.2586489567823,267.8366421910112,15333.576741463428,7936.2697822297105,eval,0.4535936507936509,0.1342387896825397,380.3538184539356,989.6965932571275
2025-10-26,12,51011.34758393979,-848.7646944343504,3018.7693418083745,952.2764675072037,53181.35223131381,6558.665436200602,eval,0.4575264550264551,0.054311011904761904,1272.2640046964664,4179.930251600204
2025-10-27,12,45774.44917092229,1107.3718362867025,8480.161472227232,2973.3933029582176,55361.98247943622,8931.686343484096,eval,0.4582296296296296,0.05427341269841269,223.41938887781097,564.5001361089278
2025-10-28,12,45076.652476666975,3098.1760713396693,6918.770865147977,2859.6446383576845,55093.599413154625,10277.748146424186,eval,0.4567074074074075,0.06113462301587301,174.84398064459452,700.3171216299133
2025-10-29,12,47204.4656063488,-68.36937619216852,11182.23191032666,2721.730579944582,58318.328140483296,7044.013780271195,eval,0.45729100529100536,0.07460515873015873,439.6116257066894,1539.759535645181
2025-10-30,12,44629.832835185094,209.25452766380687,14740.244508478276,4881.778976085674,59579.33187132717,7145.519352180971,eval,0.4577687830687831,0.059820436507936524,224.63322767809623,714.8589463129615
2025-10-31,12,15321.194909605387,-48.69313056004003,476.1281596097491,145.84931826198235,15748.629938655096,9709.987600712579,eval,0.4585677248677248,0.11899275793650793,61.17239603381794,114.01215460740623
2025-11-01,12,14176.613796733995,-153.1093918609265,323.4662150625665,100.6401411947126,14346.970619935635,9625.613268161083,eval,0.45790529100529104,0.1355406746031746,67.13648694936185,197.2715319129974
2025-11-02,12,48334.950584735045,-696.1591321667779,15927.992759318782,4632.239613971463,63566.78421188705,7377.07300916539,eval,0.4531619047619047,0.06255307539682538,660.0633543121053,2120.775931610706
2025-11-03,12,53129.957537152746,-666.4980346939533,5857.799416950822,1728.4789463659972,58321.258919409614,9287.72862834237,eval,0.4542603174603174,0.06735009920634921,384.97705153483776,1884.4177789402704
2025-11-04,12,48300.09597195011,0.0,4820.177708073016,1705.532880349158,53120.27368002313,7384.240345706715,eval,0.45506296296296295,0.05603392857142859,449.5640570059457,1184.577693486494
2025-11-05,12,54304.049417355214,-1509.4436967225893,9323.747642881666,2177.1385236753235,62118.35336351429,7180.010746045792,eval,0.45361693121693125,0.06390059523809523,407.18412844092524,1121.7571823264682
2025-11-06,12,53641.55626319008,610.2420628463589,17477.049848333376,4461.982766639874,71728.84817436982,9801.06052340108,eval,0.45272222222222225,0.07077589285714286,149.27598618228362,437.90948375507395
2025-11-07,12,13789.283454869164,0.0,1972.4212516512703,729.2412471481127,15761.704706520435,7990.6957914312125,eval,0.45323703703703705,0.13492529761904762,181.19612195579367,526.7791956125146
2025-11-08,12,15147.308229664755,1452.5536453374964,0.0,0.0,16599.86187500225,9797.643698151689,eval,0.4548021164021163,0.13335863095238099,170.0257501863412,365.5292315943514
2025-11-09,12,52686.11441597721,-299.96366208622754,6486.629046687303,2301.372646057239,58872.77980057828,9153.125149884901,eval,0.45530687830687827,0.06452291666666667,265.3133393972681,957.8857223889758
2025-11-10,12,54760.306051951586,-918.4981380456015,16698.52311003455,3677.54485318298,70540.33102394054,8492.04353036269,eval,0.4539740740740741,0.07209702380952382,518.4049384865833,1743.5510946367417
2025-11-11,12,52676.644117954915,-310.72612774094296,619.3621194677028,196.4732968209501,52985.28010968168,6984.671930385601,eval,0.45438835978835973,0.061847321428571425,274.26791864680297,902.9518997974064
2025-11-12,12,53564.788977262084,-860.6584009794185,16818.232663764175,3396.869915007757,69522.36324004683,5420.767893405339,eval,0.456368783068783,0.059277876984126995,280.966838545428,789.8417661255162
2025-11-13,12,53320.43931470421,934.8062788768623,12121.29715694633,3619.34520399513,66376.5427505274,9087.338555833621,eval,0.4577253968253968,0.06280228174603177,417.18369141426626,1382.5222613393955
2025-11-14,12,13718.417969203223,0.0,4771.731397760748,1898.8682598286266,18490.14936696397,8108.336829524222,eval,0.4585322751322752,0.12905803571428573,94.00477613309549,182.25685715028527
2025-11-15,12,16273.81975331419,-65.06102000667084,56.920876265630284,18.404538709036864,16265.67960957315,8824.94588749415,eval,0.45841428571428566,0.13143134920634922,610.2836115555657,1051.356643580511
2025-11-16,12,53257.13884933626,229.41067416641965,11873.170232292367,3899.233798066842,65359.71975579505,7052.71577490528,eval,0.4615349206349207,0.0635267857142857,345.329511588496,961.6899688241396
2025-11-17,12,50844.69352575141,539.8585832985029,18044.866857166344,6095.927633375084,69429.41896621627,8544.24911105291,eval,0.4606952380952381,0.05684841269841269,185.70052425342038,476.177766545158
2025-11-18,12,54456.4370826277,-303.8673573365319,18397.16236717971,4952.1719933980885,72549.73209247088,9291.067213458913,eval,0.46103280423280424,0.06468005952380954,94.32759058529192,255.80299958552368
2025-11-19,12,54163.012231177265,971.4161038655732,12112.924674467024,3206.509758200106,67247.35300950985,7897.703477584726,eval,0.46063968253968257,0.06670198412698414,553.5289434624788,1854.4495978659634
2025-11-20,12,53461.74174042306,1147.8706218291204,15502.194023257269,3659.9687086459276,70111.80638550945,9266.982319434945,eval,0.46346666666666664,0.05850625000000001,356.56930318473013,1178.9645756555262
2025-11-21,12,14884.219987140612,345.9035430181719,3256.077248171369,1658.3291031271574,18486.200778330152,8662.847930736134,eval,0.46209841269841256,0.13399265873015873,139.1768987342792,333.85943258985674
2025-11-22,12,15975.769278677817,78.92223249940656,1940.25159616564,512.5082093690496,17994.943107342864,8469.87762335711,eval,0.46219735449735455,0.1311862103174603,338.6638312989647,525.6074596167593
2025-11-23,12,54743.858122211575,-550.1627047795405,20717.252604607365,5135.402931165154,74910.9480220394,7460.058857287962,eval,0.45973544973544966,0.06318144841269842,81.43516125180638,378.06255614483115
2025-11-24,12,53139.72403405815,691.294788569679,15911.757583585613,3358.3345376617053,69742.77640621344,6176.991966733737,eval,0.4625015873015874,0.054399503968253965,583.5445487348675,1739.3548657363867
2025-11-25,12,63999.09528552982,-1687.6084552110076,3558.7928383695307,842.4812425037658,65870.27966868834,8013.460767774461,eval,0.4619539682539682,0.056656845238095235,357.74850986922627,1333.7717893717695
2025-11-26,12,57830.46825789301,-334.34646411085754,18927.54883505941,3878.147591689058,76423.67062884156,8329.483502087252,eval,0.4626455026455026,0.06532896825396824,124.75578041764042,485.79521097869036
2025-11-27,12,57385.94015058133,-590.9566702834034,13732.320182203452,3972.326293961518,70527.30366250138,9440.292384154767,eval,0.45713968253968246,0.062066666666666666,765.8708950168997,2556.8002918199713
2025-11-28,12,14399.126351338677,0.0,3408.5618989739096,1683.7109961781885,17807.688250312585,7257.223328925249,eval,0.4560730158730159,0.13732946428571427,464.88066598455345,873.3895539713225
2025-11-29,12,19660.32959419724,-377.59054112457545,3728.1017216211244,1124.7913504622888,23010.84077469379,7758.835474654538,eval,0.4545058201058201,0.12166140873015872,251.16220558781401,534.3171736907209
2025-11-30,12,60342.50469125112,1653.0975680958568,15235.329619868506,2728.21236985916,77230.93187921548,9594.746729831833,eval,0.45394126984126987,0.06886468253968255,612.5453451851989,2056.8880210742495
2025-12-01,12,64472.149820986604,-490.003366505646,27439.675156453864,5185.494737442505,91421.82161093483,5027.719498892756,eval,0.4505227513227513,0.1323813492063492,517.4377920637676,2387.6940365433866
2025-12-02,12,73108.69430679404,-1124.811612206332,20840.609280677145,4409.989152381033,92824.49197526486,6642.980093114153,eval,0.4569164021164021,0.12814613095238092,315.26815081993874,1128.8312175687338
2025-12-03,12,63936.53099133301,4684.531355670197,20679.993070628578,5111.822663726531,89301.0554176318,8420.306419567716,eval,0.46221216931216935,0.11173720238095235,48.322222863277794,227.9127049405553
2025-12-04,12,73272.12757067037,-2252.8051555521533,21154.817042529652,4228.999643739763,92174.13945764788,9590.11702569508,eval,0.4702380952380953,0.0942796626984127,314.5512377352835,1012.7777955021613
2025-12-05,12,19080.00952013236,-265.3886927123102,15038.674187828423,5160.818914025171,33853.29501524847,9214.976124480674,eval,0.47731164021164024,0.10771666666666667,159.5966977489232,356.69040555997424
2025-12-06,12,21846.479243395297,-142.7957744284438,11832.368508664977,3207.0277298520805,33536.05197763183,9443.814841278243,eval,0.4833714285714286,0.10884325396825396,376.16580176228746,942.4301741141693
2025-12-07,12,75697.20565065046,-1187.6392682167887,3278.1054588188363,829.562766277538,77787.67184125251,9724.348507711464,eval,0.4903153439153439,0.06802946428571427,433.55343454360974,1305.7876776014673
2025-12-08,12,75863.94724232388,-622.7408092861316,0.0,0.0,75241.20643303775,10800.0,eval,0.496173544973545,0.05379761904761906,111.80577633230546,343.4243924685298
2025-12-09,12,71032.57554835887,-62.722449479721234,660.4878885548321,95.88297128808378,71630.34098743398,9160.174137036089,eval,0.496521164021164,0.05510982142857143,112.9517478236721,611.5541312253441
2025-12-10,12,70713.38918562126,-125.06126011558902,14684.694030883044,2736.186032242625,85273.02195638871,9915.55403510441,eval,0.4952375661375661,0.06404900793650793,399.67506358320645,1779.8083747687172
2025-12-11,12,72047.20783002864,-1738.6714014091942,4263.257452192453,1093.4068576478003,74571.79388081189,10025.782003435921,eval,0.4942121693121693,0.04928015873015874,528.4640256630626,1654.9111542736596
2025-12-12,12,21708.538424932343,0.0,3792.4684665156115,1282.2857454567445,25501.006891447956,8088.950575720688,eval,0.49145978835978843,0.13132857142857143,215.70901242369797,589.7697331541269
2025-12-13,12,24109.696812746908,8.089156020081296,4624.680223254611,1796.7981201066245,28742.4661920216,8248.355657837632,eval,0.4895846560846561,0.12623511904761905,239.400723557958,506.85711869755085
2025-12-14,12,68058.2533113227,1592.864564763098,21426.56397927409,4885.156309272548,91077.68185535987,10008.528974972043,eval,0.4907513227513227,0.06661597222222222,606.2359536948945,2172.036804333058
2025-12-15,12,66973.89438023802,1549.2109609343217,26915.929785807126,5688.958753265258,95439.03512697946,10091.501461799005,eval,0.4903571428571428,0.061336805555555554,64.19090013580194,241.8979842970501
2025-12-16,12,74855.0664939248,-1348.6914337112598,2377.8256247237796,493.52710000039906,75884.20068493731,10005.539582047404,eval,0.48649470899470904,0.05366517857142857,183.56359735902325,711.9631422616516
2025-12-17,12,73590.15679268652,-915.8796671456098,2266.022943169808,517.5820616627242,74940.30006871073,10035.373533932012,eval,0.4864359788359788,0.052521428571428566,242.76146259664583,708.4364306055986
2025-12-18,12,71705.0280633767,-952.8415177311526,7662.422134618411,2056.9474234715176,78414.60868026395,10234.802747893118,eval,0.48681428571428575,0.05642847222222221,166.75718213182725,476.01382329383915
2025-12-19,12,21245.584621173657,-7.096434079634782,7550.649187502688,3133.0750072397204,28789.13737459671,9504.460716308326,eval,0.48897142857142856,0.1354359126984127,58.502918991374386,118.42513326873002
2025-12-20,12,25248.237865743733,-1432.453854116237,1357.0542458499358,616.4896326859443,25172.838257477433,7701.543597711752,eval,0.4908185185185184,0.14118660714285713,253.13638029244385,639.1654450802969
2025-12-21,12,74929.73976754252,-98.04529618146628,11219.109459196952,2170.5980555472033,86050.803930558,9408.570346584813,eval,0.4902714285714285,0.05431170634920634,412.23842708293006,1075.4554282321503
2025-12-22,12,69510.97455582692,260.9908663509085,15808.43163795026,3370.7735419397163,85580.39706012809,9251.681408485569,eval,0.48987248677248674,0.06379097222222223,126.06362083784306,603.4888882578018
2025-12-23,12,72681.94721551087,-750.7519576016116,5409.546268028239,1326.304477763902,77340.7415259375,9719.635391982043,eval,0.4938910052910052,0.05630486111111109,259.0573798197666,1102.4173733304767
2025-12-24,12,71094.70086472761,-435.01626654817,10746.706843189633,3069.302138259731,81406.39144136907,10271.158006408989,eval,0.4959301587301587,0.05388878968253969,64.76893439965332,274.2567328689353
2025-12-25,12,66514.05820597813,1087.5045938984508,15688.17143925139,3260.7619111824074,83289.73423912798,8222.98793407557,eval,0.4942253968253968,0.05970595238095236,127.28208652662059,667.021248835625
2025-12-26,12,22737.42337246908,-46.036144151783155,13165.063995692579,3833.0842956356805,35856.45122400988,10593.151695004288,eval,0.4937931216931216,0.13421190476190475,130.91132650252743,407.57242991733966
2025-12-27,12,20712.02117761895,-16.080541678750798,7688.029911978661,3326.9946950670565,28383.97054791886,9728.530372375473,eval,0.4959148148148149,0.1369892857142857,536.2935405257867,1219.4099786161646
2025-12-28,12,66686.36183281094,2488.5841896876545,6734.859984096338,1843.9816448553588,75909.80600659494,8470.85495222901,eval,0.4923862433862433,0.05129265873015873,587.3624096390165,2405.2665498728766
2025-12-29,12,66837.37941191155,2883.5305957138485,14434.934041146143,2805.6162523641788,84155.84404877154,10511.977458109239,eval,0.493610052910053,0.051714186507936515,362.4810544906719,1999.5546708159752
2025-12-30,12,66579.25268047705,-202.6863679042757,9862.672937189476,2534.8332835563147,76239.23924976225,8429.514454915368,eval,0.49164021164021166,0.0504875,282.34157027225166,1087.8976356428684
2025-12-31,12,72794.91314208864,807.9965996787961,3884.7347312309034,862.434174457678,77487.64447299833,9453.683121088574,eval,0.4900629629629629,0.06042886904761905,355.5203457925554,1646.8259611455655
2025-01-01,18,0.0,0.0,432888.7998430083,92035.17001666666,432888.7998430083,6000.0,init,0.0,0.0,0.0,0.0
2025-01-02,18,78170.43012215814,0.0,8275.773076712647,1762.897406172839,86446.20319887079,10654.339575,init,0.5328444444444443,0.038234027777777777,0.0,0.0
2025-01-03,18,56581.11496452577,9.884615792543627e-13,0.0,0.0,56581.11496452577,10800.0,init,0.5308481481481482,0.18821631944444445,0.0,0.0
2025-01-04,18,22661.323636313762,-9.997218612500212,10356.000146440616,4353.84138497942,33007.32656414188,10556.64123,init,0.4977197530864197,0.13456041666666665,0.0,0.0
2025-01-05,18,29536.489350514756,498.3648940000001,226411.07872683607,45576.8314483539,256445.93297135082,9185.410364999998,init,0.47875925925925933,0.09554913194444446,0.0,0.0
2025-01-06,18,74298.61283238907,0.0,15033.698396050035,2803.3008333333446,89332.31122843911,10718.956319999998,init,0.4920933333333334,0.08167111111111112,0.0,0.0
2025-01-07,18,70906.5168276184,-7.427246373481466e-13,28194.385342923048,5626.016156378631,99100.90217054145,10710.055154999998,init,0.4989623456790123,0.06666828703703703,0.0,0.0
2025-01-08,18,77447.28852588077,1.523032722161588e-12,12975.880330456333,2668.557284000001,90423.1688563371,10757.449425000003,init,0.500173015873016,0.04950793650793652,0.0,0.0
2025-01-09,18,70476.65945150494,1.4138421988718622e-12,18560.564963245095,3597.3916072017437,89037.22441475003,10747.30257,init,0.4981608465608466,0.05736785714285713,0.0,0.0
2025-01-10,18,58718.21292861934,1.0873449696191529e-12,0.0,0.0,58718.21292861934,10800.0,init,0.4987703703703703,0.13991765873015874,0.0,0.0
2025-01-11,18,22238.07230175298,-11.986975513334023,6581.791698721591,2399.3820342901513,28807.87702496124,10399.662464999998,init,0.4961656084656085,0.1352948412698413,0.0,0.0
2025-01-12,18,31141.352784053597,542.8945994999998,217945.53376361908,42901.12666084979,249629.78114717267,9087.386535,init,0.4964333333333332,0.06021696428571429,0.0,0.0
2025-01-13,18,73693.39580417331,0.0,9060.316324408323,1905.9447833333318,82753.71212858164,10597.352669999998,init,0.49465661375661374,0.05179861111111111,0.0,0.0
2025-01-14,18,71179.69803181337,-4.567539235722507e-13,15325.904311408289,2942.1849499999907,86505.60234322166,10640.392049999999,init,0.4953925925925925,0.054164980158730155,0.0,0.0
2025-01-15,18,68555.97584692828,3.0195678846212105e-12,25238.60640830783,5163.5823930041515,93794.5822552361,10753.904564999999,init,0.4971100529100528,0.05923402777777777,0.0,0.0
2025-01-16,18,70524.47407278704,6.842615670656712,16479.722070371885,2658.0367805638025,87011.03875882959,10603.443857407407,init,0.497957671957672,0.05244037698412697,6.738667635593292e-13,2.2021178910778683e-12
2025-01-17,18,24273.232394435567,-75.70015994041302,143.81635772930136,62.176568109956975,24341.348592224454,10675.469989022959,init,0.4971534391534391,0.14103988095238093,7.73070496506989e-13,2.3578195396112273e-12
2025-01-18,18,25807.269217147274,-36.37400069317888,410.7215828068024,104.88704316376953,26181.616799260897,10675.3369175059,init,0.499037037037037,0.14380089285714287,-2.7512214728631083e-13,-1.294222329306649e-13
2025-01-19,18,69268.8474131531,103.67998124992995,11893.359379231508,2239.679755331736,81265.88677363453,10239.32315223688,init,0.5005740740740742,0.05702936507936508,-2.842170943040401e-15,-2.847428959285025e-14
2025-01-20,18,71156.23333817699,-178.7822843469489,12273.453822457544,2527.7145424550918,83250.90487628759,10542.534879398521,init,0.501367724867725,0.05355873015873015,7.561505194299967,34.75446885314077
2025-01-21,18,69934.66316507972,-186.80514604234656,0.0,0.0,69747.85801903738,10634.18264703298,init,0.5010121693121693,0.044362301587301596,8.557465630856528,42.173916762131974
2025-01-22,18,71767.3476428742,-115.60887967253285,2705.731036065364,470.7471083808728,74357.46979926703,9674.284074264766,init,0.5011037037037036,0.0640277777777778,178.21338438140964,714.5964113123875
2025-01-23,18,71489.74791687277,-236.69424108480635,21825.103765955908,3993.9611255671507,93078.15744174387,9753.859058193646,init,0.5011021164021164,0.06664623015873015,2.424620835751398,5.45132317475067
2025-01-24,18,20166.09822304424,-152.52320358955552,5615.8114511867425,1635.2888776785921,25629.386470641424,10191.863445214973,init,0.501778835978836,0.14937162698412695,18.63135170767797,55.88979817217917
2025-01-25,18,19886.45844241121,-78.26225756533644,2427.655722179571,1238.803715446076,22235.851907025444,10350.17093640347,init,0.5026534391534392,0.15257132936507936,59.31427668125897,156.8988100860325
2025-01-26,18,76309.9233993653,-179.30458863132512,0.0,0.0,76130.61881073398,9988.097487024197,init,0.49998359788359786,0.06394434523809525,57.20556801402222,221.39772751057535
2025-01-27,18,66437.76585627106,-34.54719842455256,3063.6508189833526,775.8988341190393,69466.86947682986,10324.404402176398,init,0.49859841269841276,0.046439880952380955,75.01710845173474,291.9579335998012
2025-01-28,18,70092.51676257972,0.0,3117.2719150516414,775.2428301614913,73209.78867763135,10258.786398690721,init,0.49627883597883604,0.058983531746031756,155.88208598102605,836.6917301855594
2025-01-29,18,63015.057103496925,-87.84237463233134,4016.407733222877,945.961864278898,66943.62246208747,10575.910623799871,init,0.49819894179894175,0.0435561507936508,95.61807513952803,394.1257894282585
2025-01-30,18,63704.33000103744,-14.955971118725788,6161.737219142701,1646.5788564536724,69851.11124906142,10315.93086783008,init,0.49724074074074076,0.055001884920634916,188.8786083352071,722.2797578860352
2025-01-31,18,18882.973771472796,0.0,3495.170608757442,1561.765862804832,22378.14438023024,10574.882478499878,init,0.49715238095238096,0.1351202380952381,103.94614569683968,245.30584305353392
2025-02-01,18,19497.37773505713,-141.4767852628223,72.41087270905889,41.049247567493694,19428.31182250337,10657.770723038013,calibration,0.49730952380952387,0.1951779761904762,77.63543020659424,184.18441660611933
2025-02-02,18,63605.62407140469,-119.94621154412931,0.0,0.0,63485.67785986056,10708.562985131814,calibration,0.49425608465608467,0.057532539682539685,79.1313544368222,223.18236207692013
2025-02-03,18,66211.34087990469,-21.17737570136919,1427.1559429292463,379.4113898522521,67617.31944713256,10683.892192912896,calibration,0.49102910052910054,0.05969831349206348,209.03437588095275,987.7506884219838
2025-02-04,18,70158.66549861158,-222.4696977492154,0.0,0.0,69936.19580086236,10783.5252420174,calibration,0.48829100529100533,0.05257599206349204,89.62769916434164,331.6078078271428
2025-02-05,18,61092.49926436139,-369.22970864365504,8028.6516610983745,1621.2412712457376,68751.92121681612,9548.259456821213,calibration,0.48388835978835976,0.052722519841269834,117.31410859758842,515.0824276988118
2025-02-06,18,66352.21988443751,-173.657302248739,3878.14469518698,907.6632843609023,70056.70727737574,9768.742536204973,calibration,0.48334126984126985,0.05190386904761904,140.1870500996443,588.513839245403
2025-02-07,18,18357.69746899572,-225.75448966491655,54.54459765084653,30.010782751497402,18186.48757698165,9637.005632178207,calibration,0.4790539682539683,0.1538861111111111,97.29324631564143,199.53395656664708
2025-02-08,18,14790.080947803523,0.0,7664.596249166191,2631.5843146402676,22454.677196969715,9774.683586357869,calibration,0.47338730158730163,0.1459512896825397,53.14740942429928,116.99828772840787
2025-02-09,18,61716.09791689245,-81.41337373674256,1292.4700066357573,309.2947475891089,62927.15454979146,9405.426480970902,calibration,0.47297566137566144,0.058759722222222206,285.70195521619576,1055.6636372747437
2025-02-10,18,55314.23989340312,-200.65392654319515,2466.022397480306,619.8018264344487,57579.60836434024,9462.473334255812,calibration,0.4722402116402117,0.03834414682539684,307.1596916506972,1163.8670419840032
2025-02-11,18,57598.84089802095,-861.5080769731245,12084.679628077509,2248.774084872346,68822.01244912534,8217.270110964584,calibration,0.4720507936507936,0.04770833333333334,110.40778477582174,439.47380436594904
2025-02-12,18,59073.64798744256,-645.8047717737558,5560.175813827251,1268.6672972538352,63988.01902949605,8828.967849671306,calibration,0.4733280423280424,0.04982857142857143,150.53079888562095,586.3322197011632
2025-02-13,18,54070.40207802673,-243.91116228636974,3975.7559248329244,1128.5854711515212,57802.24684057329,9755.89345304088,calibration,0.4705460317460317,0.04360505952380952,265.75603849368116,933.5273474869376
2025-02-14,18,14805.935259047608,0.0,1657.3387767851984,699.6553912197187,16463.27403583281,9775.04109077061,calibration,0.47089947089947093,0.14283492063492062,127.69827255518108,287.40884896488376
2025-02-15,18,15591.802055435968,-2.1632744328157982,2259.572127238557,747.128224529264,17849.21090824171,9716.315496907548,calibration,0.4718179894179894,0.13493888888888889,280.46407094811826,532.9510128224063
2025-02-16,18,59730.20420064251,-119.3119923027246,3415.5175555936107,730.0326304255816,63026.40976393339,9785.86451340098,calibration,0.4736047619047618,0.06151706349206349,323.3441699050493,1183.4893264498778
2025-02-17,18,58141.2516981728,-221.20173608306067,413.11479378004856,91.22665160218804,58333.16475586979,9595.602504858778,calibration,0.47256455026455013,0.051036805555555564,200.19197565110193,734.6219243635136
2025-02-18,18,51026.07310184452,0.43223154946736,7793.020529499128,2316.1259468792255,58819.52586289312,10128.602041296914,calibration,0.47414814814814815,0.05028849206349206,59.07383484670297,157.41505491249399
2025-02-19,18,50849.354399217395,-6.764990469500341,9933.062029738856,2096.8311311167413,60775.65143848675,9549.696789690535,calibration,0.4713571428571428,0.05365218253968255,223.0886430931485,740.400202171567
2025-02-20,18,54841.33675340209,-258.87328583756016,2150.3757428633917,633.8927007050511,56732.83921042792,10009.55237974785,calibration,0.47265978835978834,0.055220932539682556,154.16138491099795,583.1502358144508
2025-02-21,18,14770.752619728035,0.0,891.1551314597751,347.5493164987419,15661.90775118781,10025.300071302332,calibration,0.473063492063492,0.14571785714285715,40.90278207064193,85.47796381653575
2025-02-22,18,15270.404923983417,-8.61369379761606,1145.0539918809586,350.92214665163465,16406.84522206676,10343.629189550484,calibration,0.47281587301587313,0.12959176587301588,84.40914813028964,201.3047460771644
2025-02-23,18,52734.11386191637,-246.48492303593392,11460.04443273912,2086.520678766731,63947.67337161956,9389.958474744202,calibration,0.4718915343915344,0.053621428571428584,258.36859228637786,1083.367569042318
2025-02-24,18,51122.16959897011,-150.01957783268898,5977.779833756803,2047.0425765746422,56949.929854894224,9789.521728039294,calibration,0.47184973544973535,0.04930882936507937,337.3763420391313,1134.0170507392081
2025-02-25,18,51543.738923593235,-251.68602500454634,305.11676264450654,59.627637046298446,51597.1696612332,9475.612575333374,calibration,0.470436507936508,0.041781547619047614,130.2046710956419,390.2910120372304
2025-02-26,18,47194.36045856755,-181.52276623048886,17061.749448487917,4295.871274292735,64074.58714082498,10697.815345543575,calibration,0.47081111111111107,0.05066349206349207,57.32083049406617,165.04902461111436
2025-02-27,18,45624.46538944502,-194.85004324789867,8892.180252670343,2939.6103488672547,54321.795598867466,9919.675452743955,calibration,0.471189417989418,0.04860396825396824,388.9016633419568,988.9487749217855
2025-02-28,18,14172.90612350472,-96.3468153986873,2700.97376249685,1211.4195190836185,16777.533070602884,10345.219629167683,calibration,0.47052751322751324,0.13722271825396823,35.640984556324995,69.19403592311288
2025-03-01,18,15558.11855003706,-29.456234286213796,6.33712807925441,1.9846940429860354,15534.9994438301,10046.062195577499,calibration,0.4690243386243387,0.13950486111111113,96.82062696153125,133.3003798806307
2025-03-02,18,55006.39279829808,-157.49713741994034,1058.9372521870002,231.49960249371924,55907.83291306515,10269.621167597714,calibration,0.4657164021164021,0.06790456349206347,190.13004790931006,720.3175989503113
2025-03-03,18,56489.90066847294,-11.469516588716566,996.6977766567459,204.77873294719222,57475.128928540966,9890.72759651286,calibration,0.4645825396825396,0.06589791666666667,95.55516800576815,301.32494190861706
2025-03-04,18,49563.4264738278,-353.0030468569195,7841.392811178621,2353.856444770473,57051.816238149506,9460.158881460335,calibration,0.46330582010582017,0.05184285714285715,149.32360345837975,501.2056679129863
2025-03-05,18,48942.992997539775,-146.42017113713501,2870.880928302851,773.657911544676,51667.45375470549,9674.964066754295,calibration,0.46334708994708995,0.04629742063492062,163.17005895108815,567.5070558653129
2025-03-06,18,44823.689633788716,-123.08534974177971,15237.112227928148,3643.2345289955265,59937.716511975086,10011.688135795477,calibration,0.458679365079365,0.04774156746031746,467.45726878354634,1686.4630790810813
2025-03-07,18,13890.640497799373,-126.80961800989269,0.0,0.0,13763.83087978948,10501.060616487768,calibration,0.45631587301587295,0.1406079365079365,111.28478509767751,222.95966223677496
2025-03-08,18,12919.129067262771,-76.9722282851505,2835.528076089273,872.0409063844354,15677.684915066893,10627.496198539466,calibration,0.4559460317460317,0.15116150793650796,34.31791216433642,89.39525749902502
2025-03-09,18,44703.71802645627,-366.94033408160095,10067.87975276473,2320.5436127297967,54404.6574451394,10190.550216154013,calibration,0.45648359788359794,0.04534335317460317,255.49014126389457,712.8701087487949
2025-03-10,18,45884.95121744498,-66.86715874149748,16826.801226269265,3962.4850637824165,62644.88528497274,10127.530704546196,calibration,0.45693015873015874,0.06240009920634922,41.8848229809648,108.80982107441972
2025-03-11,18,39321.06897075168,-87.71203517599048,28898.7248276448,8315.269668930558,68132.08176322049,10037.49441366942,calibration,0.4566465608465608,0.05405089285714286,122.71935327760623,338.933104368561
2025-03-12,18,46488.79115563062,152.56363663742644,3116.4985455267674,928.7664875423477,49757.85333779481,10433.998558617608,calibration,0.45587671957671955,0.048841567460317474,371.29081664739675,1103.10081520108
2025-03-13,18,46762.08966764209,3.2791084633195435,5505.514925405893,1524.809523169713,52270.8837015113,9801.187761702635,calibration,0.4563804232804233,0.0678621031746032,169.26395696283447,427.72250403837626
2025-03-14,18,12723.090236592549,-109.80007341187267,1166.611476642856,687.4986085199342,13779.901639823533,10274.82392454131,calibration,0.45648571428571433,0.14629573412698413,100.27399390155327,178.7592440438636
2025-03-15,18,12956.935786307697,-65.53195361780232,1329.7604627684273,424.6943973416868,14221.16429545832,10031.553597849028,calibration,0.4549883597883598,0.13138422619047618,187.77789592818309,342.2914037152733
2025-03-16,18,43507.43041220378,0.0,12278.767643429594,3359.3464697026975,55786.19805563337,10052.134388547718,calibration,0.45557248677248685,0.0531282738095238,409.9021621249145,1232.9790291294137
2025-03-17,18,40139.80459827949,0.0,1714.2615110197535,549.7856301721699,41854.06610929924,10155.499212594357,calibration,0.45470052910052905,0.03631359126984128,166.43087171989652,423.40810091164667
2025-03-18,18,48479.25310908896,-57.63960094143556,0.0,0.0,48421.61350814752,10095.13745542193,calibration,0.45277989417989417,0.048267757936507935,237.0375079790344,588.8026377095209
2025-03-19,18,37259.88379423879,-78.13179845224755,20158.459830153693,6335.912692985063,57340.211825940234,10221.711629032592,calibration,0.4518751322751323,0.04881170634920636,208.83838386577636,537.9470875612053
2025-03-20,18,43595.21524217501,-62.22535717477771,14518.683271336242,3334.206434565821,58051.673156336474,9902.618678141365,calibration,0.4522597883597884,0.056766964285714275,299.3662671422786,820.3926949546164
2025-03-21,18,12055.710352477061,-87.37110901059494,3461.081868493411,1060.6841973833166,15429.421111959877,10174.429917137408,calibration,0.4530079365079365,0.1536701388888889,19.40842752548366,35.69306368033506
2025-03-22,18,13164.92038138197,-126.2278222625127,1.5155741719215992,0.48228295049215575,13040.208133291379,10565.60497172475,calibration,0.45365873015873015,0.13372331349206348,40.90094612399464,78.10399904054302
2025-03-23,18,42869.67677663451,-233.24331178817994,2541.256215707829,971.484818287763,45177.689680554155,10239.427328400932,calibration,0.452205291005291,0.05060575396825398,53.71925510522632,156.39110900662095
2025-03-24,18,40164.976834755056,-1.9629791559676972,3737.8612634764995,1490.9141054955726,43900.87511907559,10090.306389132124,calibration,0.45250634920634913,0.05461378968253968,141.6240509723009,328.69259028484305
2025-03-25,18,46202.351637778454,-102.0796611659363,0.0,0.0,46100.271976612516,9891.590666803686,calibration,0.45285026455026456,0.0572953373015873,350.388146145454,1217.9116368228858
2025-03-26,18,39299.080500719116,0.0,13595.114939446488,3662.689766698436,52894.195440165604,10737.389678215295,calibration,0.45108095238095236,0.047057440476190475,158.38067094114675,351.0822012543163
2025-03-27,18,41508.69749575679,-159.54151502237477,1388.300951323321,528.9746213242283,42737.45693205773,10190.016553140797,calibration,0.4509153439153438,0.05638541666666666,112.32248998989012,283.3701059369622
2025-03-28,18,12654.944561750268,-96.54819456804768,321.06337671572396,165.11359049407247,12879.459743897944,10315.614479212418,calibration,0.449647619047619,0.13822063492063494,93.89075154531515,183.1279381044615
2025-03-29,18,11839.614406057159,-83.79979538795006,596.7451172097145,189.9098723922965,12352.559727878925,9626.895284395438,calibration,0.450710582010582,0.15139275793650792,60.9367888061096,123.0172343767002
2025-03-30,18,39788.545926093175,-298.9463695687635,1289.0021232323359,360.9325023829917,40778.60167975674,10341.914381749335,calibration,0.4536047619047619,0.049554464285714285,320.85605881943076,826.2864209656394
2025-03-31,18,34813.42121331307,0.0,22225.278205383103,7120.82709661243,57038.699418696175,10510.639146743571,calibration,0.45265873015873015,0.05669087301587302,276.218777207535,796.084161645652
2025-04-01,18,44286.00030887703,64.75157011318602,397.4293051378677,92.1960162216775,44748.18118412809,10574.174712157052,eval,0.4515280423280424,0.0719405753968254,383.69356739219614,1185.4773626143597
2025-04-02,18,42105.837936752476,-76.37199886443776,210.41824374790417,66.54068477550145,42239.88418163594,10566.44397262612,eval,0.45426084656084664,0.06762728174603175,135.1676338381087,346.46518595136115
2025-04-03,18,42895.61275394008,0.0,0.0,0.0,42895.61275394008,10630.987312394882,eval,0.4561820105820106,0.06061577380952383,608.9953931823686,1474.7983866502386
2025-04-04,18,10980.75642252614,0.0,1070.8012141278487,323.5267884753367,12051.557636653988,10119.201369121443,eval,0.45736878306878304,0.14913710317460319,37.4433261163731,77.69462798088696
2025-04-05,18,11698.394179442997,-29.792852779174027,2761.5285850147097,1364.8588445454945,14430.129911678534,10115.433084182278,eval,0.4554814814814816,0.1311729166666667,103.55581721337049,198.97930303710274
2025-04-06,18,40066.72321341374,-64.27562656025538,36.330539998960205,9.040821201682274,40038.77812685244,10165.501056043568,eval,0.45346243386243396,0.04986498015873016,186.306089574957,526.8440567155512
2025-04-07,18,34552.25948052129,0.0,8572.715281523178,2587.340849775417,43124.97476204447,10735.327386024645,eval,0.4558476190476191,0.05191001984126983,99.94643854886019,222.30436056324743
2025-04-08,18,39504.84174400113,44.655935691575436,845.9022682955865,409.36900428098863,40395.39994798829,10187.30922155084,eval,0.45664920634920636,0.050626984126984124,731.0555981403334,2110.849985129734
2025-04-09,18,38871.41203086791,-24.367960705048795,13104.169415934197,4075.801330510257,51951.213486097055,10636.53787843171,eval,0.4555074074074074,0.06723720238095238,247.0990172774249,688.5704009227316
2025-04-10,18,38740.49468253284,-41.80976857116734,20.449596122427245,7.398551419112607,38719.13451008409,10395.775973026535,eval,0.45338412698412706,0.05992212301587301,585.1364587365074,1583.7207250157667
2025-04-11,18,10743.435040915963,-25.55033146173102,2519.112384201463,783.8668387596642,13236.997093655697,10111.764652241573,eval,0.4523375661375661,0.15134126984126983,50.62080502922673,96.03040178521294
2025-04-12,18,11682.531826064802,-44.77151464031054,134.01036188005813,46.10356603069548,11771.77067330455,10455.249267089333,eval,0.45481058201058205,0.13979117063492064,34.31197517706692,63.0169318927823
2025-04-13,18,35164.93093069403,-13.051437117288076,5631.457255610549,2157.2211004579635,40783.336749187285,10161.56068446302,eval,0.45294973544973555,0.059799702380952384,222.77477458695358,500.7700870446277
2025-04-14,18,38179.09840879497,-253.33929473469362,1137.7249167150153,550.1607122672558,39063.48403077529,10207.266094609431,eval,0.45337301587301587,0.05116130952380953,433.8582555848995,1161.721731177324
2025-04-15,18,33243.552387823634,-2.0412098067035567,3465.5468466025204,1084.0838107662657,36707.05802461945,10800.0,eval,0.4556465608465607,0.04900436507936509,259.3761112368726,530.8110540032984
2025-04-16,18,37039.16212073421,0.0,2106.7928903419925,646.4575470762462,39145.95501107621,10066.518369018133,eval,0.4550328042328041,0.06689652777777777,189.95154835689652,546.2870650878183
2025-04-17,18,34216.65655734438,-270.601979987165,14706.374897259493,4491.72841435253,48652.42947461671,10264.705830551342,eval,0.4568486772486773,0.05517619047619049,493.0763265268224,1051.7396608500833
2025-04-18,18,10445.489339603042,-26.212415121219017,2774.3624267300675,1040.475522812118,13193.63935121189,10800.0,eval,0.45714232804232807,0.13584444444444443,65.11754098352313,122.69717181849849
2025-04-19,18,10431.118888302422,-48.73252162512178,270.3880676707255,143.32789168869624,10652.774434348026,10050.377376331524,eval,0.4573312169312169,0.13859573412698412,89.85497072506519,184.44791295027218
2025-04-20,18,34366.388979902855,-55.35012540091352,11704.737840962098,3278.608721937243,46015.77669546404,10328.698741614204,eval,0.4606984126984128,0.053529960317460316,39.857264096752,103.39995723956864
2025-04-21,18,35080.122298738235,-96.74272931020836,2313.047633960052,999.9820510758364,37296.42720338808,9863.037884431697,eval,0.45873597883597883,0.04580932539682539,36.239304751997004,72.94998753483473
2025-04-22,18,32820.81897877808,24.59496717923338,12599.217579539141,4619.7862949369655,45444.63152549646,10423.019647008714,eval,0.4576507936507937,0.060242261904761896,365.1164828139934,978.2848423931904
2025-04-23,18,31826.0938176689,-158.33098735400603,14260.679232275208,4760.04039426395,45928.442062590104,10513.763446281919,eval,0.45945925925925923,0.05768124999999999,170.23523135910256,429.2338597219127
2025-04-24,18,31963.637644300292,-134.65309249761378,3841.5898565662455,1845.6658412953707,35670.57440836892,9900.513034306947,eval,0.4612582010582011,0.0493328373015873,75.5134677680301,208.2649633425915
2025-04-25,18,9977.921969780782,0.0,1803.5831919991451,565.9272155595908,11781.505161779927,10437.642139885085,eval,0.46247142857142853,0.15006011904761907,53.43630067211793,149.0499635025586
2025-04-26,18,10489.926158695169,-14.177157481356186,1533.1298080722618,522.6182839245722,12008.878809286074,10438.866030792115,eval,0.4604343915343916,0.15092718253968254,153.58564493601034,292.6845919535126
2025-04-27,18,31678.31964484662,-192.23743725766812,10690.629282304684,2717.60933517338,42176.711489893634,10445.48429135662,eval,0.4590957671957673,0.05493998015873017,185.3654343743654,402.54958691298225
2025-04-28,18,37598.54139463065,0.0,6512.640601454648,2273.3541516442992,44111.1819960853,10583.920678926272,eval,0.45826455026455026,0.08564384920634921,239.60257509118372,736.7162989156875
2025-04-29,18,30949.029250090793,-242.96934679845,12748.715047086309,3832.053779615798,43454.77495037865,10487.793243812564,eval,0.45860052910052906,0.04940337301587302,176.59282664801154,354.72900136911187
2025-04-30,18,30651.812839678343,-45.357870858959686,14958.686945513844,4795.376072793206,45565.14191433323,10621.557995027757,eval,0.45716137566137566,0.05083402777777778,222.9700119997,545.0079425835538
2025-05-01,18,33197.80748352394,0.0,21377.5333453109,4383.7973768526945,54575.340828834844,9128.606085672076,eval,0.4539862433862434,0.07086815476190475,204.8017304123229,432.0546351646587
2025-05-02,18,11945.792881434358,0.0,7187.725573413687,1960.3070017354207,19133.518454848047,9150.019864474578,eval,0.4527296296296297,0.09780684523809523,104.21359353820117,255.69521140557293
2025-05-03,18,11383.705770195898,-0.9819349868158463,6924.015839096088,1756.6258416128235,18306.739674305172,9323.260689363275,eval,0.455978306878307,0.12078948412698412,177.33520966497915,344.64840996694113
2025-05-04,18,35304.450245660075,0.0,8345.431686752596,1818.3518892982443,43649.88193241267,9108.116082603592,eval,0.4565640211640212,0.05533789682539682,70.2582661108587,196.29918348778438
2025-05-05,18,36467.46355584652,-123.91545846887854,15345.018764260523,4582.306479175614,51688.566861638166,9301.697025773643,eval,0.45834021164021166,0.06813918650793653,120.54099807527686,253.6370817568355
2025-05-06,18,33275.20987582305,0.0,22341.916150633442,5133.8307466015885,55617.12602645649,8526.783627886054,eval,0.45842804232804224,0.06247103174603175,62.390241857914496,151.13462130235524
2025-05-07,18,37010.60957782144,0.0,13924.576106581371,4269.71114563764,50935.18568440281,8965.401396945641,eval,0.4613322751322752,0.062067956349206366,386.0244853078516,863.1265646728552
2025-05-08,18,37793.97029813675,0.0,6285.388783167853,2337.2635231137933,44079.3590813046,8053.975570729194,eval,0.4637100529100529,0.0629389880952381,579.470059707671,1499.4175024651122
2025-05-09,18,12964.688595746331,0.0,1518.0281509016647,480.17788197628397,14482.716746647995,9380.514647460877,eval,0.4640820105820106,0.13854603174603175,67.51801885823512,120.3888869821097
2025-05-10,18,13377.379651050296,-306.17027782121465,1273.2514871818862,446.9010249950202,14344.460860410967,8438.474859758939,eval,0.4621883597883598,0.12751894841269842,131.71573661939482,511.19244789546667
2025-05-11,18,38367.42432211996,-451.69194415178015,4953.905366676131,1693.2416458712296,42869.63774464431,7058.928499705934,eval,0.46208465608465604,0.061195833333333324,421.1469021496834,1247.1731361203051
2025-05-12,18,34459.680390655034,-9.572359662765628,13821.108706945208,4348.769079736723,48271.21673793747,8288.965575426326,eval,0.46352222222222217,0.05152638888888889,257.15441618079393,697.8995892228138
2025-05-13,18,38186.706698423004,-0.3369649812822364,1870.92623922101,532.2829768842239,40057.29597266273,7770.426126895587,eval,0.4644613756613757,0.058716666666666674,376.4315582142714,869.2169766661393
2025-05-14,18,36197.87252715872,151.24374601976834,13550.583032035582,4041.259493245296,49899.69930521407,7448.396220304571,eval,0.4616857142857144,0.04893948412698413,770.4165291072652,1763.071231944968
2025-05-15,18,37273.206843022956,118.50492139922392,15879.10722003401,5259.203385194818,53270.818984456186,8137.774192337016,eval,0.45981428571428573,0.05462807539682538,377.00106949497865,883.289534182932
2025-05-16,18,10622.312181310204,-90.23744130731028,2550.457573228897,956.9902681928028,13082.532313231792,4427.585227330954,eval,0.4595153439153439,0.15624176587301586,54.64948880407853,88.69321042709376
2025-05-17,18,11942.14510345268,-54.74599556413807,2290.9519407138114,763.3672594145639,14178.351048602352,4935.521324266715,eval,0.45778253968253957,0.12560763888888887,37.008788925606304,83.43837735007881
2025-05-18,18,37480.86909036431,-129.03874975852267,5145.178827323469,2076.849133019925,42497.00916792925,4747.585920040328,eval,0.45744920634920627,0.05614077380952382,259.18230876169866,635.844898477256
2025-05-19,18,35676.26344581449,-692.9432057329421,1801.5009240924649,828.3043952377731,36784.82116417401,4801.154691376013,eval,0.4556920634920636,0.04694136904761906,335.93653412368315,702.1615615827943
2025-05-20,18,34619.6818949444,-479.75362638329466,21251.760629872326,6892.599681685162,55391.68889843343,5067.8711726313195,eval,0.45464550264550263,0.06721289682539683,775.2053864414281,2071.1984205911695
2025-05-21,18,34959.503936908164,0.0,19654.46108170269,6376.90399233141,54613.965018610856,8154.29723667481,eval,0.45527037037037027,0.05793978174603176,89.76586602748336,244.36379209508132
2025-05-22,18,33922.73131958791,26.914081153577968,8477.372019663302,3381.966908456533,42427.01742040479,6525.956200315969,eval,0.457268253968254,0.05686339285714285,180.93507351423153,463.90744929807715
2025-05-23,18,12152.990372648605,0.0,2374.4767615695037,791.9814617307039,14527.467134218108,8462.289564610594,eval,0.45737830687830694,0.1360205357142857,193.82846673308987,657.9969253859172
2025-05-24,18,12585.15470466337,0.0,2270.9460247120323,860.3214186847948,14856.100729375401,8910.389088371994,eval,0.46061111111111114,0.14165763888888888,158.8199369731366,460.40513522120045
2025-05-25,18,35631.220491310974,15.692134484470543,773.5719392806138,195.26458895196168,36420.48456507606,8893.333263082699,eval,0.46305661375661383,0.05378878968253967,466.65485147003085,994.3990289724358
2025-05-26,18,34060.297267226204,-454.6377316146387,22169.698709375512,7042.409523350165,55775.358244987074,9096.52348928102,eval,0.4629507936507937,0.06794087301587301,105.83156243266235,369.20161799002614
2025-05-27,18,33845.837591140036,-225.01435704083306,6788.990922855565,2732.7796226880655,40409.814156954766,9045.035896123445,eval,0.4636439153439153,0.05648501984126983,340.01140990210075,914.0760071873486
2025-05-28,18,36194.0098570031,-536.5211874359716,4553.689508979101,1838.6938242605706,40211.17817854622,8542.442883244918,eval,0.4635322751322751,0.06529027777777777,425.44001379426743,1132.8205921318697
2025-05-29,18,34740.30881887728,0.0,12803.703367369164,4689.391446422513,47544.012186246444,8448.507966020625,eval,0.46291746031746034,0.07312767857142857,297.2341364223099,664.2051960368494
2025-05-30,18,12288.707394220159,-14.453767087497354,3276.500313185569,1023.9361170163795,15550.75394031823,9410.130425610441,eval,0.46268571428571426,0.13248045634920633,45.65260411863312,91.74730020713491
2025-05-31,18,11770.355948719065,-19.499302929657738,737.3500882099597,245.70283431757093,12488.206733999366,7830.652494102452,eval,0.46082857142857137,0.12931041666666665,152.64636914447982,274.24556030259066
2025-06-01,18,51492.788083411135,-51.076166874299744,20570.197820424706,3852.2733010999236,72011.90973696153,5118.399261696021,eval,0.4579656084656084,0.12338293650793651,174.80097889877737,533.3107039278113
2025-06-02,18,53466.31361000224,-339.6947903628393,11843.381009336328,2512.3800274806795,64969.99982897573,5963.909230248931,eval,0.4640201058201059,0.10458065476190476,234.14300302806436,568.6120146930683
2025-06-03,18,46631.79208491124,0.0,12863.086846089438,2961.268349095367,59494.87893100068,4012.1788584652663,eval,0.4677211640211639,0.09143849206349206,449.1955253924413,1357.2983503526596
2025-06-04,18,59952.63698621192,7.405121703819898,2085.616817745333,817.1829868986689,62045.658925661075,4758.09690606235,eval,0.4732343915343915,0.08982579365079364,547.3725191444762,1621.0511515989406
2025-06-05,18,52514.90200874969,99.44799866798402,16509.363895166334,3652.9673022990055,69123.71390258402,3726.6060218016873,eval,0.47868888888888894,0.09041875000000002,132.33105412773833,416.443259067647
2025-06-06,18,15220.714269694352,202.62629447085487,13424.074619285026,3278.4416190560614,28847.415183450234,1225.1198701201927,eval,0.4831148148148148,0.09393392857142857,280.1732839645415,560.7801686653393
2025-06-07,18,19361.744967697596,143.71974957661138,9052.135044700739,2733.0278818878105,28557.599761974947,2170.143011289335,eval,0.488226455026455,0.10546755952380953,405.06091624556507,817.2844421131903
2025-06-08,18,49638.52818921114,114.4322718051769,8588.419869148905,2587.261108442573,58341.38033016522,2407.3946192828703,eval,0.4940502645502645,0.041805952380952374,144.86544557912663,384.7583672758477
2025-06-09,18,57276.09931804755,19.89521073874471,1333.8745265967887,537.8864962071638,58629.86905538308,4656.085082694155,eval,0.49194285714285707,0.059196924603174605,146.78579647242591,407.6163879954127
2025-06-10,18,53262.94916828589,0.0,11053.273349075353,3390.2549065212515,64316.222517361246,4757.150439511202,eval,0.49467671957671955,0.054851289682539675,114.00309593762681,297.45385011249607
2025-06-11,18,54064.99762639709,-761.8263044979687,18660.25083840466,5616.598240455169,71963.42216030377,2949.5332355647906,eval,0.4949894179894179,0.07027430555555556,446.91472654707013,1363.4529721840481
2025-06-12,18,55050.422480687426,29.79829246983813,9626.401733566994,2758.9359241106567,64706.622506724256,4459.977546279865,eval,0.493605291005291,0.06014662698412698,77.82106180499059,266.6994312418592
2025-06-13,18,21782.783271633532,-34.02370025619133,1466.591256384559,818.5559394815532,23215.3508277619,6296.8855536280025,eval,0.4940063492063491,0.12945714285714283,59.28374753952039,132.22459914534244
2025-06-14,18,20530.815368456922,0.0,938.3037283365255,306.1408405720256,21469.11909679345,5301.11830818465,eval,0.49208888888888885,0.133205753968254,81.93346152732916,393.0700836070283
2025-06-15,18,48821.98654504292,-61.76849507589959,23878.408863263896,7243.5875419775675,72638.62691323092,3071.091769037479,eval,0.491184656084656,0.05559444444444445,220.0553845364318,617.2714499497937
2025-06-16,18,54122.481674883216,0.0,23482.031397205537,5813.755238513917,77604.51307208875,4405.737468880733,eval,0.4913518518518519,0.05662182539682539,196.8272510789539,553.479362480038
2025-06-17,18,53646.82085058538,13.42162609920151,21048.362635995778,5031.572778128012,74708.60511268036,3363.9388980497356,eval,0.4900539682539682,0.060974305555555545,347.9205872613952,1090.9243711321892
2025-06-18,18,53895.6398219675,-771.2236629948256,10853.662659063031,3252.0578095235664,63978.07881803571,3096.4966553415516,eval,0.4900798941798941,0.05118859126984127,909.9366616810181,3098.5046332007123
2025-06-19,18,51939.43596447091,0.0,4073.49890154676,1324.236571212522,56012.93486601767,3310.5425884750025,eval,0.48885185185185176,0.045914384920634904,270.3988258353269,681.5840616239295
2025-06-20,18,17775.868088446456,-6.819272164236754,1559.9829340393374,523.3920236626002,19329.031750321556,2962.0759107319036,eval,0.4883619047619047,0.14658918650793654,144.52476584375913,302.30051992205006
2025-06-21,18,17320.505636598362,-27.79790968078913,3506.885722315822,1363.381134101075,20799.593449233394,3588.865825986737,eval,0.48837142857142857,0.15586805555555555,165.73980525609454,315.97349465999804
2025-06-22,18,48518.94302444734,-103.56845652977458,9857.368374443395,2938.059803173306,58272.74294236096,3347.089132726637,eval,0.4900412698412698,0.052723710317460336,203.9855446085259,672.029223131238
2025-06-23,18,51163.84416015486,-544.8412521915345,7780.230437342956,2478.1736228526406,58399.23334530628,2580.0809586734886,eval,0.4902835978835978,0.051532738095238104,232.81735938842408,708.9361320897685
2025-06-24,18,59549.23912298205,16.164776821058556,15479.931956631566,3389.980946740945,75045.33585643467,3112.470286195995,eval,0.4880671957671958,0.08572896825396824,830.7389839572421,3084.612922072633
2025-06-25,18,51120.586776932745,110.91573536691781,9024.177221112424,2646.4271872129125,60255.679733412086,3302.7268528806153,eval,0.48677460317460314,0.06070049603174605,362.0392372154769,1150.8354553012944
2025-06-26,18,48500.50366726304,-153.0249109593399,13028.785761813928,4262.172660343896,61376.26451811762,1910.3701332314588,eval,0.4849857142857144,0.05231666666666668,538.4511159472886,1569.811466557195
2025-06-27,18,16711.704212234185,-48.516947781601985,1386.3465592954633,702.957941918303,18049.533823748046,2068.2436046788093,eval,0.4852132275132275,0.1529569444444444,110.55798311669575,222.9532770631544
2025-06-28,18,17349.625410568544,-1.439503896989713,3674.665806512159,1219.364447362951,21022.851713183714,3199.197004758308,eval,0.48595238095238097,0.13287559523809525,93.66469114959753,203.49146235186907
2025-06-29,18,50264.652492033056,0.0,14925.27552727795,4102.705983718401,65189.928019311,3548.5796080099612,eval,0.48521375661375665,0.06161785714285714,314.1384669997153,1106.7796398989187
2025-06-30,18,50892.4195581488,10.24217812104923,9741.716193560223,3025.5345821235114,60644.37792983008,4444.037113083906,eval,0.4843613756613756,0.05708224206349207,653.1970027851274,2064.200916685252
2025-07-01,18,47214.84833180039,334.01357942127026,64309.83195697129,17522.21398475922,111858.69386819296,1200.0,eval,0.4844359788359787,0.13195694444444445,466.1288223552262,1527.842553026708
2025-07-02,18,61339.08281840832,-968.9776197896949,11324.404221594788,4168.005519814231,71694.50942021342,4074.9007094714684,eval,0.4933005291005291,0.11039176587301588,128.0144661895437,451.9793928509372
2025-07-03,18,65211.874639455804,28.345320447739816,8608.788611484135,2610.407184427875,73849.00857138768,3678.934787623312,eval,0.5060111111111111,0.12684484126984127,490.7879417302785,1671.8953446275027
2025-07-04,18,21875.006565409607,0.0,12588.581304516028,4832.391106371351,34463.587869925635,2111.1653759296655,eval,0.5153592592592592,0.11194771825396825,182.07966104499644,899.4425465641121
2025-07-05,18,22826.301369291108,65.92667396121925,12275.731396602165,4903.692296521596,35167.95943985449,2839.890263965307,eval,0.5274714285714286,0.11839930555555557,366.50204334392373,821.0007987431223
2025-07-06,18,65376.008461114165,0.0,29794.188910875237,7306.231001809284,95170.1973719894,5700.139548312462,eval,0.5372047619047619,0.08999910714285714,1472.0218419890975,5467.789955655406
2025-07-07,18,65131.9075018882,-260.99927930497984,11534.332245509819,2801.933538415823,76405.24046809303,7110.532856130761,eval,0.5473555555555555,0.05812222222222222,412.3105021496791,1118.9098906834104
2025-07-08,18,70950.10634374534,0.0,2589.1245249410285,603.0446974831376,73539.23086868637,8577.13477567488,eval,0.5587777777777778,0.058243452380952396,214.5259793422202,614.0430397763807
2025-07-09,18,62840.5562471196,-18.34327862790665,0.0,0.0,62822.212968491694,4724.297000232813,eval,0.5591915343915345,0.05439107142857144,306.1445462631856,913.7424488551711
2025-07-10,18,62556.775684690154,-0.0021706183334408023,13986.62367954963,3494.725218739778,76543.39719362145,4770.255127278509,eval,0.5586772486772488,0.054364880952380935,1161.1656828288785,3773.512971497722
2025-07-11,18,29211.278606808333,61.66738885008715,1058.1599896600778,326.64310708227316,30331.1059853185,4784.756701706355,eval,0.5597227513227513,0.12057708333333335,211.18923730787174,419.0583558745473
2025-07-12,18,28405.70050316916,0.0,1072.9774592668855,564.1743511078098,29478.677962436042,5114.933980574538,eval,0.5568894179894179,0.13618839285714288,159.65461250694847,549.6629168432543
2025-07-13,18,60579.73370294832,33.31698169713829,4406.363375429607,1890.255644891753,65019.41406007506,2171.070381993005,eval,0.5542185185185184,0.041224206349206344,428.1159492222964,977.3917567811031
2025-07-14,18,56406.95648082314,-102.23360939679296,5814.644206144303,1976.6351029108416,62119.36707757065,1959.5412473823524,eval,0.553584656084656,0.05352638888888888,160.1515398963554,422.36256636252574
2025-07-15,18,62594.09132680455,1.4354213817568963e-12,4293.4549477648625,1285.4751661022328,66887.54627456941,4348.328881117896,eval,0.5519074074074074,0.056671230158730164,151.6417520361379,672.1879022101147
2025-07-16,18,58202.569983268884,-817.5219573472068,12203.393169360921,3811.1525963013264,69588.4411952826,2210.7266870582953,eval,0.5508962962962963,0.060499603174603185,398.8292679702181,1113.5388019691286
2025-07-17,18,56726.93675020688,-112.3420798000372,18867.079283721665,4707.895488801647,75481.6739541285,1485.4393035234461,eval,0.5489566137566136,0.06076279761904762,137.01693610267247,406.30252419176156
2025-07-18,18,24473.93037554924,382.08687438054915,3488.7036768500784,1283.910583662665,28344.720926779868,2485.917607333731,eval,0.5480772486772486,0.12729186507936507,121.71329043584403,284.41916589480184
2025-07-19,18,26508.06291560016,0.0,2193.950407007159,698.9524758668736,28702.01332260732,3709.4480307534645,eval,0.5443116402116402,0.14050218253968252,326.21952148172994,1191.8668082675645
2025-07-20,18,57305.2451379023,-26.312383649910252,12497.564133642074,3583.193917850775,69776.49688789446,2427.699095979058,eval,0.54460582010582,0.052711309523809514,428.21508254169686,1349.8476910984707
2025-07-21,18,63223.15979779231,-901.4940455771477,9718.916314596168,2793.9528782969273,72040.58206681133,3316.221557299679,eval,0.5451343915343916,0.060835912698412695,1458.4260107416696,4754.197141904824
2025-07-22,18,58007.17733282481,-350.0272290507087,18026.11943264107,4860.90256439415,75683.26953641517,2233.26814759645,eval,0.545147619047619,0.06037936507936507,182.7800146170585,513.3553075491083
2025-07-23,18,66042.97879183674,-15.600109925276927,92.50419422564954,43.04522765269871,66119.88287613711,2380.4593560564495,eval,0.5449640211640212,0.05883283730158731,79.988398513971,193.1843162110352
2025-07-24,18,65814.83294533366,-150.4787120976897,2853.9057387505836,977.7385512130272,68518.25997198657,3839.5584408657005,eval,0.5448121693121694,0.06357916666666667,841.0026366438008,2671.5946510883564
2025-07-25,18,23389.815022850395,34.36704472294669,1569.699718435453,656.7527413590329,24993.88178600879,3047.469733143237,eval,0.5435994708994709,0.1443975198412698,229.2652316085176,953.0775769838922
2025-07-26,18,23874.911663096515,0.0,3401.6546735347297,1040.599430210792,27276.566336631244,2859.321161877332,eval,0.5449671957671959,0.13273253968253967,281.6424017863997,666.4350087991784
2025-07-27,18,59563.069389945806,-7.915446076367516e-13,8322.856413399184,2613.276918396277,67885.92580334499,3718.6440518901927,eval,0.5453116402116402,0.05910079365079368,441.63306890061995,1075.9730262727012
2025-07-28,18,59479.99738699066,134.15506321231825,21455.081467526274,4850.56483226945,81069.23391772926,1638.6743447018926,eval,0.5448328042328042,0.07113144841269842,99.88250911868515,280.4098793069053
2025-07-29,18,62167.03987981714,-371.0670948940394,18771.504634715995,5137.464997946719,80567.4774196391,4192.81531007055,eval,0.5418460317460319,0.06545148809523808,551.1827546588296,1726.076137140693
2025-07-30,18,52814.99526746315,33.00384712932752,35349.5782711531,10046.717735600263,88197.57738574558,1981.3074914864258,eval,0.5421238095238096,0.060412301587301584,120.00378474776801,290.6968881747705
2025-07-31,18,57327.701179331496,17.29055375591257,26236.27890180116,6212.894816164468,83581.27063488857,1633.0319208176295,eval,0.54485291005291,0.06224007936507936,393.3376779395266,1234.6640910192916
2025-08-01,18,23611.118727878125,-59.65060037250427,2558.7906799599064,879.6178579865596,26110.25880746553,2987.7803136844227,eval,0.5448312169312168,0.15951646825396829,164.8391152326479,825.0764877630445
2025-08-02,18,23198.02672847921,0.0,1571.3177777693832,525.587115916613,24769.34450624859,3476.6044307006787,eval,0.5471201058201057,0.1623127976190476,115.20049710644855,310.6228066370655
2025-08-03,18,48667.42366414111,68.75645535589001,17824.655620503425,4803.8045836368,66560.83574000043,1957.135039064838,eval,0.5456243386243386,0.038464781746031754,284.22988106955336,657.4157455846318
2025-08-04,18,53744.301522834015,-20.831017797933672,13269.4559044408,3990.636726584704,66992.92640947687,3212.8805135125344,eval,0.5430841269841269,0.04194801587301587,307.2259559017245,710.9423693334257
2025-08-05,18,51243.41718686851,212.4849965867342,17420.71530940672,5647.059858790017,68876.61749286196,2929.1943372167716,eval,0.5429597883597884,0.04200029761904763,309.86028664570847,808.3216017448008
2025-08-06,18,58173.99389254235,226.79027397725233,16280.682864883467,4078.3770773185724,74681.46703140307,2491.6542674826906,eval,0.5435121693121694,0.05984315476190478,195.67946969130224,488.4630337791649
2025-08-07,18,58157.818025934146,-744.0021863028536,6772.297359968627,1857.7202530350332,64186.11319959992,2452.697480918272,eval,0.5399597883597883,0.04719950396825397,12.939078068936828,39.660568965345654
2025-08-08,18,23103.345993204915,-350.9538904711665,2878.724915174628,888.5043628818164,25631.11701790838,2986.2399670651585,eval,0.539568253968254,0.15493184523809525,96.74150021197188,425.00550612193064
2025-08-09,18,22626.75736255265,-21.085289131210562,2611.789847344581,806.3745069546911,25217.46192076602,2610.2914576353423,eval,0.5350746031746032,0.13665803571428572,44.73258231127882,94.84332756690179
2025-08-10,18,55534.327740908615,-188.90792118082337,16726.88555348012,5018.106075154672,72072.30537320791,3560.468868438973,eval,0.5341761904761904,0.06310555555555557,647.5207307259964,1670.0398936536262
2025-08-11,18,49089.67764627325,-32.13570122958507,11559.221303511029,3743.3219300927576,60616.76324855469,2477.2255183199427,eval,0.5368137566137566,0.06005694444444444,923.0732262763886,2649.4378595652797
2025-08-12,18,58068.42350691913,-692.155792514814,9353.227671750841,2769.064917399722,66729.49538615515,2661.9071666464692,eval,0.534441798941799,0.07173214285714286,179.95572215042245,897.5112917370454
2025-08-13,18,50815.7563960088,-40.17832498920574,17663.74471259577,5424.337160498866,68439.32278361537,2102.973744249606,eval,0.5319222222222222,0.0647202380952381,219.04868397841256,554.4312638902525
2025-08-14,18,53654.61958630507,132.96064727126037,16497.773651672032,4234.867089664573,70285.35388524836,2093.076364229109,eval,0.5337687830687832,0.06522271825396825,319.1865151728892,753.6954997300606
2025-08-15,18,23041.10864329419,-83.8229592409683,3398.7473285814885,1003.4204143810641,26356.033012634707,2325.0589799324734,eval,0.5322592592592593,0.1402267857142857,211.09524956211794,792.6283241048188
2025-08-16,18,23731.022715333354,-234.14520209685267,4098.973629784105,1286.4613312858623,27595.851143020605,1475.5869753873199,eval,0.5321359788359789,0.1459686507936508,80.2307454622684,171.61092688737094
2025-08-17,18,56470.364124792,-37.05776963813207,6670.515887289326,1933.1751785360066,63103.8222424432,3753.0214393846472,eval,0.532784126984127,0.05481686507936509,366.5415853257888,844.6323019038236
2025-08-18,18,51894.334725511595,-71.96055113721303,10650.602421884034,3400.22160219338,62472.97659625841,1743.1711384767682,eval,0.5283423280423281,0.059799702380952384,149.5473423538994,338.5534625657854
2025-08-19,18,50985.889465581255,-34.15626763232939,12334.713893703218,3934.897107523846,63286.44709165214,1519.6953074681321,eval,0.5330116402116403,0.053927380952380956,549.0217218992642,1466.7595638918247
2025-08-20,18,60309.581031191934,-571.158933613601,14878.487994470377,3499.1782131232376,74616.91009204871,3133.9319194032596,eval,0.534589947089947,0.07831785714285716,194.1656079341521,640.6761852832248
2025-08-21,18,53495.10957738015,198.7973477127307,4945.3769010100605,1762.0134433624216,58639.28382610294,1622.5098077766393,eval,0.5333031746031747,0.05832400793650795,602.1519242833014,1576.7426552118072
2025-08-22,18,23602.74822928106,0.0,4813.117278543089,1690.4496451269893,28415.86550782415,2962.587633682057,eval,0.534010052910053,0.13174890873015874,840.4064826083641,2646.904906088697
2025-08-23,18,22889.504281048004,-246.50348227575802,3856.972511296209,1278.787137018031,26499.973310068453,3992.613163602343,eval,0.5386126984126984,0.13412797619047623,306.7304796158415,845.8518725852642
2025-08-24,18,53092.48504283509,513.2719360003198,14850.931700163153,4117.667704867601,68456.68867899856,3824.091122753961,eval,0.5376772486772485,0.05130654761904762,206.35528750507993,558.6521049449736
2025-08-25,18,67334.27458182114,-82.55129305436925,390.8445488640694,134.3268180921031,67642.56783763085,4080.142783110114,eval,0.539321164021164,0.06873551587301588,317.29605206085307,804.6102012861531
2025-08-26,18,52486.71189717956,-481.0939986757395,14850.67161805324,4526.824232359933,66856.28951655707,3164.8468989664098,eval,0.5367968253968255,0.0552484126984127,185.8815588879503,739.1375161118684
2025-08-27,18,53313.469447893556,-456.9301945594128,12878.793990715507,4502.0776170424615,65735.33324404965,2512.2928669271387,eval,0.5329015873015873,0.06640932539682538,300.6005697000504,884.5995959079986
2025-08-28,18,52224.70600658402,-104.66882116896409,27532.564544541965,7176.5236579789325,79652.60172995702,2503.695451971557,eval,0.5276857142857142,0.07400505952380951,748.3305882594451,2557.6202360737216
2025-08-29,18,24459.176745697237,0.0,4182.67688504714,1293.2396926021183,28641.85363074438,3741.1350008195423,eval,0.5254931216931216,0.13391428571428574,237.06351038308503,768.325579535832
2025-08-30,18,22917.624925766147,-407.98515351893724,1829.3265206135889,592.8302219305524,24338.966292860798,1918.4408566178938,eval,0.5221100529100529,0.1447313492063492,178.57997843038478,511.8301599578305
2025-08-31,18,53602.08804917338,-798.9801436813179,20022.863691226255,5088.3144887570725,72825.97159671831,2478.3026987472463,eval,0.5222767195767196,0.05793521825396827,561.056827546871,1573.3727400270861
2025-09-01,18,51513.47688072991,31.897161965295513,0.0,0.0,51545.374042695206,6389.765499991079,eval,0.5190936507936508,0.0746608134920635,625.8619837934343,1729.852873111725
2025-09-02,18,42504.07271766599,6.616052828010883,8195.09087186209,2231.3045163478632,50705.779642356094,5888.675905032847,eval,0.5097936507936507,0.06440228174603176,306.93097540486315,622.7965402043825
2025-09-03,18,39739.34332744715,0.0,6464.121890060913,2173.665939662757,46203.46521750807,4221.140457481139,eval,0.5022063492063492,0.056388194444444456,214.6432723262793,840.1742211918748
2025-09-04,18,40289.03513267156,-23.15364704907799,15441.364429408899,3673.652534632429,55707.24591503138,3114.251124568009,eval,0.49613544973544976,0.05663809523809524,322.18939335136423,831.2292403788831
2025-09-05,18,18760.96818129262,-424.3581761348518,2414.344649369477,887.794520260402,20750.954654527246,5901.181714442606,eval,0.4847788359788359,0.18270644841269842,218.79214594068713,539.0004484181742
2025-09-06,18,20070.67078940276,-179.0262792134494,0.0,0.0,19891.64451018931,8460.23704877245,eval,0.4751486772486771,0.16088849206349207,143.8653563198255,373.6399510301115
2025-09-07,18,38071.12823525514,-1024.5247798816722,13659.271772105432,3679.206356191997,50705.8752274789,6072.899066280712,eval,0.46505132275132277,0.05513392857142856,268.1854794508614,1035.117821640348
2025-09-08,18,42052.69851493515,0.0,10248.029449753656,2577.6364749259665,52300.727964688806,5482.25628930134,eval,0.4547777777777778,0.07713531746031747,54.41060274164694,115.33273002415267
2025-09-09,18,36674.40158252609,0.0,21514.340525516775,5942.852721126717,58188.74210804286,3532.972824661667,eval,0.4537338624338624,0.05490009920634921,103.55709336030739,314.7999113756062
2025-09-10,18,43377.387795833536,18.169371257185542,10528.437167423344,2348.7608409708328,53923.994334514064,2834.3225904602705,eval,0.45248624338624344,0.08075823412698412,361.44666524587194,889.1597465308639
2025-09-11,18,45021.45251679339,-900.3162690974734,19055.734427048916,4355.058624139427,63176.87067474483,5018.648394807324,eval,0.4536740740740741,0.05342291666666665,277.1084280585459,585.8970485809414
2025-09-12,18,16437.833926943407,0.0,1020.1042616311407,399.3267949614809,17457.93818857455,7005.039139363991,eval,0.4556820105820106,0.13119454365079364,69.67189160083963,159.85495033640643
2025-09-13,18,15232.255230921564,-96.75357918536916,688.1642831439688,212.57108559373478,15823.665934880164,6311.988825474028,eval,0.4548952380952382,0.1423347222222222,329.89508692196125,1030.871009532873
2025-09-14,18,46132.555925655404,67.00581908725312,569.2986499402015,246.6466523337241,46768.86039468286,5186.5768744832685,eval,0.45539894179894175,0.06920803571428571,182.54597273975156,415.16232898056705
2025-09-15,18,40424.02941586975,-191.24262002998432,18577.11755761845,4632.4853975343185,58809.904353458216,5796.761248141704,eval,0.4588497354497355,0.053628869047619064,218.93055050393622,733.474110560531
2025-09-16,18,47054.2941649207,-616.9048257704628,9223.79555326009,2144.1843193565305,55661.184892410325,5278.908856330916,eval,0.4610449735449734,0.07089543650793652,282.07345759998003,675.481093833922
2025-09-17,18,44653.49303524947,0.0,16643.92499073332,5401.522124710965,61297.41802598279,5715.268820635331,eval,0.4610513227513227,0.06790843253968254,92.01898719989202,249.0004629184994
2025-09-18,18,41278.44960503671,-812.3605084173676,22009.204814007648,6198.782921230601,62475.29391062699,6207.271889023367,eval,0.4600402116402116,0.0625863095238095,428.79825765060366,879.9231916228446
2025-09-19,18,15147.022397122775,42.03600786332895,1709.5173285923554,660.2086631412592,16898.57573357846,5784.703830000719,eval,0.4592555555555555,0.12201220238095238,56.810473117062884,134.0083642630188
2025-09-20,18,14678.876572092075,-24.62564582171244,2006.2674506379813,669.8878409344443,16660.518376908345,5003.479600976097,eval,0.4596407407407407,0.13063968253968256,114.09528632839593,256.7985219471519
2025-09-21,18,44274.81589629648,-658.9681172513019,5933.532700023519,1923.3567361842877,49549.3804790687,4067.31406238068,eval,0.45711111111111113,0.0577920634920635,609.2469411352382,1793.887918246922
2025-09-22,18,47075.37284394495,-276.7150223312326,11927.995757643712,3446.1435081601935,58726.65357925743,3751.3063782998806,eval,0.45738201058201056,0.06337777777777778,479.17788359506585,1180.2051391320979
2025-09-23,18,46792.007410715814,70.89078704880991,10034.733834286075,3668.7287604913517,56897.6320320507,5602.338572692666,eval,0.45644285714285715,0.06235724206349205,231.72968976790702,663.7552819359909
2025-09-24,18,41924.682626803165,-164.39255414547318,21588.115986725028,6306.192291192436,63348.406059382716,5581.905654724335,eval,0.45619894179894177,0.05537301587301589,203.03769453768822,509.59065488584974
2025-09-25,18,42670.70294187601,158.99501096394079,6610.194781254005,2832.742589623288,49439.89273409395,5259.759963253797,eval,0.45510264550264545,0.05815853174603176,220.00396012768186,561.9350542237108
2025-09-26,18,15012.051395118666,0.0,817.429314081787,280.3142794883581,15829.480709200452,5663.135860167629,eval,0.4564396825396825,0.1317858134920635,166.02885853712885,312.0692031607327
2025-09-27,18,15713.017936253334,-285.61745631784976,6332.107065139429,2465.91418436715,21759.507545074914,5279.232701040985,eval,0.4554481481481481,0.12588640873015872,73.00993142089023,141.44423896832623
2025-09-28,18,47188.65388330433,0.0,14070.205706129911,3630.117347722469,61258.85958943424,7115.619969465655,eval,0.4580169312169314,0.06590555555555555,175.79445508777548,597.6836314579452
2025-09-29,18,45950.59102029407,-365.20083647100887,14644.300464586797,3936.490585530041,60229.690648409865,4044.489107639507,eval,0.45696719576719586,0.06140644841269841,499.78358631346936,1329.656300804223
2025-09-30,18,46830.273538141584,0.0,28514.172604774758,7233.590236298432,75344.44614291633,3551.596596227449,eval,0.45684920634920634,0.06992966269841269,363.8501900477635,852.9009085603199
2025-10-01,18,40742.090832294954,9.808367864997583,6499.909248236647,1290.9490402837323,47251.8084483966,6096.623786629308,eval,0.45616772486772483,0.039295039682539695,763.0908442890803,1734.499538101933
2025-10-02,18,44632.22658793837,-86.0900241122078,2.599431595459238,1.1762133916104638,44548.73599542162,7355.650868654074,eval,0.4568978835978835,0.032451984126984135,160.96528783208404,469.0673610678924
2025-10-03,18,13473.428059940805,-335.32158281559896,299.2988385046891,95.17030005392239,13437.405315629894,8728.573618508664,eval,0.4547063492063491,0.16259980158730158,70.71200405075476,130.25582962245886
2025-10-04,18,15133.460484519375,0.0,55.71623058896558,16.070444357936424,15189.17671510834,10209.284215165837,eval,0.4541507936507936,0.13008789682539681,119.01068584112991,237.61586352032137
2025-10-05,18,41592.853384616625,-260.0714308774623,0.0,0.0,41332.78195373916,9745.171548753331,eval,0.45254021164021163,0.04299374999999999,331.57333067424554,813.3525259532664
2025-10-06,18,39104.604962451886,-736.1316691871286,16310.657101480067,4775.452821656123,54679.130394744825,8298.27575060598,eval,0.4534867724867725,0.06301359126984127,123.2948731053777,289.9298060003692
2025-10-07,18,41056.74002880708,5.75196381892747,14430.936630236052,3647.072176836741,55493.428622862055,9981.408907758858,eval,0.4544164021164021,0.06308789682539681,510.53389688930685,1242.564355683761
2025-10-08,18,35912.786495697146,-46.49744650987827,18397.172376373237,4989.214434426902,54263.461425560505,9270.033268963327,eval,0.4559920634920635,0.06135753968253969,181.0570383118737,538.521970289729
2025-10-09,18,43047.85507429544,-61.78482803107476,3523.2213685929487,616.2656433577713,46509.29161485731,8561.069206314307,eval,0.4563306878306878,0.05656775793650794,546.4551603747542,1602.2410765405289
2025-10-10,18,13995.175186044537,0.0,655.0028675724989,204.15309879175666,14650.178053617035,9795.995345194635,eval,0.45994656084656094,0.14748065476190475,146.94009120125625,420.6892235776277
2025-10-11,18,12839.410299224375,-17.17263017205603,168.91499468415202,55.48379503149468,12991.152663736471,7005.120125478183,eval,0.46068095238095247,0.12280039682539684,204.65580353322144,481.078260589639
2025-10-12,18,37879.827404398675,0.0,16058.235803087478,3808.620287626244,53938.06320748615,6752.50629843026,eval,0.461131216931217,0.06516180555555555,285.12710988414585,713.1655024217437
2025-10-13,18,39819.75916055233,258.0236937707357,14707.452895634837,4064.8180807349527,54785.2357499579,6111.484693578988,eval,0.45852380952380956,0.05917490079365079,308.46823193743614,752.1906669926112
2025-10-14,18,44280.95986612077,-440.4669246367763,23607.88019717772,5380.082519742521,67448.37313866171,7814.127476778832,eval,0.4581238095238095,0.0689347222222222,307.6370671673117,872.0671127330563
2025-10-15,18,48704.76013433448,-667.2983214386662,10414.758469683951,2275.373375427388,58452.22028257976,8856.86369722712,eval,0.45811798941798937,0.06890605158730158,1104.0821059735497,3586.277584670616
2025-10-16,18,45016.54953902862,0.0,21312.9821082921,5840.346666776272,66329.53164732072,9963.339431077375,eval,0.45952380952380956,0.07472202380952381,159.90078352427713,578.3631789130725
2025-10-17,18,11420.55511285118,-59.32982620549436,4892.556110069242,2129.6868841719734,16253.781396714927,5355.799541100209,eval,0.45673597883597883,0.12654365079365076,60.17635344705095,115.47502067569155
2025-10-18,18,14519.193992640045,-47.04922962479236,2869.4571506390394,856.1892677831922,17341.601913654293,8564.094627861134,eval,0.45554232804232797,0.13748154761904763,57.901270245389426,131.86167184451318
2025-10-19,18,44094.44632331158,-138.24147393895944,15752.750688146034,4348.290012100777,59708.95553751866,5004.050498491001,eval,0.45466825396825394,0.07284196428571428,674.2947168909099,2029.9956563123912
2025-10-20,18,50264.018059795635,0.0,8471.514454995053,2810.1750699490444,58735.532514790684,9290.707406318521,eval,0.4561402116402116,0.0666800595238095,304.1816404106986,1007.3255137437958
2025-10-21,18,46942.39197560206,0.0,13586.004086284185,4090.8903944307785,60528.39606188625,7886.426909989495,eval,0.45551640211640204,0.07285813492063492,246.23521922923373,906.746764568358
2025-10-22,18,47811.0993680127,40.751919316962336,15246.274132774755,4786.271299856381,63098.12542010442,9855.621348920697,eval,0.45409947089947084,0.0655810515873016,121.32349205229252,450.57519979867504
2025-10-23,18,52412.95514484123,-145.67006368822848,381.91886776058755,93.5486729794157,52649.203948913586,9591.594469048176,eval,0.4519735449735449,0.05451259920634921,418.00845386085575,1496.8269173975184
2025-10-24,18,12687.747402135432,0.0,1965.4301198757357,675.0653629771582,14653.177522011167,6310.6998806436295,eval,0.4522888888888889,0.1347780753968254,322.55328055584835,1134.2317816854386
2025-10-25,18,14530.249286722701,-293.91648033765824,866.2231449924582,267.80004016593483,15102.5559513775,7423.854018671784,eval,0.4535936507936509,0.1342387896825397,380.5526597733873,990.0002134865974
2025-10-26,18,51304.663985979336,-890.4541362281241,0.0,0.0,50414.20984975121,6086.377878574692,eval,0.4575264550264551,0.054311011904761904,1242.213057057141,4115.806329856725
2025-10-27,18,46027.59530180978,0.0,8969.154825125048,3348.2678656435273,54996.75012693483,8881.224402816977,eval,0.4582296296296296,0.05427341269841269,223.41938887781097,564.5001361089278
2025-10-28,18,45099.382777496365,28.82468294052918,15904.548991460493,5481.482937397934,61032.75645189739,10263.23169891142,eval,0.4567074074074075,0.06113462301587301,174.84398064459452,700.3171216299133
2025-10-29,18,47210.29960531031,-22.979909648247446,11254.381154160026,2745.0496632779123,58441.7008498221,7003.1008826205125,eval,0.45729100529100536,0.07460515873015873,439.6116257066859,1539.7595356451716
2025-10-30,18,44646.96170166818,-275.80247755297387,13523.826432584789,4569.236054437801,57894.985656699995,6556.819062059134,eval,0.4577687830687831,0.059820436507936524,224.63322767809623,714.8589463129615
2025-10-31,18,15547.706699177244,0.0,2257.492883656287,657.1404178463508,17805.19958283353,9734.86245436925,eval,0.4585677248677248,0.11899275793650793,60.22944256559366,110.90664841268054
2025-11-01,18,14169.11178961968,-190.31798643258537,399.4175462542431,167.80613064895553,14378.211349441337,9568.868631897381,eval,0.45790529100529104,0.1355406746031746,67.13648694936185,197.2715319129974
2025-11-02,18,48362.761761463844,-277.9972111979077,16215.007129540587,4683.309786608795,64299.77167980652,6904.349750104063,eval,0.4531619047619047,0.06255307539682538,660.0633543121053,2120.775931610706
2025-11-03,18,53363.01365867051,0.0,5713.459141538948,1699.9674936490308,59076.47280020946,9656.497203969651,eval,0.4542603174603174,0.06735009920634921,384.5297369140807,1882.264853670566
2025-11-04,18,48121.85782706359,-620.3946587224822,4929.895001655639,1729.707003514559,52431.35816999675,6362.361589744986,eval,0.45506296296296295,0.05603392857142859,449.5640570059457,1184.577693486494
2025-11-05,18,54794.042291793616,0.0,8522.060728759774,1921.3184851096003,63316.10302055339,7236.549793403013,eval,0.45361693121693125,0.06390059523809523,407.1841284409244,1121.7571823264664
2025-11-06,18,53613.519177817274,317.1322717314681,17407.77455071428,4311.741289238125,71338.42600026302,9681.053530337187,eval,0.45272222222222225,0.07077589285714286,149.27598618228384,437.9094837550745
2025-11-07,18,13828.781356496282,0.0,1883.7973291791693,678.4376953463025,15712.578685675451,7990.6957914312125,eval,0.45323703703703705,0.13492529761904762,181.19612195579367,527.9834657879107
2025-11-08,18,15147.308229664755,-278.24303435301715,750.2840912667225,246.7314855224258,15619.349286578461,8430.664435772174,eval,0.4548021164021163,0.13335863095238099,170.0257501863412,365.5292315943514
2025-11-09,18,53305.130649815066,29.656621193100147,7063.367955326549,2372.483813083762,60398.15522633471,9078.549841984512,eval,0.45530687830687827,0.06452291666666667,266.8673216056068,962.638643506946
2025-11-10,18,54735.60961121629,0.0,14478.411579600544,2897.055043123355,69214.02119081684,8693.82581802024,eval,0.4539740740740741,0.07209702380952382,540.9404024559642,1806.9272617363688
2025-11-11,18,52567.188437027784,0.0,857.8487335350078,328.07117289042486,53425.03717056279,6984.671930385601,eval,0.45438835978835973,0.061847321428571425,274.26791864680297,902.9518997974064
2025-11-12,18,53564.788977262084,-611.350089925292,16718.873249128992,3376.115715434354,69672.31213646579,4420.130818520788,eval,0.456368783068783,0.059277876984126995,280.966838545428,789.8417661255162
2025-11-13,18,53784.463529449415,-232.89812362227713,13955.531859477811,4176.516694399139,67507.09726530495,8424.599754536635,eval,0.4577253968253968,0.06280228174603177,417.18369141426604,1382.5222613393948
2025-11-14,18,13927.442488699002,0.0,4292.795230384729,1573.669741103352,18220.23771908373,8105.597551746443,eval,0.4585322751322752,0.12905803571428573,90.29002375696169,170.16809712210997
2025-11-15,18,16274.761292601663,-413.18183880097456,48.7109508991966,13.98072124626471,15910.290404699885,7977.796227764773,eval,0.45841428571428566,0.13143134920634922,610.3414407530964,1051.4526978776094
2025-11-16,18,53675.32619864239,-584.845444731961,12175.75068217603,4070.0062264192193,65266.23143608646,6015.453903663454,eval,0.4615349206349207,0.0635267857142857,344.85306536227256,959.544669149261
2025-11-17,18,51411.54899515187,-794.4838397985212,17670.304174698533,6211.022652510103,68287.36933005188,6604.031691974532,eval,0.4606952380952381,0.05684841269841269,184.4996211467641,468.09796795547226
2025-11-18,18,55441.997006841986,0.0,18722.54613861549,5010.702378166352,74164.54314545747,9291.067213458913,eval,0.46103280423280424,0.06468005952380954,80.79822297665679,224.69978490595176
2025-11-19,18,54163.012231177265,115.74770371174364,14737.032900364567,4007.8215699182983,69015.79283525358,7922.997867281905,eval,0.46063968253968257,0.06670198412698414,553.5289434624788,1854.4495978659634
2025-11-20,18,53449.37278386114,-134.4533051311145,18971.713279696698,4729.689098047935,72286.63275842671,8981.472523767285,eval,0.46346666666666664,0.05850625000000001,356.56930318473013,1178.9645756555262
2025-11-21,18,14955.831822613358,0.0,2685.336971899251,1314.5395888605917,17641.16879451261,8662.847930736134,eval,0.46209841269841256,0.13399265873015873,141.71762573923817,337.61963686269553
2025-11-22,18,15975.769278677817,33.334716752995895,1944.7446992533603,505.5873617165928,17953.848694684173,8375.588219322824,eval,0.46219735449735455,0.1311862103174603,338.6638312989647,525.6074596167593
2025-11-23,18,54787.84936749379,-1003.3038727207335,19095.192499317676,4555.813007794108,72879.73799409074,6465.27339437015,eval,0.45973544973544966,0.06318144841269842,81.43516125180655,378.06255614483206
2025-11-24,18,53680.78274443504,0.0,18522.582006209435,4104.233441956405,72203.36475064448,6194.510349337485,eval,0.4625015873015874,0.054399503968253965,576.8263095725054,1722.6250795701794
2025-11-25,18,63990.09083687149,-513.3654180210068,2948.7111640290013,676.903858241257,66425.43658287948,7183.984471485361,eval,0.4619539682539682,0.056656845238095235,357.74850986922627,1333.7717893717695
2025-11-26,18,58222.38688647139,-164.9204621194612,19840.542637364324,3988.1167805535524,77898.00906171625,8035.097048053944,eval,0.4626455026455026,0.06532896825396824,126.26472564767919,489.937758027719
2025-11-27,18,57532.25764713541,0.0,12573.057346289599,3751.7584055465077,70105.31499342501,9947.94676685326,eval,0.45713968253968246,0.062066666666666666,763.6339022263658,2540.395477422359
2025-11-28,18,14241.646105794207,0.0,2681.1989947002903,1268.0495910115678,16922.8451004945,7247.412518925248,eval,0.4560730158730159,0.13732946428571427,454.16351790536294,865.7801333723819
2025-11-29,18,19664.08277406724,-163.59102663475264,2862.663473422956,707.7952291686428,22363.155220855442,7387.615608685076,eval,0.4545058201058201,0.12166140873015872,251.16220558781401,534.3171736907209
2025-11-30,18,60519.16410080081,-132.88291761669757,20096.695479273272,3888.9978490347903,80482.97666245738,9232.180045780384,eval,0.45394126984126987,0.06886468253968255,612.5453451851989,2056.888021074249
2025-12-01,18,64672.48805651859,-47.55063663103637,27692.860322422457,5382.065850839317,92317.79774231001,5515.444416428354,eval,0.4505227513227513,0.1323813492063492,517.4377920637676,2387.6940365433866
2025-12-02,18,72885.9756653825,-734.7306988986148,21028.68248240166,4590.333062677073,93179.92744888554,6438.803746345486,eval,0.4569164021164021,0.12814613095238092,319.1526849136168,1137.9469989936024
2025-12-03,18,64045.58661575769,119.3444290359305,32641.41642282326,7842.188662525385,96806.34746761688,7845.199071448738,eval,0.46221216931216935,0.11173720238095235,48.322222863277794,227.9127049405553
2025-12-04,18,73572.78091210368,-467.0403489325259,20945.33556912979,4167.53404039318,94051.07613230095,9586.608655120317,eval,0.4702380952380953,0.0942796626984127,314.5512377352835,1012.7777955021613
2025-12-05,18,19081.37388646699,0.0,12883.357914541939,4170.874727355761,31964.73180100893,9380.022808846508,eval,0.47731164021164024,0.10771666666666667,159.5966977489232,356.69040555997424
2025-12-06,18,21785.191907934117,-84.98854405748544,10631.418791836353,2756.574053075188,32331.622155712983,9340.606560146181,eval,0.4833714285714286,0.10884325396825396,376.1658017622875,942.4301741141693
2025-12-07,18,75742.50261848063,0.0,2426.3435490494367,631.7041344103134,78168.84616753006,9849.671482524685,eval,0.4903153439153439,0.06802946428571427,433.55343454360974,1305.7876776014673
2025-12-08,18,75802.44151124055,0.0,0.0,0.0,75802.44151124055,10800.0,eval,0.496173544973545,0.05379761904761906,111.80577633230546,343.4243924685298
2025-12-09,18,71032.57554835887,0.0,566.2580094891779,78.56607722107023,71598.83355784805,9160.174137036089,eval,0.496521164021164,0.05510982142857143,112.9517478236721,611.5541312253441
2025-12-10,18,70713.38918562126,-144.48298980603084,14486.426571078953,2696.5349476731444,85055.33276689418,9696.55916799208,eval,0.4952375661375661,0.06404900793650793,399.67506358320645,1779.8083747687172
2025-12-11,18,72153.90699583836,0.0,2833.130362606388,792.7451316050123,74987.03735844475,10146.620967435287,eval,0.4942121693121693,0.04928015873015874,528.4640256630626,1654.9111542736596
2025-12-12,18,21668.03051888944,-241.22180398755825,1786.2491708065008,585.8186463543166,23213.057885708382,7609.602942883468,eval,0.49145978835978843,0.13132857142857143,215.70901242369737,589.7697331541276
2025-12-13,18,24283.40525810157,-397.4820324681197,3322.272534903493,1288.8105938970382,27208.195760536943,7322.591124259628,eval,0.4895846560846561,0.12623511904761905,239.6638639219389,510.22760968824485
2025-12-14,18,68523.42232760217,0.0,25448.36050697314,6059.718867355134,93971.78283457531,9869.936261589239,eval,0.4907513227513227,0.06661597222222222,606.4910415833408,2171.6574553829446
2025-12-15,18,67041.26557790865,-312.7492556154376,29715.55625091315,6541.718717332195,96444.07257320636,9137.454325297831,eval,0.4903571428571428,0.061336805555555554,63.4509813621552,240.29768666173845
2025-12-16,18,75286.54550575945,-168.8246994855582,1386.2217688391547,354.8767872626024,76503.94257511305,10116.27793902134,eval,0.48649470899470904,0.05366517857142857,183.50147504203713,711.973053162571
2025-12-17,18,73534.0980074173,0.0,0.0,0.0,73534.0980074173,10035.373533932001,eval,0.4864359788359788,0.052521428571428566,243.51098824423758,709.03612411841
2025-12-18,18,71705.0280633767,0.0,5193.571859618201,1372.7693647384776,76898.5999229949,10540.127885232978,eval,0.48681428571428575,0.05642847222222221,166.75718213182722,476.01382329383904
2025-12-19,18,21129.16653944292,-130.95981130215597,5576.2451985122,2418.600355229414,26574.45192665296,9243.838756020696,eval,0.48897142857142856,0.1354359126984127,56.66787500817439,114.87799324920442
2025-12-20,18,25325.966811004444,-1359.9851856349703,0.0,0.0,23965.981625369473,7335.7839341454865,eval,0.4908185185185184,0.14118660714285713,267.94507170381075,668.1756715551646
2025-12-21,18,75112.64449434297,-1246.9216525825784,10541.459210054076,2000.3916636105273,84407.18205181447,7623.740137504899,eval,0.4902714285714285,0.05431170634920634,412.2384270829301,1078.064258312385
2025-12-22,18,70475.04394840822,0.0,17625.20947311433,3954.054145139361,88100.25342152255,9251.681408485569,eval,0.48987248677248674,0.06379097222222223,125.06075693870605,600.6225250116206
2025-12-23,18,72681.94721551087,-1052.304672969673,3263.191315784074,927.1225179109922,74892.83385832526,8879.558350942374,eval,0.4938910052910052,0.05630486111111109,259.0573798197666,1102.4173733304767
2025-12-24,18,71472.52848656084,-579.8844615637762,10151.870487931197,2910.028037527365,81044.51451292826,9525.542926586168,eval,0.4959301587301587,0.05388878968253969,65.12865853493074,275.49877730785727
2025-12-25,18,66810.27019770897,0.0,20884.51231436839,4584.763598303056,87694.78251207736,8032.012368053374,eval,0.4942253968253968,0.05970595238095236,136.76200521470724,712.4643322167376
2025-12-26,18,22796.413602862598,-314.69487369315834,13386.626315580499,3779.5350954408095,35868.345044749934,9963.75611251676,eval,0.4937931216931216,0.13421190476190475,130.91132650252743,407.57242991733966
2025-12-27,18,21157.05750590498,-686.5938340101188,8266.817065702397,3340.330764488479,28737.280737597255,8329.119661615054,eval,0.4959148148148149,0.1369892857142857,433.79127495640705,1024.2088714122428
2025-12-28,18,67363.43795364378,0.0,12633.78192365781,3240.0372323697998,79997.21987730158,7933.349418568449,eval,0.4923862433862433,0.05129265873015873,587.3328059420768,2406.2272321313826
2025-12-29,18,67095.84858324776,0.0,22320.969687201323,4419.222452210513,89416.81827044909,10428.860424443148,eval,0.493610052910053,0.051714186507936515,362.48105449067214,1999.5546708159764
2025-12-30,18,66618.50239081937,0.0,10138.675347914945,2584.444082034274,76757.17773873432,8429.514454915368,eval,0.49164021164021166,0.0504875,282.34157027225154,1087.8976356428682
2025-12-31,18,72794.91314208864,0.0,6536.0055599611915,1493.0706054393595,79330.91870204984,9453.683121088574,eval,0.4900629629629629,0.06042886904761905,355.5203457925554,1646.8259611455655
2025-01-01,6+12,0.0,0.0,432888.7998430083,92035.17001666666,432888.7998430083,6000.0,init,0.0,0.0,0.0,0.0
2025-01-02,6+12,78170.43012215814,1238.679799413595,12262.803163747509,2481.08794016667,91671.91308531925,10654.339575,init,0.5328444444444443,0.038234027777777777,0.0,0.0
2025-01-03,6+12,56581.11496452577,-82.12388172444469,0.0,0.0,56498.99108280132,10800.0,init,0.5308481481481482,0.18821631944444445,0.0,0.0
2025-01-04,6+12,22661.323636313762,1779.864117743951,3544.1150250187998,1195.6985967078147,27985.30277907651,10556.64123,init,0.4977197530864197,0.13456041666666665,0.0,0.0
2025-01-05,6+12,29536.489350514756,2259.6784797571863,220791.66580072086,43998.40055596708,252587.8336309928,9185.410364999998,init,0.47875925925925933,0.09554913194444446,0.0,0.0
2025-01-06,6+12,74298.61283238907,1593.790749985625,14091.85394474168,2689.45593333334,89984.25752711638,10718.956319999998,init,0.4920933333333334,0.08167111111111112,0.0,0.0
2025-01-07,6+12,70906.5168276184,6732.9220126374585,13051.394377555342,2484.332286049398,90690.83321781119,10710.055154999998,init,0.4989623456790123,0.06666828703703703,0.0,0.0
2025-01-08,6+12,77447.28852588077,-2581.6782372418293,18660.83171291665,3696.1210833333316,93526.4420015556,10757.449425000003,init,0.500173015873016,0.04950793650793652,0.0,0.0
2025-01-09,6+12,70476.65945150494,3055.624661583796,20422.072497848625,4000.717740000086,93954.35661093736,10747.30257,init,0.4981608465608466,0.05736785714285713,0.0,0.0
2025-01-10,6+12,58718.21292861934,-2383.1399874553863,32.76255949999971,7.4928666666666,56367.83550066395,10800.0,init,0.4987703703703703,0.13991765873015874,0.0,0.0
2025-01-11,6+12,22238.07230175298,711.788115275633,9109.289008414842,3526.4908586419965,32059.14942544346,10399.662464999998,init,0.4961656084656085,0.1352948412698413,0.0,0.0
2025-01-12,6+12,31141.352784053597,3325.568009341646,209024.4685081719,40777.142429629625,243491.38930156716,9087.386535,init,0.4964333333333332,0.06021696428571429,0.0,0.0
2025-01-13,6+12,73693.39580417331,-655.5921102423791,11596.963322849995,2258.4025833333326,84634.76701678094,10597.352669999998,init,0.49465661375661374,0.05179861111111111,0.0,0.0
2025-01-14,6+12,71179.69803181337,328.0137081100455,16498.150222966648,3172.506233333329,88005.86196289006,10640.392049999999,init,0.4953925925925925,0.054164980158730155,0.0,0.0
2025-01-15,6+12,68555.97584692828,6234.465487008143,13163.537994325075,2466.5143666666945,87953.9793282615,10753.904564999999,init,0.4971100529100528,0.05923402777777777,0.0,0.0
2025-01-16,6+12,70524.47407278704,1779.9335915205943,10983.897113526105,1979.8231436666572,83288.30477783373,10603.443857407407,init,0.497957671957672,0.05244037698412697,6.738667635593292e-13,2.2021178910778683e-12
2025-01-17,6+12,24273.232394435567,-586.973837805523,1524.7168016560802,559.8036184533814,25210.975358286123,10764.331679713387,init,0.4971534391534391,0.14103988095238093,7.73070496506989e-13,2.3578195396112273e-12
2025-01-18,6+12,25774.31049137314,-1599.660929849856,2096.724553555931,868.7404499594397,26271.374115079216,10726.164395539892,init,0.499037037037037,0.14380089285714287,0.0,0.0
2025-01-19,6+12,69242.14039719502,2933.8020144962557,6517.300081668169,1221.0361572734887,78693.24249335944,10477.851624273848,init,0.5005740740740742,0.05702936507936508,-7.105427357601002e-15,-3.8554759385078796e-14
2025-01-20,6+12,71050.27369026546,-61.76776058287513,10080.1629632166,2249.970075373828,81068.66889289918,10796.447357469144,init,0.501367724867725,0.05355873015873015,7.561505194306962,34.75446885316014
2025-01-21,6+12,69824.89059228316,-1018.7055728652967,1137.2270284981341,220.05202782219052,69943.412047916,10798.406760928856,init,0.5010121693121693,0.044362301587301596,7.846479179959687,38.54255346417729
2025-01-22,6+12,71704.78056103099,-37.0762247066269,622.0542481022577,159.11835689374425,72289.75858442661,9690.534658098875,init,0.5011037037037036,0.0640277777777778,174.8825526014004,706.4752823813291
2025-01-23,6+12,71481.52151021187,4707.5495024806205,7145.569097484362,1495.4671049183908,83334.64011017684,10079.165862506323,init,0.5011021164021164,0.06664623015873015,2.424620835751193,5.451323174750052
2025-01-24,6+12,20028.81875162429,1386.86630846179,3658.6195865195023,1755.3180841495277,25074.304646605582,10525.323741478242,init,0.501778835978836,0.14937162698412695,18.631351707677794,55.88979817217961
2025-01-25,6+12,19732.696194689815,1466.0960207556984,1455.7848429558887,794.132294752397,22654.577058401403,10502.769100765114,init,0.5026534391534392,0.15257132936507936,59.31427668125275,156.89881008601543
2025-01-26,6+12,76242.50892142065,-2738.5555463619244,2517.5696118976657,652.377576102179,76021.52298695639,10275.711824991213,init,0.49998359788359786,0.06394434523809525,57.20556801402142,221.39772751057166
2025-01-27,6+12,66302.97060321055,1870.4722108767423,1073.1040722715056,241.1844456028069,69246.5468863588,10503.29866527782,init,0.49859841269841276,0.046439880952380955,75.01710845173206,291.95793359978944
2025-01-28,6+12,70003.80508522179,-1022.211110929147,3798.624861634741,933.1467945509955,72780.21883592739,10270.079398601321,init,0.49627883597883604,0.058983531746031756,155.88208598102324,836.6917301855425
2025-01-29,6+12,63009.61011320671,2216.177789480608,1447.3417464688891,344.9011726339702,66673.12964915621,10709.844300358407,init,0.49819894179894175,0.0435561507936508,95.61807513952817,394.1257894282583
2025-01-30,6+12,63645.78586247329,4168.80350596548,2078.976674880413,580.2742117181818,69893.56604331918,10315.930867830077,init,0.49724074074074076,0.055001884920634916,188.17737282499394,718.4264080379915
2025-01-31,6+12,18882.973771472796,1381.2268473975835,1933.9652972771878,850.9845774737936,22198.165916147565,10620.772926363637,init,0.49715238095238096,0.1351202380952381,103.94614569683968,245.30584305353392
2025-02-01,6+12,19481.87186261784,-398.33846958309687,1526.7229488175126,821.0078448318177,20610.256341852255,10800.0,calibration,0.49730952380952387,0.1951779761904762,77.63543020659549,184.1844166061216
2025-02-02,6+12,63535.957605117335,-1151.5915834480804,2015.4085192876898,587.5172585047965,64399.77454095694,10800.0,calibration,0.49425608465608467,0.057532539682539685,81.3475408264637,228.80036225223995
2025-02-03,6+12,66167.45988496087,-2019.539420951528,4476.11357194724,1022.2464226019725,68624.03403595659,10706.383757420905,calibration,0.49102910052910054,0.05969831349206348,209.43403130594942,992.4219236966785
2025-02-04,6+12,70152.48010008402,-3098.73487123705,1994.1306970574326,463.26600871651647,69047.87592590442,10800.0,calibration,0.48829100529100533,0.05257599206349204,88.63276242723525,327.94805252330787
2025-02-05,6+12,61083.03284759362,728.5190611356744,5090.477612207872,1044.198689324764,66902.02952093717,9931.923305381923,calibration,0.48388835978835976,0.052722519841269834,117.78088379919777,517.4028757086262
2025-02-06,6+12,66165.21332825482,-2417.0512553160224,6482.015961022009,1557.2425927053841,70230.17803396081,10056.42329546159,calibration,0.48334126984126985,0.05190386904761904,140.7566367561144,589.4331670980681
2025-02-07,6+12,18257.625292072633,-685.4669758815119,377.3057779596161,111.82458484354163,17949.46409415074,9751.900112730038,calibration,0.4790539682539683,0.1538861111111111,97.29324631564002,199.53395656664497
2025-02-08,6+12,14748.656891785366,718.0865596689125,4223.691113088622,1309.143538828944,19690.4345645429,9876.398503348268,calibration,0.47338730158730163,0.1459512896825397,53.147409424299305,116.99828772840787
2025-02-09,6+12,61666.042876075735,-448.44512662628404,4042.9278190534233,1012.8013192877918,65260.525568502875,9548.806773600503,calibration,0.47297566137566144,0.058759722222222206,285.70195521619576,1055.6636372747437
2025-02-10,6+12,55249.00186025665,322.01388994804006,4857.32581880629,1286.992566969855,60428.341569010976,9825.171082582077,calibration,0.4722402116402117,0.03834414682539684,307.1596916506972,1163.8670419840032
2025-02-11,6+12,57411.64856013478,-1753.535761872869,9130.319642569315,2008.0846263663805,64788.43244083123,8650.947362148388,calibration,0.4720507936507936,0.04770833333333334,110.40778477582174,439.47380436594904
2025-02-12,6+12,58856.86707326875,-1338.696519728335,7698.969001481216,1807.8251062489655,65217.13955502163,9376.272138168886,calibration,0.4733280423280424,0.04982857142857143,151.0454873295208,587.0428554534288
2025-02-13,6+12,53792.33407672806,484.23624544149027,2127.1951272472147,557.1107687512967,56403.765449416765,10277.82786436489,calibration,0.4705460317460317,0.04360505952380952,265.84246199941,934.3058922982318
2025-02-14,6+12,14628.179346693807,497.0757929052116,1315.5689885860015,651.639591845482,16440.82412818502,9842.811695184379,calibration,0.47089947089947093,0.14283492063492062,128.34522432511767,288.53581750219826
2025-02-15,6+12,15568.831886775964,496.0483465593918,3501.7064041789213,1659.6823381359623,19566.586637514276,9817.882012601263,calibration,0.4718179894179894,0.13493888888888889,279.03335818827225,531.1982390902518
2025-02-16,6+12,59679.62407582704,-2583.913693271944,9195.685519419221,2444.088232127643,66291.39590197432,9936.764256552879,calibration,0.4736047619047618,0.06151706349206349,323.3441699050493,1183.4893264498778
2025-02-17,6+12,58078.33761208819,-3175.596516131349,2937.9981081871265,943.6336784987018,57840.73920414396,9966.368990020277,calibration,0.47256455026455013,0.051036805555555564,199.51283631734526,733.0706648299072
2025-02-18,6+12,50848.022879389246,1869.0289318915939,3420.708792071826,1061.2000262105566,56137.76060335267,10241.848682864877,calibration,0.47414814814814815,0.05028849206349206,58.95960735527579,156.97870241399312
2025-02-19,6+12,50797.72651362257,1865.0146328974606,9044.485184783392,1911.7624498320235,61707.22633130342,9773.99696694759,calibration,0.4713571428571428,0.05365218253968255,223.0886430931511,740.400202171575
2025-02-20,6+12,54730.65707704669,-1583.2967940892656,7493.792618650787,2000.1029066683611,60641.15290160822,10400.04482056558,calibration,0.47265978835978834,0.055220932539682556,154.16138491099795,583.1502358144508
2025-02-21,6+12,14638.02200092925,332.2680907285711,199.9187751984149,66.33520696068673,15170.208866856236,10025.300071302332,calibration,0.473063492063492,0.14571785714285715,41.99731619282232,87.19366926587671
2025-02-22,6+12,15270.404923983417,176.34771034899916,695.3428774570473,157.62028880944393,16142.095511789463,10362.373355015114,calibration,0.47281587301587313,0.12959176587301588,84.40914813028964,201.3047460771644
2025-02-23,6+12,52724.88340176756,177.10471140524476,7248.111250575721,1624.1422069311975,60150.09936374852,9816.492379926945,calibration,0.4718915343915344,0.053621428571428584,258.3685922863777,1083.3675690423165
2025-02-24,6+12,50900.31693094553,-131.47876726011873,3501.371171175446,1183.8081496281318,54270.20933486086,10000.155019957198,calibration,0.47184973544973535,0.04930882936507937,338.3806102387518,1135.6078101872831
2025-02-25,6+12,51444.252200388146,-1498.3230803065426,3382.79427084394,1153.0898496379502,53328.72339092554,9913.379688450686,calibration,0.470436507936508,0.041781547619047614,129.73188858702488,388.40885935355
2025-02-26,6+12,47005.346083401266,3260.675685629102,5642.0726537783885,1344.0884531698975,55908.09442280876,10792.950955358747,calibration,0.47081111111111107,0.05066349206349207,52.0748688403875,151.2685708513074
2025-02-27,6+12,45580.375481343624,1634.80164073469,7983.101707599893,2407.958437815338,55198.27882967821,10346.3312881165,calibration,0.471189417989418,0.04860396825396824,389.2121229915249,991.3829114065796
2025-02-28,6+12,14040.50628467191,425.44539707574495,111.31722618333343,39.414400000000036,14577.268907930988,10420.697310329917,calibration,0.47052751322751324,0.13722271825396823,35.640984556324995,69.19403592311288
2025-03-01,6+12,15531.42461013268,-104.23838282704699,227.87363058352068,78.92732304360675,15655.059857889155,10101.80082080519,calibration,0.4690243386243387,0.13950486111111113,96.82062696153125,133.3003798806307
2025-03-02,6+12,54981.6076896135,1827.6689073479752,1099.1757063526188,295.9459232107055,57908.45230331409,10519.81440972519,calibration,0.4657164021164021,0.06790456349206347,190.1300479093126,720.3175989503203
2025-03-03,6+12,56397.89102154637,-2361.779605496993,5011.12373624544,1512.00703035393,59047.235152294816,10004.548273974558,calibration,0.4645825396825396,0.06589791666666667,95.85246385481108,301.0041654115531
2025-03-04,6+12,49506.666761055196,1090.8087736326063,5173.421468439799,1624.1758295001455,55770.8970031276,10093.566389198419,calibration,0.46330582010582017,0.05184285714285715,148.63373840176527,504.3921274325809
2025-03-05,6+12,48669.13380371833,-1689.387634548083,7919.709186129556,2109.413437634271,54899.455355299804,9929.341000237138,calibration,0.46334708994708995,0.04629742063492062,162.35120527104044,563.1170791294583
2025-03-06,6+12,44704.584700711304,1992.960124887929,5692.342222550897,1815.2505942046434,52389.88704815013,10228.375734166735,calibration,0.458679365079365,0.04774156746031746,467.45726878354634,1686.4630790810813
2025-03-07,6+12,13815.499739312172,-286.7801549275126,1091.7067744407216,578.9889588456642,14620.426358825382,10550.756241465533,calibration,0.45631587301587295,0.1406079365079365,111.2847850976772,226.81128429782353
2025-03-08,6+12,12903.631486613456,478.69967047293596,2774.6628187446972,1371.1432585220389,16156.993975831088,10800.0,calibration,0.4559460317460317,0.15116150793650796,34.31791216433642,89.39525749902502
2025-03-09,6+12,44638.40884434463,-88.50956845533301,14740.625969532966,3759.9630363057095,59290.525245422265,10792.905717767302,calibration,0.45648359788359794,0.04534335317460317,253.00792375866257,707.1107242744183
2025-03-10,6+12,45651.037933313804,1645.1018174749597,11258.265358865632,2902.5758958691204,58554.4051096544,10191.830890006691,calibration,0.45693015873015874,0.06240009920634922,39.824965811967026,101.4952122936389
2025-03-11,6+12,39287.968664169624,7317.9496236418145,9185.002426613857,2127.7968411658812,55790.920714425294,10239.612273866122,calibration,0.4566465608465608,0.05405089285714286,122.71935327760806,338.933104368568
2025-03-12,6+12,46393.772198168284,-1299.4682832142792,7903.9684414054755,2574.890581732095,52998.27235635948,10339.978759683267,calibration,0.45587671957671955,0.048841567460317474,371.08360661190164,1102.7480124575748
2025-03-13,6+12,46817.97213343195,969.643340162029,4159.107477203429,1293.4216180476624,51946.722950797404,9837.642635006452,calibration,0.4563804232804233,0.0678621031746032,165.54775206936864,417.1889212678473
2025-03-14,6+12,12711.524928036913,23.77178520705007,852.6158533172813,420.0247569243053,13587.912566561246,10630.97537133485,calibration,0.45648571428571433,0.14629573412698413,100.27399390155324,179.3088012589186
2025-03-15,6+12,12854.871219848925,458.2865591344242,307.7949084525328,96.38502943534027,13620.952687435882,10165.242371656173,calibration,0.4549883597883598,0.13138422619047618,187.77789592818363,339.02483736651635
2025-03-16,6+12,43447.656676003826,2485.8004149662147,5051.386448843251,1493.9824446039456,50984.84353981329,10059.700078689046,calibration,0.45557248677248685,0.0531282738095238,409.9021621249152,1232.979029129397
2025-03-17,6+12,40138.45358475328,-60.32834894409075,6287.554904383498,2164.962543648648,46365.68014019269,10155.499212594357,calibration,0.45470052910052905,0.03631359126984128,166.43087171989654,421.67399412466455
2025-03-18,6+12,48479.25310908896,-2678.701428715779,2416.2030383947467,971.5112293496849,48216.75471876793,10196.729245936955,calibration,0.45277989417989417,0.048267757936507935,237.0375079790344,588.8026377095209
2025-03-19,6+12,37216.78629910697,5006.8382366328515,9253.610956105442,3207.54347383092,51477.23549184526,10323.749894715595,calibration,0.4518751322751323,0.04881170634920636,208.83838386577628,537.9470875612051
2025-03-20,6+12,43578.28749760224,-583.8564862254673,12526.828334103662,3290.231787940873,55521.259345480445,10013.778209564041,calibration,0.4522597883597884,0.056766964285714275,285.41251201260184,788.6141740413644
2025-03-21,6+12,12016.173130340645,751.8399996677505,1950.4999030677027,613.7313847692168,14718.513033076099,10526.474852310694,calibration,0.4530079365079365,0.1536701388888889,19.40842752548366,35.69306368033506
2025-03-22,6+12,13045.94679554016,-29.3761093128671,1054.411133247341,741.3378974710743,14070.981819474633,10743.928522207489,calibration,0.45365873015873015,0.13372331349206348,40.90094612399464,78.10399904054302
2025-03-23,6+12,42797.845992605195,-1152.407557872075,2684.642354657953,935.7733983807605,44330.080789391075,10485.985059689736,calibration,0.452205291005291,0.05060575396825398,52.64510209496014,153.31906192763526
2025-03-24,6+12,40073.58610235734,538.4579777036711,5219.681678795996,2161.6719805350713,45831.72575885701,10071.298885631368,calibration,0.45250634920634913,0.05461378968253968,141.62405097230106,328.69259028484333
2025-03-25,6+12,46209.51299861648,-1873.4822219751236,4798.806870841974,1612.8233402323215,49134.837647483335,10208.0187793963,calibration,0.45285026455026456,0.0572953373015873,350.6822936043557,1218.7863980034883
2025-03-26,6+12,39173.07588852851,1840.539697604483,3350.744467729134,1254.9236121836173,44364.360053862125,10755.141851682132,calibration,0.45108095238095236,0.047057440476190475,153.67065375312828,340.4195201038624
2025-03-27,6+12,41499.859891970555,-865.1625594736354,2134.161601739741,742.2565571320857,42768.85893423666,10489.61308774661,calibration,0.4509153439153438,0.05638541666666666,113.07202620293602,284.85980916039165
2025-03-28,6+12,12578.080929524118,134.29305015647714,0.0,0.0,12712.373979680595,10541.927312793252,calibration,0.449647619047619,0.13822063492063494,88.55888113224599,175.10180541668282
2025-03-29,6+12,11770.892251012003,84.7478303184862,556.2100767032418,173.35351833578162,12411.850158033732,9809.795881263022,calibration,0.450710582010582,0.15139275793650792,60.93678880610962,122.84939371319308
2025-03-30,6+12,39681.53045856438,-1574.7578759239568,7018.133269066984,2839.6845446279685,45124.905851707415,10771.397720038573,calibration,0.4536047619047619,0.049554464285714285,330.49543203200346,848.3750446822498
2025-03-31,6+12,34655.328396488796,7778.748583465778,2702.932022262654,839.3930164065457,45137.00900221723,10589.360315150861,calibration,0.45265873015873015,0.05669087301587302,276.21877720753355,796.0841616456491
2025-04-01,6+12,44246.7184458418,-1031.141263250092,3093.532604817107,1130.0294632561418,46309.10978740881,10661.132378976845,eval,0.4515280423280424,0.0719405753968254,383.693567392197,1185.4773626143622
2025-04-02,6+12,42063.47182398751,-27.35285330509305,3794.1221251401503,1420.7657391263315,45830.24109582257,10701.751509275844,eval,0.45426084656084664,0.06762728174603175,135.62708447452695,347.04653939015947
2025-04-03,6+12,42846.32433582118,-1627.8889609181415,2366.1870807692476,1064.4914266940564,43584.62245567228,10598.0900315432,eval,0.4561820105820106,0.06061577380952383,608.9953931823685,1465.4836072290666
2025-04-04,6+12,10990.796343669264,82.94207903479587,737.9295194824207,221.64212893562507,11811.667942186481,10119.201369121443,eval,0.45736878306878304,0.14913710317460319,37.4433261163731,77.69462798088696
2025-04-05,6+12,11698.394179442997,-13.650089320993741,443.75121500568366,189.55448696195634,12128.495305127686,10050.175355263722,eval,0.4554814814814816,0.1311729166666667,103.55581721337049,198.97930303710274
2025-04-06,6+12,40123.34384451625,-225.28959125693154,1313.2430899531128,570.0061081068704,41211.29734321243,10276.688311115378,eval,0.45346243386243396,0.04986498015873016,174.90702312537823,502.0111904551436
2025-04-07,6+12,34498.98843120242,3245.125557610173,3484.6864610617895,1376.9974374237668,41228.80044987439,10735.327386024646,eval,0.4558476190476191,0.05191001984126983,99.94643854886415,222.30436056325274
2025-04-08,6+12,39504.84174400114,-1030.6201862369473,1543.231874827466,705.8645629367427,40017.453432591654,10159.37840091194,eval,0.45664920634920636,0.050626984126984124,731.0555981403321,2110.8499851297283
2025-04-09,6+12,38884.328483701145,1250.5589311122349,7732.490497175073,2640.669731975252,47867.37791198845,10681.637365898598,eval,0.4555074074074074,0.06723720238095238,247.09901727742437,688.57040092273
2025-04-10,6+12,38740.49468253284,-532.1840280397815,1142.2413181120976,323.6427656035207,39350.55197260516,10433.315656292136,eval,0.45338412698412706,0.05992212301587301,575.1143504105328,1563.9871937219225
2025-04-11,6+12,10730.647147811536,636.0804909348778,871.5949037080576,264.94343453963626,12238.32254245447,10073.250766004296,eval,0.4523375661375661,0.15134126984126983,50.62080502922673,96.03040178521294
2025-04-12,6+12,11693.09348908765,-146.3434117361238,1184.9297227174638,754.9761718917255,12731.679800068992,10518.623219782707,eval,0.45481058201058205,0.13979117063492064,34.3119751770669,63.01693189278226
2025-04-13,6+12,35137.13793166283,567.5494290674927,4030.4406248574815,1595.7474485956013,39735.1279855878,10169.601331278865,eval,0.45294973544973555,0.059799702380952384,222.77477458695415,500.7700870446289
2025-04-14,6+12,38176.02420149571,-1833.7289741937577,4956.372017598844,1822.5560806116628,41298.6672449008,10638.077330926055,eval,0.45337301587301587,0.05116130952380953,433.8582555848995,1161.721731177324
2025-04-15,6+12,33092.98987026201,1423.5636369188371,1589.4351221580325,493.90868250585413,36105.98862933888,10790.88460551824,eval,0.4556465608465607,0.04900436507936509,251.98454386704967,516.7079434616763
2025-04-16,6+12,37043.89098482703,449.73101252764627,6512.67536479959,2446.700266996203,44006.29736215426,10123.281112931498,eval,0.4550328042328041,0.06689652777777777,189.56667614544452,545.3804427338507
2025-04-17,6+12,34192.76852419588,2988.35349903679,6433.862936145628,1844.3052116942374,43614.9849593783,10678.343928434002,eval,0.4568486772486773,0.05517619047619049,493.0763265268224,1052.0078648150736
2025-04-18,6+12,10314.425708614124,880.5570575677456,57.3045628294391,27.074091884534095,11252.287329011308,10800.0,eval,0.45714232804232807,0.13584444444444443,65.11754098352314,124.21886669480823
2025-04-19,6+12,10431.118888302422,202.95105386205415,66.41634936702285,56.420765779024464,10700.486291531499,10158.193740907996,eval,0.4573312169312169,0.13859573412698412,89.85497072506519,184.44791295027218
2025-04-20,6+12,34315.75320839828,2744.4661299840673,5941.569972707994,1683.8012250868246,43001.78931109034,10427.3436038074,eval,0.4606984126984128,0.053529960317460316,40.8444640122996,105.61560021680513
2025-04-21,6+12,35036.468987871885,-1264.5879773491856,3988.686908398836,1888.0387326228413,37760.56791892154,10098.863443205135,eval,0.45873597883597883,0.04580932539682539,36.239304751998525,72.94998753483908
2025-04-22,6+12,32717.03213612284,3593.08120118595,4186.187163711489,1637.2997170443932,40496.30050102028,10495.355338348332,eval,0.4576507936507937,0.060242261904761896,363.2492953487334,965.5005503632619
2025-04-23,6+12,31796.049188271005,2633.869800142092,4460.272144119776,1700.6000586166556,38890.19113253288,10713.83297664958,eval,0.45945925925925923,0.05768124999999999,170.2352313591012,429.23385972190636
2025-04-24,6+12,31883.338748695183,1424.4696176791135,3322.35113954009,1542.103913032769,36630.15950591439,10091.953484363581,eval,0.4612582010582011,0.0493328373015873,75.77133669320939,208.99971334271945
2025-04-25,6+12,9912.931765795554,541.932365168375,354.96859359640786,109.6955952499585,10809.832724560338,10437.642139885085,eval,0.46247142857142853,0.15006011904761907,53.43630067211793,149.0499635025586
2025-04-26,6+12,10489.926158695169,558.4878795970667,212.43809632039154,71.04443517364793,11260.852134612627,10485.625421505938,eval,0.4604343915343916,0.15092718253968254,153.58564493601034,292.6845919535126
2025-04-27,6+12,31658.999132197572,2659.4376102100505,2014.865976321191,562.5129948874362,36333.30271872881,10655.888953267666,eval,0.4590957671957673,0.05493998015873017,185.3654343743654,402.54958691298225
2025-04-28,6+12,37520.54228241361,1821.1610793294049,2324.015079483759,875.9647074584058,41665.718441226774,10583.920678926277,eval,0.45826455026455026,0.08564384920634921,239.60257509118372,736.7162989156889
2025-04-29,6+12,30949.02925009079,2728.869120980564,5115.4331435827135,1478.6381276704847,38793.33151465406,10800.0,eval,0.45860052910052906,0.04940337301587302,176.59282664801088,354.7290013691105
2025-04-30,6+12,30523.78733885485,1842.194465995144,7150.079896740484,2551.4717519134306,39516.06170159048,10693.857373229412,eval,0.45716137566137566,0.05083402777777778,224.0475580933478,548.0159765506281
2025-05-01,6+12,33168.766992281686,3741.2374704613135,12344.695477884026,2671.581535759252,49254.69994062702,9127.173423979371,eval,0.4539862433862434,0.07086815476190475,204.80173041231882,432.0546351646506
2025-05-02,6+12,11946.322694054936,653.5991422373236,5447.431344226045,1176.0945877320821,18047.353180518305,9150.019864474578,eval,0.4527296296296297,0.09780684523809523,104.21359353820114,255.69521140557293
2025-05-03,6+12,11383.705770195898,554.6263117394236,5578.249577546322,1269.6746610977236,17516.581659481642,9320.764074068198,eval,0.455978306878307,0.12078948412698412,177.33520966497915,344.64840996694113
2025-05-04,6+12,35305.32183902574,-1124.6395747312906,12744.491051593535,3286.1429402933427,46925.17331588798,9108.116082603592,eval,0.4565640211640212,0.05533789682539682,70.3109724337548,196.4285511573328
2025-05-05,6+12,36467.46355584652,1614.025589893905,7627.023238265536,2185.9222069257276,45708.51238400597,9301.697025773643,eval,0.45834021164021166,0.06813918650793653,120.54099807527686,253.6370817568355
2025-05-06,6+12,33275.20987582305,4527.094814015603,7940.17954295101,2036.5137241948291,45742.48423278966,8526.783627886054,eval,0.45842804232804224,0.06247103174603175,62.390241857914496,151.13462130235524
2025-05-07,6+12,37010.60957782144,4174.211384779295,1552.6131489897284,672.3795309580136,42737.43411159046,8980.853993371333,eval,0.4613322751322752,0.062067956349206366,386.0244853078516,863.1265646728552
2025-05-08,6+12,37783.27748922067,1716.7570597875547,3734.5380528556934,1250.1183849470963,43234.57260186392,8376.733349919456,eval,0.4637100529100529,0.0629389880952381,580.5389869229482,1501.8551909795515
2025-05-09,6+12,12859.751507943609,1019.667642441088,36.64686823414366,18.545713555442944,13916.06601861884,9380.514647460877,eval,0.4640820105820106,0.13854603174603175,67.5180188582354,122.96714716513677
2025-05-10,6+12,13377.379651050296,493.6678345272669,86.89208022008641,29.61052316240805,13957.93956579765,8942.837364050174,eval,0.4621883597883598,0.12751894841269842,131.71573661939482,511.19244789546667
2025-05-11,6+12,38125.722602007954,906.0569364760215,6869.391767040355,2738.573825724966,45901.17130552433,8024.026591815762,eval,0.46208465608465604,0.061195833333333324,421.1469021496834,1247.1731361203051
2025-05-12,6+12,34023.38059991873,6783.223499524322,2742.4734109879305,1005.0692106805636,43549.07751043098,8497.232796621018,eval,0.46352222222222217,0.05152638888888889,253.1923607067516,681.4437956260242
2025-05-13,6+12,38081.80944134794,529.3207768824639,2539.5797390942585,1099.0255164563232,41150.70995732467,8022.599850497863,eval,0.4644613756613757,0.058716666666666674,376.43155821427155,869.2169766661394
2025-05-14,6+12,35874.51087209552,4177.518176093639,1743.970482522189,476.0855051627952,41795.99953071135,7681.695396482976,eval,0.4616857142857144,0.04893948412698413,831.4333630612584,1959.8843585425886
2025-05-15,6+12,37170.71541813724,3941.961808550258,6967.696957207323,2283.341187337889,48080.37418389482,7529.458752068513,eval,0.45981428571428573,0.05462807539682538,377.1135683079495,882.2516144484529
2025-05-16,6+12,10805.5042211172,354.3351675365062,970.8359902205918,473.37636196098583,12130.675378874299,4644.841909442084,eval,0.4595153439153439,0.15624176587301586,54.64948880407849,89.00673921821598
2025-05-17,6+12,11877.636950143926,700.0377872337737,1219.8823078792261,499.07204451043,13797.557045256926,5125.988643000873,eval,0.45778253968253957,0.12560763888888887,37.00878892560646,83.43837735007908
2025-05-18,6+12,37386.820560980465,637.3847285010158,6097.337277004099,2276.456976746047,44121.54256648557,4983.672255796433,eval,0.45744920634920627,0.05614077380952382,259.18230876169866,635.844898477256
2025-05-19,6+12,35559.956877363205,687.1652186620151,1980.0699590342292,858.257357940777,38227.192055059444,5710.418274965971,eval,0.4556920634920636,0.04694136904761906,335.45184898384684,697.8283725203049
2025-05-20,6+12,34175.76976438907,6520.594384195341,3756.0988137130526,1388.551367264836,44452.46296229747,5893.2029480830115,eval,0.45464550264550263,0.06721289682539683,775.2053864414281,2070.961214227368
2025-05-21,6+12,34578.935464400056,6030.915890038641,3524.671075588257,1448.3643042599306,44134.522430026955,8122.533421384022,eval,0.45527037037037027,0.05793978174603176,91.69859005935724,246.5791815464961
2025-05-22,6+12,33938.69440142794,1920.3435082072322,4603.120432280006,1829.869485612929,40462.15834191518,6540.182181102688,eval,0.457268253968254,0.05686339285714285,180.93507351423153,463.90744929807715
2025-05-23,6+12,12149.378538386665,717.9067559797398,977.8988709732023,570.520647489825,13845.184165339608,8508.751992936117,eval,0.45737830687830694,0.1360205357142857,193.82846673308987,657.9969253859172
2025-05-24,6+12,12571.476630388619,347.50223264187866,553.9736400733335,233.93213576534703,13472.95250310383,8910.389088371994,eval,0.46061111111111114,0.14165763888888888,158.8199369731366,460.58949002472417
2025-05-25,6+12,35631.220491310974,705.9891213587448,795.7997930215122,289.52217286846997,37133.009405691235,9573.811323565078,eval,0.46305661375661383,0.05378878968253967,466.65485147003085,994.3990289724358
2025-05-26,6+12,33774.63888835176,6893.702036976676,3737.8770338100057,1272.420075855126,44406.21795913844,9725.343778763296,eval,0.4629507936507937,0.06794087301587301,106.16125377820963,376.6684353748936
2025-05-27,6+12,33573.0008593642,3687.0433848920293,2152.2094438716817,872.2736833241801,39412.25368812791,9354.165522941868,eval,0.4636439153439153,0.05648501984126983,335.8253586896084,931.0792496572464
2025-05-28,6+12,36034.74795305814,908.2265375143338,3330.004339344455,1325.0504980030255,40272.97882991693,9292.939978670462,eval,0.4635322751322751,0.06529027777777777,430.3429479605029,1145.3630976451798
2025-05-29,6+12,34394.943142846765,5444.479775951683,2427.5186585740253,745.7942417083489,42266.94157737247,8536.003351392856,eval,0.46291746031746034,0.07312767857142857,297.2341364223099,664.2051960368494
2025-05-30,6+12,12261.713317925118,1093.4003725876098,734.1388695971957,277.7950372628916,14089.252560109924,9638.741673238697,eval,0.46268571428571426,0.13248045634920633,45.65260411863312,91.74730020713491
2025-05-31,6+12,11690.627776108711,49.99705097354003,65.97521651128157,28.117687875294095,11806.600043593533,7801.135101559363,eval,0.46082857142857137,0.12931041666666665,152.64636914447956,282.02412788993126
2025-06-01,6+12,51509.0849638052,2207.1342100442193,21498.045290020033,4430.508461193547,75214.26446386945,5118.399261696021,eval,0.4579656084656084,0.12338293650793651,174.80097889877723,533.3107039278111
2025-06-02,6+12,53466.31361000224,-2121.7742934574244,26304.566973497233,6001.178866462376,77649.10629004205,5963.909230248931,eval,0.4640201058201059,0.10458065476190476,234.14300302806436,568.6120146930683
2025-06-03,6+12,46631.79208491124,3109.985693677262,19103.100728464997,4089.4564435413404,68844.87850705351,4012.1788584652663,eval,0.4677211640211639,0.09143849206349206,449.1955253924413,1357.2983503526596
2025-06-04,6+12,59952.63698621192,-1534.4571550114515,6410.127534090062,2149.511959018846,64828.30736529053,4988.847778744773,eval,0.4732343915343915,0.08982579365079364,547.3725191444762,1621.0511515989406
2025-06-05,6+12,52407.295185122115,5401.5569694602855,6064.171333125969,1352.2822850665566,63873.02348770837,3779.857451292362,eval,0.47868888888888894,0.09041875000000002,132.33105412773833,416.443259067647
2025-06-06,6+12,15200.735026404804,1389.7467276981931,14663.022169268566,4124.549473347518,31253.50392337156,1202.8437658865375,eval,0.4831148148148148,0.09393392857142857,280.17328396454184,559.5890103195941
2025-06-07,6+12,19370.550049951085,24.221500741445794,11317.980595157253,3776.257102521844,30712.752145849783,2170.143011289335,eval,0.488226455026455,0.10546755952380953,405.31560187916386,818.0116270661732
2025-06-08,6+12,49638.52818921114,3758.683869708369,2941.6839312180055,1170.219895338866,56338.895990137506,4322.572328479072,eval,0.4940502645502645,0.041805952380952374,144.86544557912663,384.7583672758477
2025-06-09,6+12,56362.28692543746,-1303.78657827285,7046.984169784351,2551.3008563918456,62105.48451694896,4643.8462140818865,eval,0.49194285714285707,0.059196924603174605,146.5334006725704,407.46275091346916
2025-06-10,6+12,53269.21410914109,2106.3277542587857,6629.596856194195,2306.620156484129,62005.13871959408,5097.843103856739,eval,0.49467671957671955,0.054851289682539675,114.00309593762681,297.45385011249607
2025-06-11,6+12,53880.02109850448,4464.1896446312985,3895.6263508967827,1120.9583648744228,62239.83709403256,3913.0476405745476,eval,0.4949894179894179,0.07027430555555556,446.52758320037884,1362.5290964948358
2025-06-12,6+12,54575.667132144896,1845.1924155952756,4634.137097049442,1363.0157841992516,61054.99664478961,4602.81885908339,eval,0.493605291005291,0.06014662698412698,77.82106180499063,266.6994312418593
2025-06-13,6+12,21729.614560756665,-10.28944147509776,3172.028128031334,1596.7294021987786,24891.3532473129,5202.836195412217,eval,0.4940063492063491,0.12945714285714283,59.28374753952039,132.22459914534244
2025-06-14,6+12,20882.318549495874,471.143283827913,688.7767443431308,369.403429028892,22042.238577666918,5302.158370251172,eval,0.49208888888888885,0.133205753968254,81.93346152732924,393.07008360702844
2025-06-15,6+12,48821.42583602662,8466.89682845927,4796.3346274598525,1539.9625280132939,62084.65729194574,4252.232616701635,eval,0.491184656084656,0.05559444444444445,220.0553845364318,617.2714499497937
2025-06-16,6+12,53526.76095700977,5417.985321628159,6093.423697745314,1798.0964881520651,65038.169976383244,3792.9394744478845,eval,0.4913518518518519,0.05662182539682539,196.79470013040554,554.2237634437354
2025-06-17,6+12,53970.55924581378,6326.590334292798,1998.8891309293945,582.357623118266,62296.03871103598,3752.9400889456306,eval,0.4900539682539682,0.060974305555555545,347.92058726139544,1091.0692917499453
2025-06-18,6+12,53681.567548672174,5149.773307916592,1562.1137713517592,650.9262522530812,60393.454627940526,4451.210359887816,eval,0.4900798941798941,0.05118859126984127,909.9366616810181,3106.363052966679
2025-06-19,6+12,51249.448936690445,2714.494043650604,3254.629216924464,1015.9500289870502,57218.57219726551,4053.900035365276,eval,0.48885185185185176,0.045914384920634904,275.0482934223355,688.6630635098553
2025-06-20,6+12,17537.391611744213,235.311338374558,196.15683935034698,69.19754631153532,17968.85978946912,2962.0759107319036,eval,0.4883619047619047,0.14658918650793654,144.47052516627576,308.85497511409875
2025-06-21,6+12,17320.505636598362,656.0986773456239,1000.6946766647567,498.0554950399999,18977.298990608742,3588.865825986737,eval,0.48837142857142857,0.15586805555555555,165.73980525609454,315.97349465999804
2025-06-22,6+12,48518.94302444734,5690.943138462452,858.5409288590834,321.76861383940593,55068.42709176888,4417.29464484793,eval,0.4900412698412698,0.052723710317460336,203.9855446085259,672.029223131238
2025-06-23,6+12,50635.99404129385,3480.4850053602368,5711.316641351883,1648.950817538257,59827.79568800597,3184.4494306221277,eval,0.4902835978835978,0.051532738095238104,232.7906731239324,708.8746668398032
2025-06-24,6+12,59236.17407418474,2590.0292449214935,7560.589226158101,2035.534176104035,69386.79254526432,3174.3346047794494,eval,0.4880671957671958,0.08572896825396824,831.3871710972504,3076.086791740828
2025-06-25,6+12,51026.61454789153,3913.6350398797417,3633.1639477010185,1199.1174707808773,58573.41353547229,3893.6132271197757,eval,0.48677460317460314,0.06070049603174605,382.81713264649613,1210.823552000671
2025-06-26,6+12,48195.2037321523,4293.213584556437,3678.6342322481937,1145.875661857588,56167.05154895694,2189.741781403392,eval,0.4849857142857144,0.05231666666666668,538.5172505218186,1569.7425847826087
2025-06-27,6+12,16593.188550820803,397.15737026689374,433.27077313333575,158.74516474611778,17423.616694221033,2341.173940365485,eval,0.4852132275132275,0.1529569444444444,110.55798311669587,222.95327706315462
2025-06-28,6+12,17236.48062362999,1299.2914490363469,638.4247600517633,218.47100668786254,19174.1968327181,3202.0695779882526,eval,0.48595238095238097,0.13287559523809525,93.6646911495977,203.49146235186942
2025-06-29,6+12,50263.13992264008,2724.7057704947492,10223.778877278908,3129.0019064407816,63211.62457041374,4607.643430176836,eval,0.48521375661375665,0.06161785714285714,314.1384669997153,1106.7796398989187
2025-06-30,6+12,50375.93908160762,2238.280445148468,7148.56666199011,2367.2153752737554,59762.7861887462,4427.696818859946,eval,0.4843613756613756,0.05708224206349207,653.1970027851277,2064.2009166852527
2025-07-01,6+12,47223.75379215245,4832.615467366545,49626.464474473236,12576.190385546846,101682.83373399223,1200.0,eval,0.4844359788359787,0.13195694444444445,466.1288223552262,1527.842553026708
2025-07-02,6+12,61339.08281840832,224.9691076676579,8868.783207239021,3227.737277370514,70432.835133315,4607.545919537248,eval,0.4933005291005291,0.11039176587301588,128.0144661895437,451.9793928509372
2025-07-03,6+12,64850.607076151915,5865.245510187635,4513.813797452429,1095.4412215595744,75229.66638379198,3718.5156407616946,eval,0.5060111111111111,0.12684484126984127,499.8939557368552,1695.7316770232846
2025-07-04,6+12,21857.604843327317,1470.1321746973294,6389.957899500713,2621.3872982090165,29717.69491752536,2279.928648933505,eval,0.5153592592592592,0.11194771825396825,182.0796610449964,899.4425465641121
2025-07-05,6+12,22757.060511367927,972.9894483701772,5688.443266114304,2481.8161173842573,29418.493225852406,2581.12086772579,eval,0.5274714285714286,0.11839930555555557,366.5020433439238,822.8744022110499
2025-07-06,6+12,65529.25744799823,10459.870787224481,1790.614544517237,425.49177989832043,77779.74277973996,6100.690087491215,eval,0.5372047619047619,0.08999910714285714,1472.0218419890975,5452.062526795069
2025-07-07,6+12,64890.84430426238,2414.8515851787106,2341.5780676537615,447.3622776837068,69647.27395709485,7460.141306970795,eval,0.5473555555555555,0.05812222222222222,412.3105021496788,1119.197708647338
2025-07-08,6+12,70756.30672582968,2162.377090118275,2221.5325063130667,676.0878607571747,75140.21632226103,8629.620719731682,eval,0.5587777777777778,0.058243452380952396,214.5259793422202,614.0430397763807
2025-07-09,6+12,62811.84643572054,-817.8220593809788,1969.6870397288267,581.4936493919928,63963.711416068385,4256.557341463945,eval,0.5591915343915345,0.05439107142857144,306.14454626318513,913.74244885517
2025-07-10,6+12,62801.29958407988,2675.091361741963,8823.758635496411,3379.129310626716,74300.14958131826,4334.97677128449,eval,0.5586772486772488,0.054364880952380935,1161.1656828288785,3773.512971497722
2025-07-11,6+12,29399.941775849242,404.03201394183554,0.0,0.0,29803.973789791078,4735.41882204422,eval,0.5597227513227513,0.12057708333333335,211.18923730787174,419.2854658524172
2025-07-12,6+12,28422.511892285234,803.7457665209206,875.3815341258753,534.3406670155308,30101.63919293203,5114.933980574538,eval,0.5568894179894179,0.13618839285714288,159.65461250694847,549.6629168432544
2025-07-13,6+12,60579.73370294832,-900.8215001028254,4340.241987513345,1904.311099049603,64019.15419035884,3070.426267022628,eval,0.5542185185185184,0.041224206349206344,428.1159492222964,977.3917567811031
2025-07-14,6+12,55944.145614221896,1674.558528292821,4757.798238398504,1735.2766158820712,62376.502380913225,2123.0105323956586,eval,0.553584656084656,0.05352638888888888,154.7539167973677,410.6335313684255
2025-07-15,6+12,62523.679225926375,-830.8114603240838,10323.86438744552,3381.3012350529607,72016.73215304781,4348.328881117901,eval,0.5519074074074074,0.056671230158730164,144.73971555779795,654.497982716125
2025-07-16,6+12,58202.569983268884,1027.6832559851796,7947.0640037210505,2661.0030851331153,67177.31724297511,3094.8275503871273,eval,0.5508962962962963,0.060499603174603185,398.8292679702181,1113.5388019691286
2025-07-17,6+12,56023.1903245202,7126.286251939039,6731.413772514703,2222.299567157643,69880.89034897395,2097.705939232556,eval,0.5489566137566136,0.06076279761904762,220.39143229484316,600.2212853551198
2025-07-18,6+12,24237.412036919806,1496.2622425920358,668.3865521919049,208.32099700416114,26402.060831703744,2141.8997422794246,eval,0.5480772486772486,0.12729186507936507,114.97060657242574,286.44146848568437
2025-07-19,6+12,26650.33150369337,568.9449511309817,998.0757111238107,645.2027988772924,28217.352165948163,3725.19849864672,eval,0.5443116402116402,0.14050218253968252,326.21952148172994,1191.8668082675645
2025-07-20,6+12,57300.88848854184,4108.793042249915,3610.847178147471,1440.449171338829,65020.52870893922,2862.0402999088883,eval,0.54460582010582,0.052711309523809514,426.7738400473405,1346.5198621790018
2025-07-21,6+12,62986.73340245317,2235.2005052527147,6286.699062928704,2022.137641374631,71508.63297063459,4438.263407348673,eval,0.5451343915343916,0.060835912698412695,1458.4260107416699,4744.113455791953
2025-07-22,6+12,57359.64908298082,10223.637811746668,3294.117011599519,769.6095649277555,70877.403906327,2460.6412195459525,eval,0.545147619047619,0.06037936507936507,184.53650698486214,517.1004025951179
2025-07-23,6+12,65906.4538939684,-3071.0566606219736,9222.517693064961,2794.892492499682,72057.91492641138,2370.764292609684,eval,0.5449640211640212,0.05883283730158731,79.9883985139708,193.18431621103468
2025-07-24,6+12,65820.15445793666,-1327.0842046597836,2683.235165283478,1011.4556436387209,67176.30541856035,3921.1742131855553,eval,0.5448121693121694,0.06357916666666667,841.0026366438008,2671.5946510883564
2025-07-25,6+12,23359.706148283876,1536.2280285072623,26.91358112968343,8.484735538992254,24922.847757920823,3604.8304669240597,eval,0.5435994708994709,0.1443975198412698,229.26523160851767,953.0775769838922
2025-07-26,6+12,23641.596710973652,841.8277951472694,516.1450836701969,211.04021433235252,24999.569589791117,2866.4007643933796,eval,0.5449671957671959,0.13273253968253967,282.1108571902216,668.2401220310185
2025-07-27,6+12,59559.185048032,1411.9491178146045,10634.15920516544,3412.3497120196507,71605.29337101204,4198.649502313453,eval,0.5453116402116402,0.05910079365079368,441.63306890061995,1075.9730262727012
2025-07-28,6+12,59187.034060415666,5493.153982233369,6994.478744600337,2112.387164183021,71674.66678724937,2364.862260159181,eval,0.5448328042328042,0.07113144841269842,99.88250911868515,280.4098793069053
2025-07-29,6+12,61713.85721973119,5135.69071466928,4664.796049068962,1529.261145505857,71514.34398346943,4358.341121992682,eval,0.5418460317460319,0.06545148809523808,553.6461967002194,1748.9045306553646
2025-07-30,6+12,52719.92827614921,12442.613699878711,3648.2819542367724,1140.1372693546002,68810.82393026468,2075.507476172243,eval,0.5421238095238096,0.060412301587301584,120.00378474776801,290.6968881747705
2025-07-31,6+12,57272.876788244444,6727.588885972042,9215.480245258343,2466.925799499406,73215.94591947483,1750.6993543192393,eval,0.54485291005291,0.06224007936507936,393.3376779395159,1234.6640910192502
2025-08-01,6+12,23566.50276711732,423.006719458495,847.5639751284934,385.7310236570552,24837.07346170431,2885.744010873062,eval,0.5448312169312168,0.15951646825396829,164.83911523264794,825.0764877630445
2025-08-02,6+12,23240.949999861856,773.329882432713,366.6459122119884,116.08543081253757,24380.92579450656,3603.259794826141,eval,0.5471201058201057,0.1623127976190476,115.20049710644855,310.6228066370655
2025-08-03,6+12,48592.59041600302,4446.393833026993,8594.498446042922,2261.3783033722248,61633.48269507293,1957.135039064838,eval,0.5456243386243386,0.038464781746031754,284.22988106955324,657.4157455846316
2025-08-04,6+12,53744.301522834015,2901.042212303335,5981.465196509741,2186.574271036006,62626.808931647094,3298.0602818169314,eval,0.5430841269841269,0.04194801587301587,307.2259559017245,710.9423693334257
2025-08-05,6+12,51198.24219443193,4810.489319804342,4477.364345665572,1931.0758662648277,60486.09585990184,2922.9632232005024,eval,0.5429597883597884,0.04200029761904763,309.8602866457086,808.3123295703356
2025-08-06,6+12,58177.56847494969,2451.1709509099455,8166.789683885914,1837.0050824425807,68795.52910974555,2861.8679726724286,eval,0.5435121693121694,0.05984315476190478,195.67946969130224,488.46303377916485
2025-08-07,6+12,57945.768734137455,-1070.4022828933905,8855.18140225492,2420.2170141512497,65730.54785349898,3409.3120878474992,eval,0.5399597883597883,0.04719950396825397,12.939078068936828,39.660568965345654
2025-08-08,6+12,22719.714425322458,432.86510434138523,50.82864363001606,18.597647670151765,23203.408173293858,3572.2061300779487,eval,0.539568253968254,0.15493184523809525,93.26264130703179,418.6130150865623
2025-08-09,6+12,22379.879684941327,479.82921347729143,1128.4374280194456,430.59080622010083,23988.146326438065,2714.9739833155845,eval,0.5350746031746032,0.13665803571428572,40.45126574741947,92.8374350154644
2025-08-10,6+12,55476.96471831192,1153.0204382428392,10942.172147704343,3195.039987420746,67572.1573042591,3236.450312566366,eval,0.5341761904761904,0.06310555555555557,647.5207307259964,1669.8930005188042
2025-08-11,6+12,49239.66517169396,3846.7881949804682,3280.008556265575,909.061731226132,56366.46192294,2597.851783856078,eval,0.5368137566137566,0.06005694444444444,931.0704385748934,2670.8827183135313
2025-08-12,6+12,58001.66536611926,1336.2190632107486,3463.27528775489,1186.217681947721,62801.1597170849,3138.766209167907,eval,0.534441798941799,0.07173214285714286,179.95572215042225,897.511291737045
2025-08-13,6+12,50532.88820689075,3455.932741831465,8600.308560628015,3325.18198403916,62589.12950935023,2375.822999952336,eval,0.5319222222222222,0.0647202380952381,219.04868397841256,554.4312638902527
2025-08-14,6+12,53483.74788880824,4297.101985639214,3997.3064538206336,1325.9090454476282,61778.15632826809,1956.6080251432934,eval,0.5337687830687832,0.06522271825396825,319.1865151728912,753.6954997300658
2025-08-15,6+12,23092.713135658807,775.8613799576733,669.3784834476942,314.83387889962853,24537.952999064175,2404.4552804064156,eval,0.5322592592592593,0.1402267857142857,211.99544330539734,794.3296454260976
2025-08-16,6+12,23698.186686878682,243.79959676913927,1050.8236748144207,369.48669581299976,24992.80995846224,1876.7269009350637,eval,0.5321359788359789,0.1459686507936508,80.75524333544656,172.14743093875018
2025-08-17,6+12,56252.60097257748,1242.9751794251165,3355.966939634494,824.7468118741596,60851.54309163708,3801.157093505166,eval,0.532784126984127,0.05481686507936509,369.89202101278653,854.2229554802541
2025-08-18,6+12,51868.00987111369,3078.543083908424,3339.876181618185,1481.7452390639703,58286.4291366403,2478.541636285588,eval,0.5283423280423281,0.059799702380952384,149.5473423538994,338.5534625657854
2025-08-19,6+12,50616.205175434254,2636.3485865118996,4850.622612203077,1631.1512451266608,58103.17637414923,1827.671163155353,eval,0.5330116402116403,0.053927380952380956,548.9092578107704,1466.4529860390228
2025-08-20,6+12,60155.5588838088,2294.028132578235,10016.40560078366,3131.086247068149,72465.99261717069,3447.10402032931,eval,0.534589947089947,0.07831785714285716,194.16560793415192,640.6761852832254
2025-08-21,6+12,53330.485442993355,404.444617290152,4987.134657805135,1892.3128251839898,58722.064718088644,1720.191112552303,eval,0.5333031746031747,0.05832400793650795,602.1519242833014,1576.7426552118072
2025-08-22,6+12,23560.735788653605,631.6645651512911,2940.3026042619895,1252.6183786020592,27132.702958066886,2931.355999790264,eval,0.534010052910053,0.13174890873015874,840.4064826083641,2649.3207009791286
2025-08-23,6+12,22905.126952474093,1538.4894875657849,383.5882022861716,134.57016504436882,24827.20464232605,4524.747935800571,eval,0.5386126984126984,0.13412797619047623,305.48694974075136,842.6906230820019
2025-08-24,6+12,52807.62255012008,5587.260308197136,3746.9072668178487,1027.5252240214868,62141.79012513506,3906.839706613575,eval,0.5376772486772485,0.05130654761904762,206.80536393132084,559.4942756997032
2025-08-25,6+12,67291.79445291712,-4432.719189484237,4253.4516871477845,1403.043685007111,67112.52695058066,4250.152095064269,eval,0.539321164021164,0.06873551587301588,319.32619248632966,809.9454103243055
2025-08-26,6+12,52396.266943219955,3093.0123503710124,5247.211619079952,1571.5088701622026,60736.49091267092,3594.2357755519774,eval,0.5367968253968255,0.0552484126984127,185.8815588879501,739.137516111868
2025-08-27,6+12,53083.269300168526,7666.351721491414,2669.6430365160204,679.3419421149702,63419.26405817596,2752.293137387569,eval,0.5329015873015873,0.06640932539682538,300.6005697000504,884.5995959079986
2025-08-28,6+12,51856.68081806276,10263.746199185078,9600.17390843489,2888.420257882142,71720.60092568274,2891.9700779523646,eval,0.5276857142857142,0.07400505952380951,813.2097042667046,2797.2232012294517
2025-08-29,6+12,24267.564157024746,648.6300249356211,1149.3221147490904,412.6246178302449,26065.51629670946,3033.314916959816,eval,0.5254931216931216,0.13391428571428574,238.84253065602357,774.4565802774451
2025-08-30,6+12,23210.008888113894,604.1300098991563,255.1671010154045,85.00688089131852,24069.305999028456,2670.4240555748056,eval,0.5221100529100529,0.1447313492063492,182.0614254154895,516.5059729881104
2025-08-31,6+12,53157.520387921,3907.197824550336,5496.274859038527,1991.5577818193638,62560.99307150986,3353.337095789517,eval,0.5222767195767196,0.05793521825396827,561.0568275468711,1581.0073321886368
2025-09-01,6+12,51087.35913018057,754.8198953699962,1134.1708939711414,436.68524396214013,52976.34991952171,6734.778628574879,eval,0.5190936507936508,0.0746608134920635,624.007017700972,1724.6104944294705
2025-09-02,6+12,42337.90716639641,8103.000013069412,0.0,0.0,50440.90717946582,5944.455231423415,eval,0.5097936507936507,0.06440228174603176,306.93097540486315,622.7965402043825
2025-09-03,6+12,39713.938943127716,302.62381119070653,3872.0019086101424,1546.5966109048666,43888.56466292857,4221.140457481139,eval,0.5022063492063492,0.056388194444444456,214.6432723262795,840.1742211918752
2025-09-04,6+12,40289.03513267156,1628.961301939141,9826.260523823888,2679.918191283128,51744.25695843459,3152.0839033082675,eval,0.49613544973544976,0.05663809523809524,322.18939335136423,831.2292403788831
2025-09-05,6+12,18750.72581411793,378.1323143228235,158.38538478766583,96.38482964143527,19287.24351322842,6567.411810135196,eval,0.4847788359788359,0.18270644841269842,215.98331336114953,533.86168921391
2025-09-06,6+12,19873.14157965649,-758.3684483432567,0.0,0.0,19114.773131313235,8013.065854415471,eval,0.4751486772486771,0.16088849206349207,143.86535631982548,373.63995103011143
2025-09-07,6+12,38284.27983789863,4366.90887706399,5712.176800855612,1524.8511900543442,48363.36551581824,6510.4140163047205,eval,0.46505132275132277,0.05513392857142856,268.1854794508613,1035.1178216403478
2025-09-08,6+12,41849.15683762953,1661.400303259608,7842.584566133341,2448.2377659220174,51353.141707022485,5482.25628930134,eval,0.4547777777777778,0.07713531746031747,54.41060274164694,115.33273002415267
2025-09-09,6+12,36674.40158252609,4635.356023242561,10275.73799169555,2446.928100023774,51585.49559746419,3532.972824661667,eval,0.4537338624338624,0.05490009920634921,103.55709336030739,314.7999113756062
2025-09-10,6+12,43377.387795833536,3529.859581444475,5838.9666929126615,1378.0504905755815,52746.214070190676,3170.4990470170005,eval,0.45248624338624344,0.08075823412698412,361.44666524587194,889.1597465308639
2025-09-11,6+12,44848.32164166668,1167.849073251629,9994.531573282487,2947.2616993165407,56010.702288200795,6061.069446258427,eval,0.4536740740740741,0.05342291666666665,277.1084280585459,591.4999895235535
2025-09-12,6+12,16106.136154048037,841.9716996680015,359.08676766189876,181.67119223752502,17307.194621377937,7152.63458228223,eval,0.4556820105820106,0.13119454365079364,70.09009383158983,160.57603553277747
2025-09-13,6+12,15183.216014503176,-46.70432362370667,544.799799457342,170.9990716855944,15681.311490336811,6360.182409146941,eval,0.4548952380952382,0.1423347222222222,329.89508692196125,1031.1427972183633
2025-09-14,6+12,46111.50068443298,-604.8445880132413,2787.353183123875,1151.1208129243114,48294.00927954361,5142.456051222895,eval,0.45539894179894175,0.06920803571428571,182.54597273975136,415.1623289805666
2025-09-15,6+12,40446.44279408602,3073.119474222611,8329.137652257776,1920.5782451766588,51848.69992056641,6192.346396617297,eval,0.4588497354497355,0.053628869047619064,218.93055050393622,733.474110560531
2025-09-16,6+12,46851.66666109042,1328.139952628574,3509.6032033958268,827.1517707012421,51689.40981711482,6235.977459190118,eval,0.4610449735449734,0.07089543650793652,282.07345759998003,675.481093833922
2025-09-17,6+12,44180.58335393826,1735.009938924708,7972.004883295413,2749.848127730056,53887.598176158375,5809.115689851305,eval,0.4610513227513227,0.06790843253968254,92.01898719989148,248.86408034775778
2025-09-18,6+12,41232.87130888749,7842.787942708251,2584.849448927891,840.7774291315723,51660.50870052363,7440.846075255725,eval,0.4600402116402116,0.0625863095238095,428.79825765060406,879.9231916228455
2025-09-19,6+12,14770.461641766806,858.7033208247843,912.430061389108,440.8291047888403,16541.5950239807,6024.251065272446,eval,0.4592555555555555,0.12201220238095238,57.6865894292355,129.12459696601223
2025-09-20,6+12,14609.714494324422,184.89757776529896,1723.557614504757,538.5654332242525,16518.16968659448,5049.031537393022,eval,0.4596407407407407,0.13063968253968256,114.09528632839574,256.79852194715164
2025-09-21,6+12,44251.33640373669,1501.7223812115735,1754.2723408335198,772.0363329548622,47507.33112578179,5206.742639993342,eval,0.45711111111111113,0.0577920634920635,609.2469411352383,1794.7660583545153
2025-09-22,6+12,46544.54922608973,-1041.898720786913,6722.989907936299,2346.4379948373835,52225.64041323912,4199.129659673611,eval,0.45738201058201056,0.06337777777777778,477.6918366483189,1175.298595593285
2025-09-23,6+12,46568.87426328777,-534.7665945007664,9354.752236119704,3360.2204832473394,55388.859904906705,5662.391187447822,eval,0.45644285714285715,0.06235724206349205,231.72968976790762,662.6615316857249
2025-09-24,6+12,41894.10250086729,4172.332118491167,9809.852279148046,3658.524830886883,55876.2868985065,5908.666409956526,eval,0.45619894179894177,0.05537301587301589,203.03769453768822,509.59065488584974
2025-09-25,6+12,42518.93435378249,5116.394000609792,229.69815413053004,92.82431001798184,47865.02650852281,5369.721247572617,eval,0.45510264550264545,0.05815853174603176,218.01653894552268,556.6629226827381
2025-09-26,6+12,14977.241341216424,89.48450230930467,470.0323349788524,322.46518828964304,15536.75817850458,5663.135860167629,eval,0.4564396825396825,0.1317858134920635,164.51409960073502,310.33583118650733
2025-09-27,6+12,15713.017936253334,442.4965666264887,2565.1360636517334,778.1470985760752,18720.650566531556,5793.6210657920155,eval,0.4554481481481481,0.12588640873015872,73.00993142089023,141.44423896832623
2025-09-28,6+12,46939.74706902758,6802.174726375055,144.87548750311836,66.01753816501179,53886.797282905754,7196.409179864448,eval,0.4580169312169314,0.06590555555555555,175.79445508777545,597.6836314579451
2025-09-29,6+12,45912.53930219624,135.70339906068352,15448.556675549149,4296.340615287643,61496.79937680607,4688.777499394934,eval,0.45696719576719586,0.06140644841269841,499.78358631346936,1329.656300804223
2025-09-30,6+12,46465.26316512615,4506.620284741289,10428.781111234146,3211.6755538314155,61400.66456110158,3552.994395912921,eval,0.45684920634920634,0.06992966269841269,375.326418546416,881.9360913650929
2025-10-01,6+12,40741.29734800683,2982.643829961867,2557.1799270167858,511.31296284758537,46281.12110498548,6705.339437758992,eval,0.45616772486772483,0.039295039682539695,763.0908442890806,1734.5437241031013
2025-10-02,6+12,44347.95575295565,-1927.157400868687,1851.680419246523,375.498226480051,44272.47877133348,7483.303074192273,eval,0.4568978835978835,0.032451984126984135,160.96528783208416,469.13220808380186
2025-10-03,6+12,13438.180732947596,225.55226347134462,0.0,0.0,13663.732996418941,9350.442234924803,eval,0.4547063492063491,0.16259980158730158,70.71200405075476,130.25582962245886
2025-10-04,6+12,14944.73332355964,-61.59546153318986,0.0,0.0,14883.13786202645,10258.731836145425,eval,0.4541507936507936,0.13008789682539681,122.92045795537334,240.49659958615047
2025-10-05,6+12,41568.898759342075,-846.4002706408874,2598.7482269035963,1341.2134163530116,43321.246715604786,10342.491238032157,eval,0.45254021164021163,0.04299374999999999,331.5733306742393,813.3525259532555
2025-10-06,6+12,38805.005966781,1110.3953495192413,7744.833939088235,3079.7490291685363,47660.23525538847,9490.33644481793,eval,0.4534867724867725,0.06301359126984127,127.34496854776549,298.4350064293835
2025-10-07,6+12,40491.63799815012,1698.2769376883916,7109.126944103371,2360.4516168947503,49299.04187994189,9999.718441481005,eval,0.4544164021164021,0.06308789682539681,511.9570647169788,1240.688516448698
2025-10-08,6+12,35944.602788048775,1694.8233638065399,11347.679179018225,3162.031417101397,48987.10533087354,9270.033268963327,eval,0.4559920634920635,0.06135753968253969,160.1920619021252,498.1795384014804
2025-10-09,6+12,43047.85507429544,-2705.2853996419312,9291.814548127639,2961.0652438409243,49634.38422278115,8561.069206314307,eval,0.4563306878306878,0.05656775793650794,546.4551603747542,1602.2410765405289
2025-10-10,6+12,13995.175186044537,-431.88151152225663,933.4942560841555,298.64328541797954,14496.787930606435,9300.3852440798,eval,0.45994656084656094,0.14748065476190475,146.94009120125625,420.6892235776277
2025-10-11,6+12,13003.57317507884,-139.3212189324878,577.4739856034291,236.79853198724834,13441.72594174978,6420.293254015231,eval,0.46068095238095247,0.12280039682539684,204.8867087247876,467.9054713235488
2025-10-12,6+12,38144.494054117415,2454.5899130218363,10774.44073314871,2636.5127956741126,51373.52470028796,6752.50629843026,eval,0.461131216931217,0.06516180555555555,285.1271098841456,713.1655024217432
2025-10-13,6+12,39819.75916055233,1061.5877228943978,9959.145743063786,2583.0255973465596,50840.49262651052,6111.484693578988,eval,0.45852380952380956,0.05917490079365079,308.46823193743614,752.1906669926112
2025-10-14,6+12,44280.95986612077,1893.002449638845,14081.248964838083,3753.2900101209757,60255.211280597694,7981.750228059049,eval,0.4581238095238095,0.0689347222222222,307.6370671673117,872.0671127330563
2025-10-15,6+12,48637.57776923641,-1139.9940518552626,11324.100825627487,4581.2620986184365,58821.68454300864,10051.08780712637,eval,0.45811798941798937,0.06890605158730158,1104.082105973549,3579.4451927033906
2025-10-16,6+12,44432.154306487166,1248.7965349840485,9050.866295337019,2677.7753680545466,54731.817136808226,9751.90942732135,eval,0.45952380952380956,0.07472202380952381,170.41270732198535,610.1269043470882
2025-10-17,6+12,11484.16216327942,1202.6561208178964,701.8432236308715,405.61530911877264,13388.661507728188,5585.606926395279,eval,0.45673597883597883,0.12654365079365076,60.17635344705078,115.47502067569128
2025-10-18,6+12,14451.043335823095,512.5763173395535,256.9247146130626,67.48487526213866,15220.54436777571,8689.176055796825,eval,0.45554232804232797,0.13748154761904763,57.901270245389426,131.86167184451318
2025-10-19,6+12,44029.807020941706,2301.4530321841735,10544.52805757819,3705.0906947139024,56875.788110704074,5220.95866382975,eval,0.45466825396825394,0.07284196428571428,674.2947168909099,2029.9956563123912
2025-10-20,6+12,50164.79462460679,84.56581283043886,6384.531820741076,2121.81446037123,56633.892258178304,9253.966258078508,eval,0.4561402116402116,0.0666800595238095,304.18164041069855,1007.3255137437955
2025-10-21,6+12,46959.12552745048,1666.94791864772,7466.342325924141,2196.7149039142732,56092.41577202234,6556.540630892688,eval,0.45551640211640204,0.07285813492063492,246.23521922923373,906.746764568358
2025-10-22,6+12,48449.494655201706,2502.6422800203127,8324.275683851389,2567.7753677512537,59276.41261907341,9903.63946976219,eval,0.45409947089947084,0.0655810515873016,123.01032221484562,454.96844908073933
2025-10-23,6+12,52393.37440350521,-3761.9947669414514,8948.1273836996,3271.8716052033087,57579.50702026335,9848.84718431619,eval,0.4519735449735449,0.05451259920634921,417.1635259607709,1494.9286269271881
2025-10-24,6+12,12604.07338396736,100.7947232429543,1120.716395026148,467.20370810723716,13825.584502236461,6310.6998806436295,eval,0.4522888888888889,0.1347780753968254,322.55328055584835,1130.6315299352625
2025-10-25,6+12,14530.249286722701,155.35974200973473,726.903260267479,634.7556521979991,15412.512288999915,7605.334304772045,eval,0.4535936507936509,0.1342387896825397,380.5526597733873,990.0002134865974
2025-10-26,6+12,51225.27644304859,-1913.2383437942774,8293.910738520304,2502.4503688049813,57605.94883777462,7165.92348966424,eval,0.4575264550264551,0.054311011904761904,1242.213057057141,4115.806329856725
2025-10-27,6+12,45479.30141750608,5075.085021825176,3187.6064165962434,765.3323979343891,53741.9928559275,9065.624099982935,eval,0.4582296296296296,0.05427341269841269,223.41938887781072,564.3902080048769
2025-10-28,6+12,44991.61732105605,4059.182170263529,8173.924010890071,2454.644974105379,57224.72350220965,10286.135384256446,eval,0.4567074074074075,0.06113462301587301,184.15810924551917,725.8424910607479
2025-10-29,6+12,47201.09486865555,1823.3486825222485,5699.38240340788,1711.1333809593903,54723.82595458568,7044.013780271195,eval,0.45729100529100536,0.07460515873015873,439.6116257066894,1539.759535645181
2025-10-30,6+12,44629.832835185094,2231.945810814487,7789.911583202879,2712.655611666994,54651.69022920246,7120.106049952668,eval,0.4577687830687831,0.059820436507936524,224.63322767809623,714.8589463129615
2025-10-31,6+12,15331.032681267987,-68.27116349999454,1033.5336286442375,318.09889818102613,16296.29514641223,9522.136895610449,eval,0.4585677248677248,0.11899275793650793,61.17239603381794,114.01215460740623
2025-11-01,6+12,14233.267690885745,-171.8828456329614,1297.741529486836,711.8160387025721,15359.126374739619,9516.67818111101,eval,0.45790529100529104,0.1355406746031746,67.1364869493622,197.27153191299794
2025-11-02,6+12,48388.34088128814,3730.0800111895824,5153.830366340831,1351.7771632584627,57272.25125881855,7375.564873579687,eval,0.4531619047619047,0.06255307539682538,660.0633543121053,2120.775931610706
2025-11-03,6+12,53130.69384245981,-959.8156194404121,9163.244339447476,2357.1767662944394,61334.12256246687,9287.72862834237,eval,0.4542603174603174,0.06735009920634921,384.97705153483776,1884.4177789402704
2025-11-04,6+12,48300.09597195011,1652.102349293252,2569.4331588957425,921.1324233527965,52521.631480139105,7384.240345706715,eval,0.45506296296296295,0.05603392857142859,449.5640570059457,1184.577693486494
2025-11-05,6+12,54304.049417355214,-782.2224658129256,9751.531135057781,2359.8679151235806,63273.35808660007,7151.3213236487,eval,0.45361693121693125,0.06390059523809523,407.18412844092524,1121.7571823264682
2025-11-06,6+12,53655.78302898544,4295.803270074095,7294.879679456535,2097.9736085144514,65246.46597851607,9883.23970624866,eval,0.45272222222222225,0.07077589285714286,149.27598618228362,437.90948375507395
2025-11-07,6+12,13762.23582041854,503.8563160465145,731.6701991608145,236.6675004746757,14997.76233562587,7990.6957914312125,eval,0.45323703703703705,0.13492529761904762,181.19612195579367,525.9545275126392
2025-11-08,6+12,15147.308229664755,1402.1013314277427,1306.3942739498088,856.3180849786843,17855.80383504231,9715.284052848887,eval,0.4548021164021163,0.13335863095238099,170.0257501863412,365.5292315943514
2025-11-09,6+12,52717.59427343418,-107.87736805136342,6979.000393795251,2340.3270594264427,59588.71729917807,9289.642836655477,eval,0.45530687830687827,0.06452291666666667,266.9605213026448,963.7405757956536
2025-11-10,6+12,54442.63286951611,2965.8039294712394,6892.662225091024,2108.412063911642,64301.099024078365,8492.04353036269,eval,0.4539740740740741,0.07209702380952382,638.6180145830924,1990.4171035338768
2025-11-11,6+12,52676.644117954915,381.0707642509577,3010.1389276070577,1055.9761483546934,56067.85380981293,7318.507554409726,eval,0.45438835978835973,0.061847321428571425,274.26791864680297,902.9518997974064
2025-11-12,6+12,53391.279507466956,5625.433038130133,3672.1493950939143,701.4700973877696,62688.861940691,5126.756557004199,eval,0.456368783068783,0.059277876984126995,280.9668385454278,789.8417661255155
2025-11-13,6+12,53454.678860916174,1317.6431187725218,11355.712572164344,3345.9282955418184,66128.03455185304,9085.774326326029,eval,0.4577253968253968,0.06280228174603177,417.18369141426604,1382.5222613393948
2025-11-14,6+12,13718.905070271889,1246.6064100890885,3154.2425949023855,1403.905901729417,18119.754075263365,8210.577011421849,eval,0.4585322751322752,0.12905803571428573,94.00477613309549,182.25685715028527
2025-11-15,6+12,16241.139318898931,-232.90779714292822,913.4075650387333,291.0286181614501,16921.639086794738,8609.283271816119,eval,0.45841428571428566,0.13143134920634922,608.481620958978,1048.4943806912374
2025-11-16,6+12,53366.12035779223,3574.28867334725,3395.052543529719,1130.5814413271037,60335.46157466919,7052.71577490528,eval,0.4615349206349207,0.0635267857142857,345.329511588496,961.6899688241396
2025-11-17,6+12,50844.69352575141,4864.640748335974,5670.7046365309,1847.98588684251,61380.038910618285,7885.945666582805,eval,0.4606952380952381,0.05684841269841269,185.70052425342038,476.177766545158
2025-11-18,6+12,54828.95492314109,2040.4005465726823,9805.0164045423,3135.938790018423,66674.37187425607,9291.067213458913,eval,0.46103280423280424,0.06468005952380954,81.1326354103683,223.2930370473754
2025-11-19,6+12,54163.012231177265,6219.637930602687,2962.324569877507,600.2625498306784,63344.97473165746,7897.703477584726,eval,0.46063968253968257,0.06670198412698414,553.5289434624788,1854.4495978659634
2025-11-20,6+12,53461.74174042306,4022.968030751357,6540.382352409832,1482.4891621630238,64025.09212358425,9266.982319434945,eval,0.46346666666666664,0.05850625000000001,356.56930318473013,1178.9645756555262
2025-11-21,6+12,14884.219987140612,30.852467238132427,608.210082300408,179.28902073869,15523.282536679151,8662.847930736134,eval,0.46209841269841256,0.13399265873015873,139.1768987342792,333.85943258985674
2025-11-22,6+12,15975.769278677817,852.845262790192,872.966085049012,374.49823912988114,17701.58062651702,8469.87762335711,eval,0.46219735449735455,0.1311862103174603,338.6638312989647,525.6074596167593
2025-11-23,6+12,54743.858122211575,3953.134212352137,7025.162834850563,2280.1654917597166,65722.15516941428,7310.428169950952,eval,0.45973544973544966,0.06318144841269842,81.43516125180638,378.06255614483115
2025-11-24,6+12,53214.855264733254,3848.433809342822,8768.341442492361,2010.7806019956947,65831.63051656843,6148.585524636416,eval,0.4625015873015874,0.054399503968253965,583.5445487348675,1739.3548657363867
2025-11-25,6+12,64012.462143003155,-584.7329245980056,4291.608099430827,1149.0197486753589,67719.33731783598,8013.460767774461,eval,0.4619539682539682,0.056656845238095235,357.7485098692262,1333.5064424203097
2025-11-26,6+12,57830.46825789301,4419.81325151145,4990.312224394875,1190.5289214656827,67240.59373379932,8495.909872640015,eval,0.4626455026455026,0.06532896825396824,124.75578041764042,485.79521097869036
2025-11-27,6+12,57311.02435981264,4949.99698626976,3556.270962173863,823.0129493190115,65817.29230825626,9463.375600043993,eval,0.45713968253968246,0.062066666666666666,766.3035881634694,2558.826325949064
2025-11-28,6+12,14391.861370801862,376.8922754133475,1262.344031899585,388.392601253693,16031.097678114795,7237.983954195037,eval,0.4560730158730159,0.13732946428571427,464.3933536491142,873.0786615253212
2025-11-29,6+12,19667.6897238857,740.9284073480037,2185.880647419986,749.6281697026585,22594.498778653688,7727.12057873695,eval,0.4545058201058201,0.12166140873015872,251.16220558781401,534.3171736907209
2025-11-30,6+12,60357.59745783057,7329.520341335143,4824.361423169058,952.4921193180119,72511.47922233478,9833.30404371571,eval,0.45394126984126987,0.06886468253968255,612.5453451851993,2056.8880210742504
2025-12-01,6+12,64345.38358953331,1080.9584910729068,24778.83945811096,4383.406252397866,90205.18153871718,5027.719498892756,eval,0.4505227513227513,0.1323813492063492,517.3489881638668,2388.118956482277
2025-12-02,6+12,73108.69430679404,707.6009688895558,17962.314500879194,3983.259270380377,91778.6097765628,6654.652796221877,eval,0.4569164021164021,0.12814613095238092,315.26815081993874,1128.8312175687338
2025-12-03,6+12,63930.3211132797,10460.620410936857,5609.006348854657,1216.7821115401855,79999.94787307121,8847.567084512195,eval,0.46221216931216935,0.11173720238095235,48.322222863277794,227.9127049405553
2025-12-04,6+12,73061.42567633935,-429.9557304099767,15425.78277369017,3313.4583621702773,88057.25271961954,9703.141190711694,eval,0.4702380952380953,0.0942796626984127,312.3704927380069,1007.1585174003628
2025-12-05,6+12,19036.055678181452,1986.1332003639218,7590.775807722429,2846.2082930808856,28612.964686267802,9219.70304427002,eval,0.47731164021164024,0.10771666666666667,159.5966977489232,356.69040555997424
2025-12-06,6+12,21844.723980513518,2995.984147078,2215.248891329757,892.169909912325,27055.957018921275,9493.303552806225,eval,0.4833714285714286,0.10884325396825396,376.16580176228746,942.4301741141693
2025-12-07,6+12,75675.48560503538,-2242.374915826655,7782.236494765952,2098.190231556487,81215.34718397468,9849.671482524685,eval,0.4903153439153439,0.06802946428571427,433.55343454360974,1305.7876776014673
2025-12-08,6+12,75802.44151124055,-197.20057305918465,0.0,0.0,75605.24093818136,10800.0,eval,0.496173544973545,0.05379761904761906,111.80577633230546,343.4243924685298
2025-12-09,6+12,71032.57554835887,63.32351039579228,1074.7005644762921,191.7164891308532,72170.59962323097,9098.285366270742,eval,0.496521164021164,0.05510982142857143,112.9517478236721,611.5541312253441
2025-12-10,6+12,70745.37191161924,6014.153959862813,5426.431520938481,937.3827549614296,82185.95739242053,9899.047449978403,eval,0.4952375661375661,0.06404900793650793,399.86084255518256,1780.3023114244284
2025-12-11,6+12,72055.25020511504,-1755.8410931438664,4516.887976861766,1158.1153460567118,74816.29708883293,10025.782003435921,eval,0.4942121693121693,0.04928015873015874,528.4640256630626,1654.9111542736596
2025-12-12,6+12,21708.538424932343,2014.021254869564,864.6874611890579,239.5618572954997,24587.247140990963,8071.1795274660935,eval,0.49145978835978843,0.13132857142857143,215.70901242369797,589.7697331541269
2025-12-13,6+12,24116.110186605896,2344.6738235337425,876.0200322245319,411.2061998574742,27336.804042364172,8469.351254076533,eval,0.4895846560846561,0.12623511904761905,239.40072355795778,506.8571186975508
2025-12-14,6+12,67952.95677505393,7718.407100881485,4274.2788868624175,878.4651127636228,79945.64276279783,10003.415874334294,eval,0.4907513227513227,0.06661597222222222,605.5145248098285,2170.3971746246493
2025-12-15,6+12,66976.3935502053,7558.6054605764775,8340.43984782039,2268.0890915632294,82875.43885860218,10419.380420152122,eval,0.4903571428571428,0.061336805555555554,64.19090013580194,241.8979842970501
2025-12-16,6+12,74719.72534611571,-1552.9148210796886,2265.536862884446,489.5890837833713,75432.34738792047,10005.659575135282,eval,0.48649470899470904,0.05366517857142857,183.56359735902407,711.9631422616533
2025-12-17,6+12,73590.09668948206,-1689.41475795303,7553.311851986293,1927.8234938218084,79453.99378351533,9959.183578972936,eval,0.4864359788359788,0.052521428571428566,242.76146259664583,708.4382371681995
2025-12-18,6+12,71744.98289310254,2151.389694109882,2687.161458508471,638.2782100986135,76583.5340457209,10246.412340025037,eval,0.48681428571428575,0.05642847222222221,164.81178420495326,472.5289426365465
2025-12-19,6+12,21241.424517326384,1067.6166626615882,5490.507066902325,2269.4628458335465,27799.5482468903,9510.818298834718,eval,0.48897142857142856,0.1354359126984127,58.50291899137428,118.42513326872981
2025-12-20,6+12,25245.634082500146,-1551.250795642651,1707.2371161788046,735.9724459242226,25401.620403036297,7807.408414689305,eval,0.4908185185185184,0.14118660714285713,253.13638029244385,639.1654450802969
2025-12-21,6+12,74883.14748531496,1287.140477889986,11782.459692250311,2436.9571513552455,87952.74765545526,9390.930589397767,eval,0.4902714285714285,0.05431170634920634,412.23842708292943,1071.8016017472285
2025-12-22,6+12,69520.95277847574,2384.6310967639365,11342.324747919569,2716.6316896011413,83247.90862315925,9251.681408485569,eval,0.48987248677248674,0.06379097222222223,126.06362083784306,603.4888882578018
2025-12-23,6+12,72681.94721551087,-1226.0743649049225,9818.626829049095,2462.569537479493,81274.49967965504,9764.675418431387,eval,0.4938910052910052,0.05630486111111109,259.0573798197666,1102.4173733304767
2025-12-24,6+12,71074.36779500941,423.62070142439904,8174.891760563713,2376.0060805359603,79672.88025699752,10243.458269337116,eval,0.4959301587301587,0.05388878968253969,64.76893439965332,274.2567328689353
2025-12-25,6+12,66520.72647740747,2900.3120538121125,9613.392624396398,2325.1533997175184,79034.43115561598,8176.181682892022,eval,0.4942253968253968,0.05970595238095236,128.23577142114627,672.3276811959313
2025-12-26,6+12,22751.88130339022,3266.166980616426,2936.8942672397443,1193.3946468008178,28954.942551246386,10532.411877921086,eval,0.4937931216931216,0.13421190476190475,130.91132650252743,407.57242991733966
2025-12-27,6+12,20748.811494315167,718.224957185683,5237.453701377872,2334.5784092200083,26704.490152878723,9766.845589077291,eval,0.4959148148148149,0.1369892857142857,530.087272048476,1205.6221530400326
2025-12-28,6+12,66667.74915198646,3824.724208204865,2513.526688002954,627.1916733917334,73006.00004819427,8532.894251097636,eval,0.4923862433862433,0.05129265873015873,587.3624096390165,2405.2665498728766
2025-12-29,6+12,66804.83635302723,8395.43598267342,7659.82300516268,1439.0853891308227,82860.09534086332,10635.65506919552,eval,0.493610052910053,0.051714186507936515,362.4810544906719,1999.5546708159752
2025-12-30,6+12,66449.05823673932,3091.2840883430204,2610.2445921143026,660.271892878769,72150.58691719665,8662.697829668577,eval,0.49164021164021166,0.0504875,305.4049472396128,1159.68876303428
2025-12-31,6+12,72657.1620246036,1287.5682386432356,2870.492383016983,675.4264032102645,76815.22264626382,9585.510225087262,eval,0.4900629629629629,0.06042886904761905,358.2207881275875,1656.0412206138626
2025-01-01,6+18,0.0,0.0,432888.7998430083,92035.17001666666,432888.7998430083,6000.0,init,0.0,0.0,0.0,0.0
2025-01-02,6+18,78170.43012215814,-1368.1273677556824,15835.667383460164,3281.9005630061765,92637.97013786262,10654.339575,init,0.5328444444444443,0.038234027777777777,0.0,0.0
2025-01-03,6+18,56581.11496452577,405.67150280753015,0.0,0.0,56986.786467333295,10800.0,init,0.5308481481481482,0.18821631944444445,0.0,0.0
2025-01-04,6+18,22661.323636313762,572.9929908291712,5409.233425343802,2132.139830041148,28643.550052486735,10556.64123,init,0.4977197530864197,0.13456041666666665,0.0,0.0
2025-01-05,6+18,29536.489350514756,2244.540695525738,219903.25222677528,43951.70115390945,251684.28227281576,9185.410364999998,init,0.47875925925925933,0.09554913194444446,0.0,0.0
2025-01-06,6+18,74298.61283238907,-204.8240175967618,14609.322200450017,2839.490400000007,88703.11101524232,10718.956319999998,init,0.4920933333333334,0.08167111111111112,0.0,0.0
2025-01-07,6+18,70906.5168276184,6204.597519366959,13468.106353322015,2577.0419360493993,90579.22070030737,10710.055154999998,init,0.4989623456790123,0.06666828703703703,0.0,0.0
2025-01-08,6+18,77447.28852588077,-3355.0401324545446,18712.589372258317,3711.4353999999985,92804.83776568454,10757.449425000003,init,0.500173015873016,0.04950793650793652,0.0,0.0
2025-01-09,6+18,70476.65945150494,1356.2343400551863,20607.54810831529,4041.078240000086,92440.44189987541,10747.30257,init,0.4981608465608466,0.05736785714285713,0.0,0.0
2025-01-10,6+18,58718.21292861934,-2653.0403312942335,32.76255949999971,7.4928666666666,56097.9351568251,10800.0,init,0.4987703703703703,0.13991765873015874,0.0,0.0
2025-01-11,6+18,22238.07230175298,1054.2266315891702,9133.992462814851,3534.4738253086657,32426.291396157,10399.662464999998,init,0.4961656084656085,0.1352948412698413,0.0,0.0
2025-01-12,6+18,31141.352784053597,4113.290623864597,204431.23192698683,39867.66863909464,239685.87533490502,9087.386535,init,0.4964333333333332,0.06021696428571429,0.0,0.0
2025-01-13,6+18,73693.39580417331,-171.37376053250486,11674.589968949993,2274.079983333332,85196.6120125908,10597.352669999998,init,0.49465661375661374,0.05179861111111111,0.0,0.0
2025-01-14,6+18,71179.69803181337,182.74677960611098,16498.15022296666,3172.5062333333303,87860.59503438615,10640.392049999999,init,0.4953925925925925,0.054164980158730155,0.0,0.0
2025-01-15,6+18,68555.97584692828,6667.780739250683,12858.762489608416,2395.4504166666966,88082.51907578738,10753.904564999999,init,0.4971100529100528,0.05923402777777777,0.0,0.0
2025-01-16,6+18,70524.47407278704,1541.6660219296537,11275.055410876786,2062.2436999156434,83341.19550559347,10603.443857407407,init,0.497957671957672,0.05244037698412697,6.738667635593292e-13,2.2021178910778683e-12
2025-01-17,6+18,24273.232394435567,-990.4248808798111,1233.1257112264686,461.12280487565397,24515.933224782224,10675.469989022959,init,0.4971534391534391,0.14103988095238093,7.73070496506989e-13,2.3578195396112273e-12
2025-01-18,6+18,25807.269217147274,-1081.8543821299793,624.1790815893545,164.8054078255772,25349.59391660665,10675.3369175059,init,0.499037037037037,0.14380089285714287,-2.7512214728631083e-13,-1.294222329306649e-13
2025-01-19,6+18,69268.8474131531,-70.75269731833558,13364.256596735275,2626.4106089850875,82562.35131257003,10239.525823725271,init,0.5005740740740742,0.05702936507936508,-2.842170943040401e-15,-2.847428959285025e-14
2025-01-20,6+18,71156.14330699804,224.58244289651648,11188.07453783747,2428.98058898435,82568.80028773203,10542.534879398521,init,0.501367724867725,0.05355873015873015,7.561505194300257,34.75446885314207
2025-01-21,6+18,69934.66316507972,-2051.915157233821,1920.520223496475,521.1551266134846,69803.26823134239,10634.18264703298,init,0.5010121693121693,0.044362301587301596,8.557465630856528,42.173916762131974
2025-01-22,6+18,71767.3476428742,227.72960885215105,1124.8794090316208,252.20231070240425,73119.95666075798,9674.284074264766,init,0.5011037037037036,0.0640277777777778,178.21338438140964,714.5964113123875
2025-01-23,6+18,71489.74791687277,3227.0206257229984,11443.747711469416,2661.570720947687,86160.5162540652,9762.460667143912,init,0.5011021164021164,0.06664623015873015,2.424620835751398,5.45132317475067
2025-01-24,6+18,20162.468344067227,286.13899120014923,5781.696438670058,2713.1242972165687,26230.303773937434,10188.744919071592,init,0.501778835978836,0.14937162698412695,18.63135170767797,55.88979817217917
2025-01-25,6+18,19887.896429466215,2027.8235788549785,1.0248868420603685e-13,5.684341886080802e-14,21915.720008321194,10350.17093640347,init,0.5026534391534392,0.15257132936507936,59.31427668125897,156.8988100860325
2025-01-26,6+18,76309.9233993653,-2532.5921413992214,2062.8858395715647,540.3756080706424,75840.21709753765,9988.097487024195,init,0.49998359788359786,0.06394434523809525,57.20556801402222,221.39772751057535
2025-01-27,6+18,66437.76585627106,2706.569091834005,212.9027038615834,66.23693239949355,69357.23765196666,10324.404402176398,init,0.49859841269841276,0.046439880952380955,75.01710845173474,291.9579335998012
2025-01-28,6+18,70092.51676257972,-148.9154938741455,2688.2259463475084,690.3858069280428,72631.82721505308,10307.187075358324,init,0.49627883597883604,0.058983531746031756,155.88208598102605,836.6917301855594
2025-01-29,6+18,62991.71184378425,2918.3690800745276,51.11199171442915,7.482108229846176,65961.1929155732,10575.91062379987,init,0.49819894179894175,0.0435561507936508,95.61807513952846,394.12578942825905
2025-01-30,6+18,63704.33000103744,4286.950466018645,2147.566019591952,557.0222462755465,70138.84648664804,10315.93086783008,init,0.49724074074074076,0.055001884920634916,188.8786083352071,722.2797578860353
2025-01-31,6+18,18882.973771472796,1510.875632112282,892.1493699363593,407.0796412124045,21285.998773521438,10637.30136721366,init,0.49715238095238096,0.1351202380952381,103.94614569683968,245.30584305353392
2025-02-01,6+18,19476.287086103963,-915.4270242403788,976.666538042505,472.6318147141692,19537.526599906087,10657.770723038038,calibration,0.49730952380952387,0.1951779761904762,77.63543020659566,184.18441660612243
2025-02-02,6+18,63605.62407140467,-931.8867665810515,1844.371389802809,538.217110821179,64518.108694626426,10708.562985131814,calibration,0.49425608465608467,0.057532539682539685,79.13135443682279,223.1823620769219
2025-02-03,6+18,66211.34087990469,-1462.3796794803789,4577.188683556672,1029.6020222216425,69326.14988398098,10685.094533593605,calibration,0.49102910052910054,0.05969831349206348,209.03437588095275,987.7506884219838
2025-02-04,6+18,70158.43104315619,-2135.5854954355023,932.5522501879763,255.39239340167842,68955.39779790866,10783.5252420174,calibration,0.48829100529100533,0.05257599206349204,89.55032453332879,331.3193745463859
2025-02-05,6+18,61092.49926436139,921.9278977593875,5381.813807737219,1063.2661745606624,67396.24096985799,9548.259456821213,calibration,0.48388835978835976,0.052722519841269834,117.31410859758842,515.0824276988118
2025-02-06,6+18,66352.21988443751,-1182.51828885834,4902.815537820375,1100.91138096762,70072.51713339955,9768.742536204973,calibration,0.48334126984126985,0.05190386904761904,140.1870500996443,588.513839245403
2025-02-07,6+18,18357.69746899572,-238.83919503080384,1.0331291377951856e-13,5.684341886080802e-14,18118.858273964917,9637.005632178207,calibration,0.4790539682539683,0.1538861111111111,97.29324631564143,199.53395656664708
2025-02-08,6+18,14790.080947803523,718.0865596689125,4282.159000588626,1412.0802554956135,19790.32650806106,9876.398503348268,calibration,0.47338730158730163,0.1459512896825397,53.14740942429928,116.99828772840787
2025-02-09,6+18,61666.042876075735,-399.7517976444268,4621.590273855857,1119.7234284530605,65887.88135228716,9405.426480970902,calibration,0.47297566137566144,0.058759722222222206,285.70195521619576,1055.6636372747437
2025-02-10,6+18,55314.23989340312,-1207.2993556378176,8344.22969629342,2199.9407944363375,62451.17023405872,9462.47333425581,calibration,0.4722402116402117,0.03834414682539684,307.1596916506972,1163.8670419840032
2025-02-11,6+18,57598.84089802095,-1610.8952447262377,11090.415446384977,2335.5081809298154,67078.36109967969,8217.270110964584,calibration,0.4720507936507936,0.04770833333333334,110.40778477582174,439.47380436594904
2025-02-12,6+18,59073.64798744256,-1665.565277144353,7875.1329773444195,1886.9029292748098,65283.215687642616,8828.967849671306,calibration,0.4733280423280424,0.04982857142857143,150.53079888562095,586.3322197011632
2025-02-13,6+18,54070.40207802673,-801.1557919297018,4658.978316420831,1286.886261150972,57928.22460251786,9755.89345304088,calibration,0.4705460317460317,0.04360505952380952,265.75603849368116,933.5273474869376
2025-02-14,6+18,14805.935259047608,378.3058454626302,1065.0375111181818,509.3668687422692,16249.27861562842,9826.895322851547,calibration,0.47089947089947093,0.14283492063492062,127.69827255518108,287.40884896488376
2025-02-15,6+18,15574.226582014453,120.98257065175866,2959.5688766481435,1282.1214510258303,18654.778029314355,9716.315496907548,calibration,0.4718179894179894,0.13493888888888889,279.3693704930764,531.6098895333532
2025-02-16,6+18,59730.20420064251,-2462.6872319922395,8562.47047129968,2230.597165887223,65829.98743994995,9785.86451340098,calibration,0.4736047619047618,0.06151706349206349,323.3441699050493,1183.4893264498778
2025-02-17,6+18,58141.2516981728,-2526.4865580484666,730.8948708346597,228.68584244179985,56345.660010958985,9595.602504858778,calibration,0.47256455026455013,0.051036805555555564,200.19197565110193,734.6219243635136
2025-02-18,6+18,51026.07310184452,2481.68940483288,3940.218804205628,1241.3189080494851,57447.981310883035,10237.471536416217,calibration,0.47414814814814815,0.05028849206349206,59.07383484670297,157.41505491249399
2025-02-19,6+18,50799.72200605355,37.654905886278996,10136.649306132467,2266.813445169094,60974.02621807229,9608.090026573313,calibration,0.4713571428571428,0.05365218253968255,223.08864309315112,740.4002021715751
2025-02-20,6+18,54812.52293506915,-1424.8961520469088,7584.9627487442485,2037.732175319508,60972.58953176649,10009.55237974785,calibration,0.47265978835978834,0.055220932539682556,154.16138491099795,583.1502358144508
2025-02-21,6+18,14770.752619728035,292.32163760555056,323.2655596398015,101.73293776211312,15386.339816973386,10025.300071302332,calibration,0.473063492063492,0.14571785714285715,40.90278207064193,85.47796381653575
2025-02-22,6+18,15270.404923983417,200.720997878345,692.3664279681047,195.1588331714566,16163.492349829867,10343.629189550484,calibration,0.47281587301587313,0.12959176587301588,84.40914813028964,201.3047460771644
2025-02-23,6+18,52734.11386191637,966.0082640498922,7043.516692896859,1561.551300032253,60743.638818863124,9389.958474744202,calibration,0.4718915343915344,0.053621428571428584,258.36859228637786,1083.367569042318
2025-02-24,6+18,51122.16959897011,1041.2600928352595,3514.694848235156,1203.9318812499346,55678.12454004053,9789.521728039294,calibration,0.47184973544973535,0.04930882936507937,337.3763420391313,1134.0170507392081
2025-02-25,6+18,51543.738923593235,-470.5114151953422,2819.430367957353,850.6864503145056,53892.65787635524,9475.612575333374,calibration,0.470436507936508,0.041781547619047614,130.2046710956419,390.2910120372304
2025-02-26,6+18,47194.36045856755,2342.2208019759987,9636.799271171683,2514.7267901068426,59173.38053171523,10697.815345543575,calibration,0.47081111111111107,0.05066349206349207,57.32083049406617,165.04902461111436
2025-02-27,6+18,45624.46538944502,1485.100433762605,7993.660092350168,2373.6207088639558,55103.22591555779,9913.068390194072,calibration,0.471189417989418,0.04860396825396824,388.9016633419568,988.9487749217855
2025-02-28,6+18,14174.956427155197,392.9401373270389,111.31722618333343,39.414400000000036,14679.21379066557,10345.219629167683,calibration,0.47052751322751324,0.13722271825396823,35.640984556324995,69.19403592311288
2025-03-01,6+18,15558.11855003706,-131.50528332596753,470.98806876925664,237.25621928090004,15897.601335480349,10041.938034577346,calibration,0.4690243386243387,0.13950486111111113,96.82062696153125,133.3003798806307
2025-03-02,6+18,55008.22667522282,2238.9837128879617,0.0,0.0,57247.210388110776,10269.621167597714,calibration,0.4657164021164021,0.06790456349206347,190.13004790931006,720.3175989503113
2025-03-03,6+18,56489.90066847294,-2417.8175051143826,5289.169176524966,1588.0577093067554,59361.25233988352,9890.72759651286,calibration,0.4645825396825396,0.06589791666666667,95.55516800576815,301.32494190861706
2025-03-04,6+18,49563.4264738278,1360.4250807836838,3464.112307854955,1106.262430650397,54387.963862466444,9460.158881460335,calibration,0.46330582010582017,0.05184285714285715,149.32360345837975,501.2056679129863
2025-03-05,6+18,48942.992997539775,-886.4552981941802,5218.423504772281,1271.137488873677,53274.96120411788,9674.964066754295,calibration,0.46334708994708995,0.04629742063492062,163.17005895108815,567.5070558653129
2025-03-06,6+18,44823.689633788716,1561.3023635166219,7736.94921866583,2430.3267227862325,54121.94121597117,10011.688135795477,calibration,0.458679365079365,0.04774156746031746,467.45726878354634,1686.4630790810813
2025-03-07,6+18,13890.640497799373,-309.03137101130767,627.5023499301928,247.96638079944938,14209.111476718259,10501.060616487768,calibration,0.45631587301587295,0.1406079365079365,111.28478509767751,222.95966223677496
2025-03-08,6+18,12919.129067262771,349.2605878987691,1507.0660640659446,474.77076306548145,14775.455719227484,10627.496198539466,calibration,0.4559460317460317,0.15116150793650796,34.31791216433642,89.39525749902502
2025-03-09,6+18,44703.71802645627,-1735.1833999017144,18485.501188033802,4725.247998362996,61454.03581458835,10190.232555508244,calibration,0.45648359788359794,0.04534335317460317,255.49014126389457,712.8701087487949
2025-03-10,6+18,45885.07764002877,1380.6508900294211,12214.68884416168,3144.08770237168,59480.41737421988,10127.530704546196,calibration,0.45693015873015874,0.06240009920634922,41.8848229809648,108.80982107441972
2025-03-11,6+18,39321.06897075168,8138.855043108728,8791.785049763046,2049.7407467618705,56251.70906362345,10048.025425344067,calibration,0.4566465608465608,0.05405089285714286,122.71935327760623,338.933104368561
2025-03-12,6+18,46484.9729495509,-2720.5749233022225,12387.724515514528,3559.6525406602786,56152.12254176321,10428.602411282875,calibration,0.45587671957671955,0.048841567460317474,370.95427339408604,1102.0591507780841
2025-03-13,6+18,46775.225992143736,929.6574112368061,4446.857535804747,1317.091307077234,52151.740939185285,9857.584428846632,calibration,0.4563804232804233,0.0678621031746032,165.54775206936864,417.1889212678473
2025-03-14,6+18,12705.198393941115,-105.10807176221613,693.9632251390791,326.5611802266071,13294.053547317979,10272.686463716134,calibration,0.45648571428571433,0.14629573412698413,100.27399390155324,179.6094238010593
2025-03-15,6+18,12957.53713953625,284.5074862811232,456.9335057104988,134.0370026688474,13698.978131527872,10031.553597849028,calibration,0.4549883597883598,0.13138422619047618,187.77789592818309,342.3166043784021
2025-03-16,6+18,43507.43041220378,3629.1441585546986,5559.079235825006,1589.659851352239,52695.65380658348,10059.70007868905,calibration,0.45557248677248685,0.0531282738095238,409.9021621249145,1232.9790291294137
2025-03-17,6+18,40138.45358475328,-1380.0431752192503,8927.358301699587,2821.642340167605,47685.76871123361,10155.499212594357,calibration,0.45470052910052905,0.03631359126984128,166.43087171989654,421.67399412466455
2025-03-18,6+18,48479.25310908896,-1475.6482455924279,1367.1008676992742,542.6162903921802,48370.705731195805,10095.13745542193,calibration,0.45277989417989417,0.048267757936507935,237.0375079790344,588.8026377095209
2025-03-19,6+18,37259.88379423879,5311.881800494297,9534.491537983431,3214.1190317461446,52106.25713271652,10225.387898025554,calibration,0.4518751322751323,0.04881170634920636,208.83838386577636,537.9470875612053
2025-03-20,6+18,43625.238957355614,-1176.794643251647,14462.723585373984,3903.49408505218,56911.16789947795,9902.618678141353,calibration,0.4522597883597884,0.056766964285714275,285.4125120126027,788.6141740413667
2025-03-21,6+18,12055.710352477066,245.37907163714493,2007.4869615132534,645.8496875478546,14308.576385627464,10174.429917137408,calibration,0.4530079365079365,0.1536701388888889,19.40842752548366,35.69306368033506
2025-03-22,6+18,13164.92038138197,-199.06630001317308,1085.0547737194615,753.8694247432766,14050.908855088257,10565.60497172475,calibration,0.45365873015873015,0.13372331349206348,40.90094612399464,78.10399904054302
2025-03-23,6+18,42869.67677663451,-580.1492541716996,1224.4396095275374,433.7860051677237,43513.96713199034,10239.427328400932,calibration,0.452205291005291,0.05060575396825398,53.71925510522632,156.39110900662095
2025-03-24,6+18,40164.976834755056,965.6532904915165,5426.512887487537,2271.024890980453,46557.14301273411,10090.306389132124,calibration,0.45250634920634913,0.05461378968253968,141.6240509723009,328.69259028484305
2025-03-25,6+18,46202.351637778454,-2812.5412579929703,6183.8600636323845,1978.772954733127,49573.67044341787,9891.590666803686,calibration,0.45285026455026456,0.0572953373015873,350.388146145454,1217.9116368228858
2025-03-26,6+18,39299.080500719116,2842.48370546544,2738.397357369345,1005.7090300035809,44879.9615635539,10737.389678215295,calibration,0.45108095238095236,0.047057440476190475,158.38067094114675,351.0822012543163
2025-03-27,6+18,41508.69749575679,-303.0576683973748,2433.0168650061123,891.496677554881,43638.65669236552,10192.203745082083,calibration,0.4509153439153438,0.05638541666666666,112.32248998989012,283.3701059369622
2025-03-28,6+18,12654.331382489529,-96.54819456804768,0.0,0.0,12557.783187921481,10315.614479212418,calibration,0.449647619047619,0.13822063492063494,93.89075154531515,183.12793810446146
2025-03-29,6+18,11839.614406057159,0.9480349305361386,618.6980252047981,192.06528611585537,12459.260466192492,9626.895284395438,calibration,0.450710582010582,0.15139275793650792,60.9367888061096,123.0172343767002
2025-03-30,6+18,39788.545926093175,-1506.5702976379168,5261.429712466533,2161.7708357984084,43543.40534092179,10341.914381749335,calibration,0.4536047619047619,0.049554464285714285,320.85605881943076,826.2864209656394
2025-03-31,6+18,34813.42121331307,8848.078074021985,1138.5877177159537,410.4274278549274,44800.08700505101,10554.406860355533,calibration,0.45265873015873015,0.05669087301587302,276.218777207535,796.084161645652
2025-04-01,6+18,44264.160219784666,-288.4911682236855,133.5862495093966,34.722724075174625,44109.25530107038,10621.439208246187,eval,0.4515280423280424,0.0719405753968254,383.6935673921968,1185.4773626143626
2025-04-02,6+18,42082.57330145527,851.1416773097754,1029.7954088006436,371.32738204211773,43963.510387565686,10563.592750220796,eval,0.45426084656084664,0.06762728174603175,135.16763383811048,346.4651859513687
2025-04-03,6+18,42896.847650044074,-1212.2612664099952,1.1331735549902078e-13,5.684341886080802e-14,41684.58638363408,10616.296987124832,eval,0.4561820105820106,0.06061577380952383,608.9953931823687,1474.7983866502377
2025-04-04,6+18,10985.239762895306,82.94207903479591,737.9295194824207,221.64212893562507,11806.111361412522,10119.201369121443,eval,0.45736878306878304,0.14913710317460319,37.4433261163731,77.69462798088696
2025-04-05,6+18,11698.394179442997,-18.078884603927854,694.4648770021257,335.0086837358993,12374.780171841194,10038.454944015102,eval,0.4554814814814816,0.1311729166666667,103.55581721337049,198.97930303710274
2025-04-06,6+18,40129.05298706224,-1309.8377167917624,1625.125813861883,594.804717506765,40444.34108413236,10165.501056043564,eval,0.45346243386243396,0.04986498015873016,174.90702312537937,502.0111904551459
2025-04-07,6+18,34552.259480521294,4121.035571372705,1597.319525240968,680.783997976801,40270.61457713497,10735.327386024645,eval,0.4558476190476191,0.05191001984126983,99.94643854885601,222.30436056323833
2025-04-08,6+18,39504.84174400113,-641.3195658015874,1.1817746781161987e-13,5.684341886080802e-14,38863.52217819954,10187.30922155084,eval,0.45664920634920636,0.050626984126984124,731.0555981403334,2110.849985129734
2025-04-09,6+18,38871.41203086791,1892.5796110037145,6916.6294221999,2421.66563222337,47680.62106407152,10632.831891067799,eval,0.4555074074074074,0.06723720238095238,247.0990172774249,688.5704009227316
2025-04-10,6+18,38740.49468253284,578.8801864234312,251.14369021997135,119.15492483270816,39570.51855917624,10402.224813383737,eval,0.45338412698412706,0.05992212301587301,585.9600114840434,1585.342300375665
2025-04-11,6+18,10741.238243448282,679.444253316196,891.2115342512568,271.6090334003881,12311.894031015736,10111.764652241573,eval,0.4523375661375661,0.15134126984126983,50.62080502922641,96.03040178521236
2025-04-12,6+18,11682.531826064802,-171.68750236417497,446.9696276631465,291.7023831258596,11957.813951363773,10455.249267089333,eval,0.45481058201058205,0.13979117063492064,34.31197517706692,63.0169318927823
2025-04-13,6+18,35164.93093069403,-3.1415424658162223,4793.185047029792,2155.173710422509,39954.974435258,10161.56068446302,eval,0.45294973544973555,0.059799702380952384,222.77477458695358,500.7700870446277
2025-04-14,6+18,38179.09840879497,-2060.4319966560092,5285.081202703819,1866.9714189029896,41403.74761484278,10207.266094609431,eval,0.45337301587301587,0.05116130952380953,433.8582555848995,1161.721731177324
2025-04-15,6+18,33243.552387823634,2218.3294302229256,619.5476413058769,159.65278923441304,36081.42945935244,10800.0,eval,0.4556465608465607,0.04900436507936509,259.3761112368726,530.8110540032984
2025-04-16,6+18,37039.16212073421,1147.7963798189685,4336.9002082091965,1603.807246700341,42523.858708762375,10149.309279938187,eval,0.4550328042328041,0.06689652777777777,189.95154835689652,546.2870650878183
2025-04-17,6+18,34181.81483039279,3602.802765175937,4899.009684919694,1254.4450994240906,42683.62728048842,10264.705830551342,eval,0.4568486772486773,0.05517619047619049,493.0763265268224,1052.1308479041804
2025-04-18,6+18,10445.489339603042,703.5338399953364,360.1058768304878,146.26984304381807,11509.129056428867,10800.0,eval,0.45714232804232807,0.13584444444444443,65.11754098352313,122.69717181849849
2025-04-19,6+18,10431.118888302422,-4.9077262746454835,202.77904550633994,107.48955499938506,10628.990207534118,10050.377376331524,eval,0.4573312169312169,0.13859573412698412,89.85497072506519,184.44791295027218
2025-04-20,6+18,34366.388979902855,2769.43662592452,3943.3088671707683,826.8646039464372,41079.13447299814,10328.698741614204,eval,0.4606984126984128,0.053529960317460316,39.857264096752,103.39995723956864
2025-04-21,6+18,35080.122298738235,-1597.1270237158199,4070.360481293946,1729.5676027257462,37553.35575631636,9863.037884431697,eval,0.45873597883597883,0.04580932539682539,36.239304751997004,72.94998753483473
2025-04-22,6+18,32820.81897877808,4131.074200473337,1385.1537880055346,524.4824666136662,38337.04696725695,10495.355338348332,eval,0.4576507936507937,0.060242261904761896,365.1164828139934,978.2848423931904
2025-04-23,6+18,31796.049188271005,2509.413389270707,3432.779903170433,1312.1524162685726,37738.24248071214,10513.763446281919,eval,0.45945925925925923,0.05768124999999999,170.2352313591012,429.23385972190636
2025-04-24,6+18,31963.637644300292,-27.2696706434225,3788.7880196186525,1822.6464132415074,35725.15599327552,9900.513034306945,eval,0.4612582010582011,0.0493328373015873,75.5134677680301,208.2649633425915
2025-04-25,6+18,9977.921969780782,568.4634211857633,354.9685935964079,109.69559524995852,10901.353984562953,10437.642139885085,eval,0.46247142857142853,0.15006011904761907,53.4363006721176,149.0499635025581
2025-04-26,6+18,10489.926158695169,301.39464851804286,728.6700165723639,322.9205678952792,11519.990823785574,10438.866030792115,eval,0.4604343915343916,0.15092718253968254,153.58564493601034,292.6845919535126
2025-04-27,6+18,31678.31964484662,2596.1024179072097,2361.27277579005,656.5247832327519,36635.69483854388,10447.015863723478,eval,0.4590957671957673,0.05493998015873017,185.3654343743654,402.54958691298225
2025-04-28,6+18,37597.973625438535,2389.0261818321237,1370.3832852721723,527.1004662842408,41357.383092542834,10583.920678926272,eval,0.45826455026455026,0.08564384920634921,239.60257509118372,736.7162989156875
2025-04-29,6+18,30949.029250090793,2569.4240125247857,4185.189223046572,994.2035920570372,37703.64248566215,10487.993829456078,eval,0.45860052910052906,0.04940337301587302,176.59282664801154,354.72900136911187
2025-04-30,6+18,30651.732793971445,2108.575208830377,8239.926208896064,3023.6715129076842,41000.23421169788,10617.763953152406,eval,0.45716137566137566,0.05083402777777778,222.9700119997,545.0123654969932
2025-05-01,6+18,33168.8126424293,3170.308488317213,12796.498366539647,2834.8544661182764,49135.619497286156,9127.17342397937,eval,0.4539862433862434,0.07086815476190475,221.20527456428098,462.5734290593758
2025-05-02,6+18,11946.322694054938,653.5991422373236,5281.973215519267,1176.094587732082,17881.89505181153,9150.019864474578,eval,0.4527296296296297,0.09780684523809523,104.21359353820117,255.69521140557293
2025-05-03,6+18,11383.705770195898,554.1868195829791,5757.460162570613,1284.4481190837269,17695.352752349492,9323.260689363275,eval,0.455978306878307,0.12078948412698412,177.33520966497915,344.64840996694113
2025-05-04,6+18,35304.450245660075,-393.64850644781274,11675.071877586122,2976.084426012656,46585.87361679839,9108.116082603592,eval,0.4565640211640212,0.05533789682539682,70.2582661108587,196.29918348778438
2025-05-05,6+18,36467.46355584652,1856.2014603192006,8243.52409620392,2175.6984778100255,46567.18911236964,9301.697025773643,eval,0.45834021164021166,0.06813918650793653,120.54099807527686,253.6370817568355
2025-05-06,6+18,33275.20987582305,4167.886003352213,8886.643376689048,2310.0240125413598,46329.73925586431,8526.783627886054,eval,0.45842804232804224,0.06247103174603175,62.390241857914496,151.13462130235524
2025-05-07,6+18,37010.60957782144,4375.023321124026,983.9042911446038,455.71330192481673,42369.537190090065,8980.853993371333,eval,0.4613322751322752,0.062067956349206366,386.0244853078516,863.1265646728552
2025-05-08,6+18,37783.27748922067,1579.2023804130558,2380.4308694674364,724.1585370760292,41742.910739101164,8230.824590553553,eval,0.4637100529100529,0.0629389880952381,580.5389869229482,1501.8551909795515
2025-05-09,6+18,12910.015721267631,1019.6676424410872,679.1801558583334,402.0297166666667,14608.863519567052,9380.514647460877,eval,0.4640820105820106,0.13854603174603175,67.51801885823537,120.38888698211015
2025-05-10,6+18,13377.379651050296,187.49755670605225,177.36535209928837,60.10944777417481,13742.242559855637,8438.474859758939,eval,0.4621883597883598,0.12751894841269842,131.71573661939482,511.19244789546667
2025-05-11,6+18,38367.42432211996,-165.34562036168143,6384.2764515054805,2288.4989409816417,44586.35515326376,7058.928499705934,eval,0.46208465608465604,0.061195833333333324,421.1469021496834,1247.1731361203051
2025-05-12,6+18,34459.680390655034,7503.30473034443,0.0,0.0,41962.98512099947,8348.16115317541,eval,0.46352222222222217,0.05152638888888889,257.15441618079393,697.8995892228138
2025-05-13,6+18,38156.891859096715,-293.3769531534515,3909.7444953367726,1574.2574168734923,41773.25940128004,7796.391324493983,eval,0.4644613756613757,0.058716666666666674,376.43155821427155,869.2169766661394
2025-05-14,6+18,36191.30868833614,4566.169222873548,1844.3912090819456,342.8188631722249,42601.86912029163,7490.658576824834,eval,0.4616857142857144,0.04893948412698413,769.5575399270133,1757.0506049981996
2025-05-15,6+18,37254.221653310575,6205.476045849863,4506.390172422291,1408.6329931429507,47966.08787158273,8137.774192337016,eval,0.45981428571428573,0.05462807539682538,377.00106949497865,883.289534182932
2025-05-16,6+18,10622.312181310204,331.4958621241041,970.8359902205925,473.3763619609862,11924.6440336549,4457.730921258577,eval,0.4595153439153439,0.15624176587301586,54.64948880407853,88.69321042709376
2025-05-17,6+18,11933.091447195398,633.0527755546123,686.5931104674576,247.83050046539918,13252.737333217468,4938.7195931572705,eval,0.45778253968253957,0.12560763888888887,37.00878892560628,83.43837735007877
2025-05-18,6+18,37479.289856258794,1311.8900013356272,1631.9923148169157,725.3891683110015,40423.17217241134,4749.70367732765,eval,0.45744920634920627,0.05614077380952382,259.18230876169866,635.844898477256
2025-05-19,6+18,35675.26621743852,311.8337108684482,1425.7337927122874,553.3089227525248,37412.833721019255,4801.154691376013,eval,0.4556920634920636,0.04694136904761906,335.93653412368315,702.1615615827943
2025-05-20,6+18,34619.6818949444,6318.859335985969,1359.4791678826825,440.126932928991,42298.020398813045,5067.8711726313195,eval,0.45464550264550263,0.06721289682539683,775.2053864414281,2071.1984205911695
2025-05-21,6+18,34959.503936908164,7423.317395235883,1619.2135680060462,550.6272878500652,44002.034900150094,8346.11123165816,eval,0.45527037037037027,0.05793978174603176,89.76586602748336,244.36379209508132
2025-05-22,6+18,33602.81690178998,1985.023938317394,2718.50589919659,1104.8568565724909,38306.34673930396,6542.6833379579475,eval,0.457268253968254,0.05686339285714285,286.58968880533547,688.8749840753713
2025-05-23,6+18,12148.743519672684,692.154281803488,291.85598673621564,115.27365865155204,13132.753788212389,8508.751992936117,eval,0.45737830687830694,0.1360205357142857,193.82846673308993,657.9969253859174
2025-05-24,6+18,12571.476630388619,387.32033869362954,553.9736400733335,233.93213576534703,13512.770609155581,8910.389088371994,eval,0.46061111111111114,0.14165763888888888,158.8199369731366,460.58949002472417
2025-05-25,6+18,35631.220491310974,885.0050391952518,0.0,0.0,36516.22553050623,9127.962096435971,eval,0.46305661375661383,0.05378878968253967,466.65485147003085,994.3990289724358
2025-05-26,6+18,33971.31193588865,6286.3006497492415,2813.251992990531,996.5223554288389,43070.86457862842,9096.52348928102,eval,0.4629507936507937,0.06794087301587301,105.83156243266235,369.20161799002614
2025-05-27,6+18,33845.837591140036,4312.384749087399,1625.430626718064,612.5383635517521,39783.6529669455,9047.405025667667,eval,0.4636439153439153,0.05648501984126983,340.01140990210075,914.0760071873486
2025-05-28,6+18,36192.79665906803,690.3344096832442,3956.252956350237,1582.0308033454476,40839.38402510151,8512.648266537988,eval,0.4635322751322751,0.06529027777777777,425.5301832428505,1132.9845500034853
2025-05-29,6+18,34753.78591716771,6124.3596980111115,1792.908058866759,450.3704344190595,42671.05367404558,8536.003351392856,eval,0.46291746031746034,0.07312767857142857,297.2341364223099,664.2051960368494
2025-05-30,6+18,12261.713317925118,978.8370628593885,790.0633528117723,286.2282638950079,14030.61373359628,9405.336810428675,eval,0.46268571428571426,0.13248045634920633,45.65260411863312,91.74730020713491
2025-05-31,6+18,11772.027722013707,57.75903763156088,31.580968810200268,15.834027982050774,11861.367728455467,7821.99099739166,eval,0.46082857142857137,0.12931041666666665,152.64636914447982,273.98088084032946
2025-06-01,6+18,51497.570191984014,3197.94549990384,13252.058572991944,2356.2830529139137,67947.5742648798,5118.399261696021,eval,0.4579656084656084,0.12338293650793651,174.80097889877726,533.3107039278112
2025-06-02,6+18,53466.31361000224,-1534.9415522993727,24153.178536565123,5620.637205023784,76084.55059426799,5963.909230248931,eval,0.4640201058201059,0.10458065476190476,234.14300302806436,568.6120146930683
2025-06-03,6+18,46631.79208491124,5258.818759901378,3063.4521068389295,624.0411822985055,54954.06295165155,4012.1788584652663,eval,0.4677211640211639,0.09143849206349206,449.1955253924413,1357.2983503526596
2025-06-04,6+18,59952.63698621192,-5125.8701441938365,14403.126787512174,4288.333452144912,69229.89362953026,4758.09690606235,eval,0.4732343915343915,0.08982579365079364,547.3725191444762,1621.0511515989406
2025-06-05,6+18,52514.90200874969,5000.353680416821,7709.594813617666,1729.158305472582,65224.850502784175,3769.1362525289846,eval,0.47868888888888894,0.09041875000000002,132.33105412773833,416.443259067647
2025-06-06,6+18,15204.824568110878,1753.7396785644637,11940.517134633275,3224.738995752063,28899.081381308617,1225.1198701201927,eval,0.4831148148148148,0.09393392857142857,280.17328396454184,559.7617407441151
2025-06-07,6+18,19361.744967697596,91.15720275915089,10078.049414812644,3135.4288348504124,29530.951585269388,2170.143011289335,eval,0.488226455026455,0.10546755952380953,405.06091624556507,817.2844421131903
2025-06-08,6+18,49638.52818921114,1197.182533377167,3555.1477357216745,1178.2954721747658,54390.85845830998,2484.297930046667,eval,0.4940502645502645,0.041805952380952374,144.86544557912663,384.7583672758477
2025-06-09,6+18,57233.10070532251,-1123.3248847856096,6115.838503513498,2159.1045432389215,62225.6143240504,4657.85871791701,eval,0.49194285714285707,0.059196924603174605,146.78579647242591,407.6163879954127
2025-06-10,6+18,53262.041264122374,1572.3124566050656,6571.967463506426,2447.0727460245953,61406.321184233864,4744.1481291617565,eval,0.49467671957671955,0.054851289682539675,114.00309593762681,297.45385011249607
2025-06-11,6+18,54071.64907612151,4177.6138324383755,728.121790045128,329.2345274878765,58977.38469860502,2915.15851509844,eval,0.4949894179894179,0.07027430555555556,447.13002650546343,1363.818264429318
2025-06-12,6+18,55067.22026075532,1845.1924155952747,4521.386756020875,1336.519768356859,61433.79943237147,4573.378841480734,eval,0.493605291005291,0.06014662698412698,77.82106180499059,266.6994312418592
2025-06-13,6+18,21740.57278953099,-468.90050809165837,2211.5249609010198,779.8577814898927,23483.197242340353,5202.836195412217,eval,0.4940063492063491,0.12945714285714283,59.28374753952039,132.22459914534244
2025-06-14,6+18,20882.318549495874,639.6396567548744,781.9713404722031,538.0771803267371,22303.92954672295,5302.158370251172,eval,0.49208888888888885,0.133205753968254,81.93346152732924,393.07008360702844
2025-06-15,6+18,48821.42583602662,8198.134392061676,1974.55418688709,746.8820219501229,58994.11441497539,3080.898260942601,eval,0.491184656084656,0.05559444444444445,220.0553845364318,617.2714499497937
2025-06-16,6+18,54117.35614844747,6545.240573762247,1979.12497628677,771.9798848876316,62641.72169849649,4350.992630496774,eval,0.4913518518518519,0.05662182539682539,196.8272510789539,553.479362480038
2025-06-17,6+18,53675.76870457086,6357.823593130935,3326.3274073519015,932.4296809346129,63359.91970505369,3732.4871988012733,eval,0.4900539682539682,0.060974305555555545,347.9205872613952,1090.9243711321892
2025-06-18,6+18,53703.41345100755,5402.695446508309,1239.7723395408848,560.576029847788,60345.88123705675,3096.4966553415597,eval,0.4900798941798941,0.05118859126984127,903.8833828432314,3095.3594549511554
2025-06-19,6+18,51939.435964470904,484.0006868258653,7173.606402703223,2479.335818922418,59597.043053999994,3434.3426823644722,eval,0.48885185185185176,0.045914384920634904,270.3988258353269,681.5840616239295
2025-06-20,6+18,17739.79026508519,311.68079345827573,129.63551900467192,42.57687889882148,18181.106577548137,2962.0759107319036,eval,0.4883619047619047,0.14658918650793654,144.47052516627576,302.19900135720883
2025-06-21,6+18,17320.505636598362,628.3007676648348,751.2813483478023,260.58905961367503,18700.087752610998,3588.865825986737,eval,0.48837142857142857,0.15586805555555555,165.73980525609454,315.97349465999804
2025-06-22,6+18,48518.94302444734,4939.970905052516,1170.5052131036732,379.07897926220267,54629.41914260353,3174.0060530846467,eval,0.4900412698412698,0.052723710317460336,203.9855446085259,672.029223131238
2025-06-23,6+18,51251.19456023916,3850.7433638108405,1898.447909346729,699.1744041305171,57000.38583339673,2594.7106920864962,eval,0.4902835978835978,0.051532738095238104,231.95009258155605,706.5272985336926
2025-06-24,6+18,59541.45447928039,2897.0325919594843,7145.10910922399,1959.046989824964,69583.59618046386,3156.162322068374,eval,0.4880671957671958,0.08572896825396824,830.7389839572421,3084.612922072633
2025-06-25,6+18,51030.914856824114,2780.9886480697464,6017.423584650049,1758.9407857997187,59829.327089543905,3527.3481660525376,eval,0.48677460317460314,0.06070049603174605,384.7719539635836,1216.5058837040283
2025-06-26,6+18,48384.644160959855,4162.057154374304,2017.5759673167618,621.9833471411771,54564.277282650924,1907.4770671871686,eval,0.4849857142857144,0.05231666666666668,538.5172505218186,1569.7425847826087
2025-06-27,6+18,16712.931515140528,282.2188932112937,267.5596376981069,97.9395160368219,17262.71004604993,2068.2436046788093,eval,0.4852132275132275,0.1529569444444444,110.55798311669575,222.9532770631544
2025-06-28,6+18,17349.625410568544,1297.8519451393572,538.44698704008,186.59951243917823,19185.92434274798,3199.197004758308,eval,0.48595238095238097,0.13287559523809525,93.66469114959753,203.49146235186907
2025-06-29,6+18,50264.652492033056,2730.9704958215434,8988.245994278253,2811.307813347993,61983.86898213285,4335.865829729988,eval,0.48521375661375665,0.06161785714285714,314.1384669997153,1106.7796398989187
2025-06-30,6+18,50513.00558476631,2234.5019763495884,5803.044299697285,2021.2480755521551,58550.55186081318,4444.037113083906,eval,0.4843613756613756,0.05708224206349207,653.1970027851277,2064.200916685252
2025-07-01,6+18,47214.84833180039,5155.671315056997,48474.351654941696,12355.018239946057,100844.87130179908,1200.0,eval,0.4844359788359787,0.13195694444444445,466.1288223552262,1527.842553026708
2025-07-02,6+18,61339.08281840832,293.75307054131235,7796.69149567418,2845.132751465965,69429.52738462381,4060.31828303036,eval,0.4933005291005291,0.11039176587301588,128.0144661895437,451.9793928509372
2025-07-03,6+18,65221.220354534955,6534.798134286484,686.1498538616962,229.81363129495253,72442.16834268314,3700.064510027924,eval,0.5060111111111111,0.12684484126984127,490.7879417302785,1671.8953446275027
2025-07-04,6+18,21865.716882954417,1722.4255817726737,5102.266199416418,2239.24532559187,28690.40866414351,2287.6985232469056,eval,0.5153592592592592,0.11194771825396825,182.07966104499644,899.4425465641121
2025-07-05,6+18,22753.670359807504,1181.0625772511676,6074.016984821891,2784.0334822859877,30008.74992188056,2733.8399750484414,eval,0.5274714285714286,0.11839930555555557,366.50204334392373,823.0618115794892
2025-07-06,6+18,65438.81379888381,9983.342345340072,2213.2407988715213,516.8788265249406,77635.39694309542,5761.487773153784,eval,0.5372047619047619,0.08999910714285714,1472.0218419890975,5461.344454762347
2025-07-07,6+18,65095.030402289136,536.4365458168709,2318.85253141862,431.6389644024912,67950.31947952464,7110.532856130761,eval,0.5473555555555555,0.05812222222222222,412.3105021496791,1118.9098906834104
2025-07-08,6+18,70950.10634374534,22.00859488410265,5959.341029667493,1643.1291331290302,76931.45596829694,8598.2943250784,eval,0.5587777777777778,0.058243452380952396,214.5259793422202,614.0430397763807
2025-07-09,6+18,62828.98197359589,428.8861619932614,1.2914824765175582e-13,5.684341886080802e-14,63257.86813558915,4724.297000232813,eval,0.5591915343915345,0.05439107142857144,306.14454626318513,913.74244885517
2025-07-10,6+18,62556.775684690154,3659.9560334774046,6784.077679090518,2648.8348923771628,73000.80939725808,4741.036453897949,eval,0.5586772486772488,0.054364880952380935,1161.1656828288785,3773.512971497722
2025-07-11,6+18,29235.34111714511,809.9642020446536,0.0,0.0,30045.305319189763,4784.756701706355,eval,0.5597227513227513,0.12057708333333335,204.18145443326483,407.487736162463
2025-07-12,6+18,28405.70050316916,515.6358204254504,447.70543677388673,194.76009954116552,29369.041760368495,5114.933980574538,eval,0.5568894179894179,0.13618839285714288,159.65461250694847,549.6629168432543
2025-07-13,6+18,60579.73370294832,-2354.912389394175,4024.9674628357725,1662.073701145898,62249.78877638992,2062.635504097603,eval,0.5542185185185184,0.041224206349206344,428.1159492222964,977.3917567811031
2025-07-14,6+18,56479.77049703165,1971.3952975051347,5411.201884373975,2033.7736726700978,63862.367678910756,1968.995751764695,eval,0.553584656084656,0.05352638888888888,154.75391679736657,410.6335313684229
2025-07-15,6+18,62589.99065960046,-458.5967966789341,7597.996175248467,2562.983654720795,69729.39003817,4348.328881117906,eval,0.5519074074074074,0.056671230158730164,151.24256185110636,671.1647777658757
2025-07-16,6+18,58202.569983268884,-692.3801969140155,10044.46915794279,3398.2510239172425,67554.65894429765,2237.467654966761,eval,0.5508962962962963,0.060499603174603185,398.82926797021804,1113.5388019691286
2025-07-17,6+18,56688.123668625274,6597.96855406276,4575.073670491313,1339.962578768206,67861.16589317935,1560.9345906324024,eval,0.5489566137566136,0.06076279761904762,146.22295100250452,429.460254672289
2025-07-18,6+18,24447.51541342634,1787.4054197374817,361.36761550243773,203.91926668305592,26596.28844866626,2633.444565600112,eval,0.5480772486772486,0.12729186507936507,121.71329043584402,284.4191658948018
2025-07-19,6+18,26447.0531420091,-101.00237279059755,2881.0446263046592,1270.626762855473,29227.09539552316,3497.556169401663,eval,0.5443116402116402,0.14050218253968252,326.21952148173,1191.8668082675647
2025-07-20,6+18,57408.62482270182,3525.0104928000897,2678.035432837594,979.0162104265993,63611.6707483395,2480.380424603383,eval,0.54460582010582,0.052711309523809514,428.21508254169686,1349.8476910984707
2025-07-21,6+18,63194.483594577796,-458.5251100300889,7634.785012781054,2513.195368903908,70370.74349732876,3326.52309120565,eval,0.5451343915343916,0.060835912698412695,1458.4260107416699,4751.683071833252
2025-07-22,6+18,58005.67043216761,12302.285940696142,1083.265886158605,273.8093712287759,71391.22225902235,2233.2681475964414,eval,0.545147619047619,0.06037936507936507,180.96819860190368,508.7224939983574
2025-07-23,6+18,66042.97879183674,-3083.0286685653223,8790.485301918157,2751.4165210935907,71750.43542518957,2436.227541356006,eval,0.5449640211640212,0.05883283730158731,79.988398513971,193.1843162110352
2025-07-24,6+18,65783.93352604214,-649.2526446366073,1413.158371292873,542.5294258568687,66547.8392526984,3839.5584408657005,eval,0.5448121693121694,0.06357916666666667,841.0026366438009,2671.8835331154532
2025-07-25,6+18,23389.815022850395,377.6228035915005,392.5777442871663,116.26891402260682,24160.01557072906,3037.634264165302,eval,0.5435994708994709,0.1443975198412698,229.2652316085176,953.0775769838922
2025-07-26,6+18,23878.901585011896,1120.9773787126283,967.0484013154967,452.71589074174096,25966.92736504002,2859.321161877332,eval,0.5449671957671959,0.13273253968253967,281.6424017863997,666.4350087991784
2025-07-27,6+18,59563.069389945806,1305.7707910194583,10631.348650645088,3375.290522287847,71500.18883161036,4191.066994423404,eval,0.5453116402116402,0.05910079365079368,441.63306890061995,1075.9730262727012
2025-07-28,6+18,59179.31566948868,5046.610170017566,7175.020872163052,2149.1350020748823,71400.9467116693,1836.999447997126,eval,0.5448328042328042,0.07113144841269842,104.07900205060398,292.75612754945337
2025-07-29,6+18,62016.10379686377,4960.949553184978,1887.9293805214777,675.1135987508533,68864.98273057023,4215.835756159211,eval,0.5418460317460319,0.06545148809523808,561.5608096301405,1757.865316217977
2025-07-30,6+18,52801.77385792623,11633.802881528401,4227.078185779155,1145.2793236363761,68662.65492523379,2012.7482054738432,eval,0.5421238095238096,0.060412301587301584,120.00378474776763,290.69688817476947
2025-07-31,6+18,57309.40268379092,5324.216609551593,11921.622685293325,3204.5402720752704,74555.24197863584,1634.7684669386404,eval,0.54485291005291,0.06224007936507936,393.33767793951563,1234.664091019249
2025-08-01,6+18,23610.46028168542,504.0472731743848,1312.7301135867751,625.4614251189619,25427.237668446578,2987.7803136844227,eval,0.5448312169312168,0.15951646825396829,164.8391152326479,825.0764877630445
2025-08-02,6+18,23198.02672847921,382.09612654325645,703.8883450587739,222.26067184426526,24284.01120008124,3476.6044307006787,eval,0.5471201058201057,0.1623127976190476,115.20049710644855,310.6228066370655
2025-08-03,6+18,48667.42366414111,4882.835803946509,8926.09860319111,2328.110876591252,62476.35807127873,1957.135039064838,eval,0.5456243386243386,0.038464781746031754,284.22988106955336,657.4157455846318
2025-08-04,6+18,53744.301522834015,4393.92843086019,3327.992186310046,1369.7952151436289,61466.222140004254,3213.012662345272,eval,0.5430841269841269,0.04194801587301587,307.2259559017245,710.9423693334257
2025-08-05,6+18,51243.34777936491,5391.175027929129,3747.0014127565896,1523.8023405038089,60381.524220050625,2952.8107486917083,eval,0.5429597883597884,0.04200029761904763,309.86028664570847,808.3216017448008
2025-08-06,6+18,58160.445944492894,1657.6370116722642,8757.353956112827,1959.1439825124453,68575.43691227798,2521.6847053529386,eval,0.5435121693121694,0.05984315476190478,195.67946969130247,488.4630337791656
2025-08-07,6+18,58140.58389131194,-1317.57440245721,8688.595281950951,2218.931693428561,65511.60477080567,2452.697480918272,eval,0.5399597883597883,0.04719950396825397,12.939078068936828,39.660568965345654
2025-08-08,6+18,23103.345993204915,509.20506615680705,131.88816141445128,50.67070414065526,23744.439220776174,2986.2399670651585,eval,0.539568253968254,0.15493184523809525,96.74150021197188,425.00550612193064
2025-08-09,6+18,22626.75736255265,607.3959552317334,923.2745287625112,277.7203940163279,24157.427846546892,2626.2386686856935,eval,0.5350746031746032,0.13665803571428572,44.73258231127882,94.84332756690179
2025-08-10,6+18,55525.54437144454,1446.0915642332404,9759.356388820512,2742.4553192634885,66730.9923244983,3204.2556224648542,eval,0.5341761904761904,0.06310555555555557,647.5207307259964,1670.0398936536262
2025-08-11,6+18,49279.22267238103,3842.689813723756,3310.937888945269,917.6980173906277,56432.85037505006,2555.239205221829,eval,0.5368137566137566,0.06005694444444444,923.0732262763884,2647.9591408455703
2025-08-12,6+18,58025.46212392101,1823.9463087846339,2326.104726288687,773.7753646247498,62175.51315899433,2661.9071666464692,eval,0.534441798941799,0.07173214285714286,179.95572215042225,897.511291737045
2025-08-13,6+18,50815.7563960088,2952.573938510262,8959.363356502628,3377.3194938356255,62727.69369102169,2111.6039217014822,eval,0.5319222222222222,0.0647202380952381,219.04868397841256,554.4312638902525
2025-08-14,6+18,53649.21325958577,4801.7330989423335,2939.1667623425105,899.5444251141355,61390.113120870614,2093.07636422911,eval,0.5337687830687832,0.06522271825396825,319.18651517288913,753.6954997300606
2025-08-15,6+18,23041.10864329419,775.8892646650062,345.0092460406811,133.37651188434222,24162.007153999875,2325.0589799324734,eval,0.5322592592592593,0.1402267857142857,211.09524956211794,792.6283241048188
2025-08-16,6+18,23731.022715333354,147.59992145237797,1109.5717902946449,352.4525858477848,24988.194427080376,1477.732617570924,eval,0.5321359788359789,0.1459686507936508,80.2307454622684,171.61092688737094
2025-08-17,6+18,56469.17588007096,1702.5698917449267,3201.837629945254,757.9766890000537,61373.583401761134,3753.0214393846472,eval,0.532784126984127,0.05481686507936509,366.5415853257888,844.6723717716025
2025-08-18,6+18,51894.334725511595,2933.9692990715257,3549.2341077116835,1424.2267062197086,58377.53813229481,1956.1775968667505,eval,0.5283423280423281,0.059799702380952384,149.5473423538994,338.5534625657854
2025-08-19,6+18,50881.65830527576,2421.4035706670884,4578.43161359363,1485.937578254629,57881.493489536486,1669.0974792646082,eval,0.5330116402116403,0.053927380952380956,549.0217218992632,1466.7595638918203
2025-08-20,6+18,60234.86334505239,2037.0149735969694,9668.72090999928,2966.938472740005,71940.59922864864,3133.9319194032596,eval,0.534589947089947,0.07831785714285716,194.16560793415132,640.6761852832199
2025-08-21,6+18,53495.10957738015,854.5798273719321,3391.5178644107928,1242.939743540734,57741.20726916288,1830.4139155020118,eval,0.5333031746031747,0.05832400793650795,602.1519242833014,1576.7426552118072
2025-08-22,6+18,23519.24283989102,676.3736258757356,2523.3829261441906,1000.4850133571672,26718.999391910944,2962.587633682057,eval,0.534010052910053,0.13174890873015874,840.4064826083641,2650.502589602456
2025-08-23,6+18,22889.504281048004,1222.4510830517133,1021.6840359281871,540.9143641395312,25133.639400027907,3990.0773190623736,eval,0.5386126984126984,0.13412797619047623,306.7304796158415,845.8518725852642
2025-08-24,6+18,53093.853271844666,3323.9712288057576,6088.407330497366,1678.3114613616212,62506.23183114779,3872.567418479629,eval,0.5376772486772485,0.05130654761904762,206.35528750507993,558.6521049449736
2025-08-25,6+18,67307.17890225726,-3126.92115011494,1784.739284431604,701.2246569940517,65964.99703657393,4109.98140029885,eval,0.539321164021164,0.06873551587301588,319.3261924863301,809.9454103243067
2025-08-26,6+18,52470.837752835156,3256.847821938818,6328.934167322528,2066.8412396786584,62056.6197420965,3164.8468989664193,eval,0.5367968253968255,0.0552484126984127,185.88155888795018,739.1375161118682
2025-08-27,6+18,53313.469447893556,8343.827155351612,1888.2085399744683,363.3644523208911,63545.505143219634,2510.8825850555877,eval,0.5329015873015873,0.06640932539682538,300.60056970005036,884.5995959079983
2025-08-28,6+18,52225.465991814795,9895.73899457782,9876.062715310429,2927.5896860608573,71997.26770170304,2503.6954519715564,eval,0.5276857142857142,0.07400505952380951,748.3305882594451,2557.586154261827
2025-08-29,6+18,24459.176745697237,380.4879247781261,1717.7698261542182,551.8774674947213,26557.43449662958,3033.314916959816,eval,0.5254931216931216,0.13391428571428574,237.06351038308503,768.325579535832
2025-08-30,6+18,23210.008888113894,171.11281878481583,285.71716505707104,111.46123089131838,23666.83887195578,1918.4408566178938,eval,0.5221100529100529,0.1447313492063492,182.0614254154895,516.5059729881104
2025-08-31,6+18,53602.08804917338,3332.3674459422878,5404.476487098698,1838.9004513819186,62338.931982214366,2478.30269874725,eval,0.5222767195767196,0.05793521825396827,561.056827546871,1573.3727400270861
2025-09-01,6+18,51513.47688072991,-1418.4000259751792,2.4755308913881893e-13,1.1368683772161603e-13,50095.076854754734,6405.722601390038,eval,0.5190936507936508,0.0746608134920635,625.8619837934343,1729.852873111725
2025-09-02,6+18,42496.21295872137,9525.578863094057,3.8079406294855293e-13,5.684341886080802e-14,52021.79182181543,5984.411399205857,eval,0.5097936507936507,0.06440228174603176,306.93097540486315,622.7965402043825
2025-09-03,6+18,39695.74112848991,302.623811190708,3577.107102826184,1438.5765355261271,43575.47204250681,4221.140457481139,eval,0.5022063492063492,0.056388194444444456,214.6432723262793,840.1742211918748
2025-09-04,6+18,40289.03513267156,1871.8545977035888,10772.995403495053,3098.817956726714,52933.88513387021,3114.251124568009,eval,0.49613544973544976,0.05663809523809524,322.18939335136423,831.2292403788831
2025-09-05,6+18,18760.96818129262,28.973115586583162,208.0291208043319,141.85841297476816,18997.970417683537,5901.181714442606,eval,0.4847788359788359,0.18270644841269842,218.79214594068713,539.0004484181742
2025-09-06,6+18,20070.67078940276,-631.6815622497874,0.0,0.0,19438.98922715297,8159.379976371877,eval,0.4751486772486771,0.16088849206349207,143.8653563198255,373.6399510301115
2025-09-07,6+18,38214.53677309941,4584.31076543085,4459.830868415797,986.541944755659,47258.678406946055,6072.850202539688,eval,0.46505132275132277,0.05513392857142856,268.1854794508612,1035.1178216403473
2025-09-08,6+18,42052.721247433336,1930.2157102496187,6821.47602427677,2002.694603332438,50804.41298195973,5482.25628930134,eval,0.4547777777777778,0.07713531746031747,54.41060274164694,115.33273002415267
2025-09-09,6+18,36674.40158252609,5380.873963476361,9761.16098743296,2412.41735225949,51816.43653343541,3532.972824661667,eval,0.4537338624338624,0.05490009920634921,103.55709336030739,314.7999113756062
2025-09-10,6+18,43377.387795833536,2104.115787185336,7926.404629053091,1954.8300622948036,53407.90821207196,2851.871284265365,eval,0.45248624338624344,0.08075823412698412,361.44666524587194,889.1597465308639
2025-09-11,6+18,45012.414939483766,751.5876898845333,9012.21977007472,2498.054018286758,54776.22239944302,5018.648394807324,eval,0.4536740740740741,0.05342291666666665,277.1084280585459,586.1895268110262
2025-09-12,6+18,16437.833926943407,5.5456992616794025,1160.5053620464262,371.76961249710706,17603.884988251513,7008.240217199259,eval,0.4556820105820106,0.13119454365079364,69.67189160083963,159.85495033640643
2025-09-13,6+18,15231.209438792781,-62.716091757617605,599.1916621623579,186.8198578127078,15767.685009197521,6311.988825474026,eval,0.4548952380952382,0.1423347222222222,329.89508692196125,1030.871009532873
2025-09-14,6+18,46132.555925655404,-1149.4689078462486,3383.183489337419,1410.7210027146002,48366.270507146575,5186.5768744832685,eval,0.45539894179894175,0.06920803571428571,182.5459727397512,415.1623289805663
2025-09-15,6+18,40424.02941586975,2809.7299254800037,8272.271102257773,1882.9468451766575,51506.030443607524,5797.983768751365,eval,0.4588497354497355,0.053628869047619064,218.93055050393622,733.474110560531
2025-09-16,6+18,47053.667962697305,991.2817980983527,3081.406104276804,637.4933344243371,51126.35586507246,5291.868683521952,eval,0.4610449735449734,0.07089543650793652,282.07345759998003,675.481093833922
2025-09-17,6+18,44647.69135261028,2296.435093095446,6950.683163876825,2322.5622713791345,53894.80960958255,5803.087305097291,eval,0.4610513227513227,0.06790843253968254,92.01898719989202,249.0004629184994
2025-09-18,6+18,41235.79909441635,7683.636909064922,3278.8263035109585,977.5662272775628,52198.26230699223,6207.271889023367,eval,0.4600402116402116,0.0625863095238095,428.79825765060406,879.9231916228455
2025-09-19,6+18,15147.022397122775,1105.266898871142,755.8393217593392,469.58499976241797,17008.128617753257,6098.805025420237,eval,0.4592555555555555,0.12201220238095238,56.810473117062884,134.0083642630188
2025-09-20,6+18,14588.189274950553,327.77557189574264,791.0066889111537,263.0587262198804,15706.97153575745,5003.479600976097,eval,0.4596407407407407,0.13063968253968256,114.09528632839593,256.7985219471519
2025-09-21,6+18,44274.81589629648,1269.9246827747043,844.7259928637316,349.5554373212258,46389.466571934914,4067.31406238068,eval,0.45711111111111113,0.0577920634920635,609.2469411352382,1793.887918246922
2025-09-22,6+18,47075.37284394495,-761.6381998319866,5881.931541860057,1940.6927153651554,52195.66618597302,3751.3063782998806,eval,0.45738201058201056,0.06337777777777778,479.17788359506585,1180.2051391320979
2025-09-23,6+18,46792.007410715814,582.8062227043038,8390.254260998165,3090.901458649393,55765.06789441829,5704.028006954728,eval,0.45644285714285715,0.06235724206349205,231.72968976790702,663.7552819359909
2025-09-24,6+18,41872.90010711172,3441.3984208504858,9579.346709568495,3515.0431826355707,54893.645237530705,5581.905654724335,eval,0.45619894179894177,0.05537301587301589,203.0376945376881,509.59065488584946
2025-09-25,6+18,42670.70294187601,5355.793388582729,126.07488485257664,37.34289996848716,48152.57121531131,5323.485647183672,eval,0.45510264550264545,0.05815853174603176,220.00396012768186,561.9350542237108
2025-09-26,6+18,14991.25627640632,89.48450230930467,386.67003888951695,245.37166895630787,15467.410817605141,5663.135860167629,eval,0.4564396825396825,0.1317858134920635,165.49018449783497,311.20382752447586
2025-09-27,6+18,15713.017936253334,219.6584571944622,2106.0079240975983,615.2987828158837,18038.684317545394,5279.232701040985,eval,0.4554481481481481,0.12588640873015872,73.00993142089023,141.44423896832623
2025-09-28,6+18,47188.65388330433,7176.642201185359,1944.894112857695,582.3036266041003,56310.19019734738,7124.983977209586,eval,0.4580169312169314,0.06590555555555555,175.79445508777548,597.6836314579452
2025-09-29,6+18,45946.180572646685,-1081.9307711992703,17522.649406325465,5086.506277615479,62386.899207772876,4044.489107639507,eval,0.45696719576719586,0.06140644841269841,499.78358631346936,1329.656300804223
2025-09-30,6+18,46830.273538141584,4981.93991796667,9273.288172419661,2803.2331884858213,61085.50162852792,3552.994395912921,eval,0.45684920634920634,0.06992966269841269,363.8501900477635,852.9009085603199
2025-10-01,6+18,40741.29734800683,4822.2115896290925,2546.969466025136,508.71388915746206,48110.47840366106,7064.452199442043,eval,0.45616772486772483,0.039295039682539695,763.0908442890806,1734.5437241031013
2025-10-02,6+18,44195.572237748136,-2146.728060959733,2270.809573272484,488.6452693312784,44319.65375006089,7366.525659566699,eval,0.4568978835978835,0.032451984126984135,160.9652878320845,469.13220808380254
2025-10-03,6+18,13470.42531267401,-267.78420861907546,140.1701387611323,45.58046794800521,13342.811242816066,8736.311625897379,eval,0.4547063492063491,0.16259980158730158,70.71200405075476,130.25582962245886
2025-10-04,6+18,15131.247259646054,59.65341522869939,0.0,0.0,15190.900674874752,10258.731836145425,eval,0.4541507936507936,0.13008789682539681,119.01068584112991,237.4372316197529
2025-10-05,6+18,41568.898759342075,-1193.127726205785,1694.6273106497351,982.9931624753369,42070.39834378602,9736.620274526955,eval,0.45254021164021163,0.04299374999999999,331.5733306742393,813.3525259532555
2025-10-06,6+18,39108.77228342487,889.4243713154136,8901.213479950311,3631.64095494095,48899.410134690595,8290.865644217953,eval,0.4534867724867725,0.06301359126984127,123.29487310537772,289.92980600036924
2025-10-07,6+18,41060.52659317136,2847.2441254489536,6347.856810352943,2084.303807485053,50255.62752897326,9981.408907758858,eval,0.4544164021164021,0.06308789682539681,510.53389688930685,1242.7784254238595
2025-10-08,6+18,35912.786495697146,1540.2629609102503,11853.30480482654,3341.624273543224,49306.35426143394,9270.033268963327,eval,0.4559920634920635,0.06135753968253969,181.0570383118737,538.521970289729
2025-10-09,6+18,43047.85507429544,-2767.070227673006,9478.834275117895,2886.0432372642426,49759.619121740325,8561.069206314307,eval,0.4563306878306878,0.05656775793650794,546.4551603747542,1602.2410765405289
2025-10-10,6+18,13995.175186044537,-384.35468148600955,802.6139690308321,253.9460154584233,14413.43447358936,9356.52276637626,eval,0.45994656084656094,0.14748065476190475,146.94009120125625,420.6892235776277
2025-10-11,6+18,12984.864223023098,154.19056375299465,248.2342641814857,193.8590641023721,13387.289050957577,7005.1201254781845,eval,0.46068095238095247,0.12280039682539684,204.8867087247877,469.5601247932371
2025-10-12,6+18,37879.827404398675,2738.8176990054963,9857.389732906191,2211.9407427092747,50476.034836310355,6752.50629843026,eval,0.461131216931217,0.06516180555555555,285.12710988414585,713.1655024217437
2025-10-13,6+18,39819.75916055233,1846.8566085550383,6639.045909945833,1296.523087061732,48305.6616790532,6111.484693578988,eval,0.45852380952380956,0.05917490079365079,308.46823193743614,752.1906669926112
2025-10-14,6+18,44280.95986612077,563.44607831965,19648.361864786366,5511.65366131524,64492.76780922679,7814.127476778832,eval,0.4581238095238095,0.0689347222222222,307.6370671673117,872.0671127330563
2025-10-15,6+18,48704.76013433448,-1630.682246612335,10092.405259960724,4161.398450471468,57166.48314768287,8856.86369722712,eval,0.45811798941798937,0.06890605158730158,1104.0821059735497,3586.277584670616
2025-10-16,6+18,45016.54953902862,3184.5927947549044,7216.699061739857,2065.100683271576,55417.841395523385,9940.966918652517,eval,0.45952380952380956,0.07472202380952381,159.90078352427713,578.3631789130725
2025-10-17,6+18,11428.94144913364,1135.2980170870546,332.4129108926304,242.58482709337238,12896.652377113323,5370.991391765121,eval,0.45673597883597883,0.12654365079365076,60.17635344705095,115.47502067569155
2025-10-18,6+18,14514.688764926195,702.5501591591475,256.9247146130626,67.48487526213866,15474.163638698405,8564.72958254072,eval,0.45554232804232797,0.13748154761904763,57.901270245389334,131.861671844513
2025-10-19,6+18,44094.11819284328,3007.23966502289,8303.43507456422,2650.44986149366,55404.79293243039,5004.050498491001,eval,0.45466825396825394,0.07284196428571428,674.2947168909099,2029.9956563123912
2025-10-20,6+18,50264.018059795635,1071.472295831852,5059.231531441077,1626.93011037123,56394.72188706856,9291.747949078534,eval,0.4561402116402116,0.0666800595238095,304.1816404106986,1007.3255137437958
2025-10-21,6+18,46941.91806618281,3106.329695672278,6214.569806493854,1825.7028512730262,56262.81756834894,7886.426909989495,eval,0.45551640211640204,0.07285813492063492,246.23521922923373,906.746764568358
2025-10-22,6+18,47811.0993680127,771.6827164675203,9890.244724349526,3052.7519910363962,58473.026808829745,9855.621348920697,eval,0.45409947089947084,0.0655810515873016,121.32349205229252,450.57519979867504
2025-10-23,6+18,52412.95514484123,-5429.069483361574,13102.009668421239,4885.447713182231,60085.89532990089,9591.594469048176,eval,0.4519735449735449,0.05451259920634921,418.00845386085575,1496.8269173975184
2025-10-24,6+18,12687.747402135432,38.472306077433856,1249.4941110990276,369.15750990295163,13975.713819311894,6310.6998806436295,eval,0.4522888888888889,0.1347780753968254,322.55328055584835,1134.2317816854386
2025-10-25,6+18,14530.249286722701,-69.69114002720416,621.767502855367,420.10902871225636,15082.325649550865,7423.854018671782,eval,0.4535936507936509,0.1342387896825397,380.5526597733873,990.0002134865974
2025-10-26,6+18,51304.663985979336,-2460.771229474378,7522.406384645408,2185.9316283733137,56366.29914115037,6041.068326735723,eval,0.4575264550264551,0.054311011904761904,1242.213057057141,4115.806329856725
2025-10-27,6+18,46050.4671254266,5395.842846084573,3231.1979929683525,784.1436871502812,54677.507964479526,9082.724315539683,eval,0.4582296296296296,0.05427341269841269,223.4193888778108,564.5668085112018
2025-10-28,6+18,44984.19202745653,3347.1596456712864,8948.076609306157,2637.3667234490745,57279.428282433975,10257.626317921273,eval,0.4567074074074075,0.06113462301587301,184.15810924551917,725.8424910607479
2025-10-29,6+18,47212.55234564825,1870.6401324797487,5699.382403407897,1711.1333809593918,54782.5748815359,7003.100882620529,eval,0.45729100529100536,0.07460515873015873,439.61162570668864,1539.7595356451789
2025-10-30,6+18,44646.96170166817,1919.667522550315,7030.675716894788,2439.5982959654684,53597.304941113274,6565.787608826287,eval,0.4577687830687831,0.059820436507936524,224.63322767809623,714.8589463129615
2025-10-31,6+18,15544.25679818748,408.7442668646039,909.633717587796,274.2881047256201,16862.634782639878,9519.455507137594,eval,0.4585677248677248,0.11899275793650793,60.22944256559366,110.89568685552067
2025-11-01,6+18,14234.076370835273,-235.17290014809802,1015.368193500871,326.8217008910198,15014.271664188047,9516.67818111101,eval,0.45790529100529104,0.1355406746031746,67.1364869493622,197.27153191299794
2025-11-02,6+18,48388.34088128814,4268.069365873559,5275.878275752638,1394.1328493288452,57932.288522914336,6904.349750104063,eval,0.4531619047619047,0.06255307539682538,660.0633543121053,2120.775931610706
2025-11-03,6+18,53363.01365867051,-292.2297683322372,9017.575539611953,2328.6653135774727,62088.35942995023,9659.22470020255,eval,0.4542603174603174,0.06735009920634921,384.5297369140807,1882.264853670566
2025-11-04,6+18,48120.53953721769,469.33049091499436,2824.5287460403288,983.2987161210416,51414.398774173016,6362.361589744986,eval,0.45506296296296295,0.05603392857142859,449.56405700594553,1184.577693486494
2025-11-05,6+18,54794.042291793616,-1347.840833370644,9590.461904054373,2316.8691421111116,63036.66336247734,7030.830607181805,eval,0.45361693121693125,0.06390059523809523,407.1841284409244,1121.7571823264664
2025-11-06,6+18,53742.02590901581,4128.723127150422,7881.994085456915,2177.792530823572,65752.74312162315,9708.396481993736,eval,0.45272222222222225,0.07077589285714286,139.34875285598434,411.4166112348986
2025-11-07,6+18,13819.781970817563,503.8563160465145,731.6701991608145,236.6675004746757,15055.308486024893,7990.6957914312125,eval,0.45323703703703705,0.13492529761904762,181.19612195579367,527.7090792680374
2025-11-08,6+18,15147.308229664755,-89.68085835924148,270.86772017758165,88.55428843799069,15328.495091483095,8430.664435772174,eval,0.4548021164021163,0.13335863095238099,170.0257501863412,365.5292315943514
2025-11-09,6+18,53305.130649815066,-38.35488840523738,7016.044238412171,2379.2675784107346,60282.819999822,9297.875824268738,eval,0.45530687830687827,0.06452291666666667,266.8673216056068,962.638643506946
2025-11-10,6+18,54436.56459263474,3799.875195720684,3634.6751717046122,1133.6321817101427,61871.11496006004,8693.82581802024,eval,0.4539740740740741,0.07209702380952382,611.341523397445,1992.21520417316
2025-11-11,6+18,52567.188437027784,941.8144902862588,3121.711539967591,1151.3718109292302,56630.714467281636,7640.738456565084,eval,0.45438835978835973,0.061847321428571425,274.26791864680297,902.9518997974064
2025-11-12,6+18,53222.78854907327,5577.5193256715465,3362.1081091912174,654.971202343747,62162.415983936036,4420.130818520788,eval,0.456368783068783,0.059277876984126995,280.96683854542795,789.841766125516
2025-11-13,6+18,53784.463529449415,971.8394932585572,10934.690679962521,3275.122403152041,65690.9937026705,8424.599754536639,eval,0.4577253968253968,0.06280228174603177,417.18369141426604,1382.5222613393948
2025-11-14,6+18,13927.442488699,805.9175944036051,3848.2770795323686,1666.8875731748276,18581.637162634972,8210.577011421849,eval,0.4585322751322752,0.12905803571428573,90.29002375696169,170.16809712210997
2025-11-15,6+18,16241.139318898931,-526.2116822115094,695.0719680396035,213.13717220755908,16409.999604727025,7977.796227764773,eval,0.45841428571428566,0.13143134920634922,608.481620958978,1048.4943806912374
2025-11-16,6+18,53675.32619864239,2864.7748403692667,4419.629630147789,1449.010299806606,60959.73066915944,6015.453903663454,eval,0.4615349206349207,0.0635267857142857,344.85306536227256,959.544669149261
2025-11-17,6+18,51411.54899515187,4233.617665317137,5093.724764750799,1680.6158252959217,60738.8914252198,6607.162782695649,eval,0.4606952380952381,0.05684841269841269,184.4996211467641,468.09796795547226
2025-11-18,6+18,55440.47564465049,2050.797865853237,7650.170612871383,2482.9604766526386,65141.44412337511,9234.291333900512,eval,0.46103280423280424,0.06468005952380954,80.79822297665679,224.69978490595176
2025-11-19,6+18,54191.990881970996,6739.638278662554,2312.1101764687724,426.941828710603,63243.73933710232,7922.997867281905,eval,0.46063968253968257,0.06670198412698414,553.983682673615,1853.5021497338353
2025-11-20,6+18,53449.37278386114,3030.3635071544004,9044.170264305001,2231.355449847232,65523.90655532054,8981.472523767285,eval,0.46346666666666664,0.05850625000000001,356.56930318473013,1178.9645756555262
2025-11-21,6+18,14955.831822613358,0.0,733.1853525640927,223.59088101978153,15689.01717517745,8662.847930736134,eval,0.46209841269841256,0.13399265873015873,141.71762573923817,337.61963686269553
2025-11-22,6+18,15975.769278677817,771.9398531345306,710.4918385235817,242.2426081208337,17458.200970335933,8375.129749322823,eval,0.46219735449735455,0.1311862103174603,338.6638312989647,525.6074596167593
2025-11-23,6+18,54788.06326921935,4015.065278055366,7279.113575727974,2334.148971349532,66082.24212300268,6461.334346646816,eval,0.45973544973544966,0.06318144841269842,81.43516125180655,378.06255614483206
2025-11-24,6+18,53682.92952544426,3593.8288248000254,9702.524584076684,2291.773308206942,66979.28293432097,6148.556398741609,eval,0.4625015873015874,0.054399503968253965,576.8263095725051,1722.6250795701792
2025-11-25,6+18,64012.47554091477,-164.95072393579068,2680.8661024913026,677.2839170925432,66528.39091947029,7183.984471485361,eval,0.4619539682539682,0.056656845238095235,357.7485098692262,1333.506104236309
2025-11-26,6+18,58222.38688647139,5178.628685520542,3977.94599469251,869.382501840269,67378.96156668443,8035.332909321483,eval,0.4626455026455026,0.06532896825396824,126.26472564767919,489.937758027719
2025-11-27,6+18,57532.15226956243,6328.029095111794,318.19040790046694,108.20375983934105,64178.37177257469,10299.808103383284,eval,0.45713968253968246,0.062066666666666666,763.6339022263658,2540.395477422359
2025-11-28,6+18,14140.032589891605,376.2978702761409,1221.3547874636292,362.60225527461876,15737.685247631376,7242.778629649567,eval,0.4560730158730159,0.13732946428571427,446.7353341341733,857.1418733021374
2025-11-29,6+18,19665.855494153482,609.4061862244417,822.330866539807,261.12877898778737,21097.59254691773,7387.615608685076,eval,0.4545058201058201,0.12166140873015872,251.16220558781401,534.3171736907209
2025-11-30,6+18,60519.16410080081,7098.921172396334,5125.7797623902115,1006.2471322104644,72743.86503558735,9238.90417458234,eval,0.45394126984126987,0.06886468253968255,612.5453451851989,2056.888021074249
2025-12-01,6+18,64668.7726017928,1473.2751170046863,25775.7555068944,4777.899653816014,91917.8032256919,5515.444416428354,eval,0.4505227513227513,0.1323813492063492,517.4377920637676,2387.6940365433866
2025-12-02,6+18,72885.9756653825,1004.3875868205057,18260.859846275358,4183.984659950993,92151.22309847837,6438.803746345486,eval,0.4569164021164021,0.12814613095238092,319.1526849136168,1137.9469989936024
2025-12-03,6+18,64045.58661575769,9041.346358890836,7965.831829881687,1775.2404485072545,81052.76480453022,7898.20750040059,eval,0.46221216931216935,0.11173720238095235,48.322222863277794,227.9127049405553
2025-12-04,6+18,73545.06928341274,780.8870865972196,14929.24998019612,3176.72338642506,89255.20635020608,9545.032936217678,eval,0.4702380952380953,0.0942796626984127,314.55123773528396,1012.7777955021623
2025-12-05,6+18,19097.542221595795,2408.882706155867,5519.744013717327,1839.2661429067725,27026.16894146899,9396.689743409228,eval,0.47731164021164024,0.10771666666666667,159.5966977489232,356.69040555997424
2025-12-06,6+18,21779.002919566494,2721.912914766772,1105.4720217711508,426.7083977712656,25606.38785610442,9348.713822198268,eval,0.4833714285714286,0.10884325396825396,376.1658017622875,942.4301741141693
2025-12-07,6+18,75738.94443124667,-2157.07263611822,7782.236494765971,2098.1902315564903,81364.10828989442,9849.671482524685,eval,0.4903153439153439,0.06802946428571427,433.55343454360974,1305.7876776014673
2025-12-08,6+18,75802.44151124055,542.2448462560408,0.0,0.0,76344.6863574966,10800.0,eval,0.496173544973545,0.05379761904761906,111.80577633230546,343.4243924685298
2025-12-09,6+18,71032.57554835887,171.28083095651903,902.3925068929616,137.74372246418736,72106.24888620836,9179.20371376026,eval,0.496521164021164,0.05510982142857143,112.9517478236721,611.5541312253441
2025-12-10,6+18,70703.87439725918,6353.109177817492,5085.965048943379,870.9306350315389,82142.94862402005,9691.902006097143,eval,0.4952375661375661,0.06404900793650793,399.67506358320645,1779.8083747687172
2025-12-11,6+18,72156.17606860606,-869.548053119184,3094.0994094547123,845.3873787354521,74380.72742494158,10146.013084479357,eval,0.4942121693121693,0.04928015873015874,528.4640256630626,1654.9111542736596
2025-12-12,6+18,21668.23429476478,1663.055203046149,864.6874611890888,239.5618572955078,24195.976959000018,7601.829761918496,eval,0.49145978835978843,0.13132857142857143,215.70901242369737,589.7697331541276
2025-12-13,6+18,24286.62665409971,2091.707246945564,517.7240598990729,236.8893969253114,26896.057960944345,7646.5630969828935,eval,0.4895846560846561,0.12623511904761905,239.85914350151432,510.19040669879786
2025-12-14,6+18,68365.16751735861,6884.704422393424,6734.182307763932,1540.7451346255002,81984.05424751596,9987.594529865786,eval,0.4907513227513227,0.06661597222222222,606.2359536948945,2172.036804333058
2025-12-15,6+18,66984.12667179608,6697.157939181378,8340.43984782039,2268.0890915632294,82021.72445879785,9139.961549971767,eval,0.4903571428571428,0.061336805555555554,64.19090013580194,241.8979842970501
2025-12-16,6+18,75285.37101028996,828.0129663986189,2289.8378926458845,624.6031133462925,78403.22186933446,10116.27793902134,eval,0.48649470899470904,0.05366517857142857,183.50147504203713,711.973053162571
2025-12-17,6+18,73534.0980074173,-1200.942074347672,4644.169378722995,1255.1238586555928,76977.32531179262,9959.18357897293,eval,0.4864359788359788,0.052521428571428566,243.51098824423758,709.03612411841
2025-12-18,6+18,71744.98289310254,3210.054633750984,968.414440604443,288.5977230517834,75923.45196745796,10569.165510539018,eval,0.48681428571428575,0.05642847222222221,164.81178420495328,472.5289426365466
2025-12-19,6+18,21121.447945295644,1356.2220331526971,2836.5731267093493,1213.9736754649775,25314.243105157693,9243.838756020696,eval,0.48897142857142856,0.1354359126984127,56.677285212716846,114.74308084079287
2025-12-20,6+18,25325.966811004444,-1708.570297187509,2.76543232757831e-13,1.1368683772161603e-13,23617.396513816937,7295.079126400781,eval,0.4908185185185184,0.14118660714285713,267.94507170381075,668.1756715551646
2025-12-21,6+18,75133.580333793,-127.84798992521814,13364.674729708111,2748.850700049259,88370.4070735759,7619.9639339523765,eval,0.4902714285714285,0.05431170634920634,412.23842708292995,1078.0642583123845
2025-12-22,6+18,70477.281139224,2195.8101442830252,12712.8904912828,3253.202937588961,85385.98177478982,9251.681408485569,eval,0.48987248677248674,0.06379097222222223,125.06075693870605,600.6225250116206
2025-12-23,6+18,72681.94721551087,-1574.0541079620964,7724.685413273206,2074.733737509686,78832.57852082197,8872.224679236058,eval,0.4938910052910052,0.05630486111111109,259.0573798197666,1102.4173733304767
2025-12-24,6+18,71475.79685958463,284.9291574791789,7200.977451501018,2122.665189430319,78961.70346856484,9520.522400837255,eval,0.4959301587301587,0.05388878968253969,65.12865853493074,275.49877730785727
2025-12-25,6+18,66812.62036159568,2467.014906731142,12657.848111316773,3295.0510408734667,81937.48337964359,7919.2863683294745,eval,0.4942253968253968,0.05970595238095236,136.76200521470724,712.4643322167376
2025-12-26,6+18,22831.233411666202,3241.140571083325,1326.6006147786275,575.742401484356,27398.974597528155,9903.016295433557,eval,0.4937931216931216,0.13421190476190475,130.91132650252743,407.57242991733966
2025-12-27,6+18,21183.114887433676,408.6786469327369,4644.724999677837,2058.096917317081,26236.51853404425,8305.224540682693,eval,0.4959148148148149,0.1369892857142857,433.79127495640705,1024.2088714122428
2025-12-28,6+18,67374.90495667787,2803.3099264634347,8666.677869788105,1945.1381264144852,78844.89275292942,7996.32417762616,eval,0.4923862433862433,0.05129265873015873,587.3328059420768,2406.2272321313826
2025-12-29,6+18,67067.69886594896,8110.814760169134,8598.470991284936,1601.6227080063281,83776.98461740302,10570.788541309472,eval,0.493610052910053,0.051714186507936515,362.4810544906719,1999.5546708159752
2025-12-30,6+18,66524.59230446268,4076.9845879275367,2182.479471939554,556.9223013103037,72784.05636432978,8404.106872618744,eval,0.49164021164021166,0.0504875,290.9901632649359,1114.786111257124
2025-12-31,6+18,72808.91836606349,1700.7870653140656,3457.845484431611,729.6055647047325,77967.55091580917,9468.095520895313,eval,0.4900629629629629,0.06042886904761905,355.5203457925554,1646.8259611455655
2025-01-01,12+18,0.0,0.0,432888.7998430083,92035.17001666666,432888.7998430083,6000.0,init,0.0,0.0,0.0,0.0
2025-01-02,12+18,78170.43012215814,1354.9954710377785,7934.024479149996,1710.0565333333338,87459.45007234592,10654.339575,init,0.5328444444444443,0.038234027777777777,0.0,0.0
2025-01-03,12+18,56581.11496452577,-114.29579195502671,0.0,0.0,56466.819172570744,10800.0,init,0.5308481481481482,0.18821631944444445,0.0,0.0
2025-01-04,12+18,22661.323636313762,595.1996494101544,7659.5191603322855,2980.814534979421,30916.042446056203,10556.64123,init,0.4977197530864197,0.13456041666666665,0.0,0.0
2025-01-05,12+18,29536.489350514756,1979.358479019532,222130.00038735472,44399.254458230454,253645.84821688902,9185.410364999998,init,0.47875925925925933,0.09554913194444446,0.0,0.0
2025-01-06,12+18,74298.61283238907,527.0694802379405,14843.675977275036,2746.2684000000118,89669.35828990205,10718.956319999998,init,0.4920933333333334,0.08167111111111112,0.0,0.0
2025-01-07,12+18,70906.5168276184,4794.816960367357,19186.155138025068,3690.5044333333567,94887.48892601082,10710.055154999998,init,0.4989623456790123,0.06666828703703703,0.0,0.0
2025-01-08,12+18,77447.28852588077,-2024.8148540119319,13067.339749031325,2696.2596673333323,88489.81342090016,10757.449425000003,init,0.500173015873016,0.04950793650793652,0.0,0.0
2025-01-09,12+18,70476.65945150494,3564.874697724635,15163.661387291995,2959.987983333429,89205.19553652157,10747.30257,init,0.4981608465608466,0.05736785714285713,0.0,0.0
2025-01-10,12+18,58718.21292861934,-1679.9425225693262,0.0,0.0,57038.27040605001,10800.0,init,0.4987703703703703,0.13991765873015874,0.0,0.0
2025-01-11,12+18,22238.07230175298,786.0529184017522,6515.009563742846,2375.734323456819,29539.134783897578,10399.662464999998,init,0.4961656084656085,0.1352948412698413,0.0,0.0
2025-01-12,12+18,31141.352784053597,348.3565441420468,220928.86894677888,43537.8657855967,252418.5782749745,9087.386535,init,0.4964333333333332,0.06021696428571429,0.0,0.0
2025-01-13,12+18,73693.39580417331,-679.6802315605995,9060.316324408323,1905.9447833333318,82074.03189702104,10597.352669999998,init,0.49465661375661374,0.05179861111111111,0.0,0.0
2025-01-14,12+18,71179.69803181337,268.0650245942953,15282.06467465829,2933.8583333333245,86729.82773106596,10640.392049999999,init,0.4953925925925925,0.054164980158730155,0.0,0.0
2025-01-15,12+18,68555.97584692828,4909.794949133059,14249.533805200095,2776.7963666666988,87715.30460126145,10753.904564999999,init,0.4971100529100528,0.05923402777777777,0.0,0.0
2025-01-16,12+18,70524.47407278704,-435.3509352647265,17393.243855778222,2858.6730358971367,87482.36699330053,10603.443857407408,init,0.497957671957672,0.05244037698412697,6.738667635593292e-13,2.2021178910778683e-12
2025-01-17,12+18,24273.232394435574,-504.19767055392026,1704.0841224279955,630.5525993175855,25473.118846309648,10675.469989022953,init,0.4971534391534391,0.14103988095238093,7.389644451905042e-13,2.6256998353346713e-12
2025-01-18,12+18,25807.269217147274,-1262.2951346569084,2552.8945136055327,916.2153916314672,27097.868596095897,10675.336917505883,init,0.499037037037037,0.14380089285714287,-2.0008883439004431e-13,1.698217602097429e-12
2025-01-19,12+18,69268.84741315311,2290.2562305041365,6687.706827357384,1167.2495188381467,78246.81047101463,10150.034995493934,init,0.5005740740740742,0.05702936507936508,-2.842170943040401e-15,-2.847428959285025e-14
2025-01-20,12+18,71195.89712158348,-632.1676461265293,12819.936795123143,2623.5270572001873,83383.66627058008,10542.534879398532,init,0.501367724867725,0.05355873015873015,7.561505194301856,34.75446885314284
2025-01-21,12+18,69934.66316507972,-1244.1696399382058,1562.8027466363558,461.139789506154,70253.29627177787,10634.18264703298,init,0.5010121693121693,0.044362301587301596,8.557465630856528,42.173916762131974
2025-01-22,12+18,71767.3476428742,-464.75559201614436,2864.52876694299,509.4605172192749,74167.12081780106,9674.284074264766,init,0.5011037037037036,0.0640277777777778,178.21338438140964,714.5964113123875
2025-01-23,12+18,71489.74791687277,-919.1653849368747,22607.376789462214,4148.269272829477,93177.95932139811,9753.859058193644,init,0.5011021164021164,0.06664623015873015,2.424620835751398,5.45132317475067
2025-01-24,12+18,20166.09822304424,210.03171676667915,6111.743662596181,1846.5621701675325,26487.8736024071,10199.614800400583,init,0.501778835978836,0.14937162698412695,18.63135170767797,55.88979817217917
2025-01-25,12+18,19882.88420640896,275.79060965280274,2836.382528760944,1373.1414490222305,22995.057344822704,10350.17093640347,init,0.5026534391534392,0.15257132936507936,59.31427668125897,156.8988100860325
2025-01-26,12+18,76309.9233993653,-1976.682288881327,858.1470974917056,214.48067241077933,75191.38820797567,9988.097487024197,init,0.49998359788359786,0.06394434523809525,57.20556801402222,221.39772751057535
2025-01-27,12+18,66437.76585627106,575.3682294407052,4613.597638998975,1150.4583385157955,71626.73172471074,10324.404402176398,init,0.49859841269841276,0.046439880952380955,75.01710845173474,291.9579335998012
2025-01-28,12+18,70092.51676257972,-723.5449047374309,4046.9055318994306,954.5337327286878,73415.87738974173,10258.786398690721,init,0.49627883597883604,0.058983531746031756,155.88208598102605,836.6917301855594
2025-01-29,12+18,63015.057103496925,-244.13617675273713,4430.46313842363,1068.4401854733146,67201.38406516782,10575.910623799871,init,0.49819894179894175,0.0435561507936508,95.61807513952803,394.1257894282585
2025-01-30,12+18,63704.33000103744,2693.1223657476116,2551.1405053550375,683.9589181334713,68948.59287214009,10315.93086783008,init,0.49724074074074076,0.055001884920634916,188.8786083352071,722.2797578860352
2025-01-31,12+18,18882.973771472796,541.9881374618515,3343.3144728921916,1422.482542585533,22768.27638182684,10574.882478499878,init,0.49715238095238096,0.1351202380952381,103.94614569683968,245.30584305353392
2025-02-01,12+18,19497.37773505713,-750.8272502902929,736.9617210328997,428.8571377481317,19483.512205799736,10657.770723038013,calibration,0.49730952380952387,0.1951779761904762,77.63543020659424,184.18441660611933
2025-02-02,12+18,63605.62407140469,-894.5756411165828,0.0,0.0,62711.0484302881,10708.562985131814,calibration,0.49425608465608467,0.057532539682539685,79.1313544368222,223.18236207692013
2025-02-03,12+18,66211.34087990469,-1448.3698756911222,2029.730548585503,526.2284893992932,66792.70155279906,10687.65581157463,calibration,0.49102910052910054,0.05969831349206348,209.03437588095275,987.7506884219838
2025-02-04,12+18,70157.93159603192,-2578.3097038923174,1753.2307691788387,412.99564222906116,69332.85266131845,10730.847113837914,calibration,0.48829100529100533,0.05257599206349204,89.38549775678914,330.7049415301414
2025-02-05,12+18,61104.235989444984,-910.4493006884184,8854.532131289188,1804.314860831841,69048.31882004575,9527.418286018212,calibration,0.48388835978835976,0.052722519841269834,119.50062544654963,528.6964588744925
2025-02-06,12+18,66362.49921301467,-2445.1117808856934,5500.185062275903,1374.3299828857207,69417.57249440489,9768.742536204973,calibration,0.48334126984126985,0.05190386904761904,140.1870500996443,588.513839245403
2025-02-07,12+18,18357.69746899572,-752.3346020521836,431.8503756104625,141.83536759503897,18037.213242554,9586.418424803467,calibration,0.4790539682539683,0.1538861111111111,97.29324631564143,199.53395656664708
2025-02-08,12+18,14808.31965955041,523.5263145610998,7267.322476980242,2730.971294482985,22599.168451091755,9830.374410339753,calibration,0.47338730158730163,0.1459512896825397,53.147409424299305,116.99828772840787
2025-02-09,12+18,61688.69184362404,-255.4364456724695,2545.7394159903997,563.4187480016179,63978.994813941965,9405.426480970902,calibration,0.47297566137566144,0.058759722222222206,285.70195521619576,1055.6636372747437
2025-02-10,12+18,55314.23989340312,-562.095820216469,2632.094666709916,682.9560170124422,57384.238739896566,9462.473334255812,calibration,0.4722402116402117,0.03834414682539684,307.1596916506972,1163.8670419840032
2025-02-11,12+18,57598.84089802095,-2303.979750822602,12821.109957898705,2501.93772576229,68115.97110509705,8217.270110964584,calibration,0.4720507936507936,0.04770833333333334,110.40778477582174,439.47380436594904
2025-02-12,12+18,59073.64798744256,-1335.955477748543,5580.753435511795,1272.8181034433549,63318.44594520581,8828.967849671304,calibration,0.4733280423280424,0.04982857142857143,150.53079888562095,586.3322197011632
2025-02-13,12+18,54070.40207802673,-14.784794497171362,3070.4891592861304,853.2313286051517,57126.10644281569,9755.89345304088,calibration,0.4705460317460317,0.04360505952380952,265.75603849368116,933.5273474869376
2025-02-14,12+18,14805.935259047608,713.3342633749912,2610.75565352489,1329.0649040085443,18130.02517594749,9824.545218813302,calibration,0.47089947089947093,0.14283492063492062,127.69827255518108,287.40884896488376
2025-02-15,12+18,15575.023126277178,-0.15561329950417147,1892.4045283396297,501.359129051509,17467.2720413173,9737.770601213124,calibration,0.4718179894179894,0.13493888888888889,279.41898380055034,531.6706710574621
2025-02-16,12+18,59719.51955869833,-2122.674948299886,6444.712564704387,1537.0209847095093,64041.55717510283,9785.86451340098,calibration,0.4736047619047618,0.06151706349206349,323.3441699050501,1183.4893264498805
2025-02-17,12+18,58141.2516981728,-1990.8653216236382,2660.3758407016035,854.1402055470951,58810.76221725076,9595.60250485878,calibration,0.47256455026455013,0.051036805555555564,200.19197565110193,734.6219243635136
2025-02-18,12+18,51026.07310184452,368.21849836328374,6858.893055707587,2037.502135364868,58253.18465591539,10128.602041296914,calibration,0.47414814814814815,0.05028849206349206,59.07383484670297,157.41505491249399
2025-02-19,12+18,50849.354399217395,1559.1974888202765,9137.774141319645,1820.2365260319962,61546.32602935731,9602.162356548584,calibration,0.4713571428571428,0.05365218253968255,223.0886430931485,740.400202171567
2025-02-20,12+18,54815.44791091135,-1243.4180803041017,2584.4531963158206,793.0671790159539,56156.48302692307,9988.05512769409,calibration,0.47265978835978834,0.055220932539682556,154.16138491099795,583.1502358144508
2025-02-21,12+18,14778.445196402954,69.01931615705631,1798.1816516387062,1158.8301968692094,16645.64616419872,10042.745959452168,calibration,0.473063492063492,0.14571785714285715,40.90278207064193,85.47796381653575
2025-02-22,12+18,15264.138535418879,73.53746282695141,679.0034025148336,152.4041754998785,16016.679400760664,10343.629189550484,calibration,0.47281587301587313,0.12959176587301588,84.40914813028964,201.3047460771644
2025-02-23,12+18,52734.11386191637,-1724.3173746486793,13367.067695803862,2685.7787874493188,64376.86418307155,9389.958474744202,calibration,0.4718915343915344,0.053621428571428584,258.36859228637786,1083.367569042318
2025-02-24,12+18,51122.16959897011,-852.3869809206353,6823.013786262844,2306.1169156994647,57092.79640431232,9789.521728039294,calibration,0.47184973544973535,0.04930882936507937,337.3763420391313,1134.0170507392081
2025-02-25,12+18,51543.738923593235,-1482.689860130718,2461.810165087859,934.1237958286955,52522.85922855038,9475.612575333374,calibration,0.470436507936508,0.041781547619047614,130.2046710956419,390.2910120372304
2025-02-26,12+18,47194.36045856755,1743.798185510048,11079.906432003545,2454.5947071086257,60018.06507608115,10697.815345543575,calibration,0.47081111111111107,0.05066349206349207,57.32083049406617,165.04902461111436
2025-02-27,12+18,45624.46538944502,350.67332598552366,7837.779151542821,2617.0199274943293,53812.91786697336,9919.675452743955,calibration,0.471189417989418,0.04860396825396824,388.9016633419568,988.9487749217855
2025-02-28,12+18,14172.90612350472,-141.07636679046146,2148.0639263496732,888.3838024169536,16179.893683063932,10343.424558411829,calibration,0.47052751322751324,0.13722271825396823,35.640984556324995,69.19403592311288
2025-03-01,12+18,15558.753406727712,-100.2100056452187,32.7095700119234,11.425339087793262,15491.252971094416,10046.062195577499,calibration,0.4690243386243387,0.13950486111111113,96.82062696153125,133.3003798806307
2025-03-02,12+18,55006.39279829808,-793.303926668607,2145.9354020731053,481.2538859144031,56359.02427370258,10246.662641794712,calibration,0.4657164021164021,0.06790456349206347,190.13004790931006,720.3175989503113
2025-03-03,12+18,56498.2269604975,-1509.119099964656,2059.898960132765,524.570001457158,57049.00682066561,9886.26094377534,calibration,0.4645825396825396,0.06589791666666667,95.55516800576655,301.32494190861314
2025-03-04,12+18,49565.64788912259,-545.0328801509804,8447.008888114406,2556.0018237836657,57467.623897086014,9460.158881460335,calibration,0.46330582010582017,0.05184285714285715,149.32360345837975,501.2056679129863
2025-03-05,12+18,48942.992997539775,-1704.3648968563227,6685.76915645773,1855.355129310973,53924.39725714119,9674.964066754295,calibration,0.46334708994708995,0.04629742063492062,163.17005895108815,567.5070558653129
2025-03-06,12+18,44823.689633788716,-309.25262056696135,15261.114474524005,3653.993973006618,59775.55148774576,10011.688135795477,calibration,0.458679365079365,0.04774156746031746,467.45726878354634,1686.4630790810813
2025-03-07,12+18,13890.640497799373,-328.6712287775995,354.1787415508984,114.76226156485207,13916.148010572673,10501.060616487768,calibration,0.45631587301587295,0.1406079365079365,111.28478509767751,222.95966223677496
2025-03-08,12+18,12919.129067262771,-76.9722282851505,2839.596727518911,874.8314766379594,15681.75356649653,10627.496198539466,calibration,0.4559460317460317,0.15116150793650796,34.31791216433642,89.39525749902502
2025-03-09,12+18,44703.71802645627,-987.5910530193762,10745.926612726551,2622.500403925887,54462.05358616344,10180.499552060624,calibration,0.45648359788359794,0.04534335317460317,255.49014126389457,712.8701087487949
2025-03-10,12+18,45888.951180740856,174.9061993390082,16020.89003266766,3733.2399511095055,62084.74741274752,10127.530704546192,calibration,0.45693015873015874,0.06240009920634922,41.88482298096408,108.80982107441721
2025-03-11,12+18,39321.06897075168,993.3238922641417,27022.172461872557,7363.393981490946,67336.56532488838,10037.49441366942,calibration,0.4566465608465608,0.05405089285714286,122.71935327760623,338.933104368561
2025-03-12,12+18,46488.79115563062,-1608.0307347505318,4336.040682840031,1422.7584446119092,49216.80110372012,10423.017198306374,calibration,0.45587671957671955,0.048841567460317474,371.29081664739675,1103.10081520108
2025-03-13,12+18,46777.91992653607,1457.5289115070686,2137.1136320991845,546.6662200018418,50372.56247014233,9797.999719660256,calibration,0.4563804232804233,0.0678621031746032,165.54775206936864,417.1889212678473
2025-03-14,12+18,12724.101642930493,-115.10984720783243,1169.656412714616,719.6752419981474,13778.648208437276,10274.82392454131,calibration,0.45648571428571433,0.14629573412698413,100.27399390155327,178.7111843100747
2025-03-15,12+18,12956.935786307697,178.93360969830732,1540.474581756916,639.7843597107357,14676.343977762921,10031.553597849028,calibration,0.4549883597883598,0.13138422619047618,187.77789592818309,342.2914037152733
2025-03-16,12+18,43507.43041220378,-684.3014435631636,12338.860711254594,3371.4607863693645,55161.98967989521,10052.134388547718,calibration,0.45557248677248685,0.0531282738095238,409.9021621249145,1232.9790291294137
2025-03-17,12+18,40139.80459827949,-146.58451495998514,1768.5346027316357,656.1555426126831,41761.754686051136,10155.499212594357,calibration,0.45470052910052905,0.03631359126984128,166.43087171989652,423.40810091164667
2025-03-18,12+18,48479.25310908896,-1488.530294228805,1252.5717548353048,430.9416116825442,48243.29456969546,10095.13745542193,calibration,0.45277989417989417,0.048267757936507935,237.0375079790344,588.8026377095209
2025-03-19,12+18,37259.88379423879,2758.670083675691,13644.130003960287,3781.414569988531,53662.68388187477,10221.711629032592,calibration,0.4518751322751323,0.04881170634920636,208.83838386577636,537.9470875612053
2025-03-20,12+18,43595.21524217501,-1896.0380125757988,15695.261205833645,3929.5014765520873,57394.43843543285,9902.618678141365,calibration,0.4522597883597884,0.056766964285714275,299.3662671422786,820.3926949546164
2025-03-21,12+18,12055.710352477061,-62.51907841118436,3461.081868493411,1060.6841973833166,15454.273142559288,10174.331369926394,calibration,0.4530079365079365,0.1536701388888889,19.40842752548366,35.69306368033506
2025-03-22,12+18,13164.953685411932,-182.7025449975884,358.38390682183524,181.52614208769597,13340.63504723618,10565.60497172475,calibration,0.45365873015873015,0.13372331349206348,40.90094612399464,78.10399904054293
2025-03-23,12+18,42869.67677663451,-1527.8036357714168,2424.064173891208,923.5300051897627,43765.9373147543,10226.99436605534,calibration,0.452205291005291,0.05060575396825398,53.71925510522632,156.39110900662095
2025-03-24,12+18,40169.58531946449,103.0345682662001,4241.366540920454,1698.8888151117394,44513.986428651144,10074.742608572382,calibration,0.45250634920634913,0.05461378968253968,141.62405097230095,328.6925902848429
2025-03-25,12+18,46208.25962121487,-1882.8534259141184,1362.0849053140307,575.568982064909,45687.49110061479,9889.688474540077,calibration,0.45285026455026456,0.0572953373015873,350.6234059420646,1218.6079002010315
2025-03-26,12+18,39299.85707005841,-1229.4177264747357,14196.003626485814,3941.303796552203,52266.44297006949,10749.800886085228,calibration,0.45108095238095236,0.047057440476190475,158.43024796859316,351.1287788716019
2025-03-27,12+18,41502.47719645206,-939.3701452966953,1843.1466080686123,638.9658130941136,42406.253659223985,10190.016553140797,calibration,0.4509153439153438,0.05638541666666666,112.84651876662072,284.4116131307143
2025-03-28,12+18,12654.944561750268,24.931689787308912,0.0,0.0,12679.876251537577,10315.614479212418,calibration,0.449647619047619,0.13822063492063494,93.89075154531515,183.1279381044615
2025-03-29,12+18,11839.614406057159,-78.3453002246466,820.5211938871844,256.83849366756374,12581.790299719698,9626.895284395438,calibration,0.450710582010582,0.15139275793650792,60.9367888061096,123.0172343767002
2025-03-30,12+18,39788.545926093175,-1108.4782564267837,4045.1573191076104,1327.957400174541,42725.224988774,10343.474867798941,calibration,0.4536047619047619,0.049554464285714285,320.85605881943076,826.2864209656394
2025-03-31,12+18,34812.84679839821,1721.2767003527983,15995.38202828544,4717.485226151686,52529.505527036454,10510.639146743571,calibration,0.45265873015873015,0.05669087301587302,276.21877720753446,796.0841616456507
2025-04-01,12+18,44286.00030887703,-686.0758633609036,3060.754191359961,1123.4929221622788,46660.678636876095,10604.379920501617,eval,0.4515280423280424,0.0719405753968254,383.69356739219614,1185.4773626143597
2025-04-02,12+18,42090.97026197842,-333.51228761932174,2426.551443276572,765.3588719079681,44184.00941763567,10566.830635356773,eval,0.45426084656084664,0.06762728174603175,135.167633838109,346.4651859513633
2025-04-03,12+18,42895.44528601518,-1212.3404064861945,809.7863141094799,396.2675034490785,42492.89119363846,10606.620513024682,eval,0.4561820105820106,0.06061577380952383,608.9953931823686,1474.7983866502386
2025-04-04,12+18,10988.192926025931,-6.666284123745367,1070.8012141278487,323.5267884753367,12052.327856030035,10119.201369121443,eval,0.45736878306878304,0.14913710317460319,37.4433261163731,77.69462798088696
2025-04-05,12+18,11698.394179442997,-83.26600255595514,398.6187484939551,176.06853346626897,12013.746925380998,10091.374750900897,eval,0.4554814814814816,0.1311729166666667,103.55581721337049,198.97930303710274
2025-04-06,12+18,40103.27516113032,-278.002893627619,764.1572632327004,392.77413069983845,40589.4295307354,10165.501056043568,eval,0.45346243386243396,0.04986498015873016,174.90702312537937,502.0111904551459
2025-04-07,12+18,34552.25948052129,1858.38028155992,2516.819074043021,978.0932857224728,38927.45883612423,10735.327386024645,eval,0.4558476190476191,0.05191001984126983,99.94643854886019,222.30436056324743
2025-04-08,12+18,39504.84174400113,-1194.9615294327564,987.3190963648226,449.9327676502382,39297.199310933196,10187.30922155084,eval,0.45664920634920636,0.050626984126984124,731.0555981403334,2110.849985129734
2025-04-09,12+18,38871.41203086791,-522.4487772825745,13853.928821313071,4290.126182783272,52202.89207489841,10633.509671705891,eval,0.4555074074074074,0.06723720238095238,247.0990172774249,688.5704009227316
2025-04-10,12+18,38740.49468253284,-913.976274359118,1616.0887377890565,448.1457115298928,39442.60714596277,10395.775973026535,eval,0.45338412698412706,0.05992212301587301,585.8093935644673,1585.0457336920197
2025-04-11,12+18,10743.435040915963,-54.26872938613139,2607.4321139993103,811.5489355463269,13296.598425529142,10072.481293921946,eval,0.4523375661375661,0.15134126984126983,50.62080502922673,96.03040178521294
2025-04-12,12+18,11693.304501416793,-110.22160640434478,134.01036188005807,46.103566030695454,11717.093256892507,10455.249267089333,eval,0.45481058201058205,0.13979117063492064,34.3119751770669,63.01693189278226
2025-04-13,12+18,35164.93093069403,675.3648451419062,3427.5290369574286,1326.2013980891643,39267.82481279336,10154.474298041148,eval,0.45294973544973555,0.059799702380952384,222.77477458695358,500.7700870446277
2025-04-14,12+18,38181.80777053693,-1881.2534804929498,5212.686522355237,2155.9566554967105,41513.24081239921,10207.266094609431,eval,0.45337301587301587,0.05116130952380953,433.8582555848995,1161.721731177324
2025-04-15,12+18,33243.552387823634,144.58866273643667,3535.963726490071,1383.8396154531804,36924.10477705015,10800.0,eval,0.4556465608465607,0.04900436507936509,259.3761112368726,530.8110540032984
2025-04-16,12+18,37039.16212073421,49.0143036864927,4158.900413024367,1444.0792901586224,41247.07683744507,10060.40873195044,eval,0.4550328042328041,0.06689652777777777,189.95154835689652,546.2870650878183
2025-04-17,12+18,34219.227737007954,-625.3587818030386,15649.5666848344,4787.619313070629,49243.435640039315,10264.705830551342,eval,0.4568486772486773,0.05517619047619049,493.0763265268224,1051.7107928149383
2025-04-18,12+18,10445.489339603042,95.91016134620602,1941.754369404205,623.2208318788715,12483.153870353453,10800.0,eval,0.45714232804232807,0.13584444444444443,65.11754098352313,122.69717181849849
2025-04-19,12+18,10431.118888302422,64.50396171080872,66.41634936702285,56.420765779024464,10562.039199380253,10050.377376331524,eval,0.4573312169312169,0.13859573412698412,89.85497072506519,184.44791295027218
2025-04-20,12+18,34366.388979902855,1270.3421528654178,8011.321404870709,1970.5806734609378,43648.05253763898,10328.698741614204,eval,0.4606984126984128,0.053529960317460316,39.857264096752,103.39995723956864
2025-04-21,12+18,35080.122298738235,-1077.8566390621552,2719.6410363698064,1107.6879873792222,36721.90669604589,9863.037884431697,eval,0.45873597883597883,0.04580932539682539,36.239304751997004,72.94998753483473
2025-04-22,12+18,32820.81897877808,2900.4784748771044,5282.533144290161,1826.602050968561,41003.83059794534,10402.512856354317,eval,0.4576507936507937,0.060242261904761896,365.1164828139934,978.2848423931904
2025-04-23,12+18,31834.611313167214,2268.099308750775,7004.174888966165,2000.4468124766972,41106.88551088415,10537.46818109232,eval,0.45945925925925923,0.05768124999999999,170.23523135910213,429.23385972190937
2025-04-24,12+18,31954.158384235554,1312.8379291502665,3366.8334186739476,1563.271480320696,36633.82973205976,9902.544537673528,eval,0.4612582010582011,0.0493328373015873,75.5134677680301,208.2649633425915
2025-04-25,12+18,9977.232315017896,-42.985254547561524,1786.2899825158067,553.888782226256,11720.537042986141,10437.642139885085,eval,0.46247142857142853,0.15006011904761907,53.4363006721176,149.0499635025581
2025-04-26,12+18,10489.926158695169,228.73891611631154,1135.8071408458923,369.90009571640127,11854.472215657373,10451.291336869452,eval,0.4604343915343916,0.15092718253968254,153.58564493601034,292.6845919535126
2025-04-27,12+18,31673.185632628523,235.82053386926725,9795.06327342691,2342.0911355221483,41704.0694399247,10445.48429135662,eval,0.4590957671957673,0.05493998015873017,185.3654343743654,402.54958691298225
2025-04-28,12+18,37598.54139463065,12.156535641283924,6414.140846529512,2246.3352205910505,44024.83877680144,10602.62845922503,eval,0.45826455026455026,0.08564384920634921,239.60257509118372,736.7162989156875
2025-04-29,12+18,30942.183324968264,646.0892668504326,9442.76923605345,2567.620197064217,41031.04182787215,10487.793243812568,eval,0.45860052910052906,0.04940337301587302,176.5928266480119,354.7290013691136
2025-04-30,12+18,30651.812839678343,212.27934522916945,15161.58734105374,4731.267991797206,46025.679525961255,10621.557995027757,eval,0.45716137566137566,0.05083402777777778,222.9700119997,545.0079425835538
2025-05-01,12+18,33197.80748352394,-206.28435954594914,21135.925780308324,4288.430603926804,54127.44890428631,9128.606085672076,eval,0.4539862433862434,0.07086815476190475,204.8017304123229,432.0546351646587
2025-05-02,12+18,11945.792881434358,0.0,8293.568324179927,2627.186775400577,20239.361205614285,9150.019864474578,eval,0.4527296296296297,0.09780684523809523,104.21359353820117,255.69521140557293
2025-05-03,12+18,11383.705770195898,-1.524377817187205,6858.535601718266,1748.6092986128237,18240.716994096976,9320.764074068198,eval,0.455978306878307,0.12078948412698412,177.33520966497915,344.64840996694113
2025-05-04,12+18,35305.32183902574,-952.5825910347351,10540.167051831235,2431.791343097314,44892.906299822236,9108.116082603592,eval,0.4565640211640212,0.05533789682539682,70.3109724337548,196.4285511573328
2025-05-05,12+18,36467.46355584652,158.36947726572953,12326.732946270571,3425.835206381634,48952.56597938282,9301.697025773643,eval,0.45834021164021166,0.06813918650793653,120.54099807527686,253.6370817568355
2025-05-06,12+18,33275.20987582305,1370.5532465506192,19737.064444922493,4380.81589937896,54382.82756729616,8526.783627886054,eval,0.45842804232804224,0.06247103174603175,62.390241857914496,151.13462130235524
2025-05-07,12+18,37010.60957782144,854.6179811682789,11999.24995501272,3211.9917359441056,49864.477514002436,8965.401396945641,eval,0.4613322751322752,0.062067956349206366,386.0244853078516,863.1265646728552
2025-05-08,12+18,37793.97029813675,224.74052116242734,6760.510889757239,2518.29383232063,44779.22170905642,8307.972602121861,eval,0.4637100529100529,0.0629389880952381,579.470059707671,1499.4175024651122
2025-05-09,12+18,12883.45952617674,69.47107680413094,1712.6496013391677,552.3863860260884,14665.58020432004,9404.512863604788,eval,0.4640820105820106,0.13854603174603175,67.5180188582354,121.74183063938365
2025-05-10,12+18,13370.781341521528,16.85979451745999,203.0152372999999,123.72339999999993,13590.656373338988,8438.474859758939,eval,0.4621883597883598,0.12751894841269842,131.71573661939505,511.1924478954672
2025-05-11,12+18,38367.42432211996,356.98043286539223,7120.87167394314,2721.2755964871417,45845.27642892849,7026.105742616578,eval,0.46208465608465604,0.061195833333333324,421.1469021496834,1247.1731361203051
2025-05-12,12+18,34443.56332531883,3654.535767262318,5974.641709772644,1573.7051735966734,44072.740802353794,8476.097854405958,eval,0.46352222222222217,0.05152638888888889,268.3107949217113,728.655604220867
2025-05-13,12+18,38092.4544072436,918.4256921710178,1704.4688481804767,721.490147283668,40715.34894759509,8020.900566432056,eval,0.4644613756613757,0.058716666666666674,376.43155821427155,869.2169766661394
2025-05-14,12+18,35875.024811120755,45.99295728940664,14279.657450522023,4441.476515546652,50200.675218932185,7682.451845860668,eval,0.4616857142857144,0.04893948412698413,831.4333630612584,1960.2270474958598
2025-05-15,12+18,37170.38728720718,183.40381758844194,14695.392900072588,4866.436431359606,52049.184004868206,8207.644004306057,eval,0.45981428571428573,0.05462807539682538,377.1135683079495,882.2457729782584
2025-05-16,12+18,10601.339728741668,-246.6865120326836,2550.4575732288986,956.9902681928036,12905.110789937884,4427.585227330954,eval,0.4595153439153439,0.15624176587301586,54.6494888040785,88.69058053856999
2025-05-17,12+18,11942.14510345268,-2.2510339682434335,2258.512157004934,754.7870135545666,14198.406226489371,4929.420326851291,eval,0.45778253968253957,0.12560763888888887,37.008788925606304,83.43837735007881
2025-05-18,12+18,37483.88162731033,-846.1006374778585,8309.822031793026,3162.6305289132015,44947.603021625495,4747.585920040328,eval,0.45744920634920627,0.05614077380952382,259.18230876169866,635.844898477256
2025-05-19,12+18,35676.26344581449,-690.3837979678144,2835.1563502256076,1434.2352551811991,37821.035998072286,4821.600821124902,eval,0.4556920634920636,0.04694136904761906,335.93653412368315,702.1615615827943
2025-05-20,12+18,34609.58377864065,1981.5458533265999,13014.779406466096,3958.0586807490627,49605.90903843334,5067.8711726313195,eval,0.45464550264550263,0.06721289682539683,775.2053864414281,2071.3324563306346
2025-05-21,12+18,34959.503936908164,954.3215743669841,17054.149060073614,5412.667285264137,52967.974571348765,8220.555519328916,eval,0.45527037037037027,0.05793978174603176,89.76586602748336,244.36379209508132
2025-05-22,12+18,33889.43285153853,697.3154978672161,7432.132375849832,2793.807155435088,42018.88072525558,6578.0290053350955,eval,0.457268253968254,0.05686339285714285,180.93507351423153,463.90744929807715
2025-05-23,12+18,12139.7696081823,68.94555183561455,2655.902464197053,1108.628389703687,14864.617624214969,8508.751992936117,eval,0.45737830687830694,0.1360205357142857,193.82846673308987,657.9969253859172
2025-05-24,12+18,12571.476630388619,-48.486775932288225,1965.6168836420113,679.6770221365265,14488.606738098342,8910.389088371994,eval,0.46061111111111114,0.14165763888888888,158.8199369731366,460.58949002472417
2025-05-25,12+18,35631.220491310974,-433.7530467672532,2869.14444782796,1184.9180909227161,38066.61189237168,8961.721475162336,eval,0.46305661375661383,0.05378878968253967,466.65485147003085,994.3990289724358
2025-05-26,12+18,34034.36035391288,1676.9580507899987,15814.387803983522,4499.05095741853,51525.7062086864,9096.52348928102,eval,0.4629507936507937,0.06794087301587301,105.83156243266235,369.20161799002614
2025-05-27,12+18,33845.837591140036,683.4684751459702,5253.939751622211,1760.6184898801548,39783.24581790822,9045.035896123445,eval,0.4636439153439153,0.05648501984126983,340.01140990210075,914.0760071873486
2025-05-28,12+18,36194.0098570031,-373.8969652067772,5613.479831476629,2190.2861322465897,41433.59272327295,8512.544024691246,eval,0.4635322751322751,0.06529027777777777,425.44001379426743,1132.8205921318697
2025-05-29,12+18,34753.833069229724,868.7146224938917,9383.777428939107,3357.9304628081527,45006.325120662725,8448.507966020625,eval,0.46291746031746034,0.07312767857142857,297.2341364223099,664.2051960368494
2025-05-30,12+18,12288.707394220159,-11.66320373164502,3391.06160221305,1107.1546691363883,15668.105792701564,9410.130425610443,eval,0.46268571428571426,0.13248045634920633,45.65260411863312,91.74730020713491
2025-05-31,12+18,11770.355948719065,-187.43143126303983,781.0659489004529,261.3156417070328,12363.990466356478,7808.414240296187,eval,0.46082857142857137,0.12931041666666665,152.64636914447982,274.2455603025908
2025-06-01,12+18,51505.06607042928,-1327.2738678438386,28388.389137726066,5867.328341023067,78566.18134031151,5118.399261696021,eval,0.4579656084656084,0.12338293650793651,174.80097889877734,533.3107039278113
2025-06-02,12+18,53466.31361000224,-1640.0189312599257,20271.658497241988,4382.161865918514,72097.9531759843,5963.909230248931,eval,0.4640201058201059,0.10458065476190476,234.14300302806436,568.6120146930683
2025-06-03,12+18,46631.79208491124,-251.6532978167565,17611.768784932923,4316.338275498154,63991.907572027405,4012.1788584652663,eval,0.4677211640211639,0.09143849206349206,449.1955253924413,1357.2983503526596
2025-06-04,12+18,59952.63698621192,-2035.5072498720685,3770.7396312832466,1369.2793309134374,61687.8693676231,4858.024209506992,eval,0.4732343915343915,0.08982579365079364,547.3725191444762,1621.0511515989406
2025-06-05,12+18,52468.30257624334,1670.3384990535528,11679.543437193013,2442.8331618982547,65818.18451248991,3744.521984995774,eval,0.47868888888888894,0.09041875000000002,132.33105412773833,416.443259067647
2025-06-06,12+18,15213.880325067095,131.33338914181442,14662.816885197393,3570.0402906147256,30008.030599406302,1225.1198701201927,eval,0.4831148148148148,0.09393392857142857,280.1732839645415,560.4915225916567
2025-06-07,12+18,19361.744967697596,187.7554223813321,8317.401802160402,2540.267046740457,27866.90219223933,2170.143011289335,eval,0.488226455026455,0.10546755952380953,405.06091624556507,817.2844421131903
2025-06-08,12+18,49638.52818921114,2918.774737181786,4596.431397590155,1631.2158119474232,57153.73432398307,3512.0515997152343,eval,0.4940502645502645,0.041805952380952374,144.86544557912663,384.7583672758477
2025-06-09,12+18,56745.12308275792,-512.3875361296309,1394.9536554276997,583.6637922558447,57627.68920205599,4445.551033370396,eval,0.49194285714285707,0.059196924603174605,146.78579647242572,407.6163879954123
2025-06-10,12+18,53370.71920886752,595.1521322362062,10452.731256422841,3090.9470315361186,64418.60259752657,4891.524056514144,eval,0.49467671957671955,0.054851289682539675,114.00309593762661,297.45385011249545
2025-06-11,12+18,53993.35902851135,-772.6214645795893,18044.177036233727,5499.951997781445,71264.91460016549,2949.5332355647897,eval,0.4949894179894179,0.07027430555555556,446.52758320037884,1362.5290964948358
2025-06-12,12+18,55050.422480687426,541.0008233840358,7703.96602721947,2255.2403473179475,63295.38933129093,4408.545116672313,eval,0.493605291005291,0.06014662698412698,77.8210618049907,266.6994312418595
2025-06-13,12+18,21801.927564876347,-399.8722870530583,1229.2181547934385,604.2996134905324,22631.273432616726,5891.12897279837,eval,0.4940063492063491,0.12945714285714283,59.28374753952039,132.22459914534244
2025-06-14,12+18,20663.376043413962,-181.11195147932892,964.4128284842053,314.232921820338,21446.67692041884,5301.11830818465,eval,0.49208888888888885,0.133205753968254,81.9334615273294,393.0700836070287
2025-06-15,12+18,48821.98654504292,479.520116485709,21220.94436724885,6404.220463735917,70522.45102877748,3071.091769037479,eval,0.491184656084656,0.05559444444444445,220.0553845364318,617.2714499497937
2025-06-16,12+18,54122.481674883216,-820.3126440663482,24796.57139818667,6138.381371859095,78098.74042900353,3831.758002674446,eval,0.4913518518518519,0.05662182539682539,196.8272510789539,553.479362480038
2025-06-17,12+18,53950.32843721601,51.681227797193515,20667.96110354794,4963.079509973884,74669.97076856115,3311.0837033731173,eval,0.4900539682539682,0.060974305555555545,347.9205872613951,1090.9243711321888
2025-06-18,12+18,53924.04387454689,-1126.5198940444366,11359.507823566752,3419.597639676568,64157.03180406921,3096.4966553415634,eval,0.4900798941798941,0.05118859126984127,909.9366616810179,3098.1197065993424
2025-06-19,12+18,51939.435964470904,1926.8497436813427,1450.427098515172,615.9193908552197,55316.71280666742,4029.162755118909,eval,0.48885185185185176,0.045914384920634904,270.3988258353269,681.5840616239295
2025-06-20,12+18,17545.865119719805,-304.51784271346133,1782.2474940758714,595.1802963427521,19023.59477108222,2962.0759107319036,eval,0.4883619047619047,0.14658918650793654,144.47052516627576,308.85497511409875
2025-06-21,12+18,17320.505636598362,-27.79790968078913,3131.967545262655,1320.4503425758976,20424.675272180226,3588.865825986737,eval,0.48837142857142857,0.15586805555555555,165.73980525609454,315.97349465999804
2025-06-22,12+18,48518.94302444734,2166.6815336098794,5998.0981415894075,1976.6464628810133,56683.72269964663,3230.3134424025166,eval,0.4900412698412698,0.052723710317460336,203.9855446085259,672.029223131238
2025-06-23,12+18,51221.344322783865,-820.132652046613,9753.37779862259,2984.4851741119933,60154.589469359846,2580.080958673486,eval,0.4902835978835978,0.051532738095238104,232.3687077465714,707.6900021545229
2025-06-24,12+18,59549.23912298205,-1194.0620062900018,16324.608035960826,3625.952120597604,74679.78515265287,3130.64256890707,eval,0.4880671957671958,0.08572896825396824,830.7389839572421,3084.612922072633
2025-06-25,12+18,51083.98958847457,2001.7929446505543,5324.36767985571,1722.3513913031472,58410.150212980836,3922.901374300056,eval,0.48677460317460314,0.06070049603174605,371.3989497758716,1177.4500031235177
2025-06-26,12+18,48180.05525158295,370.04400762558964,11471.931640636925,3697.809194201148,60022.030899845464,1923.6857394441365,eval,0.4849857142857144,0.05231666666666668,538.5172505218186,1569.7425847826087
2025-06-27,12+18,16706.055436176408,-34.58082555249834,1399.9797212986114,560.7306944970511,18071.454331922523,2200.8731917370583,eval,0.4852132275132275,0.1529569444444444,110.55798311669575,222.9532770631544
2025-06-28,12+18,17294.64307842251,-1.439503896989713,4009.973533493003,1650.5249013796524,21303.17710801852,3199.197004758308,eval,0.48595238095238097,0.13287559523809525,93.66469114959753,203.49146235186907
2025-06-29,12+18,50264.652492033056,4479.24794973146,2759.576604505234,759.0790284037882,57503.477046269756,4248.824076752304,eval,0.48521375661375665,0.06161785714285714,314.1384669997153,1106.7796398989187
2025-06-30,12+18,50556.90364218473,716.0350757047255,7354.897940371009,2251.7800884613553,58627.836658260465,4444.037113083906,eval,0.4843613756613756,0.05708224206349207,653.1970027851276,2064.200916685252
2025-07-01,12+18,47214.84833180039,2587.963042397916,56631.98551572513,15146.968116453263,106434.79688992344,1200.0,eval,0.4844359788359787,0.13195694444444445,466.1288223552262,1527.842553026708
2025-07-02,12+18,61339.08281840832,-1215.6006394839305,13174.3384700065,4698.909307563323,73297.8206489309,4061.396493570529,eval,0.4933005291005291,0.11039176587301588,128.0144661895437,451.9793928509372
2025-07-03,12+18,65220.52934137987,38.33089824160909,8970.921689146577,2741.496280745109,74229.78192876806,3685.612161358326,eval,0.5060111111111111,0.12684484126984127,490.78794173027836,1671.8953446275023
2025-07-04,12+18,21872.07085804701,831.2049016215345,10087.600483546063,3863.1390223178632,32790.8762432146,2215.796482818839,eval,0.5153592592592592,0.11194771825396825,182.0796610449965,899.4425465641123
2025-07-05,12+18,22785.042658087077,160.70454985635214,11024.220294109815,4681.686890187015,33969.967502053245,2733.8399750484414,eval,0.5274714285714286,0.11839930555555557,366.5020433439238,821.3275343643642
2025-07-06,12+18,65438.81379888381,1864.7354341933517,25029.78090674731,6066.284982852439,92333.33013982448,5761.487773153783,eval,0.5372047619047619,0.08999910714285714,1472.0218419890975,5461.344454762347
2025-07-07,12+18,65095.030402289136,-244.53664240938866,10945.097231848196,2609.526061602354,75795.59099172795,7120.636154934091,eval,0.5473555555555555,0.05812222222222222,412.3105021496791,1118.9098906834104
2025-07-08,12+18,70944.50574844202,1086.0594937605692,812.4577733587353,198.751481957733,72843.02301556132,8608.461170328164,eval,0.5587777777777778,0.058243452380952396,214.5259793422202,614.0430397763807
2025-07-09,12+18,62823.42070924427,-1444.8527723114007,1871.3420766623542,542.4910862087795,63249.91001359522,4230.884035847766,eval,0.5591915343915345,0.05439107142857144,306.14454626318513,913.74244885517
2025-07-10,12+18,62814.72101773811,-1207.0524075396038,16877.549013376385,4458.246861388268,78485.21762357489,4382.9427916191335,eval,0.5586772486772488,0.054364880952380935,1161.1656828288785,3773.512971497722
2025-07-11,12+18,29379.090946809774,-437.36706502070143,1388.330482311777,481.58292219947805,30330.054364100848,4754.93306946987,eval,0.5597227513227513,0.12057708333333335,211.18923730787174,419.2854658524172
2025-07-12,12+18,28415.86260761742,2013.9246179157922,499.4535338201117,328.2578213143024,30929.240759353324,5114.933980574538,eval,0.5568894179894179,0.13618839285714288,159.65461250694847,549.6629168432544
2025-07-13,12+18,60579.73370294832,-811.9974755155471,4406.363375429607,1890.255644891753,64174.09960286238,3093.6435130982586,eval,0.5542185185185184,0.041224206349206344,428.1159492222964,977.3917567811031
2025-07-14,12+18,55890.926286829905,438.63522149734786,5115.610671474605,1702.863445427667,61445.172179801855,1959.5412473823524,eval,0.553584656084656,0.05352638888888888,173.20400503952465,451.8418034572831
2025-07-15,12+18,62594.09132680455,-818.9219229026556,6041.3962541260025,1831.162034597311,67816.56565802789,4348.328881117896,eval,0.5519074074074074,0.056671230158730164,151.6417520361379,672.1879022101147
2025-07-16,12+18,58202.569983268884,-221.9825361922483,10014.988811118836,3124.16820130009,67995.57625819548,2210.7266870582953,eval,0.5508962962962963,0.060499603174603185,398.8292679702181,1113.5388019691286
2025-07-17,12+18,56726.93675020688,2959.616230787685,12545.425378274322,3231.607289007965,72231.97835926889,2254.9786679347712,eval,0.5489566137566136,0.06076279761904762,137.01693610267247,406.30252419176156
2025-07-18,12+18,24168.190744927244,469.0824833925808,3167.144492079029,1062.9646447218859,27804.41772039885,2552.8208156799387,eval,0.5480772486772486,0.12729186507936507,115.06020128865029,286.5995492017685
2025-07-19,12+18,26480.39509378859,-580.3447379306073,2230.6819790302457,710.7291902057922,28130.732334888227,3709.4480307534645,eval,0.5443116402116402,0.14050218253968252,326.21952148173,1191.8668082675647
2025-07-20,12+18,57305.2451379023,1052.4762064231381,10378.401561033781,3189.7441146018955,68736.12290535923,2896.4258224386817,eval,0.54460582010582,0.052711309523809514,428.21508254169686,1349.8476910984707
2025-07-21,12+18,62968.01621635612,-1124.2502850179585,12649.643008113391,3671.5833252959883,74493.40893945155,3316.221557299679,eval,0.5451343915343916,0.060835912698412695,1458.4260107416696,4743.645430624187
2025-07-22,12+18,58007.17733282481,-299.8196959421023,17869.739087060818,4798.28381279815,75577.09672394353,2233.26814759645,eval,0.545147619047619,0.06037936507936507,182.7800146170585,513.3553075491083
2025-07-23,12+18,66042.97879183674,-2337.7608791356556,1579.0311474920686,587.8324106885053,65284.24906019315,2345.5732664182015,eval,0.5449640211640212,0.05883283730158731,79.988398513971,193.1843162110352
2025-07-24,12+18,65834.7914290831,-1607.2130807467686,3450.1921914083923,1202.8181052314535,67677.77053974471,3838.854339739596,eval,0.5448121693121694,0.06357916666666667,841.0026366438005,2670.7847543181324
2025-07-25,12+18,23390.074772796826,641.8314968725251,1404.6937387985624,673.9238635033768,25436.600008467914,3581.7377458676538,eval,0.5435994708994709,0.1443975198412698,229.2652316085176,953.0775769838922
2025-07-26,12+18,23651.17164590527,318.07223358715214,1547.1508061645384,480.88341429393756,25516.39468565696,2876.470018995911,eval,0.5449671957671959,0.13273253968253967,282.1108571902216,668.2401220310185
2025-07-27,12+18,59553.660383673414,741.4178841716673,9039.093198011422,2896.9461533252797,69334.1714658565,4198.649502313453,eval,0.5453116402116402,0.05910079365079368,441.6330689006198,1075.9730262727007
2025-07-28,12+18,59187.034060415666,1663.1369812259704,18523.23441180885,4343.354716056658,79373.40545345048,2081.352206663841,eval,0.5448328042328042,0.07113144841269842,99.88250911868515,280.4098793069053
2025-07-29,12+18,61889.88152549066,-395.3288882638405,21210.370510400782,5837.425612982788,82704.9231476276,4192.815310070545,eval,0.5418460317460319,0.06545148809523808,551.3090012635657,1745.7142384057322
2025-07-30,12+18,52814.99526746315,6712.58682669322,20938.660583165638,5527.955305987814,80466.242677322,2066.7674291014923,eval,0.5421238095238096,0.060412301587301584,120.00378474776801,290.6968881747705
2025-07-31,12+18,57277.963495639626,2179.9520349015443,21240.98312878427,4949.106304852876,80698.89865932544,1663.7113179046482,eval,0.54485291005291,0.06224007936507936,393.33767793951574,1234.6640910192498
2025-08-01,12+18,23599.48602088464,-327.51141863126884,2851.0454245769106,970.4484000063279,26123.020026830283,2885.744010873062,eval,0.5448312169312168,0.15951646825396829,164.83911523264794,825.0764877630445
2025-08-02,12+18,23240.949999861856,26.665609817291667,1884.1848105624106,623.4248082622953,25151.80042024156,3522.461504734145,eval,0.5471201058201057,0.1623127976190476,115.20049710644855,310.6228066370655
2025-08-03,12+18,48641.71577637896,113.83192364904659,17949.84752826394,4922.047007809349,66705.39522829195,1957.135039064838,eval,0.5456243386243386,0.038464781746031754,284.22988106955336,657.4157455846318
2025-08-04,12+18,53744.301522834015,-802.2890824766878,15963.99006560059,4771.063407883854,68906.00250595792,3257.689973406337,eval,0.5430841269841269,0.04194801587301587,307.2259559017245,710.9423693334257
2025-08-05,12+18,51219.88226276651,252.4852777956477,16744.277189906734,5344.333392123355,68216.64473046889,2932.686767383807,eval,0.5429597883597884,0.04200029761904763,309.8602866457084,808.3216017448005
2025-08-06,12+18,58171.990401769865,-1178.631398079339,16917.420905140658,4326.438123994672,73910.77990883117,2621.1299492100097,eval,0.5435121693121694,0.05984315476190478,195.67946969130224,488.46303377916485
2025-08-07,12+18,58083.51337080952,-1776.6389971529043,7655.561760940137,2295.4859317385453,63962.436134596755,2533.002845856498,eval,0.5399597883597883,0.04719950396825397,12.939078068936828,39.660568965345654
2025-08-08,12+18,23073.22184470929,-350.9538904711665,2878.724915174628,888.5043628818164,25600.992869412752,2986.2399670651585,eval,0.539568253968254,0.15493184523809525,96.74150021197192,425.00550612193075
2025-08-09,12+18,22626.75736255265,28.185613511440366,2611.789847344581,806.3745069546911,25266.73282340867,2630.3139617930638,eval,0.5350746031746032,0.13665803571428572,44.73258231127882,94.84332756690179
2025-08-10,12+18,55523.29979056308,-1938.5241791800818,18160.775914791295,5504.319009250839,71745.5515261743,3120.7992905480896,eval,0.5341761904761904,0.06310555555555557,647.5207307259964,1670.0398936536262
2025-08-11,12+18,49321.76919694684,1895.8037628582324,6990.135145113694,1951.2696511869217,58207.70810491877,2482.1678007275636,eval,0.5368137566137566,0.06005694444444444,923.0732262763884,2648.5317211034217
2025-08-12,12+18,58065.76823823851,-1676.2980495920056,10708.046296862281,3210.069947912308,67097.5164855088,2666.3591211210137,eval,0.534441798941799,0.07173214285714286,179.95572215042225,897.511291737045
2025-08-13,12+18,50813.10352580358,2267.2773033999315,12154.21739015389,3519.7310864144197,65234.5982193574,2222.3037732459625,eval,0.5319222222222222,0.0647202380952381,219.04868397841256,554.4312638902527
2025-08-14,12+18,53579.8659525849,-29.831606170412414,17543.32914584487,4595.271206769174,71093.36349225936,2105.3649176418185,eval,0.5337687830687832,0.06522271825396825,319.1865151728908,753.6954997300645
2025-08-15,12+18,23036.37619848942,-222.56861235478584,3502.80920698328,1033.7458925689677,26316.616793117915,2325.0589799324734,eval,0.5322592592592593,0.1402267857142857,210.83582454562733,792.2506490696272
2025-08-16,12+18,23731.022715333354,-919.1360234877994,4098.973629784105,1286.4613312858623,26910.860321629658,1475.5869753873199,eval,0.5321359788359789,0.1459686507936508,80.2307454622684,171.61092688737094
2025-08-17,12+18,56470.364124792,-634.2577902553116,6710.885770647808,1945.422526395346,62546.9921051845,3753.0214393846472,eval,0.532784126984127,0.05481686507936509,366.5415853257888,844.6323019038236
2025-08-18,12+18,51894.334725511595,121.35668991228215,10845.713457624519,3451.32812813885,62861.40487304839,2207.502985053664,eval,0.5283423280423281,0.059799702380952384,149.5473423538994,338.5534625657854
2025-08-19,12+18,50758.67641532296,869.3073803898465,10950.592899548403,3387.5814757024136,62578.5766952612,1702.0069867367524,eval,0.5330116402116403,0.053927380952380956,549.0217218992641,1466.7595638918237
2025-08-20,12+18,60218.40493470438,-1639.7231770263622,18342.013494136554,4664.570062041123,76920.69525181457,3133.7692420182634,eval,0.534589947089947,0.07831785714285716,194.16560793415195,640.6761852832215
2025-08-21,12+18,53495.19509145886,-742.6605909145885,7700.0881068051485,2759.3356181597155,60452.62260734942,1574.0994500516858,eval,0.5333031746031747,0.05832400793650795,602.1519242833014,1576.7426552118072
2025-08-22,12+18,23629.017910548777,-208.14293060039248,5447.247411274529,1876.445110828553,28868.122391222914,2931.355999790264,eval,0.534010052910053,0.13174890873015874,836.797371823351,2641.4731943572524
2025-08-23,12+18,22905.126952474093,694.2871244406274,2028.9482100445039,648.3565188161298,25628.362286959222,3990.9365601932404,eval,0.5386126984126984,0.13412797619047623,305.48694974075136,842.6906230820019
2025-08-24,12+18,53093.389663518945,325.9758284634627,14852.528954936552,4113.986703903893,68271.89444691896,3824.091122753961,eval,0.5376772486772485,0.05130654761904762,206.3552875050797,558.6521049449733
2025-08-25,12+18,67334.27458182114,-3856.036077492359,1665.4387628599586,469.8775604098903,65143.67726718874,4080.142783110114,eval,0.539321164021164,0.06873551587301588,317.29605206085307,804.6102012861531
2025-08-26,12+18,52486.71189717956,-340.4355379729691,15654.363857798238,5028.2383390602545,67800.64021700482,3164.846898966413,eval,0.5367968253968255,0.0552484126984127,185.8815588879503,739.1375161118684
2025-08-27,12+18,53313.469447893556,2013.8044199628057,6426.617220254214,2083.528007546328,61753.89108811058,2512.2928669271387,eval,0.5329015873015873,0.06640932539682538,300.6005697000504,884.5995959079986
2025-08-28,12+18,52224.70600658402,3966.4899672185475,20411.520798966794,5175.082821455216,76602.71677276936,2511.7734352722646,eval,0.5276857142857142,0.07400505952380951,748.3305882594451,2557.6202360737216
2025-08-29,12+18,24455.75975876104,-242.13095988625886,4182.67688504714,1293.2396926021183,28396.30568392192,3620.584243042569,eval,0.5254931216931216,0.13391428571428574,237.23404558609997,768.5876697040235
2025-08-30,12+18,22964.310617730436,-409.7097242533723,1843.9343729081963,597.4580857970524,24398.53526638526,1954.556297866483,eval,0.5221100529100529,0.1447313492063492,178.57997843038478,511.8301599578305
2025-08-31,12+18,53581.518298968906,-1264.9007974679596,22187.177112133097,5807.3910146701,74503.79461363403,2478.3026987472463,eval,0.5222767195767196,0.05793521825396827,561.0568275468704,1574.2956901923264
2025-09-01,12+18,51513.47688072991,206.51317923703732,390.1961833970027,189.7379933853648,52110.186243363954,6661.392001106309,eval,0.5190936507936508,0.0746608134920635,625.8619837934343,1729.852873111725
2025-09-02,12+18,42372.49673014326,789.6687230980186,8862.802512419436,2528.9550860223326,52024.96796566072,5904.0280382038945,eval,0.5097936507936507,0.06440228174603176,306.93097540486315,622.7965402043825
2025-09-03,12+18,39732.35128368403,-231.12812719250212,7211.223327237474,2542.8688919746537,46712.446483729,4221.140457481139,eval,0.5022063492063492,0.056388194444444456,214.6432723262793,840.1742211918748
2025-09-04,12+18,40289.03513267156,-830.5843161001724,16056.117921110806,4035.8751769040455,55514.56873768219,3114.251124568009,eval,0.49613544973544976,0.05663809523809524,322.18939335136423,831.2292403788831
2025-09-05,12+18,18760.96818129262,-627.256947449567,2197.6157864844176,728.7571723929553,20331.32702032747,5901.181714442606,eval,0.4847788359788359,0.18270644841269842,218.79214594068713,539.0004484181742
2025-09-06,12+18,20070.67078940276,-818.0480084227643,0.0,0.0,19252.622780979997,7737.011688313671,eval,0.4751486772486771,0.16088849206349207,143.8653563198255,373.6399510301115
2025-09-07,12+18,38403.9884660931,-874.7458413082361,16923.232636716628,4753.978984084139,54452.47526150149,6076.425107614568,eval,0.46505132275132277,0.05513392857142856,274.84156675579237,1047.650257519365
2025-09-08,12+18,42051.05812215016,104.7221009858934,10144.39970382288,2712.3412432874575,52300.17992695894,5482.25628930134,eval,0.4547777777777778,0.07713531746031747,54.41060274164694,115.33273002415267
2025-09-09,12+18,36674.40158252609,842.839726818599,18886.442288782047,4842.9169709840535,56403.683598126736,3532.972824661667,eval,0.4537338624338624,0.05490009920634921,103.55709336030739,314.7999113756062
2025-09-10,12+18,43377.387795833536,811.057556515196,11941.06282582405,2852.427321411212,56129.50817817278,3236.4344337506245,eval,0.45248624338624344,0.08075823412698412,361.44666524587194,889.1597465308639
2025-09-11,12+18,44815.40413718194,-2446.843425946655,19787.75495686594,4543.598977980644,62156.31566810123,5018.648394807324,eval,0.4536740740740741,0.05342291666666665,277.108428058546,592.0793027942409
2025-09-12,12+18,16437.833926943407,304.9143033271738,1005.7477814720398,390.7434075943186,17748.49601174262,7079.329390285392,eval,0.4556820105820106,0.13119454365079364,69.67189160083963,159.85495033640643
2025-09-13,12+18,15207.984605945541,-76.78400013043405,544.799799457342,170.9990716855944,15676.000405272449,6332.6364281544575,eval,0.4548952380952382,0.1423347222222222,329.89508692196125,1030.871009532873
2025-09-14,12+18,46123.53521746214,-171.1121085747351,1261.6518958347035,528.471493791622,47214.0750047221,5186.5768744832685,eval,0.45539894179894175,0.06920803571428571,182.54597273975136,415.1623289805666
2025-09-15,12+18,40424.02941586975,230.67320738555213,18985.54080141462,4776.020343610839,59640.24342466993,5796.7612481417045,eval,0.4588497354497355,0.053628869047619064,218.93055050393622,733.474110560531
2025-09-16,12+18,47054.2941649207,-1718.4980275319936,9484.780249946663,2262.6521798588337,54820.57638733537,5299.654848234066,eval,0.4610449735449734,0.07089543650793652,282.07345759998003,675.481093833922
2025-09-17,12+18,44644.20574620749,-881.0276728064271,15390.259846926132,4823.6209130765355,59153.4379203272,5721.297205389351,eval,0.4610513227513227,0.06790843253968254,92.01898719989202,249.0004629184994
2025-09-18,12+18,41275.521819507834,413.10864679280985,20032.169031872254,5020.560110860634,61720.7994981729,6207.271889023367,eval,0.4600402116402116,0.0625863095238095,428.79825765060366,879.9231916228446
2025-09-19,12+18,15147.022397122775,-95.97540432734887,2786.3679951352055,1161.3923219610137,17837.41498793063,5784.703830000719,eval,0.4592555555555555,0.12201220238095238,56.810473117062884,134.0083642630188
2025-09-20,12+18,14678.876572092075,-201.06700738205524,2882.130680431585,891.3555312721498,17359.940245141606,5003.479600976097,eval,0.4596407407407407,0.13063968253968256,114.09528632839593,256.7985219471519
2025-09-21,12+18,44274.81589629648,-831.7050546635928,5225.815896707375,1626.40848675094,48668.92673834026,4067.31406238068,eval,0.45711111111111113,0.0577920634920635,609.2469411352382,1793.887918246922
2025-09-22,12+18,47075.37284394495,-2425.912687879672,12762.990078063758,3793.183303783482,57412.450234129035,3751.3063782998806,eval,0.45738201058201056,0.06337777777777778,479.17788359506585,1180.2051391320979
2025-09-23,12+18,46792.007410715814,-1028.4914745237306,10867.239706387794,3959.8156130210805,56630.755642579876,5641.646360638992,eval,0.45644285714285715,0.06235724206349205,231.72968976790702,663.7552819359909
2025-09-24,12+18,41904.6662276745,621.5475303116864,20205.25121763678,5822.738128050992,62731.46497562296,5580.968593462348,eval,0.45619894179894177,0.05537301587301589,203.03769453768822,509.59065488584974
2025-09-25,12+18,42671.188131373885,1924.3750175932755,4192.6286134733355,1758.6954752431373,48788.191762440496,5416.9476824311605,eval,0.45510264550264545,0.05815853174603176,220.00396012768186,561.9350542237108
2025-09-26,12+18,14962.926064282103,-20.98051427434717,845.560687669441,301.3476693271476,15787.506237677197,5663.135860167629,eval,0.4564396825396825,0.1317858134920635,163.51709708705465,309.449233582763
2025-09-27,12+18,15713.017936253334,-73.65128230636248,5514.156821602752,2005.8225306053137,21153.523475549722,5279.232701040985,eval,0.4554481481481481,0.12588640873015872,73.00993142089023,141.44423896832623
2025-09-28,12+18,47188.65388330433,-105.256955973658,16143.831247151258,4250.963318088142,63227.228174481934,7124.983977209586,eval,0.4580169312169314,0.06590555555555555,175.79445508777548,597.6836314579452
2025-09-29,12+18,45946.180572646685,-1760.6255963035342,15832.884463397573,4399.738676322967,60018.43943974072,4044.8175068340365,eval,0.45696719576719586,0.06140644841269841,499.78358631346936,1329.656300804223
2025-09-30,12+18,46830.10988587631,-1124.3462452242688,28560.865417985926,7243.3159058549445,74266.62905863796,3551.596596227449,eval,0.45684920634920634,0.06992966269841269,363.8501900477635,852.90090856032
2025-10-01,12+18,40742.090832294954,-922.4218554311615,6513.704110870953,1294.9539358082807,46333.37308773475,6102.366696077307,eval,0.45616772486772483,0.039295039682539695,763.0908442890803,1734.499538101933
2025-10-02,12+18,44629.46935330228,-1721.885100715433,2.599431595459238,1.1762133916104638,42910.18368418231,7364.6707648569545,eval,0.4568978835978835,0.032451984126984135,160.96528783208404,469.0673610678924
2025-10-03,12+18,13470.937486201263,-137.24783377770893,178.2361070503626,58.21620109318842,13511.925759473917,8728.573618508664,eval,0.4547063492063491,0.16259980158730158,70.71200405075476,130.25582962245886
2025-10-04,12+18,15133.460484519375,-126.00759734299554,0.0,0.0,15007.45288717638,10209.284215165837,eval,0.4541507936507936,0.13008789682539681,119.01068584112991,237.61586352032137
2025-10-05,12+18,41592.853384616625,-603.7823075799711,4.536527892406314,2.772938809539312,40993.607604929064,9745.171548753331,eval,0.45254021164021163,0.04299374999999999,331.57333067424554,813.3525259532664
2025-10-06,12+18,39104.604962451886,-1.9818858702683428,13923.348144524198,3695.775497003359,53025.971221105814,8298.27575060598,eval,0.4534867724867725,0.06301359126984127,123.2948731053777,289.9298060003692
2025-10-07,12+18,41056.74002880708,45.61740141408618,15661.013089032193,4166.449575382711,56763.37051925335,9999.718441481005,eval,0.4544164021164021,0.06308789682539681,510.53389688930685,1242.564355683761
2025-10-08,12+18,35944.602788048775,-50.705340389136445,17754.41269928858,4711.001639117909,53648.31014694822,9270.033268963327,eval,0.4559920634920635,0.06135753968253969,160.1920619021252,498.1795384014804
2025-10-09,12+18,43047.85507429544,-1052.54056231566,3523.2213685929487,616.2656433577713,45518.53588057272,8561.069206314307,eval,0.4563306878306878,0.05656775793650794,546.4551603747542,1602.2410765405289
2025-10-10,12+18,13995.175186044537,-381.7859088790462,1032.072153916963,332.56737620076694,14645.461431082453,9340.809608008984,eval,0.45994656084656094,0.14748065476190475,146.94009120125625,420.6892235776277
2025-10-11,12+18,12990.10094731216,-317.05275319138735,754.8494402532391,231.13582738966062,13427.897634374012,6502.350502909478,eval,0.46068095238095247,0.12280039682539684,204.88670872478787,469.09697945036186
2025-10-12,12+18,38107.358590256714,-44.29077358953657,16629.820400185043,4028.80478332457,54692.888216852225,6752.50629843026,eval,0.461131216931217,0.06516180555555555,285.1271098841456,713.1655024217432
2025-10-13,12+18,39819.75916055233,-1018.9105326232274,14997.057371173898,4120.964299455445,53797.905999103,6111.484693578988,eval,0.45852380952380956,0.05917490079365079,308.46823193743614,752.1906669926112
2025-10-14,12+18,44280.95986612077,-1969.9110799119999,24202.37826277475,5691.909462096066,66513.42704898352,7814.127476778832,eval,0.4581238095238095,0.0689347222222222,307.6370671673117,872.0671127330563
2025-10-15,12+18,48704.76013433448,-2837.624795521158,11130.417426181079,2637.0883594590427,56997.5527649944,8851.024943104776,eval,0.45811798941798937,0.06890605158730158,1104.0821059735497,3586.277584670616
2025-10-16,12+18,45019.50265111361,-1714.1273151928535,22529.325094939355,6107.3689959164185,65834.7004308601,9503.115135411152,eval,0.45952380952380956,0.07472202380952381,159.90078352427713,578.3631789130725
2025-10-17,12+18,11554.829693953592,386.51376299972037,1043.5485982202651,322.82409069465496,12984.892055173577,5364.9500162771965,eval,0.45673597883597883,0.12654365079365076,60.17635344705078,115.47502067569128
2025-10-18,12+18,14516.480368390336,-105.56347035364814,2840.064909323036,847.953840123903,17250.981807359723,8584.974117661675,eval,0.45554232804232797,0.13748154761904763,57.901270245389426,131.86167184451318
2025-10-19,12+18,44083.65626697133,-774.5171695704505,18196.063900900088,5457.351108691039,61505.20299830097,5004.050498491001,eval,0.45466825396825394,0.07284196428571428,674.2947168909099,2029.9956563123912
2025-10-20,12+18,50264.018059795635,-1254.2726458612806,7818.016308505129,2566.1503699901486,56827.761722439485,9221.72491566004,eval,0.4561402116402116,0.0666800595238095,304.1816404106986,1007.3255137437958
2025-10-21,12+18,46973.80966773641,-1252.4486333124553,13957.987737345655,4165.377399941482,59679.348771769604,6714.495608737773,eval,0.45551640211640204,0.07285813492063492,246.23521922923373,906.746764568358
2025-10-22,12+18,48374.08031711343,-710.1541985805833,18364.789097898607,5461.328126820055,66028.71521643146,9855.6213489207,eval,0.45409947089947084,0.0655810515873016,121.54537646794037,451.7611442618062
2025-10-23,12+18,52412.95514484123,-1232.9059124327982,1198.943297260208,412.150389303065,52378.99252966864,9591.594469048176,eval,0.4519735449735449,0.05451259920634921,418.00845386085575,1496.8269173975184
2025-10-24,12+18,12687.747402135432,185.32657767700485,1037.8672610691538,384.49757544402854,13910.94124088159,6322.328390304416,eval,0.4522888888888889,0.1347780753968254,322.55328055584835,1134.2317816854386
2025-10-25,12+18,14526.067209508295,-293.91648033765824,866.2586489567823,267.8366421910112,15098.409378127419,7423.854018671784,eval,0.4535936507936509,0.1342387896825397,380.3071690138818,989.625362017399
2025-10-26,12+18,51304.663985979336,-1109.8140196671422,3018.7693418083745,952.2764675072037,53213.619308120564,6085.3378603392985,eval,0.4575264550264551,0.054311011904761904,1242.213057057141,4115.806329856725
2025-10-27,12+18,46028.152751583955,1107.3718362867037,8480.161472227222,2973.393302958216,55615.686060097876,8931.686343484096,eval,0.4582296296296296,0.05427341269841269,223.41938887781097,564.5001361089278
2025-10-28,12+18,45076.652476666975,3114.6766751957584,6918.770865147977,2859.6446383576845,55110.100017010715,10289.10306162767,eval,0.4567074074074075,0.06113462301587301,174.84398064459452,700.3171216299133
2025-10-29,12+18,47199.90219209425,-91.34928584041621,11182.231910326647,2721.730579944583,58290.78481658048,7003.100882620539,eval,0.45729100529100536,0.07460515873015873,439.6116257066904,1539.7595356451839
2025-10-30,12+18,44646.961701668166,-122.31293008106405,14740.244508478276,4881.778976085674,59264.89328006538,6565.395312243416,eval,0.4577687830687831,0.059820436507936524,224.63322767809623,714.8589463129615
2025-10-31,12+18,15544.407701606358,-48.69313056004003,2228.789690063981,655.9294584761476,17724.5042611103,9709.987600712579,eval,0.4585677248677248,0.11899275793650793,60.22944256559367,110.89616632912198
2025-11-01,12+18,14176.613796733995,-179.75525443445397,323.4662150625665,100.6401411947126,14320.324757362107,9568.868631897381,eval,0.45790529100529104,0.1355406746031746,67.13648694936185,197.2715319129974
2025-11-02,12+18,48362.761761463844,-971.7184216766373,16215.007129540587,4683.309786608795,63606.05046932779,6904.349750104063,eval,0.4531619047619047,0.06255307539682538,660.0633543121053,2120.775931610706
2025-11-03,12+18,53363.01365867051,-668.7751974577727,5842.988650913948,1726.9612436490306,58537.22711212669,9287.728628342367,eval,0.4542603174603174,0.06735009920634921,384.5297369140807,1882.264853670566
2025-11-04,12+18,48300.09597195012,-620.3946587224822,5036.855928315435,1752.1140344146982,52716.557241543065,6362.361589744986,eval,0.45506296296296295,0.05603392857142859,449.5640570059457,1184.577693486494
2025-11-05,12+18,54794.042291793616,-1509.4436967225893,9323.32636819371,2176.9537135468054,62607.92496326473,7180.010746045792,eval,0.45361693121693125,0.06390059523809523,407.1841284409244,1121.7571823264664
2025-11-06,12+18,53641.55626319008,610.2420628463589,17477.049848333376,4461.982766639874,71728.84817436982,9801.06052340108,eval,0.45272222222222225,0.07077589285714286,149.27598618228362,437.90948375507395
2025-11-07,12+18,13789.283454869164,0.0,1972.4212516512703,729.2412471481127,15761.704706520435,7990.6957914312125,eval,0.45323703703703705,0.13492529761904762,181.19612195579367,526.7791956125146
2025-11-08,12+18,15147.308229664755,821.8731027468111,0.0,0.0,15969.181332411566,8430.148586987933,eval,0.4548021164021163,0.13335863095238099,170.0257501863412,365.5292315943514
2025-11-09,12+18,53305.34942701612,65.15078719655985,7939.893267755957,2748.0918399612033,61310.39348196863,9153.125149884901,eval,0.45530687830687827,0.06452291666666667,266.8673216056067,962.6386435069455
2025-11-10,12+18,54760.306051951586,-918.4981380456015,16698.52311003455,3677.54485318298,70540.33102394054,8492.04353036269,eval,0.4539740740740741,0.07209702380952382,518.4049384865833,1743.5510946367417
2025-11-11,12+18,52676.644117954915,-310.72612774094296,619.3621194677028,196.4732968209501,52985.28010968168,6984.671930385601,eval,0.45438835978835973,0.061847321428571425,274.26791864680297,902.9518997974064
2025-11-12,12+18,53564.788977262084,-1423.279590394921,16818.232663764175,3396.869915007757,68959.74205063134,4420.130818520788,eval,0.456368783068783,0.059277876984126995,280.966838545428,789.8417661255162
2025-11-13,12+18,53784.463529449415,554.3178711670112,12069.236974301963,3597.7948304209485,66408.01837491839,8425.83581844761,eval,0.4577253968253968,0.06280228174603177,417.18369141426604,1382.5222613393948
2025-11-14,12+18,13927.092732054753,0.0,4785.83368554936,1902.976719490276,18712.92641760411,8108.336829524222,eval,0.4585322751322752,0.12905803571428573,90.29002375696169,170.16809712210997
2025-11-15,12+18,16273.81975331419,-475.10105629274943,56.920876265630284,18.404538709036864,15855.639573287071,7977.796227764773,eval,0.45841428571428566,0.13143134920634922,610.2836115555657,1051.356643580511
2025-11-16,12+18,53675.32619864239,-308.82285186378795,11889.417999775731,3903.998260329081,65255.92134655433,6015.453903663454,eval,0.4615349206349207,0.0635267857142857,344.85306536227256,959.544669149261
2025-11-17,12+18,51411.54899515187,-565.66991409206,17993.24401646632,6074.70644405032,68839.12309752613,6604.031691974533,eval,0.4606952380952381,0.05684841269841269,184.4996211467641,468.09796795547226
2025-11-18,12+18,55441.997006841986,-325.43421738277976,18722.54613861549,5010.702378166352,73839.1089280747,9291.067213458913,eval,0.46103280423280424,0.06468005952380954,80.79822297665689,224.699784905952
2025-11-19,12+18,54163.012231177265,1087.0512836507405,11846.720707534454,3160.8891549057407,67096.78422236246,7922.997867281905,eval,0.46063968253968257,0.06670198412698414,553.5289434624788,1854.4495978659634
2025-11-20,12+18,53449.37278386114,982.317931602342,15502.194023257269,3659.9687086459276,69933.88473872075,8981.472523767285,eval,0.46346666666666664,0.05850625000000001,356.56930318473013,1178.9645756555262
2025-11-21,12+18,14955.831822613358,345.9035430181719,3256.077248171369,1658.3291031271574,18557.8126138029,8662.847930736134,eval,0.46209841269841256,0.13399265873015873,141.71762573923817,337.61963686269553
2025-11-22,12+18,15975.769278677817,110.47761876938443,1940.25159616564,512.5082093690496,18026.498493612842,8507.507441406491,eval,0.46219735449735455,0.1311862103174603,338.6638312989647,525.6074596167593
2025-11-23,12+18,54726.301721546086,-1168.766674289835,20951.810648857165,5185.169381795597,74509.34569611342,6461.8223691307485,eval,0.45973544973544966,0.06318144841269842,81.43516125180652,378.0625561448319
2025-11-24,12+18,53682.66355319052,664.1801654052546,16282.271748105046,3434.7693959120347,70629.11546670082,6176.962840838932,eval,0.4625015873015874,0.054399503968253965,576.8263095725051,1722.6250795701792
2025-11-25,12+18,63999.11025623975,-2163.54021417589,3558.7928383695307,842.4812425037658,65394.36288043339,7183.984471485361,eval,0.4619539682539682,0.056656845238095235,357.74850986922627,1333.7717893717695
2025-11-26,12+18,58222.38688647139,-503.54602516686896,20460.01756192182,4169.289663156715,78178.85842322634,8035.097048053944,eval,0.4626455026455026,0.06532896825396824,126.26472564767919,489.937758027719
2025-11-27,12+18,57532.25764713541,-541.5547853248967,13897.95916721496,4015.8926957453086,70888.66202902548,9482.651422240015,eval,0.45713968253968246,0.062066666666666666,763.6339022263658,2540.395477422359
2025-11-28,12+18,14385.794691282108,0.0,3408.5618989739096,1683.7109961781885,17794.35659025602,7257.223328925249,eval,0.4560730158730159,0.13732946428571427,463.98641962497595,872.819048326711
2025-11-29,12+18,19660.32959419724,-541.1815677593281,3728.1017216211244,1124.7913504622888,22847.249748059035,7387.615608685076,eval,0.4545058201058201,0.12166140873015872,251.16220558781401,534.3171736907209
2025-11-30,12+18,60519.16410080081,1451.4877390302092,15235.329619868506,2728.21236985916,77205.98145969951,9232.180045780384,eval,0.45394126984126987,0.06886468253968255,612.5453451851989,2056.888021074249
2025-12-01,12+18,64672.48805651859,-490.003366505646,28289.69445254377,5528.234851648867,92472.1791425567,5027.719498892756,eval,0.4505227513227513,0.1323813492063492,517.4377920637676,2387.6940365433866
2025-12-02,12+18,73108.69430679404,-1375.9160495618173,21600.02470411585,4560.6593915708845,93332.80296134809,6438.803746345486,eval,0.4569164021164021,0.12814613095238092,315.26815081993874,1128.8312175687338
2025-12-03,12+18,64045.58661575769,4333.383665178938,20679.993070628578,5111.822663726531,89058.96335156521,7898.207500400588,eval,0.46221216931216935,0.11173720238095235,48.322222863277794,227.9127049405553
2025-12-04,12+18,73545.06928341274,-2256.987703929383,21154.817042529652,4228.999643739763,92442.89862201302,9583.967385409704,eval,0.4702380952380953,0.0942796626984127,314.5512377352833,1012.7777955021608
2025-12-05,12+18,19082.401046910007,-265.3886927123102,15049.12618157722,5166.35359028201,33866.13853577492,9214.976124480674,eval,0.47731164021164024,0.10771666666666667,159.5966977489232,356.69040555997424
2025-12-06,12+18,21846.479243395297,-227.78431848592925,12042.12483760812,3261.6236110067994,33660.81976251749,9330.264745084634,eval,0.4833714285714286,0.10884325396825396,376.16580176228746,942.4301741141693
2025-12-07,12+18,75747.04152620208,-1174.325709325116,3687.5166389835695,955.7295398259919,78260.23245586053,9734.98375645997,eval,0.4903153439153439,0.06802946428571427,433.55343454360974,1305.7876776014673
2025-12-08,12+18,75858.72769857697,-622.7408092861316,0.0,0.0,75235.98688929084,10800.0,eval,0.496173544973545,0.05379761904761906,111.80577633230546,343.4243924685298
2025-12-09,12+18,71032.57554835887,-62.722449479721234,660.4878885548321,95.88297128808378,71630.34098743398,9160.174137036089,eval,0.496521164021164,0.05510982142857143,112.9517478236721,611.5541312253441
2025-12-10,12+18,70713.38918562126,-252.62124703329448,14684.694030883044,2736.186032242625,85145.461969471,9690.791696305101,eval,0.4952375661375661,0.06404900793650793,399.67506358320645,1779.8083747687172
2025-12-11,12+18,72156.71703621029,-1717.4529166372731,4612.8584907842705,1182.7046963685711,75052.1226103573,10025.782003435921,eval,0.4942121693121693,0.04928015873015874,528.4640256630626,1654.9111542736596
2025-12-12,12+18,21708.538424932343,-241.22180398756328,3792.4684665156115,1282.2857454567445,25259.785087460394,7609.602942883464,eval,0.49145978835978843,0.13132857142857143,215.70901242369797,589.7697331541269
2025-12-13,12+18,24283.40525810157,-399.8313594264404,4639.619067465843,1804.122403419227,28523.192966140974,7425.567500743992,eval,0.4895846560846561,0.12623511904761905,239.66386392193886,510.22760968824423
2025-12-14,12+18,68474.01655052888,1592.864564763098,21410.440628247874,4875.645849705554,91477.32174353984,10008.528974972043,eval,0.4907513227513227,0.06661597222222222,606.4910415833406,2171.6574553829446
2025-12-15,12+18,66973.89438023802,930.8215271955733,26915.929785807126,5688.958753265258,94820.64569324072,9178.247695928832,eval,0.4903571428571428,0.061336805555555554,64.19090013580194,241.8979842970501
2025-12-16,12+18,75267.4360779172,-1139.4358162185317,2786.394028457188,631.7717840832076,76914.39429015585,10005.720039001302,eval,0.48649470899470904,0.05366517857142857,183.50147504203713,711.973053162571
2025-12-17,12+18,73590.06640380339,-915.8796671456098,2266.022943169808,517.5820616627242,74940.20967982759,10035.373533932012,eval,0.4864359788359788,0.052521428571428566,242.76146259664583,708.4391474852935
2025-12-18,12+18,71705.0280633767,-689.9576882567479,7662.422134618411,2056.9474234715176,78677.49250973835,10410.579336328085,eval,0.48681428571428575,0.05642847222222221,166.75718213182725,476.01382329383915
2025-12-19,12+18,21187.263752178664,-188.04943636305777,7564.491106868727,3140.2358553338954,28563.705422684332,9246.37514607607,eval,0.48897142857142856,0.1354359126984127,56.98705522962964,115.49496861727744
2025-12-20,12+18,25324.92801836621,-1635.2965656588808,1559.8498474195567,683.7053396473896,25249.481300126885,7205.111789548715,eval,0.4908185185185184,0.14118660714285713,267.94507170381075,668.1756715551646
2025-12-21,12+18,75179.85353404724,-1386.6164066495514,12306.753484893423,2324.606282618409,86099.99061229112,7623.740137504899,eval,0.4902714285714285,0.05431170634920634,412.2384270829301,1078.064258312385
2025-12-22,12+18,70475.04394840822,260.9908663509085,16661.575419210214,3713.9260479791023,87397.61023396935,9251.681408485569,eval,0.48987248677248674,0.06379097222222223,125.06075693870605,600.6225250116206
2025-12-23,12+18,72681.94721551087,-1294.889793609914,5409.546268028239,1326.304477763902,76796.6036899292,8879.558350942374,eval,0.4938910052910052,0.05630486111111109,259.0573798197666,1102.4173733304767
2025-12-24,12+18,71472.52848656084,-928.2057948869746,10746.722009023737,3069.302138259732,81291.0447006976,9525.54292658617,eval,0.4959301587301587,0.05388878968253969,65.12865853493074,275.49877730785727
2025-12-25,12+18,66810.27019770897,1085.9813327788095,18382.10528815596,3783.0005294816733,86278.35681864375,8190.621072238038,eval,0.4942253968253968,0.05970595238095236,136.76200521470724,712.4643322167376
2025-12-26,12+18,22747.421136458892,-360.7310178449415,13292.828946110061,3862.214471289461,35679.51906472401,9941.918465185265,eval,0.4937931216931216,0.13421190476190475,130.91132650252743,407.57242991733966
2025-12-27,12+18,21166.425856610193,-735.2727970836021,8317.473883792249,3355.5643894276245,28748.62694331884,8242.113204486954,eval,0.4959148148148149,0.1369892857142857,433.79127495640705,1024.2088714122428
2025-12-28,12+18,67405.19138568114,2802.7708348837205,8791.680903533135,2288.9941232829856,78999.643124098,8476.939995982199,eval,0.4923862433862433,0.05129265873015873,587.3328059420768,2406.2272321313826
2025-12-29,12+18,66834.18746840501,2883.5305957138485,14434.934041146143,2805.6162523641788,84152.652105265,10511.977458109239,eval,0.493610052910053,0.051714186507936515,362.4810544906719,1999.5546708159752
2025-12-30,12+18,66579.25268047705,-202.6863679042757,9862.672937189476,2534.8332835563147,76239.23924976225,8429.514454915368,eval,0.49164021164021166,0.0504875,282.34157027225166,1087.8976356428684
2025-12-31,12+18,72794.91314208864,807.9965996787961,3884.7347312309034,862.434174457678,77487.64447299833,9453.683121088574,eval,0.4900629629629629,0.06042886904761905,355.5203457925554,1646.8259611455655
2025-01-01,6+12+18,0.0,0.0,432888.7998430083,92035.17001666666,432888.7998430083,6000.0,init,0.0,0.0,0.0,0.0
2025-01-02,6+12+18,78170.43012215814,1238.679799413595,12262.803163747509,2481.08794016667,91671.91308531925,10654.339575,init,0.5328444444444443,0.038234027777777777,0.0,0.0
2025-01-03,6+12+18,56581.11496452577,-82.12388172444469,0.0,0.0,56498.99108280132,10800.0,init,0.5308481481481482,0.18821631944444445,0.0,0.0
2025-01-04,6+12+18,22661.323636313762,1769.8668991314507,3644.087211143802,1220.5025133744819,28075.277746589018,10556.64123,init,0.4977197530864197,0.13456041666666665,0.0,0.0
2025-01-05,6+12+18,29536.489350514756,2758.0433737571866,219130.44948738755,43740.22722263374,251424.9822116595,9185.410364999998,init,0.47875925925925933,0.09554913194444446,0.0,0.0
2025-01-06,6+12+18,74298.61283238907,1593.790749985625,14091.85394474168,2689.45593333334,89984.25752711638,10718.956319999998,init,0.4920933333333334,0.08167111111111112,0.0,0.0
2025-01-07,6+12+18,70906.5168276184,6732.922012637458,13051.394377555342,2484.332286049398,90690.83321781119,10710.055154999998,init,0.4989623456790123,0.06666828703703703,0.0,0.0
2025-01-08,6+12+18,77447.28852588077,-2581.6782372418293,18660.83171291665,3696.1210833333316,93526.4420015556,10757.449425000003,init,0.500173015873016,0.04950793650793652,0.0,0.0
2025-01-09,6+12+18,70476.65945150494,3055.624661583797,20422.072497848625,4000.7177400000865,93954.35661093736,10747.30257,init,0.4981608465608466,0.05736785714285713,0.0,0.0
2025-01-10,6+12+18,58718.21292861934,-2383.1399874553863,32.76255949999971,7.4928666666666,56367.83550066395,10800.0,init,0.4987703703703703,0.13991765873015874,0.0,0.0
2025-01-11,6+12+18,22238.07230175298,699.8011397622989,9122.63934981485,3529.7359586419984,32060.51279133013,10399.662464999998,init,0.4961656084656085,0.1352948412698413,0.0,0.0
2025-01-12,6+12+18,31141.352784053597,3868.4626088416458,207214.8198431719,40483.10576296296,242224.63523606714,9087.386535,init,0.4964333333333332,0.06021696428571429,0.0,0.0
2025-01-13,6+12+18,73693.39580417331,-655.5921102423791,11596.963322849995,2258.4025833333326,84634.76701678094,10597.352669999998,init,0.49465661375661374,0.05179861111111111,0.0,0.0
2025-01-14,6+12+18,71179.69803181337,328.01370811004506,16498.15022296666,3172.5062333333303,88005.86196289008,10640.392049999999,init,0.4953925925925925,0.054164980158730155,0.0,0.0
2025-01-15,6+12+18,68555.97584692828,6234.465487008143,13163.537994325075,2466.5143666666945,87953.9793282615,10753.904564999999,init,0.4971100529100528,0.05923402777777777,0.0,0.0
2025-01-16,6+12+18,70524.47407278704,1786.776207191251,10961.404098239414,1976.3538731666665,83272.6543782177,10603.443857407407,init,0.497957671957672,0.05244037698412697,6.738667635593292e-13,2.2021178910778683e-12
2025-01-17,6+12+18,24273.232394435567,-662.6739977459355,1524.7168016560802,559.8036184533814,25135.27519834571,10675.469989022959,init,0.4971534391534391,0.14103988095238093,7.73070496506989e-13,2.3578195396112273e-12
2025-01-18,6+12+18,25807.269217147274,-1620.0224963417686,2096.724553555926,868.7404499594375,26283.971274361433,10675.336917505902,init,0.499037037037037,0.14380089285714287,-2.7512214728631083e-13,-1.294222329306649e-13
2025-01-19,6+12+18,69268.8474131531,2664.863853537587,6786.739098501295,1265.040098377039,78720.45036519198,10153.905588658734,init,0.5005740740740742,0.05702936507936508,-1.1368683772161604e-14,-4.863522917730733e-14
2025-01-20,6+12+18,71194.17771808647,250.12021701609407,11188.074537837474,2428.9805889843565,82632.37247294004,10542.534879398532,init,0.501367724867725,0.05355873015873015,7.561505194299821,34.754468853139144
2025-01-21,6+12+18,69934.66316507972,-1158.2221683923892,1115.5492352578158,215.8763958776045,69891.99023194515,10625.360890451466,init,0.5010121693121693,0.044362301587301596,8.557465630856528,42.173916762131974
2025-01-22,6+12+18,71770.82726531806,24.285684811699156,1355.231704839015,307.64384693525835,73150.34465496877,9674.284074264762,init,0.5011037037037036,0.0640277777777778,178.34719061122357,714.9320642398768
2025-01-23,6+12+18,71489.74791687277,4540.191428453023,7145.569097484327,1495.4671049183858,83175.50844281013,9766.532480028363,init,0.5011021164021164,0.06664623015873015,2.424620835751398,5.45132317475067
2025-01-24,6+12+18,20160.75003902999,1579.8947421533026,3660.968991253474,1755.3180841495268,25401.613772436765,10216.691022099958,init,0.501778835978836,0.14937162698412695,18.63135170767797,55.88979817217917
2025-01-25,6+12+18,19875.01017084758,1734.1092162771956,1455.7848429558885,794.132294752397,23064.904230080665,10350.17093640348,init,0.5026534391534392,0.15257132936507936,59.314276681253354,156.89881008601688
2025-01-26,6+12+18,76309.9233993653,-2830.9237567096106,2517.569611897722,652.377576102194,75996.56925455341,9988.097487024195,init,0.49998359788359786,0.06394434523809525,57.205568014022035,221.39772751057438
2025-01-27,6+12+18,66437.76585627106,2099.709634793929,1064.5220934615995,238.6513940060224,69601.99758452657,10324.404402176398,init,0.49859841269841276,0.046439880952380955,75.01710845173474,291.9579335998012
2025-01-28,6+12+18,70092.51676257972,-724.444240252474,3506.3018658541127,848.5042484321942,72874.37438818136,10307.187075358324,init,0.49627883597883604,0.058983531746031756,155.88208598102605,836.6917301855594
2025-01-29,6+12+18,62991.71184378425,2063.5527055145553,1576.9580468883662,369.4380965183955,66632.22259618717,10575.91062379987,init,0.49819894179894175,0.0435561507936508,95.61807513952846,394.12578942825905
2025-01-30,6+12+18,63704.33000103744,4214.73699039162,2150.680465420015,558.1059087070229,70069.74745684907,10315.93086783008,init,0.49724074074074076,0.055001884920634916,188.8786083352071,722.2797578860353
2025-01-31,6+12+18,18882.973771472796,1381.2268473975798,1933.9652972771878,850.9845774737936,22198.16591614756,10620.772926363637,init,0.49715238095238096,0.1351202380952381,103.94614569683968,245.30584305353392
2025-02-01,6+12+18,19481.87186261784,-539.8152548459134,1526.7229488175126,821.0078448318177,20468.77955658944,10657.770723038026,calibration,0.49730952380952387,0.1951779761904762,77.63543020659549,184.1844166061216
2025-02-02,6+12+18,63605.62407140467,-1223.3227944339574,2036.0349949262961,593.4436214460131,64418.33627189701,10708.562985131814,calibration,0.49425608465608467,0.057532539682539685,79.13135443682242,223.1823620769208
2025-02-03,6+12+18,66211.34087990469,-2034.276651705998,4816.879658678606,1081.6965479379783,68993.9438868773,10686.663745860058,calibration,0.49102910052910054,0.05969831349206348,209.03437588095275,987.7506884219838
2025-02-04,6+12+18,70158.12504803983,-3277.2766259003524,2070.452847465638,484.1675972166432,68951.30126960512,10730.847113837914,calibration,0.48829100529100533,0.05257599206349204,89.44934049274366,330.942931289096
2025-02-05,6+12+18,61104.235989444984,471.3906965131673,5889.735054787713,1189.0997625198415,67465.36174074587,9527.418286018212,calibration,0.48388835978835976,0.052722519841269834,119.50062544654963,528.6964588744925
2025-02-06,6+12+18,66362.49921301467,-2083.676609113759,6471.138390828203,1576.2549586094624,70749.96099472912,9768.742536204973,calibration,0.48334126984126985,0.05190386904761904,140.1870500996443,588.513839245403
2025-02-07,6+12+18,18357.69746899572,-711.4541310852754,377.3057779596161,111.82458484354163,18023.54911587006,9586.418424803467,calibration,0.4790539682539683,0.1538861111111111,97.29324631564143,199.53395656664708
2025-02-08,6+12+18,14808.31965955041,718.0865596689125,4223.691113088622,1309.143538828944,19750.097332307945,9876.398503348268,calibration,0.47338730158730163,0.1459512896825397,53.147409424299305,116.99828772840787
2025-02-09,6+12+18,61666.042876075735,-529.8585003630266,4042.9278190534233,1012.8013192877918,65179.11219476613,9405.426480970902,calibration,0.47297566137566144,0.058759722222222206,285.70195521619576,1055.6636372747437
2025-02-10,6+12+18,55314.23989340312,112.32668658067468,4943.147057558614,1324.7525408832946,60369.71363754241,9462.473334255812,calibration,0.4722402116402117,0.03834414682539684,307.1596916506972,1163.8670419840032
2025-02-11,6+12+18,57598.84089802095,-1709.574449978617,11187.27312256644,2371.0363647787167,67076.53957060877,8217.270110964584,calibration,0.4720507936507936,0.04770833333333334,110.40778477582174,439.47380436594904
2025-02-12,6+12+18,59073.64798744256,-1654.2187242085183,7854.916125596572,1879.4400825609493,65274.34538883061,8828.967849671306,calibration,0.4733280423280424,0.04982857142857143,150.53079888562095,586.3322197011632
2025-02-13,6+12+18,54070.40207802673,398.2369859635805,2475.79332651224,624.0752916267667,56944.43239050255,9753.016735309955,calibration,0.4705460317460317,0.04360505952380952,265.75603849368116,933.5273474869376
2025-02-14,6+12+18,14806.908481423157,497.0757929052116,1299.0985258464048,648.0652726745625,16603.082800174776,9842.811695184379,calibration,0.47089947089947093,0.14283492063492062,127.69827255518092,287.4088489648835
2025-02-15,6+12+18,15568.831886775964,493.10769621407314,3501.7064041789213,1659.6823381359623,19563.64598716896,9810.04748611145,calibration,0.4718179894179894,0.13493888888888889,279.03335818827225,531.1982390902518
2025-02-16,6+12+18,59683.52567001897,-2673.760760279412,9236.418484869026,2451.1393059684747,66246.18339460858,9785.86451340098,calibration,0.4736047619047618,0.06151706349206349,323.3441699050493,1183.4893264498778
2025-02-17,6+12+18,58141.2516981728,-3331.573152973286,2937.9981081871265,943.6336784987018,57747.67665338663,9595.60250485878,calibration,0.47256455026455013,0.051036805555555564,200.19197565110193,734.6219243635136
2025-02-18,6+12+18,51026.07310184452,2331.4458402739933,4584.264968525873,1440.7650617610934,57941.783910644386,10228.53919925212,calibration,0.47414814814814815,0.05028849206349206,59.07383484670297,157.41505491249399
2025-02-19,6+12+18,50803.79415931848,1776.5267752731004,9083.284650457848,1911.6726396644688,61663.60558504943,9601.815658220521,calibration,0.4713571428571428,0.05365218253968255,223.08864309314816,740.4002021715656
2025-02-20,6+12+18,54815.61898727523,-1738.5725097784268,7460.126869742214,1992.557401160541,60537.17334723902,9988.05512769409,calibration,0.47265978835978834,0.055220932539682556,154.16138491099795,583.1502358144508
2025-02-21,6+12+18,14778.445196402954,342.5832365236816,199.9187751984149,66.33520696068673,15320.947208125051,10025.300071302332,calibration,0.473063492063492,0.14571785714285715,40.90278207064193,85.47796381653575
2025-02-22,6+12+18,15270.404923983417,167.7340165513831,695.3428774570473,157.62028880944393,16133.481817991847,10343.629189550484,calibration,0.47281587301587313,0.12959176587301588,84.40914813028964,201.3047460771644
2025-02-23,6+12+18,52734.11386191637,-44.870153427478755,7248.111250575714,1624.1422069311961,59937.3549590646,9389.958474744202,calibration,0.4718915343915344,0.053621428571428584,258.36859228637786,1083.367569042318
2025-02-24,6+12+18,51122.16959897011,174.40026940656603,3812.6203105287836,1289.020614297335,55109.19017890546,9789.521728039294,calibration,0.47184973544973535,0.04930882936507937,337.3763420391313,1134.0170507392081
2025-02-25,6+12+18,51543.738923593235,-1665.6495876743716,3386.316618427445,1151.6841517753437,53264.40595434631,9475.612575333374,calibration,0.470436507936508,0.041781547619047614,130.2046710956419,390.2910120372304
2025-02-26,6+12+18,47194.36045856755,3605.9536236030044,5649.85636165076,1343.038873847908,56450.17044382131,10697.815345543575,calibration,0.47081111111111107,0.05066349206349207,57.32083049406617,165.04902461111436
2025-02-27,6+12+18,45624.46538944502,1427.8582354190125,8076.375216542074,2397.3492451804796,55128.698841406105,9914.507679841641,calibration,0.471189417989418,0.04860396825396824,388.9016633419568,988.9487749217855
2025-02-28,6+12+18,14174.509786791765,392.94013732703894,111.31722618333343,39.414400000000036,14678.767150302137,10345.219629167683,calibration,0.47052751322751324,0.13722271825396823,35.640984556324995,69.19403592311288
2025-03-01,6+12+18,15558.11855003706,-131.50528332596753,227.87363058352068,78.92732304360675,15654.486897294613,10041.938034577346,calibration,0.4690243386243387,0.13950486111111113,96.82062696153125,133.3003798806307
2025-03-02,6+12+18,55008.22667522282,1751.4440418530562,1099.1757063526788,295.94592321071696,57858.84642342856,10246.662641794712,calibration,0.4657164021164021,0.06790456349206347,190.13004790931006,720.3175989503113
2025-03-03,6+12+18,56498.2269604975,-2302.2482513981536,5041.408784482073,1521.347060650502,59237.387493581424,9889.177354577781,calibration,0.4645825396825396,0.06589791666666667,95.55516800576655,301.32494190861314
2025-03-04,6+12+18,49564.197460816846,844.9280251776261,5173.421468439799,1624.1758295001455,55582.54695443428,9460.158881460335,calibration,0.46330582010582017,0.05184285714285715,149.32360345837975,501.2056679129863
2025-03-05,6+12+18,48942.992997539775,-1627.3158486114996,8459.566127366106,2203.1344186228744,55775.24327629438,9674.964066754295,calibration,0.46334708994708995,0.04629742063492062,163.17005895108815,567.5070558653129
2025-03-06,6+12+18,44823.689633788716,2192.018529345389,5662.779132459338,1774.149803166819,52678.48729559344,10011.688135795477,calibration,0.458679365079365,0.04774156746031746,467.45726878354634,1686.4630790810813
2025-03-07,6+12+18,13890.640497799373,-309.03137101130767,1091.7067744407216,578.9889588456642,14673.315901228787,10501.060616487768,calibration,0.45631587301587295,0.1406079365079365,111.28478509767751,222.95966223677496
2025-03-08,6+12+18,12919.129067262771,401.72744218778547,2774.6628187446972,1371.1432585220389,16095.519328195252,10627.496198539466,calibration,0.4559460317460317,0.15116150793650796,34.31791216433642,89.39525749902502
2025-03-09,6+12+18,44703.71802645627,-290.984833694982,14740.625969532977,3759.9630363057136,59153.35916229427,10180.181891414855,calibration,0.45648359788359794,0.04534335317460317,255.49014126389457,712.8701087487949
2025-03-10,6+12+18,45889.077603324666,1615.6567017189361,11472.165578112268,2932.873574637517,58976.89988315587,10127.530704546192,calibration,0.45693015873015874,0.06240009920634922,41.88482298096408,108.80982107441721
2025-03-11,6+12+18,39321.06897075168,7291.66710341105,9513.733909771405,2185.667008080334,56126.469983934134,10048.025425344067,calibration,0.4566465608465608,0.05405089285714286,122.71935327760623,338.933104368561
2025-03-12,6+12+18,46484.9729495509,-1082.1767944480664,8149.56344924339,2492.5320543148255,53552.359604346224,10429.893468106213,calibration,0.45587671957671955,0.048841567460317474,370.95427339408604,1102.0591507780841
2025-03-13,6+12+18,46774.603272402615,894.992315847255,4260.39578318874,1285.3316673280265,51929.991371438606,9837.642635006452,calibration,0.4563804232804233,0.0678621031746032,165.54775206936864,417.1889212678473
2025-03-14,6+12+18,12711.524928036913,-110.80007606161257,852.6158533172813,420.0247569243053,13453.340705292583,10272.686463716134,calibration,0.45648571428571433,0.14629573412698413,100.27399390155324,179.3088012589186
2025-03-15,6+12+18,12957.53713953625,392.75460551662036,456.9335057104988,134.0370026688474,13807.22525076337,10031.553597849028,calibration,0.4549883597883598,0.13138422619047618,187.77789592818309,342.3166043784021
2025-03-16,6+12+18,43507.43041220378,2712.5734224913977,5619.172303650006,1601.7741680189056,51839.17613834518,10059.70007868905,calibration,0.45557248677248685,0.0531282738095238,409.9021621249145,1232.9790291294137
2025-03-17,6+12+18,40138.45358475328,-60.32834894409211,6287.554904383498,2164.962543648648,46365.680140192686,10155.499212594357,calibration,0.45470052910052905,0.03631359126984128,166.43087171989654,421.67399412466455
2025-03-18,6+12+18,48479.25310908896,-2736.3410296572147,2416.2030383947467,971.5112293496849,48159.11511782649,10095.13745542193,calibration,0.45277989417989417,0.048267757936507935,237.0375079790344,588.8026377095209
2025-03-19,6+12+18,37259.88379423879,5067.701211720776,9744.325542252076,3298.9760852944396,52071.91054821164,10225.387898025554,calibration,0.4518751322751323,0.04881170634920636,208.83838386577636,537.9470875612053
2025-03-20,6+12+18,43625.238957355614,-516.617834653837,12534.416500331776,3290.2317879408697,55643.03762303355,9902.618678141353,calibration,0.4522597883597884,0.056766964285714275,285.4125120126027,788.6141740413667
2025-03-21,6+12+18,12055.710352477066,615.349734267249,1950.4999030677027,613.7313847692168,14621.559989812018,10172.769930002274,calibration,0.4530079365079365,0.1536701388888889,19.40842752548366,35.69306368033506
2025-03-22,6+12+18,13165.481374034289,-159.88961660410374,1054.4111332473399,741.3378974710731,14060.002890677526,10564.809475361897,calibration,0.45365873015873015,0.13372331349206348,40.90094612399464,78.10399904054293
2025-03-23,6+12+18,42870.022552386894,-1267.2442431925442,2910.0109369621637,1012.2862424833613,44512.78924615651,10234.105902117035,calibration,0.452205291005291,0.05060575396825398,53.71925510522713,156.39110900662314
2025-03-24,6+12+18,40166.94931009761,714.90959827572,5838.414681415764,2446.1178364737398,46720.273589789096,10061.351356124775,calibration,0.45250634920634913,0.05461378968253968,141.62405097230106,328.69259028484333
2025-03-25,6+12+18,46213.332257707225,-2016.5372634781775,4301.518761274325,1418.0025850521115,48498.313755503375,9923.917586382746,calibration,0.45285026455026456,0.0572953373015873,350.72448207847225,1219.0534243261038
2025-03-26,6+12+18,39289.19820317031,1966.7624235693559,3356.315777778492,1257.4360406162473,44612.27640451816,10749.800886085228,calibration,0.45108095238095236,0.047057440476190475,156.73248571704679,348.03030061605233
2025-03-27,6+12+18,41502.47719645206,-1035.154589741866,2134.161601739741,742.2565571320857,42601.48420844993,10192.4328782111,calibration,0.4509153439153438,0.05638541666666666,112.84651876662072,284.4116131307143
2025-03-28,6+12+18,12654.267145016809,48.03300290937307,0.0,0.0,12702.300147926182,10315.614479212418,calibration,0.449647619047619,0.13822063492063494,93.89075154531515,183.12793810446146
2025-03-29,6+12+18,11839.614406057159,0.9480349305361386,556.2100767032418,173.35351833578162,12396.772517690937,9626.895284395438,calibration,0.450710582010582,0.15139275793650792,60.9367888061096,123.0172343767002
2025-03-30,6+12+18,39788.545926093175,-1830.5071469189306,7589.587290371808,3031.732319876989,45547.62606954605,10341.914381749335,calibration,0.4536047619047619,0.049554464285714285,320.85605881943076,826.2864209656394
2025-03-31,6+12+18,34813.42121331307,7757.164871624201,2702.932022262662,839.3930164065497,45273.51810719993,10554.659993341835,calibration,0.45265873015873015,0.05669087301587302,276.218777207535,796.084161645652
2025-04-01,6+12+18,44264.033906424505,-1039.0962134354452,3093.5326048170955,1130.0294632561377,46318.470297806154,10619.368774665516,eval,0.4515280423280424,0.0719405753968254,383.69356739219694,1185.4773626143626
2025-04-02,6+12+18,42083.5924148733,162.14051802593752,3354.9178396935736,1249.5875141488848,45600.65077259282,10563.979412951428,eval,0.45426084656084664,0.06762728174603175,135.167633838109,346.4651859513633
2025-04-03,6+12+18,42896.680182119184,-1580.0476520415473,2162.1506913977,971.2238026516372,43478.783221475336,10598.0900315432,eval,0.4561820105820106,0.06061577380952383,608.9953931823686,1474.7983866502386
2025-04-04,6+12+18,10990.796343669264,82.94207903479587,737.9295194824207,221.64212893562507,11811.667942186481,10119.201369121443,eval,0.45736878306878304,0.14913710317460319,37.4433261163731,77.69462798088696
2025-04-05,6+12+18,11698.394179442997,-18.078884603927854,443.75121500568366,189.55448696195634,12124.066509844753,10038.454944015102,eval,0.4554814814814816,0.1311729166666667,103.55581721337049,198.97930303710274
2025-04-06,6+12+18,40129.05298706224,-287.19417521735176,1313.2430899531128,570.0061081068704,41155.101901798,10165.501056043564,eval,0.45346243386243396,0.04986498015873016,174.90702312537937,502.0111904551459
2025-04-07,6+12+18,34552.259480521294,3332.404854201244,3314.7799207918965,1305.1753590946464,41199.444255514434,10735.327386024645,eval,0.4558476190476191,0.05191001984126983,99.94643854885601,222.30436056323833
2025-04-08,6+12+18,39504.84174400113,-985.9642505453714,1543.231874827466,705.8645629367427,40062.10936828322,10187.30922155084,eval,0.45664920634920636,0.050626984126984124,731.0555981403334,2110.849985129734
2025-04-09,6+12+18,38871.41203086791,1197.9572641078753,7730.038791807872,2640.669731975254,47799.40808678366,10632.831891067799,eval,0.4555074074074074,0.06723720238095238,247.0990172774249,688.5704009227316
2025-04-10,6+12+18,38740.49468253284,-497.96830766916844,1142.2413181120976,323.6427656035207,39384.76769297577,10402.224813383737,eval,0.45338412698412706,0.05992212301587301,585.9600114840434,1585.342300375665
2025-04-11,6+12+18,10741.238243448282,635.7656208353162,871.594903708057,264.9434345396362,12248.598767991656,10072.481293921946,eval,0.4523375661375661,0.15134126984126983,50.62080502922641,96.03040178521236
2025-04-12,6+12+18,11693.304501416793,-171.68750236417495,1184.9297227174638,754.9761718917255,12706.546721770083,10455.249267089333,eval,0.45481058201058205,0.13979117063492064,34.3119751770669,63.01693189278226
2025-04-13,6+12+18,35164.93093069403,614.3988353508846,4040.069384003339,1599.6144201401225,39819.39915004825,10154.474298041148,eval,0.45294973544973555,0.059799702380952384,222.77477458695358,500.7700870446277
2025-04-14,6+12+18,38181.80777053693,-2069.497228092082,4956.372017598844,1822.5560806116628,41068.682560043686,10207.266094609431,eval,0.45337301587301587,0.05116130952380953,433.8582555848995,1161.721731177324
2025-04-15,6+12+18,33243.552387823634,1750.4107618958192,1770.3746238228405,599.3548183079258,36764.3377735423,10790.884605518238,eval,0.4556465608465607,0.04900436507936509,259.3761112368726,530.8110540032984
2025-04-16,6+12+18,37043.89098482703,449.73101252764627,6512.67536479959,2446.700266996203,44006.29736215426,10123.281112931498,eval,0.4550328042328041,0.06689652777777777,189.5666761454445,545.3804427338507
2025-04-17,6+12+18,34192.76852419588,2753.5991632666555,6433.862936145628,1844.3052116942374,43380.230623608164,10264.705830551342,eval,0.4568486772486773,0.05517619047619049,493.0763265268224,1052.0078648150736
2025-04-18,6+12+18,10445.489339603042,854.3446424465266,57.3045628294391,27.074091884534095,11357.138544879008,10800.0,eval,0.45714232804232807,0.13584444444444443,65.11754098352313,122.69717181849849
2025-04-19,6+12+18,10431.118888302422,154.2185322369324,66.41634936702285,56.420765779024464,10651.753769906378,10050.377376331524,eval,0.4573312169312169,0.13859573412698412,89.85497072506519,184.44791295027218
2025-04-20,6+12+18,34366.388979902855,2693.0931647245325,5941.569972707994,1683.8012250868246,43001.05211733538,10328.698741614204,eval,0.4606984126984128,0.053529960317460316,39.857264096752,103.39995723956864
2025-04-21,6+12+18,35080.122298738235,-1394.7929292853614,3988.686908398823,1888.038732622838,37674.0162778517,9863.872508716417,eval,0.45873597883597883,0.04580932539682539,36.239304751997004,72.94998753483473
2025-04-22,6+12+18,32820.39276397668,3763.5081158479647,3747.7251507331007,1420.4243429256958,40331.626030557745,10495.355338348332,eval,0.4576507936507937,0.060242261904761896,365.1164828139934,978.2848423931903
2025-04-23,6+12+18,31796.049188271005,2475.7989256652268,4460.272144119776,1700.6000586166556,38732.12025805601,10513.763446281919,eval,0.45945925925925923,0.05768124999999999,170.2352313591012,429.23385972190636
2025-04-24,6+12+18,31963.637644300292,1315.8374100219858,3322.3511395400947,1542.103913032771,36601.82619386237,9902.544537673526,eval,0.4612582010582011,0.0493328373015873,75.5134677680301,208.2649633425915
2025-04-25,6+12+18,9977.232315017896,541.932365168375,354.96859359640786,109.6955952499585,10874.13327378268,10437.642139885085,eval,0.46247142857142853,0.15006011904761907,53.43630067211793,149.0499635025586
2025-04-26,6+12+18,10489.926158695169,544.3107221157105,212.43809632039154,71.04443517364793,11246.67497713127,10451.291336869452,eval,0.4604343915343916,0.15092718253968254,153.58564493601034,292.6845919535126
2025-04-27,6+12+18,31673.185632628523,2543.994178631477,2014.865976321191,562.5129948874362,36232.04578758119,10447.015863723474,eval,0.4590957671957673,0.05493998015873017,185.3654343743654,402.54958691298225
2025-04-28,6+12+18,37597.973625438535,1821.1610793293967,2324.015079483759,875.9647074584058,41743.14978425169,10583.920678926272,eval,0.45826455026455026,0.08564384920634921,239.60257509118372,736.7162989156875
2025-04-29,6+12+18,30949.029250090793,2544.907956980256,5115.433143582715,1478.6381276704851,38609.37035065377,10487.993829456078,eval,0.45860052910052906,0.04940337301587302,176.59282664801154,354.72900136911187
2025-04-30,6+12+18,30651.732793971445,1814.3034253551566,7150.079896740484,2551.4717519134306,39616.11611606709,10617.763953152406,eval,0.45716137566137566,0.05083402777777778,222.9700119997,545.0123654969932
2025-05-01,6+12+18,33168.8126424293,3756.496867408675,12344.695477884034,2671.5815357592537,49270.004987722015,9127.17342397937,eval,0.4539862433862434,0.07086815476190475,221.20527456428098,462.5734290593758
2025-05-02,6+12+18,11946.322694054938,653.5991422373236,5447.431344226045,1176.0945877320821,18047.35318051831,9150.019864474578,eval,0.4527296296296297,0.09780684523809523,104.21359353820117,255.69521140557293
2025-05-03,6+12+18,11383.705770195898,553.6443767526077,5588.068927414481,1272.0201405837283,17525.419074362988,9320.764074068198,eval,0.455978306878307,0.12078948412698412,177.33520966497915,344.64840996694113
2025-05-04,6+12+18,35305.32183902574,-1124.6395747312906,12744.491051593535,3286.1429402933427,46925.17331588798,9108.116082603592,eval,0.4565640211640212,0.05533789682539682,70.3109724337548,196.4285511573328
2025-05-05,6+12+18,36467.46355584652,1521.1794758801411,8570.49542042879,2327.8051914218577,46559.13845215546,9301.697025773643,eval,0.45834021164021166,0.06813918650793653,120.54099807527686,253.6370817568355
2025-05-06,6+12+18,33275.20987582305,4527.094814015603,7940.17954295101,2036.5137241948291,45742.48423278966,8526.783627886054,eval,0.45842804232804224,0.06247103174603175,62.390241857914496,151.13462130235524
2025-05-07,6+12+18,37010.60957782144,4174.211384779295,1552.6131489897284,672.3795309580136,42737.43411159046,8980.853993371333,eval,0.4613322751322752,0.062067956349206366,386.0244853078516,863.1265646728552
2025-05-08,6+12+18,37783.27748922067,1716.7570597875547,3734.5380528556934,1250.1183849470963,43234.57260186392,8376.733349919456,eval,0.4637100529100529,0.0629389880952381,580.5389869229482,1501.8551909795515
2025-05-09,6+12+18,12859.751507943609,1019.667642441088,36.64686823414366,18.545713555442944,13916.06601861884,9380.514647460877,eval,0.4640820105820106,0.13854603174603175,67.5180188582354,122.96714716513677
2025-05-10,6+12+18,13377.379651050296,187.49755670605225,86.89208022008641,29.61052316240805,13651.769287976434,8438.474859758939,eval,0.4621883597883598,0.12751894841269842,131.71573661939482,511.19244789546667
2025-05-11,6+12+18,38367.42432211996,435.6387097123238,8132.122571677281,3167.9797691430786,46935.18560350956,7026.105742616578,eval,0.46208465608465604,0.061195833333333324,421.1469021496834,1247.1731361203051
2025-05-12,6+12+18,34443.56332531883,6961.750529242084,2742.4734109879305,1005.0692106805636,44147.78726554884,8404.106899543136,eval,0.46352222222222217,0.05152638888888889,268.3107949217113,728.655604220867
2025-05-13,6+12+18,38128.7138515095,514.9548019978271,2539.5797390942585,1099.0255164563232,41183.248392601585,8022.599850497863,eval,0.4644613756613757,0.058716666666666674,376.43155821427155,869.2169766661394
2025-05-14,6+12+18,35874.51087209552,4177.518176093639,1743.970482522189,476.0855051627952,41795.99953071135,7681.695396482976,eval,0.4616857142857144,0.04893948412698413,831.4333630612584,1959.8843585425886
2025-05-15,6+12+18,37170.71541813724,4874.5869566237525,6967.696957207323,2283.341187337889,49012.99933196831,8150.452349554309,eval,0.45981428571428573,0.05462807539682538,377.1135683079495,882.2516144484529
2025-05-16,6+12+18,10618.505803915405,264.0977262291959,970.8359902205932,473.3763619609866,11853.439520365195,4457.730921258577,eval,0.4595153439153439,0.15624176587301586,54.649488804078544,88.69315416303388
2025-05-17,6+12+18,11933.091447195398,613.7760117263514,1219.8823078792261,499.07204451043,13766.749766800976,4938.7195931572705,eval,0.45778253968253957,0.12560763888888887,37.00878892560628,83.43837735007877
2025-05-18,6+12+18,37479.289856258794,499.4439463941789,6115.062932530668,2279.153098964706,44093.79673518364,4749.70367732765,eval,0.45744920634920627,0.05614077380952382,259.18230876169866,635.844898477256
2025-05-19,6+12+18,35675.26621743852,167.3038278667948,2034.940370981444,882.7039660705229,37877.51041628676,4821.695210273499,eval,0.4556920634920636,0.04694136904761906,335.93653412368315,702.1615615827943
2025-05-20,6+12+18,34609.537160888925,6039.3779761410215,3798.228031378987,1405.9565387855691,44447.14316840893,5067.8711726313195,eval,0.45464550264550263,0.06721289682539683,775.2053864414281,2071.333075103942
2025-05-21,6+12+18,34959.503936908164,6780.826385766733,3521.518467106418,1446.9912169420566,45261.84878978132,8122.533421384022,eval,0.45527037037037027,0.05793978174603176,89.76586602748336,244.36379209508132
2025-05-22,6+12+18,33938.69440142794,1943.2204825101317,4586.256092280006,1827.299485612929,40468.170976218076,6550.496465451816,eval,0.457268253968254,0.05686339285714285,180.93507351423153,463.90744929807715
2025-05-23,6+12+18,12146.759844733266,717.9067559797398,977.8988709732023,570.520647489825,13842.565471686208,8508.751992936117,eval,0.45737830687830694,0.1360205357142857,193.82846673308987,657.9969253859172
2025-05-24,6+12+18,12571.476630388619,347.50223264187866,553.9736400733335,233.93213576534703,13472.95250310383,8910.389088371994,eval,0.46061111111111114,0.14165763888888888,158.8199369731366,460.58949002472417
2025-05-25,6+12+18,35631.220491310974,326.6117133231178,795.7997930215122,289.52217286846997,36753.631997655604,9127.962096435971,eval,0.46305661375661383,0.05378878968253967,466.65485147003085,994.3990289724358
2025-05-26,6+12+18,33971.31193588865,6468.867462600128,3798.5212231918435,1290.8527263030808,44238.70062168062,9096.52348928102,eval,0.4629507936507937,0.06794087301587301,105.83156243266235,369.20161799002614
2025-05-27,6+12+18,33845.837591140036,3505.4269688356244,2152.2094438716817,872.2736833241801,39503.47400384734,9047.405025667667,eval,0.4636439153439153,0.05648501984126983,340.01140990210075,914.0760071873486
2025-05-28,6+12+18,36192.79665906803,670.6069120684831,3158.103516568897,1262.9314522019888,40021.50708770541,8512.648266537988,eval,0.4635322751322751,0.06529027777777777,425.5301832428505,1132.9845500034853
2025-05-29,6+12+18,34753.78591716771,5706.715103988392,2427.5186585740253,745.7942417083489,42888.019679730125,8536.003351392856,eval,0.46291746031746034,0.07312767857142857,297.2341364223099,664.2051960368494
2025-05-30,6+12+18,12261.713317925118,978.8370628593885,734.1388695971957,277.7950372628916,13974.689250381703,9405.336810428675,eval,0.46268571428571426,0.13248045634920633,45.65260411863312,91.74730020713491
2025-05-31,6+12+18,11772.027722013707,49.99705097354003,65.97521651128157,28.117687875294095,11887.999989498529,7801.135101559363,eval,0.46082857142857137,0.12931041666666665,152.64636914447982,273.98088084032946
2025-06-01,6+12+18,51509.0849638052,2476.9173258838414,20608.594570576504,4299.22666910577,74594.59686026555,5118.399261696021,eval,0.4579656084656084,0.12338293650793651,174.80097889877723,533.3107039278111
2025-06-02,6+12+18,53466.31361000224,-1565.0012646947755,24482.947574668837,5726.772043430162,76384.2599199763,5963.909230248931,eval,0.4640201058201059,0.10458065476190476,234.14300302806436,568.6120146930683
2025-06-03,6+12+18,46631.79208491124,3528.988015348995,17663.443766138294,3877.054038432809,67824.22386639853,4012.1788584652663,eval,0.4677211640211639,0.09143849206349206,449.1955253924413,1357.2983503526596
2025-06-04,6+12+18,59952.63698621192,-1534.4571550114515,6410.127534090062,2149.511959018846,64828.30736529053,4988.847778744773,eval,0.4732343915343915,0.08982579365079364,547.3725191444762,1621.0511515989406
2025-06-05,6+12+18,52407.295185122115,5424.864446549836,6064.171333125969,1352.2822850665566,63896.33096479792,3792.332016208627,eval,0.47868888888888894,0.09041875000000002,132.33105412773833,416.443259067647
2025-06-06,6+12+18,15195.976672920633,1652.8042017740345,13821.324777728129,3974.2191660725894,30670.105652422797,1225.1198701201927,eval,0.4831148148148148,0.09393392857142857,280.17328396454184,559.3880312181653
2025-06-07,6+12+18,19361.744967697596,163.9777419041217,10845.896227797894,3694.3867402863216,30371.61893739961,2170.143011289335,eval,0.488226455026455,0.10546755952380953,405.06091624556507,817.2844421131903
2025-06-08,6+12+18,49638.52818921114,3147.194722012386,2941.6839312180064,1170.219895338866,55727.40684244153,3526.9517419328263,eval,0.4940502645502645,0.041805952380952374,144.86544557912663,384.7583672758477
2025-06-09,6+12+18,56738.653109892766,-1283.9564541009893,7043.831222647779,2551.3008563918465,62498.527878439556,4657.85871791701,eval,0.49194285714285707,0.059196924603174605,146.78579647242572,407.6163879954123
2025-06-10,6+12+18,53262.041264122374,1979.2523332396427,6596.8231666687125,2291.0507077784364,61838.11676403073,4891.524056514146,eval,0.49467671957671955,0.054851289682539675,114.00309593762681,297.45385011249607
2025-06-11,6+12+18,53993.35902851135,3777.417468297087,3904.010137127794,1124.7631237720907,61674.78663393623,2940.9021907642764,eval,0.4949894179894179,0.07027430555555556,446.5275832003787,1362.5290964948356
2025-06-12,6+12+18,55054.64018457994,1845.1924155952747,4634.137097049442,1363.0157841992516,61533.96969722465,4602.8188590833915,eval,0.493605291005291,0.06014662698412698,77.8210618049907,266.6994312418595
2025-06-13,6+12+18,21729.614560756665,-44.31314173129074,3172.028128031334,1596.7294021987786,24857.32954705671,5202.836195412217,eval,0.4940063492063491,0.12945714285714283,59.28374753952039,132.22459914534244
2025-06-14,6+12+18,20882.318549495874,471.143283827913,688.7767443431308,369.403429028892,22042.238577666918,5302.158370251172,eval,0.49208888888888885,0.133205753968254,81.93346152732924,393.07008360702844
2025-06-15,6+12+18,48821.42583602662,7727.941438758738,4796.3346274598525,1539.9625280132939,61345.70190224521,3079.0454533033308,eval,0.491184656084656,0.05559444444444445,220.0553845364318,617.2714499497937
2025-06-16,6+12+18,54118.324549240264,5417.985321628159,6092.56859013567,1797.6922775117232,65628.87846100409,3792.9394744478845,eval,0.4913518518518519,0.05662182539682539,196.8272510789539,553.479362480038
2025-06-17,6+12+18,53970.55924581378,6326.590334292798,1998.8891309293945,582.357623118266,62296.03871103598,3752.9400889456306,eval,0.4900539682539682,0.060974305555555545,347.92058726139544,1091.0692917499453
2025-06-18,6+12+18,53681.567548672174,4308.842059295339,1562.1137713517592,650.9262522530812,59552.523379319275,3096.4966553415597,eval,0.4900798941798941,0.05118859126984127,909.9366616810181,3106.363052966679
2025-06-19,6+12+18,51939.435964470904,2714.494043650604,4024.4974692926207,1345.798959356568,58678.42747741412,4053.900035365276,eval,0.48885185185185176,0.045914384920634904,270.3988258353269,681.5840616239295
2025-06-20,6+12+18,17537.391611744213,233.57490253842832,196.15683935034698,69.19754631153532,17967.12335363299,2962.0759107319036,eval,0.4883619047619047,0.14658918650793654,144.47052516627576,308.85497511409875
2025-06-21,6+12+18,17320.505636598362,628.3007676648348,1000.6946766647567,498.0554950399999,18949.501080927952,3588.865825986737,eval,0.48837142857142857,0.15586805555555555,165.73980525609454,315.97349465999804
2025-06-22,6+12+18,48518.94302444734,4918.065938877565,858.5409288590834,321.76861383940593,54295.54989218399,3180.9646572636625,eval,0.4900412698412698,0.052723710317460336,203.9855446085259,672.029223131238
2025-06-23,6+12+18,51247.552890718805,3107.0902579840067,6016.951316342613,1774.1651465622058,60371.59446504542,2592.407708866358,eval,0.4902835978835978,0.051532738095238104,231.95009258155613,706.5272985336927
2025-06-24,6+12+18,59551.953929592695,2564.705018998388,7682.089651423492,2080.0871441856452,69798.74860001457,3174.3346047794494,eval,0.4880671957671958,0.08572896825396824,828.3908367608461,3075.3389147204675
2025-06-25,6+12+18,51026.61454789153,3967.071219903015,3633.1639477010185,1199.1174707808773,58626.84971549556,3922.028805697145,eval,0.48677460317460314,0.06070049603174605,382.81713264649613,1210.823552000671
2025-06-26,6+12+18,48180.50656345478,4054.0701278457454,3785.3015478822863,1161.139043286495,56019.878239182806,1907.4770671871686,eval,0.4849857142857144,0.05231666666666668,538.5172505218186,1569.7425847826087
2025-06-27,6+12+18,16712.931515140528,324.2671325055768,433.27077313333575,158.74516474611778,17470.469420779442,2200.8731917370583,eval,0.4852132275132275,0.1529569444444444,110.55798311669575,222.9532770631544
2025-06-28,6+12+18,17294.64307842251,1297.8519451393572,641.8281206577763,220.2208064852985,19234.323144219645,3199.197004758308,eval,0.48595238095238097,0.13287559523809525,93.66469114959753,203.49146235186907
2025-06-29,6+12+18,50264.652492033056,2485.9416897197343,10223.778877278908,3129.0019064407816,62974.3730590317,4187.893809616449,eval,0.48521375661375665,0.06161785714285714,314.1384669997153,1106.7796398989187
2025-06-30,6+12+18,50587.63280691024,2248.522623269517,7245.819428980488,2412.6491877058884,60081.97485916025,4444.037113083906,eval,0.4843613756613756,0.05708224206349207,653.1970027851277,2064.200916685252
2025-07-01,6+12+18,47214.84833180039,5166.611473837812,48335.190576871,12402.52930711764,100716.6503825092,1200.0,eval,0.4844359788359787,0.13195694444444445,466.1288223552262,1527.842553026708
2025-07-02,6+12+18,61339.08281840832,-104.11313089150798,9210.146428457385,3267.7172623047923,70445.1161159742,4203.916654604636,eval,0.4933005291005291,0.11039176587301588,128.0144661895437,451.9793928509372
2025-07-03,6+12+18,65129.18975373046,5803.733384753608,4735.574643712351,1185.8289740176144,75668.49778219641,3694.2798676457646,eval,0.5060111111111111,0.12684484126984127,490.78794173027825,1671.895344627502
2025-07-04,6+12+18,21868.260100977735,1470.1321746973294,6389.957899500713,2621.3872982090165,29728.35017517578,2279.928648933505,eval,0.5153592592592592,0.11194771825396825,182.07966104499644,899.4425465641121
2025-07-05,6+12+18,22757.060511367927,1133.6939982265262,5688.443266114304,2481.8161173842573,29579.197775708755,2733.8399750484414,eval,0.5274714285714286,0.11839930555555557,366.5020433439238,822.8744022110499
2025-07-06,6+12+18,65438.81379888381,10203.70729218054,1790.6145445172374,425.4917798983205,77433.1356355816,5761.487773153783,eval,0.5372047619047619,0.08999910714285714,1472.0218419890975,5461.344454762347
2025-07-07,6+12+18,65095.030402289136,2060.0686381504825,2400.1696733435024,457.7933985115047,69555.26871378312,7145.321298013493,eval,0.5473555555555555,0.05812222222222222,412.3105021496791,1118.9098906834104
2025-07-08,6+12+18,70930.82195079501,2520.4207114081996,2348.4360463515127,693.6626004157283,75799.67870855473,8629.620719731682,eval,0.5587777777777778,0.058243452380952396,214.52597934222018,614.0430397763803
2025-07-09,6+12+18,62811.84643572054,-765.0416084968463,1969.6870397288267,581.4936493919928,64016.49186695252,4279.441651895897,eval,0.5591915343915345,0.05439107142857144,306.14454626318513,913.74244885517
2025-07-10,6+12+18,62789.336175126286,2757.723237471845,8823.758635496411,3379.129310626716,74370.81804809454,4370.801190082876,eval,0.5586772486772488,0.054364880952380935,1161.1656828288785,3773.512971497722
2025-07-11,6+12+18,29384.368900997586,444.24121833362364,0.0,0.0,29828.61011933121,4754.93306946987,eval,0.5597227513227513,0.12057708333333335,211.18923730787174,419.2854658524172
2025-07-12,6+12+18,28415.86260761742,803.7457665209206,875.3815341258753,534.3406670155308,30094.989908264215,5114.933980574538,eval,0.5568894179894179,0.13618839285714288,159.65461250694847,549.6629168432544
2025-07-13,6+12+18,60579.73370294832,-900.8215001028254,4340.241987513345,1904.311099049603,64019.15419035884,3070.426267022628,eval,0.5542185185185184,0.041224206349206344,428.1159492222964,977.3917567811031
2025-07-14,6+12+18,55944.145614221896,1489.2221104636562,4757.798238398504,1735.2766158820712,62191.16596308406,1963.3262234948006,eval,0.553584656084656,0.05352638888888888,154.7539167973677,410.6335313684255
2025-07-15,6+12+18,62592.4496831197,-827.1034397697083,10323.864387445456,3381.30123505294,72089.21063079545,4348.328881117903,eval,0.5519074074074074,0.056671230158730164,151.48194193361343,671.7783089173438
2025-07-16,6+12+18,58202.569983268884,254.49826001815188,7972.702932054297,2664.0675599234396,66429.77117534133,2269.5328804080527,eval,0.5508962962962963,0.060499603174603185,398.8292679702181,1113.5388019691286
2025-07-17,6+12+18,56653.6124577362,6798.86812196921,6235.953160256492,1978.2979758964264,69688.4337399619,2097.705939232556,eval,0.5489566137566136,0.06076279761904762,152.47968039809695,445.19905746690176
2025-07-18,6+12+18,24237.412036919806,1846.8112456447816,668.3865521919049,208.32099700416114,26752.60983475649,2633.444565600112,eval,0.5480772486772486,0.12729186507936507,114.97060657242574,286.44146848568437
2025-07-19,6+12+18,26447.0531420091,568.9449511309817,998.0757111238107,645.2027988772924,28014.07380426389,3725.19849864672,eval,0.5443116402116402,0.14050218253968252,326.21952148173,1191.8668082675647
2025-07-20,6+12+18,57300.88848854184,3832.8902024647655,3610.847178147471,1440.449171338829,64744.62586915408,2838.44452157767,eval,0.54460582010582,0.052711309523809514,426.7738400473405,1346.5198621790018
2025-07-21,6+12+18,62999.5773711248,1416.506670916815,6286.699062928698,2022.137641374629,70702.78310497031,3311.822187824603,eval,0.5451343915343916,0.060835912698412695,1458.4260107416696,4744.434620552573
2025-07-22,6+12+18,58010.60780618673,10072.544442071938,3705.075403001053,908.2428052229213,71788.22765125973,2236.0844621260967,eval,0.545147619047619,0.06037936507936507,182.31528010806252,512.5468583943424
2025-07-23,6+12+18,66041.2877514236,-3107.1110464088397,9222.517693064952,2794.89249249968,72156.69439807971,2370.764292609684,eval,0.5449640211640212,0.05883283730158731,79.9883985139706,193.18431621103414
2025-07-24,6+12+18,65820.15445793666,-1471.0946592314058,2683.235165283478,1011.4556436387209,67032.29496398874,3839.2881567520444,eval,0.5448121693121694,0.06357916666666667,841.0026366438008,2671.5946510883564
2025-07-25,6+12+18,23389.914733362762,1536.2280285072623,26.91358112968343,8.484735538992254,24953.05634299971,3604.8304669240597,eval,0.5435994708994709,0.1443975198412698,229.2652316085176,953.0775769838922
2025-07-26,6+12+18,23641.596710973652,841.8277951472694,516.1450836701969,211.04021433235252,24999.569589791117,2866.4007643933796,eval,0.5449671957671959,0.13273253968253967,282.1108571902216,668.2401220310185
2025-07-27,6+12+18,59559.185048032,1394.6906512392795,10634.15920516544,3412.3497120196507,71588.03490443672,4198.649502313453,eval,0.5453116402116402,0.05910079365079368,441.63306890061995,1075.9730262727012
2025-07-28,6+12+18,59187.034060415666,5333.005554708561,6994.478744600337,2112.387164183021,71514.51835972456,2131.255031416109,eval,0.5448328042328042,0.07113144841269842,99.88250911868515,280.4098793069053
2025-07-29,6+12+18,61855.35959106333,4899.370733330094,4664.796049068962,1529.261145505857,71419.52637346239,4215.835756159211,eval,0.5418460317460319,0.06545148809523808,553.6461967002194,1750.65257703979
2025-07-30,6+12+18,52801.77385792623,12442.613699878711,3648.2819542367724,1140.1372693546002,68892.66951204171,2075.507476172243,eval,0.5421238095238096,0.060412301587301584,120.00378474776763,290.69688817476947
2025-07-31,6+12+18,57272.876788244444,6592.6667633975285,9272.308403407349,2473.826189050618,73137.85195504932,1670.9059042897588,eval,0.54485291005291,0.06224007936507936,393.3376779395159,1234.6640910192502
2025-08-01,6+12+18,23596.758049564996,423.006719458495,994.4238199077519,457.54512868358745,25014.188588931243,2885.744010873062,eval,0.5448312169312168,0.15951646825396829,164.83911523264794,825.0764877630445
2025-08-02,6+12+18,23240.949999861856,773.329882432713,366.6459122119884,116.08543081253757,24380.92579450656,3603.259794826141,eval,0.5471201058201057,0.1623127976190476,115.20049710644855,310.6228066370655
2025-08-03,6+12+18,48592.59041600302,4446.393833026993,8594.498446042922,2261.3783033722248,61633.48269507293,1957.135039064838,eval,0.5456243386243386,0.038464781746031754,284.22988106955324,657.4157455846316
2025-08-04,6+12+18,53744.301522834015,2854.2138820356467,5981.465196509741,2186.574271036006,62579.98060137941,3241.6395911225604,eval,0.5430841269841269,0.04194801587301587,307.2259559017245,710.9423693334257
2025-08-05,6+12+18,51228.312280217106,4838.108478546141,4477.364345665572,1931.0758662648277,60543.78510442882,2938.2367308877597,eval,0.5429597883597884,0.04200029761904763,309.86028664570847,808.3216017448008
2025-08-06,6+12+18,58168.806572706424,2306.4587187211414,8166.789683885914,1837.0050824425807,68642.05497531348,2650.9348339338294,eval,0.5435121693121694,0.05984315476190478,195.67946969130247,488.4630337791656
2025-08-07,6+12+18,58066.40867863191,-1829.8232237298375,9130.412260545589,2452.2677192860683,65366.997715447666,2533.002845856498,eval,0.5399597883597883,0.04719950396825397,12.939078068936828,39.660568965345654
2025-08-08,6+12+18,23073.22184470929,509.20506615680705,131.88816141445122,50.67070414065523,23714.315072280548,2986.2399670651585,eval,0.539568253968254,0.15493184523809525,96.74150021197192,425.00550612193075
2025-08-09,6+12+18,22626.75736255265,607.6825238063041,1128.4374280194447,430.59080622010066,24362.8773143784,2626.647468364111,eval,0.5350746031746032,0.13665803571428572,44.73258231127882,94.84332756690179
2025-08-10,6+12+18,55525.31921366611,1075.438210036217,10942.172147704343,3195.039987420746,67542.92957140667,3218.089330187964,eval,0.5341761904761904,0.06310555555555557,647.5207307259964,1670.0398936536262
2025-08-11,6+12+18,49270.68756028748,3824.640050748836,3321.436144768434,917.1609665150584,56416.76375580475,2558.131451729741,eval,0.5368137566137566,0.06005694444444444,923.0732262763886,2649.3468372821817
2025-08-12,6+12+18,58023.846964926706,969.6143802344166,3699.7631678256894,1214.7803951373357,62693.22451298681,2667.0116826627186,eval,0.534441798941799,0.07173214285714286,179.95572215042225,897.511291737045
2025-08-13,6+12+18,50812.71467163156,3368.681539385191,8600.308560628015,3325.18198403916,62781.70477164477,2222.303773245962,eval,0.5319222222222222,0.0647202380952381,219.04868397841256,554.4312638902527
2025-08-14,6+12+18,53579.8659525849,4424.193772704815,3997.3064538206336,1325.9090454476282,62001.366179110344,2105.3649176418176,eval,0.5337687830687832,0.06522271825396825,319.1865151728907,753.6954997300644
2025-08-15,6+12+18,23036.376198489423,692.038420716705,658.4007492853727,308.57875971881856,24386.8153684915,2325.0589799324734,eval,0.5322592592592593,0.1402267857142857,210.8358245456274,792.2506490696273
2025-08-16,6+12+18,23731.022715333354,9.6543946722866,1135.3796982827148,382.6903222134205,24876.056808288355,1477.732617570924,eval,0.5321359788359789,0.1459686507936508,80.2307454622684,171.61092688737094
2025-08-17,6+12+18,56469.17588007096,1215.50710271979,3289.7278625390018,796.4349299841948,60974.41084532975,3753.0214393846472,eval,0.532784126984127,0.05481686507936509,366.5415853257888,844.6723717716025
2025-08-18,6+12+18,51894.334725511595,2846.425293920576,3596.265506635044,1511.022915496962,58337.02552606721,2207.537567778096,eval,0.5283423280423281,0.059799702380952384,149.5473423538994,338.5534625657854
2025-08-19,6+12+18,50758.65949284314,2507.6915206568237,4899.4818857652135,1637.0301133208777,58165.83289926517,1709.6471890121734,eval,0.5330116402116403,0.053927380952380956,549.0217218992641,1466.7595638918237
2025-08-20,6+12+18,60214.583984655306,2063.0509010429696,10093.395610895022,3140.077256073333,72371.0304965933,3133.7692420182616,eval,0.534589947089947,0.07831785714285716,194.16560793415036,640.6761852832173
2025-08-21,6+12+18,53495.19509145886,593.5843147328222,5036.712793892226,1911.454962669353,59125.49220008391,1727.5283307172347,eval,0.5333031746031747,0.05832400793650795,602.1519242833014,1576.7426552118072
2025-08-22,6+12+18,23557.577523856835,631.6645651512911,2940.3026042619886,1252.6183786020588,27129.544693270116,2931.355999790264,eval,0.534010052910053,0.13174890873015874,840.4064826083641,2649.5770959916704
2025-08-23,6+12+18,22905.126952474093,1222.4510830517133,383.5882022861716,134.57016504436882,24511.16623781198,3990.0773190623736,eval,0.5386126984126984,0.13412797619047623,305.48694974075136,842.6906230820019
2025-08-24,6+12+18,53093.853271844666,5735.513448009271,3746.9072668178487,1027.5252240214868,62576.27398667178,3872.56741847963,eval,0.5376772486772485,0.05130654761904762,206.35528750507993,558.6521049449736
2025-08-25,6+12+18,67307.17890225726,-4551.47717225327,4316.912761386083,1410.612992525992,67072.61449139008,4096.280933665201,eval,0.539321164021164,0.06873551587301588,319.32619248632966,809.9454103243055
2025-08-26,6+12+18,52478.12640108426,2732.413940428736,5462.228081510037,1657.4314632660185,60672.76842302303,3141.5274298784093,eval,0.5367968253968255,0.0552484126984127,185.88155888795018,739.1375161118682
2025-08-27,6+12+18,53325.97127437685,7470.190170133117,2669.6430365160204,679.3419421149702,63465.80448102598,2475.4037171827886,eval,0.5329015873015873,0.06640932539682538,300.60056970005036,884.5995959079983
2025-08-28,6+12+18,52013.561430467395,9996.44103354913,9815.901951235463,2915.1767018896517,71825.90441525198,2524.5135476633172,eval,0.5276857142857142,0.07400505952380951,813.2097042667046,2787.752477322647
2025-08-29,6+12+18,24449.541456518607,648.6300249356211,1412.5201999330664,522.4558796317167,26510.691681387296,3033.314916959816,eval,0.5254931216931216,0.13391428571428574,237.50300351435553,769.4156400010586
2025-08-30,6+12+18,23210.008888113894,196.1448563802191,255.1671010154045,85.00688089131852,23661.32084550952,1954.556297866483,eval,0.5221100529100529,0.1447313492063492,182.0614254154895,516.5059729881104
2025-08-31,6+12+18,53581.518298968906,3230.2356429132738,5922.183732969688,2042.0461787200188,62733.93767485186,2478.3026987472417,eval,0.5222767195767196,0.05793521825396827,561.0568275468704,1574.2956901923264
2025-09-01,6+12+18,51513.47688072991,754.8198953699962,1134.1708939711414,436.68524396214013,53402.46767007105,6734.778628574879,eval,0.5190936507936508,0.0746608134920635,625.8619837934343,1729.852873111725
2025-09-02,6+12+18,42337.90716639641,8103.000013069412,0.0,0.0,50440.90717946582,5944.455231423415,eval,0.5097936507936507,0.06440228174603176,306.93097540486315,622.7965402043825
2025-09-03,6+12+18,39713.938943127716,302.62381119070653,3872.0019086101424,1546.5966109048666,43888.56466292857,4221.140457481139,eval,0.5022063492063492,0.056388194444444456,214.6432723262795,840.1742211918752
2025-09-04,6+12+18,40289.03513267156,1602.5899456601517,9880.02783027814,2689.9935827284385,51771.65290860986,3114.251124568009,eval,0.49613544973544976,0.05663809523809524,322.18939335136423,831.2292403788831
2025-09-05,6+12+18,18760.96818129262,9.25567567080941,158.38538478766583,96.38482964143527,18928.6092417511,5901.181714442606,eval,0.4847788359788359,0.18270644841269842,218.79214594068713,539.0004484181742
2025-09-06,6+12+18,20070.67078940276,-758.3684483432567,0.0,0.0,19312.302341059505,8013.065854415471,eval,0.4751486772486771,0.16088849206349207,143.8653563198255,373.6399510301115
2025-09-07,6+12+18,38284.27983789863,4096.326309643281,5821.941130026436,1546.9276842560387,48202.547277568345,6077.227495335865,eval,0.46505132275132277,0.05513392857142856,268.1854794508613,1035.1178216403478
2025-09-08,6+12+18,42050.68483355138,1787.3864538527619,8494.178406386462,2709.271814592438,52332.2496937906,5482.25628930134,eval,0.4547777777777778,0.07713531746031747,54.41060274164694,115.33273002415267
2025-09-09,6+12+18,36674.40158252609,4635.356023242561,10275.73799169555,2446.928100023774,51585.49559746419,3532.972824661667,eval,0.4537338624338624,0.05490009920634921,103.55709336030739,314.7999113756062
2025-09-10,6+12+18,43377.387795833536,3533.214228249241,5838.9666929126615,1378.0504905755815,52749.56871699544,3172.346436474355,eval,0.45248624338624344,0.08075823412698412,361.44666524587194,889.1597465308639
2025-09-11,6+12+18,44847.37023609614,518.0954480836883,10209.61040877871,2989.2681899522368,55575.07609295854,5018.648394807324,eval,0.4536740740740741,0.05342291666666665,277.1084280585459,591.5307793478427
2025-09-12,6+12+18,16437.833926943407,823.9703124387024,359.08676766189876,181.67119223752502,17620.891007044007,7079.329390285392,eval,0.4556820105820106,0.13119454365079364,69.67189160083963,159.85495033640643
2025-09-13,6+12+18,15207.984605945541,-61.62261074530313,544.799799457342,170.9990716855944,15691.161794657579,6332.6364281544575,eval,0.4548952380952382,0.1423347222222222,329.89508692196125,1030.871009532873
2025-09-14,6+12+18,46123.53521746214,-537.8387689259881,2787.353183123875,1151.1208129243114,48373.04963166002,5186.5768744832685,eval,0.45539894179894175,0.06920803571428571,182.54597273975136,415.1623289805666
2025-09-15,6+12+18,40424.02941586975,2841.060524222706,8329.137652257776,1920.5782451766588,51594.22759235023,5797.9837687513655,eval,0.4588497354497355,0.053628869047619064,218.93055050393622,733.474110560531
2025-09-16,6+12+18,47053.667962697305,723.3259809198962,3478.4293396881503,818.7069024663673,51255.42328330535,5312.614675425101,eval,0.4610449735449734,0.07089543650793652,282.07345759998043,675.481093833923
2025-09-17,6+12+18,44638.404063568305,1735.4190866369277,7972.004883295433,2749.8481277300634,54345.828033500664,5809.115689851311,eval,0.4610513227513227,0.06790843253968254,92.01898719989202,249.0004629184994
2025-09-18,6+12+18,41232.87130888748,7024.985895831339,3374.204519370452,996.7891247048059,51632.061724089275,6207.271889023367,eval,0.4600402116402116,0.0625863095238095,428.79825765060406,879.9231916228455
2025-09-19,6+12+18,15147.022397122775,954.8167881234532,1036.6152643399764,477.7889866194559,17138.454449586206,6098.805025420237,eval,0.4592555555555555,0.12201220238095238,56.810473117062884,134.0083642630188
2025-09-20,6+12+18,14588.189274950553,160.2719319435883,1723.557614504757,538.5654332242525,16472.0188213989,5003.479600976097,eval,0.4596407407407407,0.13063968253968256,114.09528632839593,256.7985219471519
2025-09-21,6+12+18,44274.81589629648,830.1332100713836,1754.2723408335198,772.0363329548622,46859.22144720139,4067.31406238068,eval,0.45711111111111113,0.0577920634920635,609.2469411352382,1793.887918246922
2025-09-22,6+12+18,47075.37284394495,-1311.4078738473838,6722.989907936299,2346.4379948373835,52486.95487803387,3751.3063782998806,eval,0.45738201058201056,0.06337777777777778,479.17788359506585,1180.2051391320979
2025-09-23,6+12+18,46792.007410715814,-479.09563631432343,9382.677321177856,3366.0895637555677,55695.589095579344,5704.028006954728,eval,0.45644285714285715,0.06235724206349205,231.72968976790702,663.7552819359909
2025-09-24,6+12+18,41872.90010711172,3973.058882070363,9809.852279148052,3658.524830886883,55655.81126833014,5580.968593462348,eval,0.45619894179894177,0.05537301587301589,203.0376945376881,509.59065488584946
2025-09-25,6+12+18,42671.188131373885,5167.494538568161,256.728631465145,104.505588036398,48095.41130140719,5369.721247572617,eval,0.45510264550264545,0.05815853174603176,220.00396012768186,561.9350542237108
2025-09-26,6+12+18,14977.241341216424,89.48450230930467,470.0323349788524,322.46518828964304,15536.75817850458,5663.135860167629,eval,0.4564396825396825,0.1317858134920635,164.51409960073502,310.33583118650733
2025-09-27,6+12+18,15713.017936253334,158.70392832618245,2666.2325385363174,800.8043094421855,18537.954403115833,5279.232701040985,eval,0.4554481481481481,0.12588640873015872,73.00993142089023,141.44423896832623
2025-09-28,6+12+18,47188.65388330433,6758.8635811073855,144.87548750311836,66.01753816501179,54092.39295191483,7124.983977209586,eval,0.4580169312169314,0.06590555555555555,175.79445508777548,597.6836314579452
2025-09-29,6+12+18,45946.180572646685,-231.74645992724277,15470.658810630066,4307.848868167997,61185.09292334951,4056.434227355848,eval,0.45696719576719586,0.06140644841269841,499.78358631346936,1329.656300804223
2025-09-30,6+12+18,46824.17075484464,4487.25888986734,10433.657367970412,3212.8234445926873,61745.0870126824,3552.994395912921,eval,0.45684920634920634,0.06992966269841269,363.8501900477635,852.9009085603199
2025-10-01,6+12+18,40741.29734800683,2982.643829961867,2557.1799270167858,511.31296284758537,46281.12110498548,6705.339437758992,eval,0.45616772486772483,0.039295039682539695,763.0908442890806,1734.5437241031013
2025-10-02,6+12+18,44347.95575295565,-1995.741653719258,1851.680419246523,375.498226480051,44203.89451848291,7369.214606695175,eval,0.4568978835978835,0.032451984126984135,160.96528783208416,469.13220808380186
2025-10-03,6+12+18,13469.682840592894,-69.18695126419814,0.0,0.0,13400.495889328695,8736.311625897379,eval,0.4547063492063491,0.16259980158730158,70.71200405075476,130.25582962245886
2025-10-04,6+12+18,15131.247259646054,-66.35418211429615,0.0,0.0,15064.893077531759,10258.731836145425,eval,0.4541507936507936,0.13008789682539681,119.01068584112991,237.4372316197529
2025-10-05,6+12+18,41568.898759342075,-1181.7545149333193,2598.7482269035963,1341.2134163530116,42985.892471312356,9736.620274526955,eval,0.45254021164021163,0.04299374999999999,331.5733306742393,813.3525259532555
2025-10-06,6+12+18,39108.77228342487,1075.7740877122274,7753.461369668058,3077.9532537751757,47938.00774080516,8290.865644217953,eval,0.4534867724867725,0.06301359126984127,123.29487310537772,289.92980600036924
2025-10-07,6+12+18,41060.52659317136,3015.017282059999,6993.939719785534,2360.2181372666246,51069.48359501689,9999.718441481005,eval,0.4544164021164021,0.06308789682539681,510.53389688930685,1242.7784254238595
2025-10-08,6+12+18,35944.602788048775,1648.3259172966616,11825.041726776057,3235.8939343350735,49417.970432121496,9270.033268963327,eval,0.4559920634920635,0.06135753968253969,160.1920619021252,498.1795384014804
2025-10-09,6+12+18,43047.85507429544,-2767.070227673006,9902.790283045997,3058.8105100837015,50183.57512966843,8561.069206314307,eval,0.4563306878306878,0.05656775793650794,546.4551603747542,1602.2410765405289
2025-10-10,6+12+18,13995.175186044537,-431.88151152225663,933.4942560841555,298.64328541797954,14496.787930606435,9300.3852440798,eval,0.45994656084656094,0.14748065476190475,146.94009120125625,420.6892235776277
2025-10-11,6+12+18,13003.57317507884,-139.3212189324878,577.4739856034291,236.79853198724834,13441.72594174978,6420.293254015231,eval,0.46068095238095247,0.12280039682539684,204.8867087247876,467.9054713235488
2025-10-12,6+12+18,38144.494054117415,2454.5899130218363,10774.44073314871,2636.5127956741126,51373.52470028796,6752.50629843026,eval,0.461131216931217,0.06516180555555555,285.1271098841456,713.1655024217432
2025-10-13,6+12+18,39819.75916055233,1120.7023379825246,9764.548211022025,2551.8765313747867,50705.00970955688,6111.484693578988,eval,0.45852380952380956,0.05917490079365079,308.46823193743614,752.1906669926112
2025-10-14,6+12+18,44280.95986612077,1525.3543353859845,16821.704244264198,4178.4466438650925,62628.018445770955,7814.127476778832,eval,0.4581238095238095,0.0689347222222222,307.6370671673117,872.0671127330563
2025-10-15,6+12+18,48704.76013433448,-1593.289244848232,11324.100825627487,4581.2620986184365,58435.571715113736,8856.86369722712,eval,0.45811798941798937,0.06890605158730158,1104.0821059735497,3586.277584670616
2025-10-16,6+12+18,45016.54953902862,2398.3749092636094,9224.311641455952,2709.817737557398,56639.236089748185,9751.909427321343,eval,0.45952380952380956,0.07472202380952381,159.90078352427713,578.3631789130725
2025-10-17,6+12+18,11484.162163279421,1092.2890235195778,701.8432236308715,405.61530911877264,13278.29441042987,5355.14252476167,eval,0.45673597883597883,0.12654365079365076,60.17635344705078,115.47502067569128
2025-10-18,6+12+18,14519.38883448533,687.4819943582589,256.9247146130626,67.48487526213866,15463.79554345665,8584.974117661675,eval,0.45554232804232797,0.13748154761904763,57.901270245389426,131.86167184451318
2025-10-19,6+12+18,44083.65626697133,2302.08356523669,10641.32636086108,3724.1669847277935,57027.0661930691,5004.050498491001,eval,0.45466825396825394,0.07284196428571428,674.2947168909099,2029.9956563123912
2025-10-20,6+12+18,50264.018059795635,84.56581283043886,6384.531820741076,2121.81446037123,56733.11569336715,9253.966258078508,eval,0.4561402116402116,0.0666800595238095,304.1816404106986,1007.3255137437958
2025-10-21,6+12+18,46959.12552745048,1666.94791864772,7466.342325924141,2196.7149039142732,56092.41577202234,6556.540630892688,eval,0.45551640211640204,0.07285813492063492,246.23521922923373,906.746764568358
2025-10-22,6+12+18,48449.494655201706,2559.3099779242953,8324.275683851389,2567.7753677512537,59333.08031697739,9938.233233172006,eval,0.45409947089947084,0.0655810515873016,123.01032221484562,454.96844908073933
2025-10-23,6+12+18,52378.13667338331,-3914.91661687207,8948.1273836996,3271.8716052033087,57411.34744021084,9591.594469048176,eval,0.4519735449735449,0.05451259920634921,416.90957457071784,1495.37384290354
2025-10-24,6+12+18,12687.747402135432,100.7947232429543,1120.716395026148,467.20370810723716,13909.258520404534,6310.6998806436295,eval,0.4522888888888889,0.1347780753968254,322.55328055584835,1134.2317816854386
2025-10-25,6+12+18,14530.249286722701,75.35143567814248,726.903260267479,634.7556521979991,15332.503982668322,7423.854018671782,eval,0.4535936507936509,0.1342387896825397,380.5526597733873,990.0002134865974
2025-10-26,6+12+18,51304.663985979336,-2472.3414347735034,8626.074946167351,2566.5726221729146,57458.39749737318,6040.028308500333,eval,0.4575264550264551,0.054311011904761904,1242.213057057141,4115.806329856725
2025-10-27,6+12+18,46050.933053596054,5077.23612634349,3156.9403067874955,751.9686843889992,54285.10948672704,9065.624099982935,eval,0.4582296296296296,0.05427341269841269,223.4193888778108,564.5668085112018
2025-10-28,6+12+18,44991.61732105605,4064.7846069613256,8173.924010890071,2454.644974105379,57230.325938907445,10290.447023850711,eval,0.4567074074074075,0.06113462301587301,184.15810924551917,725.8424910607479
2025-10-29,6+12+18,47199.36206860971,1794.7232628966244,5699.382403407934,1711.13338095939,54693.46773491427,7003.1008826205125,eval,0.45729100529100536,0.07460515873015873,439.61162570668523,1539.7595356451693
2025-10-30,6+12+18,44646.96170166818,1916.2309497238216,7789.911583202879,2712.655611666994,54353.10423459488,6568.48131635352,eval,0.4577687830687831,0.059820436507936524,224.63322767809623,714.8589463129615
2025-10-31,6+12+18,15543.220618692005,406.12234664297205,1033.5336286442375,318.09889818102613,16982.876593979214,9522.136895610449,eval,0.4585677248677248,0.11899275793650793,60.22944256559366,110.89239454632073
2025-11-01,6+12+18,14233.267690885745,-171.8828456329614,1297.741529486836,711.8160387025721,15359.126374739619,9516.67818111101,eval,0.45790529100529104,0.1355406746031746,67.1364869493622,197.27153191299794
2025-11-02,6+12+18,48388.34088128814,3455.408546017671,5153.830366340831,1351.7771632584627,56997.57979364664,6904.349750104063,eval,0.4531619047619047,0.06255307539682538,660.0633543121053,2120.775931610706
2025-11-03,6+12+18,53363.01365867051,-962.0927822042315,9147.105048986952,2355.659063577473,61548.025925453236,9287.728628342367,eval,0.4542603174603174,0.06735009920634921,384.5297369140807,1882.264853670566
2025-11-04,6+12+18,48300.09597195012,1031.70769057077,2786.111379138162,967.7135774183369,52117.91504165906,6362.361589744986,eval,0.45506296296296295,0.05603392857142859,449.5640570059457,1184.577693486494
2025-11-05,6+12+18,54794.042291793616,-782.2224658129256,9751.109860369823,2359.6831049950624,63762.929686350515,7151.3213236487,eval,0.45361693121693125,0.06390059523809523,407.1841284409244,1121.7571823264664
2025-11-06,6+12+18,53655.78302898544,4272.6331949926525,7294.879679456535,2097.9736085144514,65223.29590343463,9842.822338074837,eval,0.45272222222222225,0.07077589285714286,149.27598618228362,437.90948375507395
2025-11-07,6+12+18,13775.53838880559,503.8563160465145,731.6701991608145,236.6675004746757,15011.06490401292,7990.6957914312125,eval,0.45323703703703705,0.13492529761904762,181.19612195579384,526.3601158022637
2025-11-08,6+12+18,15147.308229664755,814.7561688478536,1306.3942739498088,856.3180849786843,17268.458672462417,8430.148586987933,eval,0.4548021164021163,0.13335863095238099,170.0257501863412,365.5292315943514
2025-11-09,6+12+18,53305.34942701612,317.4753685259631,6215.466194307132,2092.160779970026,59838.290989849214,9308.790137897826,eval,0.45530687830687827,0.06452291666666667,266.8673216056067,962.6386435069455
2025-11-10,6+12+18,54681.51326404821,2645.087212934728,6606.619221192477,1888.1636374132358,63933.21969817542,8492.04353036269,eval,0.4539740740740741,0.07209702380952382,518.2608437100373,1741.403468919088
2025-11-11,6+12+18,52676.644117954915,381.0707642509577,3010.1389276070577,1055.9761483546934,56067.85380981293,7318.507554409726,eval,0.45438835978835973,0.061847321428571425,274.26791864680297,902.9518997974064
2025-11-12,6+12+18,53391.279507466956,5233.954293711711,3672.1493950939143,701.4700973877696,62297.383196272574,4420.130818520788,eval,0.456368783068783,0.059277876984126995,280.9668385454278,789.8417661255155
2025-11-13,6+12+18,53784.463529449415,937.894935750253,11276.973457945136,3312.4202893164916,65999.3319231448,8425.83581844761,eval,0.4577253968253968,0.06280228174603177,417.18369141426604,1382.5222613393948
2025-11-14,6+12+18,13927.092732054753,1246.0886131166267,3154.2425949023855,1403.905901729417,18327.423940073764,8210.577011421849,eval,0.4585322751322752,0.12905803571428573,90.29002375696169,170.16809712210997
2025-11-15,6+12+18,16241.139318898931,-540.883733665953,913.4075650387333,291.0286181614501,16613.663150271714,7977.796227764773,eval,0.45841428571428566,0.13143134920634922,608.481620958978,1048.4943806912374
2025-11-16,6+12+18,53675.32619864239,3060.8773224257784,3397.051509623683,1131.3715465025834,60133.25503069185,6015.453903663454,eval,0.4615349206349207,0.0635267857142857,344.85306536227256,959.544669149261
2025-11-17,6+12+18,51411.54899515187,4135.461864089341,5619.081795830877,1826.7646975177463,61166.09265507208,6607.162782695651,eval,0.4606952380952381,0.05684841269841269,184.4996211467641,468.09796795547226
2025-11-18,6+12+18,55440.47564465049,2050.797865853237,9773.748800673551,3125.5246403840365,67265.02231117728,9282.536627496662,eval,0.46103280423280424,0.06468005952380954,80.79822297665679,224.69978490595176
2025-11-19,6+12+18,54167.3637778609,6347.590599568202,2703.3142875701515,554.6419465363126,63218.268664999254,7922.997867281905,eval,0.46063968253968257,0.06670198412698414,553.5289434624788,1854.4495978659634
2025-11-20,6+12+18,53449.37278386114,3857.415340524579,6540.382352409832,1482.4891621630238,63847.17047679555,8981.472523767285,eval,0.46346666666666664,0.05850625000000001,356.56930318473013,1178.9645756555262
2025-11-21,6+12+18,14955.831822613358,30.852467238132427,608.210082300408,179.28902073869,15594.894372151897,8662.847930736134,eval,0.46209841269841256,0.13399265873015873,141.71762573923817,337.61963686269553
2025-11-22,6+12+18,15975.769278677817,884.4006490601698,872.966085049012,374.49823912988114,17733.136012787,8507.507441406491,eval,0.46219735449735455,0.1311862103174603,338.6638312989647,525.6074596167593
2025-11-23,6+12+18,54726.301721546086,3420.3069335227774,7290.477953955312,2336.545582280623,65437.086609024176,6464.209095243517,eval,0.45973544973544966,0.06318144841269842,81.43516125180652,378.0625561448319
2025-11-24,6+12+18,53681.36278745906,3873.3673776907763,8771.223849507509,2012.175991171821,66325.95401465734,6148.556398741609,eval,0.4625015873015874,0.054399503968253965,576.8263095725054,1722.6250795701794
2025-11-25,6+12+18,64012.47554091477,-1060.664683562888,4291.608099430827,1149.0197486753589,67243.41895678271,7183.984471485361,eval,0.4619539682539682,0.056656845238095235,357.7485098692262,1333.506104236309
2025-11-26,6+12+18,58222.38688647139,4635.6585958228825,5096.178425838841,1190.7142674066836,67954.2239081331,8035.332909321483,eval,0.4626455026455026,0.06532896825396824,126.26472564767919,489.937758027719
2025-11-27,6+12+18,57532.15226956243,4969.745370722008,3629.324935556905,857.0221840636827,66131.22257584134,9482.333113048455,eval,0.45713968253968246,0.062066666666666666,763.6339022263658,2540.395477422359
2025-11-28,6+12+18,14385.894872733967,376.8922754133475,1262.344031899585,388.392601253693,16025.1311800469,7237.983954195037,eval,0.4560730158730159,0.13732946428571427,463.9931394856867,872.823335421006
2025-11-29,6+12+18,19667.6897238857,591.3136596206934,2185.880647419986,749.6281697026585,22444.884030926376,7387.615608685076,eval,0.4545058201058201,0.12166140873015872,251.16220558781401,534.3171736907209
2025-11-30,6+12+18,60519.16410080081,7004.219816426674,4824.361423169058,952.4921193180119,72347.74534039653,9238.90417458234,eval,0.45394126984126987,0.06886468253968255,612.5453451851989,2056.888021074249
2025-12-01,6+12+18,64668.7726017928,1081.7384088840918,25965.084827081253,4862.015234504586,91715.59583775814,5027.719498892756,eval,0.4505227513227513,0.1323813492063492,517.4377920637676,2387.6940365433866
2025-12-02,6+12+18,73108.69430679404,448.5483592543617,18721.7299243179,4133.929509570228,92278.9725903663,6438.803746345486,eval,0.4569164021164021,0.12814613095238092,315.26815081993874,1128.8312175687338
2025-12-03,6+12+18,64045.58661575769,9812.254803667982,5609.006348854657,1216.7821115401855,79466.84776828034,7898.20750040059,eval,0.46221216931216935,0.11173720238095235,48.322222863277794,227.9127049405553
2025-12-04,6+12+18,73545.06928341274,-50.514950392464684,15436.09260454671,3315.1956325142887,88930.64693756698,9545.032936217678,eval,0.4702380952380953,0.0942796626984127,314.55123773528396,1012.7777955021623
2025-12-05,6+12+18,19097.542221595795,1986.1332003639218,7862.730260192064,2988.5057221255,28946.40568215178,9219.70304427002,eval,0.47731164021164024,0.10771666666666667,159.5966977489232,356.69040555997424
2025-12-06,6+12+18,21844.723980513518,2910.995603020515,2284.240149037147,909.5224865387368,27039.95973257118,9338.37200713672,eval,0.4833714285714286,0.10884325396825396,376.16580176228746,942.4301741141693
2025-12-07,6+12+18,75743.48333896812,-2156.3553723554915,7782.236494765971,2098.1902315564903,81369.36446137859,9849.671482524685,eval,0.4903153439153439,0.06802946428571427,433.55343454360974,1305.7876776014673
2025-12-08,6+12+18,75802.44151124055,-197.20057305918465,0.0,0.0,75605.24093818136,10800.0,eval,0.496173544973545,0.05379761904761906,111.80577633230546,343.4243924685298
2025-12-09,6+12+18,71032.57554835887,63.32351039579228,1074.7005644762921,191.7164891308532,72170.59962323097,9098.285366270742,eval,0.496521164021164,0.05510982142857143,112.9517478236721,611.5541312253441
2025-12-10,6+12+18,70745.37191161924,5888.075618962143,5426.431520938481,937.3827549614296,82059.87905151986,9691.902006097143,eval,0.4952375661375661,0.06404900793650793,399.86084255518256,1780.3023114244284
2025-12-11,6+12+18,72156.17606860606,-1637.051227708343,5188.47379781557,1329.6570627754356,75707.59863871329,10040.57311153188,eval,0.4942121693121693,0.04928015873015874,528.4640256630626,1654.9111542736596
2025-12-12,6+12+18,21703.580116807287,1760.346804270437,864.6874611890579,239.5618572954997,24328.61438226678,7601.829761918491,eval,0.49145978835978843,0.13132857142857143,215.70901242369797,589.7697331541269
2025-12-13,6+12+18,24286.62665409971,1936.6439389921052,890.9056715889435,418.5304831700769,27114.17626468076,7646.5630969828935,eval,0.4895846560846561,0.12623511904761905,239.85914350151444,510.1904066987983
2025-12-14,6+12+18,68365.16751735861,7720.970662781843,4332.994493459584,902.534073971441,80419.13267360003,10001.024166064763,eval,0.4907513227513227,0.06661597222222222,606.2359536948945,2172.036804333058
2025-12-15,6+12+18,66977.56256405837,6697.157939181378,8340.43984782039,2268.0890915632294,82015.16035106014,9139.961549971767,eval,0.4903571428571428,0.061336805555555554,64.19090013580194,241.8979842970501
2025-12-16,6+12+18,75285.37101028996,29.955408752466383,3557.833568344893,848.3418130711685,78873.15998738732,10003.221291274142,eval,0.48649470899470904,0.05366517857142857,183.50147504203713,711.973053162571
2025-12-17,6+12+18,73591.31799877607,-1688.0521108258122,7553.3118519863,1927.8234938218102,79456.57773993656,9959.183578972936,eval,0.4864359788359788,0.052521428571428566,242.76146259664583,708.4015274500679
2025-12-18,6+12+18,71744.98289310254,2407.75443996857,2687.161458508471,638.2782100986135,76839.89879157959,10410.445470814651,eval,0.48681428571428575,0.05642847222222221,164.81178420495326,472.5289426365465
2025-12-19,6+12+18,21187.334529960466,851.654443882524,5225.081753426705,2151.175631025847,27264.070727269696,9246.37514607607,eval,0.48897142857142856,0.1354359126984127,56.98705522962966,115.49496861727746
2025-12-20,6+12+18,25324.92801836621,-1748.2614173553393,1840.4686892249792,790.0037293297296,25417.13529023585,7205.111789548715,eval,0.4908185185185184,0.14118660714285713,267.94507170381075,668.1756715551646
2025-12-21,6+12+18,75179.85353404724,5.964032891066154,12879.169997350498,2594.575284619449,88064.98756428881,7619.9639339523765,eval,0.4902714285714285,0.05431170634920634,412.2384270829301,1078.064258312385
2025-12-22,6+12+18,70477.281139224,2516.139568378653,11671.633270650542,2975.230964776736,84665.05397825319,9251.681408485569,eval,0.48987248677248674,0.06379097222222223,125.06075693870605,600.6225250116206
2025-12-23,6+12+18,72681.94721551087,-1809.0546225305138,9818.626829049095,2462.569537479493,80691.51942202945,8872.224679236057,eval,0.4938910052910052,0.05630486111111109,259.0573798197666,1102.4173733304767
2025-12-24,6+12+18,71475.79685958463,-61.00518052791779,8196.956971603857,2383.030015719717,79611.74865066056,9520.522400837257,eval,0.4959301587301587,0.05388878968253969,65.12865853493074,275.49877730785727
2025-12-25,6+12+18,66812.62036159568,3607.0110517172207,10012.623124279642,2464.1880390640486,80432.25453759253,8139.668464559025,eval,0.4942253968253968,0.05970595238095236,136.76200521470724,712.4643322167376
2025-12-26,6+12+18,22763.159830830853,2995.1800723626893,2936.8942672397443,1193.3946468008178,28695.234170433287,9881.178648102063,eval,0.4937931216931216,0.13421190476190475,130.91132650252743,407.57242991733966
2025-12-27,6+12+18,21192.483238138884,408.6786469327369,4644.724999677837,2058.096917317081,26245.88688474946,8305.224540682693,eval,0.4959148148148149,0.1369892857142857,433.79127495640705,1024.2088714122428
2025-12-28,6+12+18,67374.90495667787,5232.564894327716,5572.918675343718,1216.4833475102505,78180.38852634931,8595.496175415557,eval,0.4923862433862433,0.05129265873015873,587.3328059420768,2406.2272321313826
2025-12-29,6+12+18,66771.99816583781,8369.599759025707,7659.82300516268,1439.0853891308227,82801.42093002619,10571.622018809781,eval,0.493610052910053,0.051714186507936515,362.4810544906719,1999.5546708159752
2025-12-30,6+12+18,66523.62287752121,2915.309472200403,2826.203345365202,690.7881714678094,72265.1356950868,8404.106872618744,eval,0.49164021164021166,0.0504875,291.175380487227,1115.3619516012268
2025-12-31,6+12+18,72808.91836606349,1672.2682875126081,3669.850249868625,790.9978482092621,78151.03690344472,9468.095520895313,eval,0.4900629629629629,0.06042886904761905,355.5203457925554,1646.8259611455655
2025-01-01,历史选型执行策略,0.0,0.0,432888.7998430083,92035.17001666666,432888.7998430083,6000.0,init,0.0,0.0,0.0,0.0
2025-01-02,历史选型执行策略,78170.43012215814,0.0,8275.773076712647,1762.897406172839,86446.20319887079,10654.339575,init,0.5328444444444443,0.038234027777777777,0.0,0.0
2025-01-03,历史选型执行策略,56581.11496452577,0.0,0.0,0.0,56581.11496452577,10800.0,init,0.5308481481481482,0.18821631944444445,0.0,0.0
2025-01-04,历史选型执行策略,22661.323636313762,0.0,10256.027960315616,4329.037468312753,32917.35159662938,10556.64123,init,0.4977197530864197,0.13456041666666665,0.0,0.0
2025-01-05,历史选型执行策略,29536.489350514756,1480.993585019532,223791.21670068806,44657.42779156378,254808.69963622236,9185.410364999998,init,0.47875925925925933,0.09554913194444446,0.0,0.0
2025-01-06,历史选型执行策略,74298.61283238907,1593.790749985625,14091.85394474168,2689.45593333334,89984.25752711638,10718.956319999998,init,0.4920933333333334,0.08167111111111112,0.0,0.0
2025-01-07,历史选型执行策略,70906.5168276184,6732.922012637458,13051.394377555342,2484.332286049398,90690.83321781119,10710.055154999998,init,0.4989623456790123,0.06666828703703703,0.0,0.0
2025-01-08,历史选型执行策略,77447.28852588077,-2581.6782372418293,18660.83171291665,3696.1210833333316,93526.4420015556,10757.449425000003,init,0.500173015873016,0.04950793650793652,0.0,0.0
2025-01-09,历史选型执行策略,70476.65945150494,3564.874697724635,15163.661387291995,2959.987983333429,89205.19553652157,10747.30257,init,0.4981608465608466,0.05736785714285713,0.0,0.0
2025-01-10,历史选型执行策略,58718.21292861934,-1679.9425225693262,0.0,0.0,57038.27040605001,10800.0,init,0.4987703703703703,0.13991765873015874,0.0,0.0
2025-01-11,历史选型执行策略,22238.07230175298,786.0529184017522,6515.009563742846,2375.734323456819,29539.134783897578,10399.662464999998,init,0.4961656084656085,0.1352948412698413,0.0,0.0
2025-01-12,历史选型执行策略,31141.352784053597,348.3565441420468,220928.86894677888,43537.8657855967,252418.5782749745,9087.386535,init,0.4964333333333332,0.06021696428571429,0.0,0.0
2025-01-13,历史选型执行策略,73693.39580417331,-171.37376053250486,11674.589968949993,2274.079983333332,85196.6120125908,10597.352669999998,init,0.49465661375661374,0.05179861111111111,0.0,0.0
2025-01-14,历史选型执行策略,71179.69803181337,182.74677960611098,16498.15022296666,3172.5062333333303,87860.59503438615,10640.392049999999,init,0.4953925925925925,0.054164980158730155,0.0,0.0
2025-01-15,历史选型执行策略,68555.97584692828,6667.780739250683,12858.762489608416,2395.4504166666966,88082.51907578738,10753.904564999999,init,0.4971100529100528,0.05923402777777777,0.0,0.0
2025-01-16,历史选型执行策略,70524.47407278704,1541.6660219296537,11275.055410876786,2062.2436999156434,83341.19550559347,10603.443857407407,init,0.497957671957672,0.05244037698412697,6.738667635593292e-13,2.2021178910778683e-12
2025-01-17,历史选型执行策略,24273.232394435567,-990.4248808798111,1233.1257112264686,461.12280487565397,24515.933224782224,10675.469989022959,init,0.4971534391534391,0.14103988095238093,7.73070496506989e-13,2.3578195396112273e-12
2025-01-18,历史选型执行策略,25807.269217147274,-1081.8543821299793,624.1790815893545,164.8054078255772,25349.59391660665,10675.3369175059,init,0.499037037037037,0.14380089285714287,-2.7512214728631083e-13,-1.294222329306649e-13
2025-01-19,历史选型执行策略,69268.8474131531,-70.75269731833558,13364.256596735275,2626.4106089850875,82562.35131257003,10239.525823725271,init,0.5005740740740742,0.05702936507936508,-2.842170943040401e-15,-2.847428959285025e-14
2025-01-20,历史选型执行策略,71156.14330699804,224.58244289651648,11188.07453783747,2428.98058898435,82568.80028773203,10542.534879398521,init,0.501367724867725,0.05355873015873015,7.561505194300257,34.75446885314207
2025-01-21,历史选型执行策略,69934.66316507972,-2051.915157233821,1920.520223496475,521.1551266134846,69803.26823134239,10634.18264703298,init,0.5010121693121693,0.044362301587301596,8.557465630856528,42.173916762131974
2025-01-22,历史选型执行策略,71767.3476428742,227.72960885215105,1124.8794090316208,252.20231070240425,73119.95666075798,9674.284074264766,init,0.5011037037037036,0.0640277777777778,178.21338438140964,714.5964113123875
2025-01-23,历史选型执行策略,71489.74791687277,3227.0206257229984,11443.747711469416,2661.570720947687,86160.5162540652,9762.460667143912,init,0.5011021164021164,0.06664623015873015,2.424620835751398,5.45132317475067
2025-01-24,历史选型执行策略,20162.468344067227,1587.5823402661742,3663.4259984321025,1755.3180841495268,25413.476682765504,10216.691022099958,init,0.501778835978836,0.14937162698412695,18.63135170767797,55.88979817217917
2025-01-25,历史选型执行策略,19875.01017084758,1812.3714738425272,1455.7848429558887,794.132294752397,23143.166487645994,10502.769100765117,init,0.5026534391534392,0.15257132936507936,59.314276681253354,156.89881008601688
2025-01-26,历史选型执行策略,76242.50892142065,-2738.5555463619266,2517.5696118976657,652.377576102179,76021.52298695639,10275.711824991213,init,0.49998359788359786,0.06394434523809525,57.20556801402142,221.39772751057166
2025-01-27,历史选型执行策略,66302.97060321055,1870.4722108767423,1073.1040722715056,241.1844456028069,69246.5468863588,10503.29866527782,init,0.49859841269841276,0.046439880952380955,75.01710845173206,291.95793359978944
2025-01-28,历史选型执行策略,70003.80508522179,-1022.211110929147,3798.624861634741,933.1467945509955,72780.21883592739,10270.079398601321,init,0.49627883597883604,0.058983531746031756,155.88208598102324,836.6917301855425
2025-01-29,历史选型执行策略,63009.61011320671,2216.177789480608,1447.3417464688891,344.9011726339702,66673.12964915621,10709.844300358407,init,0.49819894179894175,0.0435561507936508,95.61807513952817,394.1257894282583
2025-01-30,历史选型执行策略,63645.78586247329,4168.80350596548,2078.976674880413,580.2742117181818,69893.56604331918,10315.930867830077,init,0.49724074074074076,0.055001884920634916,188.17737282499394,718.4264080379915
2025-01-31,历史选型执行策略,18882.973771472796,1381.2268473975835,1933.9652972771878,850.9845774737936,22198.165916147565,10620.772926363637,init,0.49715238095238096,0.1351202380952381,103.94614569683968,245.30584305353392
2025-02-01,历史选型执行策略,19481.87186261784,-398.33846958309687,1526.7229488175126,821.0078448318177,20610.256341852255,10800.0,calibration,0.49730952380952387,0.1951779761904762,77.63543020659549,184.1844166061216
2025-02-02,历史选型执行策略,63535.957605117335,-976.2559026011259,1823.7449141642028,532.2907478799623,64383.446616680405,10710.774756780182,calibration,0.49425608465608467,0.057532539682539685,81.3475408264637,228.80036225223995
2025-02-03,历史选型执行策略,66210.44561126447,-1463.3773654355225,4565.401378322432,1027.6114277381096,69312.46962415137,10685.094533593605,calibration,0.49102910052910054,0.05969831349206348,208.99655458576598,987.6722374837125
2025-02-04,历史选型执行策略,70158.43104315619,-3081.9190693964883,2070.4528474655835,484.16759721662845,69146.96482122528,10800.0,calibration,0.48829100529100533,0.05257599206349204,89.55032453332879,331.3193745463859
2025-02-05,历史选型执行策略,61083.03284759362,728.5190611356744,5090.477612207872,1044.198689324764,66902.02952093717,9931.923305381923,calibration,0.48388835978835976,0.052722519841269834,117.78088379919777,517.4028757086262
2025-02-06,历史选型执行策略,66165.21332825482,-2417.0512553160224,6482.015961022009,1557.2425927053841,70230.17803396081,10056.42329546159,calibration,0.48334126984126985,0.05190386904761904,140.7566367561144,589.4331670980681
2025-02-07,历史选型执行策略,18257.625292072633,-70.63095839618683,1.0331291377951856e-13,5.684341886080802e-14,18186.994333676445,10133.174798135897,calibration,0.4790539682539683,0.1538861111111111,97.29324631564002,199.53395656664497
2025-02-08,历史选型执行策略,14616.445444947454,704.0361314837069,4223.691113088624,1309.1435388289447,19544.172689519786,9876.398503348268,calibration,0.47338730158730163,0.1459512896825397,53.12466550272362,116.94267644605807
2025-02-09,历史选型执行策略,61666.042876075735,-448.44512662628404,4042.9278190534233,1012.8013192877918,65260.525568502875,9548.806773600503,calibration,0.47297566137566144,0.058759722222222206,285.70195521619576,1055.6636372747437
2025-02-10,历史选型执行策略,55249.00186025665,322.01388994804006,4857.32581880629,1286.992566969855,60428.341569010976,9825.171082582077,calibration,0.4722402116402117,0.03834414682539684,307.1596916506972,1163.8670419840032
2025-02-11,历史选型执行策略,57411.64856013478,-1753.535761872869,9130.319642569315,2008.0846263663805,64788.43244083123,8650.947362148388,calibration,0.4720507936507936,0.04770833333333334,110.40778477582174,439.47380436594904
2025-02-12,历史选型执行策略,58856.86707326875,-1338.696519728335,7698.969001481216,1807.8251062489655,65217.13955502163,9376.272138168886,calibration,0.4733280423280424,0.04982857142857143,151.0454873295208,587.0428554534288
2025-02-13,历史选型执行策略,53792.33407672806,484.23624544149027,2127.1951272472147,557.1107687512967,56403.765449416765,10277.82786436489,calibration,0.4705460317460317,0.04360505952380952,265.84246199941,934.3058922982318
2025-02-14,历史选型执行策略,14628.179346693807,497.0757929052116,1315.5689885860015,651.639591845482,16440.82412818502,9842.811695184379,calibration,0.47089947089947093,0.14283492063492062,128.34522432511767,288.53581750219826
2025-02-15,历史选型执行策略,15568.831886775964,496.0483465593918,3501.7064041789213,1659.6823381359623,19566.586637514276,9817.882012601263,calibration,0.4718179894179894,0.13493888888888889,279.03335818827225,531.1982390902518
2025-02-16,历史选型执行策略,59679.62407582704,-2583.913693271944,9195.685519419221,2444.088232127643,66291.39590197432,9936.764256552879,calibration,0.4736047619047618,0.06151706349206349,323.3441699050493,1183.4893264498778
2025-02-17,历史选型执行策略,58078.33761208819,-3175.596516131349,2937.9981081871265,943.6336784987018,57840.73920414396,9966.368990020277,calibration,0.47256455026455013,0.051036805555555564,199.51283631734526,733.0706648299072
2025-02-18,历史选型执行策略,50848.022879389246,1869.0289318915939,3420.708792071826,1061.2000262105566,56137.76060335267,10241.848682864877,calibration,0.47414814814814815,0.05028849206349206,58.95960735527579,156.97870241399312
2025-02-19,历史选型执行策略,50797.72651362257,56.761085467122115,10113.345597297124,2262.8740133653,60967.83319638681,9649.50279144172,calibration,0.4713571428571428,0.05365218253968255,223.0886430931511,740.400202171575
2025-02-20,历史选型执行策略,54792.08803631575,-1175.2875125050114,7344.934915407039,1967.5869173738154,60961.73543921777,10466.345615435532,calibration,0.47265978835978834,0.055220932539682556,154.16138491099795,583.1502358144508
2025-02-21,历史选型执行策略,14617.895068630576,282.0064918104401,323.2655596398015,101.73293776211312,15223.167120080818,10025.300071302332,calibration,0.473063492063492,0.14571785714285715,41.99731619282232,87.19366926587671
2025-02-22,历史选型执行策略,15270.404923983417,209.33469167596107,692.3664279681047,195.1588331714566,16172.106043627484,10362.373355015114,calibration,0.47281587301587313,0.12959176587301588,84.40914813028964,201.3047460771644
2025-02-23,历史选型执行策略,52724.88340176756,1187.983128882617,7043.516692896859,1561.551300032253,60956.38322354704,9816.492379926945,calibration,0.4718915343915344,0.053621428571428584,258.3685922863777,1083.3675690423165
2025-02-24,历史选型执行策略,50900.31693094553,-131.47876726011873,3501.371171175446,1183.8081496281318,54270.20933486086,10000.155019957198,calibration,0.47184973544973535,0.04930882936507937,338.3806102387518,1135.6078101872831
2025-02-25,历史选型执行策略,51444.252200388146,-1498.3230803065426,3382.79427084394,1153.0898496379502,53328.72339092554,9913.379688450686,calibration,0.470436507936508,0.041781547619047614,129.73188858702488,388.40885935355
2025-02-26,历史选型执行策略,47005.346083401266,3260.675685629102,5642.0726537783885,1344.0884531698975,55908.09442280876,10792.950955358747,calibration,0.47081111111111107,0.05066349206349207,52.0748688403875,151.2685708513074
2025-02-27,历史选型执行策略,45580.375481343624,1634.80164073469,7983.101707599893,2407.958437815338,55198.27882967821,10346.3312881165,calibration,0.471189417989418,0.04860396825396824,389.2121229915249,991.3829114065796
2025-02-28,历史选型执行策略,14040.50628467191,425.44539707574495,111.31722618333343,39.414400000000036,14577.268907930988,10420.697310329917,calibration,0.47052751322751324,0.13722271825396823,35.640984556324995,69.19403592311288
2025-03-01,历史选型执行策略,15531.42461013268,-104.23838282704699,227.87363058352068,78.92732304360675,15655.059857889155,10101.80082080519,calibration,0.4690243386243387,0.13950486111111113,96.82062696153125,133.3003798806307
2025-03-02,历史选型执行策略,54981.6076896135,1827.6689073479752,1099.1757063526188,295.9459232107055,57908.45230331409,10519.81440972519,calibration,0.4657164021164021,0.06790456349206347,190.1300479093126,720.3175989503203
2025-03-03,历史选型执行策略,56397.89102154637,-2361.779605496993,5011.12373624544,1512.00703035393,59047.235152294816,10004.548273974558,calibration,0.4645825396825396,0.06589791666666667,95.85246385481108,301.0041654115531
2025-03-04,历史选型执行策略,49506.666761055196,1090.8087736326063,5173.421468439799,1624.1758295001455,55770.8970031276,10093.566389198419,calibration,0.46330582010582017,0.05184285714285715,148.63373840176527,504.3921274325809
2025-03-05,历史选型执行策略,48669.13380371833,-1689.387634548083,7919.709186129556,2109.413437634271,54899.455355299804,9929.341000237138,calibration,0.46334708994708995,0.04629742063492062,162.35120527104044,563.1170791294583
2025-03-06,历史选型执行策略,44704.584700711304,1992.960124887929,5692.342222550897,1815.2505942046434,52389.88704815013,10228.375734166735,calibration,0.458679365079365,0.04774156746031746,467.45726878354634,1686.4630790810813
2025-03-07,历史选型执行策略,13815.499739312172,-286.7801549275126,1091.7067744407216,578.9889588456642,14620.426358825382,10550.756241465533,calibration,0.45631587301587295,0.1406079365079365,111.2847850976772,226.81128429782353
2025-03-08,历史选型执行策略,12903.631486613456,478.69967047293596,2774.6628187446972,1371.1432585220389,16156.993975831088,10800.0,calibration,0.4559460317460317,0.15116150793650796,34.31791216433642,89.39525749902502
2025-03-09,历史选型执行策略,44638.40884434463,-88.50956845533301,14740.625969532966,3759.9630363057095,59290.525245422265,10792.905717767302,calibration,0.45648359788359794,0.04534335317460317,253.00792375866257,707.1107242744183
2025-03-10,历史选型执行策略,45651.037933313804,1645.1018174749597,11258.265358865632,2902.5758958691204,58554.4051096544,10191.830890006691,calibration,0.45693015873015874,0.06240009920634922,39.824965811967026,101.4952122936389
2025-03-11,历史选型执行策略,39287.968664169624,7317.9496236418145,9185.002426613857,2127.7968411658812,55790.920714425294,10239.612273866122,calibration,0.4566465608465608,0.05405089285714286,122.71935327760806,338.933104368568
2025-03-12,历史选型执行策略,46393.772198168284,-1299.4682832142792,7903.9684414054755,2574.890581732095,52998.27235635948,10339.978759683267,calibration,0.45587671957671955,0.048841567460317474,371.08360661190164,1102.7480124575748
2025-03-13,历史选型执行策略,46817.97213343195,969.643340162029,4159.107477203429,1293.4216180476624,51946.722950797404,9837.642635006452,calibration,0.4563804232804233,0.0678621031746032,165.54775206936864,417.1889212678473
2025-03-14,历史选型执行策略,12711.524928036913,23.77178520705007,852.6158533172813,420.0247569243053,13587.912566561246,10630.97537133485,calibration,0.45648571428571433,0.14629573412698413,100.27399390155324,179.3088012589186
2025-03-15,历史选型执行策略,12854.871219848925,458.2865591344242,307.7949084525328,96.38502943534027,13620.952687435882,10165.242371656173,calibration,0.4549883597883598,0.13138422619047618,187.77789592818363,339.02483736651635
2025-03-16,历史选型执行策略,43447.656676003826,2485.8004149662147,5051.386448843251,1493.9824446039456,50984.84353981329,10059.700078689046,calibration,0.45557248677248685,0.0531282738095238,409.9021621249152,1232.979029129397
2025-03-17,历史选型执行策略,40138.45358475328,-60.32834894409075,6287.554904383498,2164.962543648648,46365.68014019269,10155.499212594357,calibration,0.45470052910052905,0.03631359126984128,166.43087171989654,421.67399412466455
2025-03-18,历史选型执行策略,48479.25310908896,-2678.701428715779,2416.2030383947467,971.5112293496849,48216.75471876793,10196.729245936955,calibration,0.45277989417989417,0.048267757936507935,237.0375079790344,588.8026377095209
2025-03-19,历史选型执行策略,37216.78629910697,5006.8382366328515,9253.610956105442,3207.54347383092,51477.23549184526,10323.749894715595,calibration,0.4518751322751323,0.04881170634920636,208.83838386577628,537.9470875612051
2025-03-20,历史选型执行策略,43578.28749760224,-583.8564862254673,12526.828334103662,3290.231787940873,55521.259345480445,10013.778209564041,calibration,0.4522597883597884,0.056766964285714275,285.41251201260184,788.6141740413644
2025-03-21,历史选型执行策略,12016.173130340645,751.8399996677505,1950.4999030677027,613.7313847692168,14718.513033076099,10526.474852310694,calibration,0.4530079365079365,0.1536701388888889,19.40842752548366,35.69306368033506
2025-03-22,历史选型执行策略,13045.94679554016,-29.3761093128671,1054.411133247341,741.3378974710743,14070.981819474633,10743.928522207489,calibration,0.45365873015873015,0.13372331349206348,40.90094612399464,78.10399904054302
2025-03-23,历史选型执行策略,42797.845992605195,-1152.407557872075,2684.642354657953,935.7733983807605,44330.080789391075,10485.985059689736,calibration,0.452205291005291,0.05060575396825398,52.64510209496014,153.31906192763526
2025-03-24,历史选型执行策略,40073.58610235734,538.4579777036711,5219.681678795996,2161.6719805350713,45831.72575885701,10071.298885631368,calibration,0.45250634920634913,0.05461378968253968,141.62405097230106,328.69259028484333
2025-03-25,历史选型执行策略,46209.51299861648,-1873.4822219751236,4798.806870841974,1612.8233402323215,49134.837647483335,10208.0187793963,calibration,0.45285026455026456,0.0572953373015873,350.6822936043557,1218.7863980034883
2025-03-26,历史选型执行策略,39173.07588852851,1840.539697604483,3350.744467729134,1254.9236121836173,44364.360053862125,10755.141851682132,calibration,0.45108095238095236,0.047057440476190475,153.67065375312828,340.4195201038624
2025-03-27,历史选型执行策略,41499.859891970555,-865.1625594736354,2134.161601739741,742.2565571320857,42768.85893423666,10489.61308774661,calibration,0.4509153439153438,0.05638541666666666,113.07202620293602,284.85980916039165
2025-03-28,历史选型执行策略,12578.080929524118,134.29305015647714,0.0,0.0,12712.373979680595,10541.927312793252,calibration,0.449647619047619,0.13822063492063494,88.55888113224599,175.10180541668282
2025-03-29,历史选型执行策略,11770.892251012003,84.7478303184862,556.2100767032418,173.35351833578162,12411.850158033732,9809.795881263022,calibration,0.450710582010582,0.15139275793650792,60.93678880610962,122.84939371319308
2025-03-30,历史选型执行策略,39681.53045856438,-1574.7578759239568,7018.133269066984,2839.6845446279685,45124.905851707415,10771.397720038573,calibration,0.4536047619047619,0.049554464285714285,330.49543203200346,848.3750446822498
2025-03-31,历史选型执行策略,34655.328396488796,7778.748583465778,2702.932022262654,839.3930164065457,45137.00900221723,10589.360315150861,calibration,0.45265873015873015,0.05669087301587302,276.21877720753355,796.0841616456491
2025-04-01,历史选型执行策略,44246.7184458418,-1031.141263250092,3093.532604817107,1130.0294632561418,46309.10978740881,10661.132378976845,eval,0.4515280423280424,0.0719405753968254,383.693567392197,1185.4773626143622
2025-04-02,历史选型执行策略,42063.47182398751,-27.35285330509305,3794.1221251401503,1420.7657391263315,45830.24109582257,10701.751509275844,eval,0.45426084656084664,0.06762728174603175,135.62708447452695,347.04653939015947
2025-04-03,历史选型执行策略,42846.32433582118,-1627.8889609181415,2366.1870807692476,1064.4914266940564,43584.62245567228,10598.0900315432,eval,0.4561820105820106,0.06061577380952383,608.9953931823685,1465.4836072290666
2025-04-04,历史选型执行策略,10990.796343669264,82.94207903479587,737.9295194824207,221.64212893562507,11811.667942186481,10119.201369121443,eval,0.45736878306878304,0.14913710317460319,37.4433261163731,77.69462798088696
2025-04-05,历史选型执行策略,11698.394179442997,-13.650089320993741,443.75121500568366,189.55448696195634,12128.495305127686,10050.175355263722,eval,0.4554814814814816,0.1311729166666667,103.55581721337049,198.97930303710274
2025-04-06,历史选型执行策略,40123.34384451625,-225.28959125693154,1313.2430899531128,570.0061081068704,41211.29734321243,10276.688311115378,eval,0.45346243386243396,0.04986498015873016,174.90702312537823,502.0111904551436
2025-04-07,历史选型执行策略,34498.98843120242,3245.125557610173,3484.6864610617895,1376.9974374237668,41228.80044987439,10735.327386024646,eval,0.4558476190476191,0.05191001984126983,99.94643854886415,222.30436056325274
2025-04-08,历史选型执行策略,39504.84174400114,-685.9755014931634,1.1817746781161987e-13,5.684341886080802e-14,38818.866242507975,10159.37840091194,eval,0.45664920634920636,0.050626984126984124,731.0555981403321,2110.8499851297283
2025-04-09,历史选型执行策略,38884.328483701145,1945.1812780080718,6919.081127567133,2421.665632223377,47748.590889276355,10681.637365898598,eval,0.4555074074074074,0.06723720238095238,247.09901727742437,688.57040092273
2025-04-10,历史选型执行策略,38740.49468253284,544.664466052818,251.14369021997135,119.15492483270816,39536.30283880563,10433.315656292136,eval,0.45338412698412706,0.05992212301587301,575.1143504105328,1563.9871937219225
2025-04-11,历史选型执行策略,10730.647147811536,704.9945847779286,891.2115342512574,271.6090334003881,12326.853266840722,10175.128796610883,eval,0.4523375661375661,0.15134126984126983,50.62080502922673,96.03040178521294
2025-04-12,历史选型执行策略,11663.394372516976,-144.0823404446126,446.9696276631465,291.70238312585957,11966.281659735509,10524.082546844706,eval,0.45481058201058205,0.13979117063492064,34.311975177067055,63.01693189278245
2025-04-13,历史选型执行策略,35134.743713450196,-45.12137811382704,4783.556287883939,2151.30673887799,39873.17862322031,10187.807241622006,eval,0.45294973544973555,0.059799702380952384,222.77477458695415,500.7700870446289
2025-04-14,历史选型执行策略,38169.06347510785,-1828.65426190493,5285.081202703819,1866.9714189029896,41625.49041590674,10638.077330926055,eval,0.45337301587301587,0.05116130952380953,433.8582555848995,1161.721731177324
2025-04-15,历史选型执行策略,33092.98987026201,1914.2709862192164,619.5476413059023,159.65278923441952,35626.808497787126,10800.0,eval,0.4556465608465607,0.04900436507936509,251.98454386704967,516.7079434616763
2025-04-16,历史选型执行策略,37039.16212073421,1147.7963798189685,4336.9002082091965,1603.807246700341,42523.858708762375,10149.309279938187,eval,0.4550328042328041,0.06689652777777777,189.95154835689652,546.2870650878183
2025-04-17,历史选型执行策略,34181.81483039279,3873.4047451631022,4899.009684919694,1254.4450994240906,42954.229260475586,10737.998387918315,eval,0.4568486772486773,0.05517619047619049,493.0763265268224,1052.1308479041804
2025-04-18,历史选型执行策略,10295.441273427838,729.7462551165554,360.1058768304878,146.26984304381807,11385.293405374881,10800.0,eval,0.45714232804232807,0.13584444444444443,65.11754098352314,124.21886669480823
2025-04-19,历史选型执行策略,10431.118888302422,43.82479535047629,202.77904550633994,107.48955499938506,10677.722729159239,10158.193740907996,eval,0.4573312169312169,0.13859573412698412,89.85497072506519,184.44791295027218
2025-04-20,历史选型执行策略,34315.75320839828,2820.8095911840546,3943.3088671707683,826.8646039464372,41079.871666753104,10427.3436038074,eval,0.4606984126984128,0.053529960317460316,40.8444640122996,105.61560021680513
2025-04-21,历史选型执行策略,35036.468987871885,-1500.3842944056128,4070.3604812939534,1729.5676027257477,37606.44517476022,10037.636960945603,eval,0.45873597883597883,0.04580932539682539,36.239304751998525,72.94998753483908
2025-04-22,历史选型执行策略,32733.81764823545,4016.955490076804,1488.5769153897547,590.7948526849558,38239.35005370201,10495.355338348332,eval,0.4576507936507937,0.060242261904761896,363.8937335984827,976.1242445293828
2025-04-23,历史选型执行策略,31796.049188271005,2667.484263747572,3432.779903170433,1312.1524162685726,37896.31335518901,10713.83297664958,eval,0.45945925925925923,0.05768124999999999,170.2352313591012,429.23385972190636
2025-04-24,历史选型执行策略,31883.338748695183,110.71661912681068,3790.420709134043,1823.0581367354907,35784.47607695604,10141.052181908683,eval,0.4612582010582011,0.0493328373015873,75.77133669320939,208.99971334271945
2025-04-25,历史选型执行策略,9897.487617669558,561.7286912629786,354.96859359640786,109.6955952499585,10814.184902528945,10437.642139885085,eval,0.46247142857142853,0.15006011904761907,53.436300672118094,149.04996350255885
2025-04-26,历史选型执行策略,10489.926158695169,315.57180599939903,728.6700165723639,322.9205678952792,11534.167981266932,10473.2001154286,eval,0.4604343915343916,0.15092718253968254,153.58564493601034,292.6845919535126
2025-04-27,历史选型执行策略,31664.133144415668,2722.150496238589,2361.27277579005,656.5247832327519,36747.556416444306,10675.246503516475,eval,0.4590957671957673,0.05493998015873017,185.3654343743654,402.54958691298225
2025-04-28,历史选型执行策略,37513.366244960875,2389.02618183212,1370.3832852721462,527.1004662842308,41272.775712065144,10583.920678926268,eval,0.45826455026455026,0.08564384920634921,239.60257509118213,736.7162989156831
2025-04-29,历史选型执行策略,30949.029250090793,2764.6988784376217,4185.189223046572,994.2035920570372,37898.917351574986,10800.0,eval,0.45860052910052906,0.04940337301587302,176.59282664801154,354.72900136911187
2025-04-30,历史选型执行策略,30523.78733885485,2135.6355476495155,8248.233227104547,3027.078821442747,40907.656113608915,10693.857373229412,eval,0.45716137566137566,0.05083402777777778,224.0475580933478,548.0159765506281
2025-05-01,历史选型执行策略,33168.766992281686,3155.0490913698513,12796.498366539647,2834.854466118277,49120.31445019119,9127.173423979371,eval,0.4539862433862434,0.07086815476190475,204.80173041231882,432.0546351646506
2025-05-02,历史选型执行策略,11946.322694054936,653.5991422373236,5281.973215519267,1176.094587732082,17881.895051811523,9150.019864474578,eval,0.4527296296296297,0.09780684523809523,104.21359353820114,255.69521140557293
2025-05-03,历史选型执行策略,11383.705770195898,555.1687545697949,5747.640812702454,1282.102639597722,17686.515337468147,9323.260689363275,eval,0.455978306878307,0.12078948412698412,177.33520966497915,344.64840996694113
2025-05-04,历史选型执行策略,35304.450245660075,-393.64850644781274,11675.071877586122,2976.084426012656,46585.87361679839,9108.116082603592,eval,0.4565640211640212,0.05533789682539682,70.2582661108587,196.29918348778438
2025-05-05,历史选型执行策略,36467.46355584652,1930.8869513974737,7484.500723911552,2061.5479861526987,45882.851231155546,9301.697025773643,eval,0.45834021164021166,0.06813918650793653,120.54099807527686,253.6370817568355
2025-05-06,历史选型执行策略,33275.20987582305,4167.886003352213,8886.643376689048,2310.0240125413598,46329.73925586431,8526.783627886054,eval,0.45842804232804224,0.06247103174603175,62.390241857914496,151.13462130235524
2025-05-07,历史选型执行策略,37010.60957782144,4375.023321124026,983.9042911446038,455.71330192481673,42369.537190090065,8980.853993371333,eval,0.4613322751322752,0.062067956349206366,386.0244853078516,863.1265646728552
2025-05-08,历史选型执行策略,37783.27748922067,1579.2023804130558,2380.4308694674364,724.1585370760292,41742.910739101164,8230.824590553553,eval,0.4637100529100529,0.0629389880952381,580.5389869229482,1501.8551909795515
2025-05-09,历史选型执行策略,12910.015721267631,1019.6676424410872,679.1801558583334,402.0297166666667,14608.863519567052,9380.514647460877,eval,0.4640820105820106,0.13854603174603175,67.51801885823537,120.38888698211015
2025-05-10,历史选型执行策略,13377.379651050296,493.6678345272669,177.36535209928837,60.10944777417481,14048.412837676851,8942.837364050174,eval,0.4621883597883598,0.12751894841269842,131.71573661939482,511.19244789546667
2025-05-11,历史选型执行策略,38125.722602007954,74.62165226701862,5269.474320695195,1904.2567532288163,43469.81857497017,7760.022818825142,eval,0.46208465608465604,0.061195833333333324,421.1469021496834,1247.1731361203051
2025-05-12,历史选型执行策略,34131.53766563753,7324.72495127472,0.0,0.0,41456.26261691225,8357.44266771626,eval,0.46352222222222217,0.05152638888888889,253.1923607067516,681.4437956260242
2025-05-13,历史选型执行策略,38152.21706960631,-290.1940497368536,3909.7444953367726,1574.2574168734923,41771.76751520623,7796.391324493983,eval,0.4644613756613757,0.058716666666666674,376.43155821427155,869.2169766661394
2025-05-14,历史选型执行策略,36191.30868833614,4566.169222873548,1844.3912090819456,342.8188631722249,42601.86912029163,7490.658576824834,eval,0.4616857142857144,0.04893948412698413,769.5575399270133,1757.0506049981996
2025-05-15,历史选型执行策略,37254.221653310575,6098.66212848534,4506.390172422291,1408.6329931429507,47859.2739542182,8077.135545543713,eval,0.45981428571428573,0.05462807539682538,377.00106949497865,883.289534182932
2025-05-16,历史选型执行策略,10640.518328623426,421.7333034314144,970.8359902205925,473.3763619609862,12033.087622275432,4644.841909442084,eval,0.4595153439153439,0.15624176587301586,54.64948880407853,88.69321042709376
2025-05-17,历史选型执行策略,11877.636950143926,719.3145510620345,686.5931104674576,247.83050046539918,13283.544611673418,5125.988643000873,eval,0.45778253968253957,0.12560763888888887,37.00878892560646,83.43837735007908
2025-05-18,历史选型执行策略,37386.820560980465,1449.830783442464,1614.266659290346,722.6930460923431,40450.918003713276,4983.672255796433,eval,0.45744920634920627,0.05614077380952382,259.18230876169866,635.844898477256
2025-05-19,历史选型执行策略,35559.956877363205,1002.2649832587765,1111.4442180176297,491.3841148428678,37673.66607863961,5939.078757866692,eval,0.4556920634920636,0.04694136904761906,335.45184898384684,697.8283725203049
2025-05-20,历史选型执行策略,34069.95077424669,6800.075744040289,1317.3499502167479,422.72176140825775,42187.376468503724,5893.2029480830115,eval,0.45464550264550263,0.06721289682539683,775.2053864414281,2067.875857230541
2025-05-21,历史选型执行策略,34578.935464400056,6673.4068995077905,1622.3661764878855,552.0003751679392,42874.70854039573,8346.11123165816,eval,0.45527037037037027,0.05793978174603176,91.69859005935724,246.5791815464961
2025-05-22,历史选型执行策略,33602.81690178998,1962.1469640144944,2735.37023919659,1107.426856572491,38300.334105001064,6532.369053608819,eval,0.457268253968254,0.05686339285714285,286.58968880533547,688.8749840753713
2025-05-23,历史选型执行策略,12151.362213326083,692.154281803488,291.85598673621564,115.27365865155204,13135.372481865788,8508.751992936117,eval,0.45737830687830694,0.1360205357142857,193.82846673308987,657.9969253859172
2025-05-24,历史选型执行策略,12571.476630388619,387.32033869362954,553.9736400733335,233.93213576534703,13512.770609155581,8910.389088371994,eval,0.46061111111111114,0.14165763888888888,158.8199369731366,460.58949002472417
2025-05-25,历史选型执行策略,35631.220491310974,1264.3824472308788,0.0,0.0,36895.60293854185,9573.811323565078,eval,0.46305661375661383,0.05378878968253967,466.65485147003085,994.3990289724358
2025-05-26,历史选型执行策略,33774.63888835176,6725.0953767661795,2706.0739614740596,949.47539937943,43205.808226591995,9725.343778763296,eval,0.4629507936507937,0.06794087301587301,106.16125377820963,376.6684353748936
2025-05-27,历史选型执行策略,33573.0008593642,4502.156499479422,1625.430626718064,612.5383635517521,39700.58798556169,9366.555463694835,eval,0.4636439153439153,0.05648501984126983,335.8253586896084,931.0792496572464
2025-05-28,历史选型执行策略,36028.605295764835,942.4416885022684,4009.734262789161,1595.0029239185806,40980.781247056264,9319.43468015948,eval,0.4635322751322751,0.06529027777777777,430.3429479605029,1145.3630976451798
2025-05-29,历史选型执行策略,34381.73994993807,5833.355539940911,1792.908058866759,450.3704344190595,42008.003548745735,8536.003351392856,eval,0.46291746031746034,0.07312767857142857,297.2341364223099,664.2051960368494
2025-05-30,历史选型执行策略,12261.713317925118,1093.4003725876098,790.0633528117723,286.2282638950079,14145.1770433245,9638.741673238697,eval,0.46268571428571426,0.13248045634920633,45.65260411863312,91.74730020713491
2025-05-31,历史选型执行策略,11690.627776108711,69.956364442891,31.580968810200268,15.834027982050774,11792.165109361802,7849.966195988368,eval,0.46082857142857137,0.12931041666666665,152.64636914447956,282.02412788993126
2025-06-01,历史选型执行策略,51482.12477400323,3171.8243179515803,13176.218180832204,2343.6303741457223,67830.167272787,5118.399261696021,eval,0.4579656084656084,0.12338293650793651,174.80097889877737,533.3107039278113
2025-06-02,历史选型执行策略,53466.31361000224,-2065.8762206423617,25889.96881523986,5881.768010415501,77290.40620459974,5963.909230248931,eval,0.4640201058201059,0.10458065476190476,234.14300302806436,568.6120146930683
2025-06-03,历史选型执行策略,46631.79208491124,5258.818759901373,3063.4521068389295,624.0411822985055,54954.06295165155,4012.1788584652663,eval,0.4677211640211639,0.09143849206349206,449.1955253924413,1357.2983503526596
2025-06-04,历史选型执行策略,59952.63698621192,-5125.8701441938365,14403.126787512174,4288.333452144912,69229.89362953026,4758.09690606235,eval,0.4732343915343915,0.08982579365079364,547.3725191444762,1621.0511515989406
2025-06-05,历史选型执行策略,52514.90200874969,4970.022435274042,7709.594813617666,1729.158305472582,65194.5192576414,3752.9019021303243,eval,0.47868888888888894,0.09041875000000002,132.33105412773833,416.443259067647
2025-06-06,历史选型执行策略,15211.017070879612,1501.375321335243,12747.735847332398,3369.048403901641,29460.12823954725,1202.8437658865375,eval,0.4831148148148148,0.09393392857142857,280.17328396454184,560.0232941672047
2025-06-07,历史选型执行策略,19370.550049951085,-52.308434226544875,10562.755804649696,3219.4802965291155,29880.997420374235,2170.143011289335,eval,0.488226455026455,0.10546755952380953,405.31560187916386,818.0116270661732
2025-06-08,历史选型执行策略,49638.52818921114,1160.4585068951978,3555.1477357216745,1178.2954721747658,54354.13443182801,2451.111311957512,eval,0.4940502645502645,0.041805952380952374,144.86544557912663,384.7583672758477
2025-06-09,历史选型执行策略,57251.50624971292,-1143.220095524354,6115.8385035135,2159.104543238922,62224.124657702065,4643.8462140818865,eval,0.49194285714285707,0.059196924603174605,146.78579647242572,407.6163879954123
2025-06-10,历史选型执行策略,53269.21410914109,1572.3124566050656,6604.74115303191,2462.642194730288,61446.267718778065,4744.1481291617565,eval,0.49467671957671955,0.054851289682539675,114.00309593762681,297.45385011249607
2025-06-11,历史选型执行策略,54071.64907612151,4418.55588245262,728.121790045128,329.2345274878765,59218.32674861926,3286.983738785214,eval,0.4949894179894179,0.07027430555555556,447.13002650546343,1363.818264429318
2025-06-12,历史选型执行策略,54885.60898922814,1845.1924155952756,4521.386756020881,1336.5197683568608,61252.18816084429,4573.378841480734,eval,0.493605291005291,0.06014662698412698,77.82106180499063,266.6994312418593
2025-06-13,历史选型执行策略,21740.57278953099,-434.87680783546705,2211.5249609010198,779.8577814898927,23517.220942596545,5202.836195412217,eval,0.4940063492063491,0.12945714285714283,59.28374753952039,132.22459914534244
2025-06-14,历史选型执行策略,20882.318549495874,639.6396567548744,781.9713404722031,538.0771803267371,22303.92954672295,5302.158370251172,eval,0.49208888888888885,0.133205753968254,81.93346152732924,393.07008360702844
2025-06-15,历史选型执行策略,48821.42583602662,9109.768809353494,1974.55418688709,746.8820219501229,59905.74883226721,4567.965264341617,eval,0.491184656084656,0.05559444444444445,220.0553845364318,617.2714499497937
2025-06-16,历史选型执行策略,53364.79010877046,6545.240573762247,1887.6589327331262,728.7437499059989,61797.68961526583,4350.992630496774,eval,0.4913518518518519,0.05662182539682539,196.79470013040554,554.2237634437354
2025-06-17,历史选型执行策略,53675.76870457086,6357.167889827533,3328.5130850299047,932.73096671282,63361.4496794283,3732.4871988012733,eval,0.4900539682539682,0.060974305555555545,347.9205872613952,1090.9243711321892
2025-06-18,历史选型执行策略,53703.41345100755,6237.8388579735565,1239.7723395408848,560.576029847788,61181.02464852199,4441.692925858898,eval,0.4900798941798941,0.05118859126984127,903.8833828432314,3095.3594549511554
2025-06-19,历史选型执行策略,51254.53018896922,484.0006868258653,6403.738150335065,2149.4868885529004,58142.26902613015,3434.3426823644722,eval,0.48885185185185176,0.045914384920634904,275.0482934223355,688.6630635098553
2025-06-20,历史选型执行策略,17739.79026508519,314.7504345582072,129.63551900467192,42.57687889882148,18184.176218648066,2962.0759107319036,eval,0.4883619047619047,0.14658918650793654,144.47052516627576,302.19900135720883
2025-06-21,历史选型执行策略,17320.505636598362,656.0986773456239,751.2813483478023,260.58905961367503,18727.88566229179,3588.865825986737,eval,0.48837142857142857,0.15586805555555555,165.73980525609454,315.97349465999804
2025-06-22,历史选型执行策略,48518.94302444734,5712.8481046374,1170.5052131036732,379.07897926220267,55402.29634218841,4410.336040668914,eval,0.4900412698412698,0.052723710317460336,203.9855446085259,672.029223131238
2025-06-23,历史选型执行策略,50639.5475684946,4484.429106133621,1592.813234355995,573.9600751065676,56716.78990898421,3572.539013605254,eval,0.4902835978835978,0.051532738095238104,232.7906731239324,708.8746668398032
2025-06-24,历史选型执行策略,59018.49473076831,2912.814544506651,7065.207097455931,1927.1256744464322,68996.5163727309,3156.162322068374,eval,0.4880671957671958,0.08572896825396824,835.6678753629079,3092.5890077670715
2025-06-25,历史选型执行策略,51030.914856824114,2681.8681597466907,6017.423584650049,1758.9407857997187,59730.20660122085,3474.5062974461516,eval,0.48677460317460314,0.06070049603174605,384.7719539635836,1216.5058837040283
2025-06-26,历史选型执行策略,48411.975149666825,4401.200611084996,1910.9086516826687,606.7199657122703,54724.084412434495,2189.741781403392,eval,0.4849857142857144,0.05231666666666668,538.5172505218186,1569.7425847826087
2025-06-27,历史选型执行策略,16593.188550820803,330.73584099289565,267.5596376981069,97.9395160368219,17191.48402951181,2161.4584916871463,eval,0.4852132275132275,0.1529569444444444,110.55798311669587,222.95327706315462
2025-06-28,历史选型执行策略,17310.982661298753,1299.2914490363469,538.44698704008,186.59951243917823,19148.72109737518,3202.0695779882526,eval,0.48595238095238097,0.13287559523809525,93.66469114959756,203.4914623518691
2025-06-29,历史选型执行策略,50263.13992264008,3025.082876390164,8988.245994278253,2811.307813347993,62276.4687933085,4819.934684544662,eval,0.48521375661375665,0.06161785714285714,314.1384669997153,1106.7796398989187
2025-06-30,历史选型执行策略,50268.87352565478,2224.2597982285392,5328.461861698523,1786.5123725806156,57821.59518558184,4427.696818859946,eval,0.4843613756613756,0.05708224206349207,653.1970027851276,2064.200916685252
2025-07-01,历史选型执行策略,47223.75379215245,4821.699129695733,49765.550784742256,12528.669436375261,101811.00370659045,1200.0,eval,0.4844359788359787,0.13195694444444445,466.1288223552262,1527.842553026708
2025-07-02,历史选型执行策略,61339.08281840832,1232.3572636320232,7455.328274455816,2805.152766531687,70026.76835649616,5256.5919822458545,eval,0.4933005291005291,0.11039176587301588,128.0144661895437,451.9793928509372
2025-07-03,历史选型执行策略,64472.00385753223,6601.555626335269,375.20653373521964,96.53619439418662,71448.76601760273,3724.3002831438557,eval,0.5060111111111111,0.12684484126984127,499.74258619623015,1702.2835914780765
2025-07-04,历史选型执行策略,21855.061625304,1722.4255817726737,5102.266199416418,2239.24532559187,28679.75340649309,2287.6985232469056,eval,0.5153592592592592,0.11194771825396825,182.07966104499644,899.4425465641121
2025-07-05,历史选型执行策略,22753.670359807504,972.9894483701772,6074.016984821891,2784.0334822859877,29800.67679299957,2552.529084549007,eval,0.5274714285714286,0.11839930555555557,366.50204334392373,823.0618115794892
2025-07-06,历史选型执行策略,65504.537234195086,10212.534663137685,2239.90087372349,528.8743607665464,77956.97277105626,6065.052110659081,eval,0.5372047619047619,0.08999910714285714,1472.0218419890975,5491.977684924279
2025-07-07,历史选型执行策略,64912.733941587714,785.8051253988579,2260.2609257288887,421.20784357469495,67958.79999271546,7317.811968102022,eval,0.5473555555555555,0.05812222222222222,412.3105021496787,1118.7304551733166
2025-07-08,历史选型执行策略,70835.20462267593,-217.27130278884147,5959.341029667493,1643.1291331290302,76577.27434955459,8598.2943250784,eval,0.5587777777777778,0.058243452380952396,214.5259793422202,614.0430397763807
2025-07-09,历史选型执行策略,62828.98197359589,437.45730881047285,1.2914824765175582e-13,5.684341886080802e-14,63266.43928240636,4724.297000232813,eval,0.5591915343915345,0.05439107142857144,306.14454626318513,913.74244885517
2025-07-10,历史选型执行策略,62556.775684690154,3659.958204095737,6784.077679090518,2648.8348923771628,73000.81156787642,4741.036453897949,eval,0.5586772486772488,0.054364880952380935,1161.1656828288785,3773.512971497722
2025-07-11,历史选型执行策略,29235.34111714511,769.7549976528655,0.0,0.0,30005.096114797976,4765.242454280705,eval,0.5597227513227513,0.12057708333333335,204.18145443326483,407.487736162463
2025-07-12,历史选型执行策略,28412.349787836974,515.6358204254498,447.70543677388673,194.76009954116552,29375.69104503631,5114.933980574538,eval,0.5568894179894179,0.13618839285714288,159.65461250694847,549.6629168432543
2025-07-13,历史选型执行策略,60579.73370294832,-2388.2293710913004,4024.9674628357725,1662.073701145898,62216.47179469279,2047.743369351301,eval,0.5542185185185184,0.041224206349206344,428.1159492222964,977.3917567811031
2025-07-14,历史选型执行策略,56476.43069794463,2217.4284968383054,5332.97683161186,2006.7855571751475,64026.83602639479,2140.5337377309756,eval,0.553584656084656,0.05352638888888888,160.1515398963539,422.362566362522
2025-07-15,历史选型执行策略,62516.26820152976,-462.5800708164652,7597.996175248467,2562.983654720795,69651.68430596177,4348.32888111789,eval,0.5519074074074074,0.056671230158730164,143.9998468880855,652.6016993156597
2025-07-16,历史选型执行策略,58202.569983268884,-103.15337127220377,10018.830229609544,3395.1865491269186,68118.24684160623,3030.2964656898266,eval,0.5508962962962963,0.060499603174603185,398.82926797021804,1113.5388019691286
2025-07-17,历史选型执行策略,56060.32437870323,6911.5383754472705,5149.228296722587,1615.247817007385,68121.09105087309,1560.9345906324024,eval,0.5489566137566136,0.06076279761904762,220.39143229484316,600.2212853551198
2025-07-18,历史选型执行策略,24447.51541342634,1408.4799045011857,361.36761550243773,203.91926668305592,26217.362933429962,2119.555300366677,eval,0.5480772486772486,0.12729186507936507,121.71329043584402,284.4191658948018
2025-07-19,历史选型执行策略,26659.572047646387,-101.00237279059755,2881.0446263046592,1270.626762855473,29439.614301160447,3497.556169401663,eval,0.5443116402116402,0.14050218253968252,326.2195214817299,1191.8668082675645
2025-07-20,历史选型执行策略,57408.62482270182,3571.545535519265,2688.8387170535816,980.2858407258104,63669.00907527467,2480.323669914355,eval,0.54460582010582,0.052711309523809514,428.21508254169686,1349.8476910984707
2025-07-21,历史选型执行策略,63194.51448804686,349.20831878107316,7634.785012781054,2513.195368903908,71178.50781960899,4438.263407348673,eval,0.5451343915343916,0.060835912698412695,1458.4260107416696,4751.685780293134
2025-07-22,历史选型执行策略,57359.64908298082,12695.595312755986,632.3100974542754,130.40638796049655,70687.55449319108,2761.975794982925,eval,0.545147619047619,0.06037936507936507,184.53650698486214,517.1004025951179
2025-07-23,历史选型执行策略,65725.51922222823,-3046.9742827784576,8790.485301918157,2751.4165210935907,71469.03024136793,2436.227541356006,eval,0.5449640211640212,0.05883283730158731,79.9883985139712,193.18431621103568
2025-07-24,历史选型执行策略,65783.93352604214,-498.7739325389176,1413.158371292873,542.5294258568687,66698.3179647961,3921.1742131855553,eval,0.5448121693121694,0.06357916666666667,841.0026366438009,2671.8835331154532
2025-07-25,历史选型执行策略,23359.706148283876,343.2557588685538,392.5777442871663,116.26891402260682,24095.539651439594,3020.184767856339,eval,0.5435994708994709,0.1443975198412698,229.26523160851767,953.0775769838922
2025-07-26,历史选型执行策略,23885.980264014564,1137.1565095790913,967.0484013154967,452.71589074174096,25990.18517490915,2859.321161877332,eval,0.5449671957671959,0.13273253968253967,281.6424017863997,666.4350087991784
2025-07-27,历史选型执行策略,59563.069389945806,1331.6039359102713,10631.348650645088,3375.290522287847,71526.02197650117,4191.066994423404,eval,0.5453116402116402,0.05910079365079368,441.63306890061995,1075.9730262727012
2025-07-28,历史选型执行策略,59179.31566948868,5215.053334708681,7175.020872163052,2149.1350020748823,71569.38987636041,2066.216794172021,eval,0.5448328042328042,0.07113144841269842,104.07900205060398,292.75612754945337
2025-07-29,历史选型执行策略,61908.91314319782,5206.1246648716515,1866.2809449403746,664.6717820730976,68981.31875300984,4358.341121992682,eval,0.5418460317460319,0.06545148809523808,555.4714202499532,1735.339609122615
2025-07-30,历史选型执行策略,52719.92827614921,11616.14035775572,4227.078185779155,1145.279323636376,68563.14681968409,2004.97530210958,eval,0.5421238095238096,0.060412301587301584,120.00378474776801,290.6968881747705
2025-07-31,历史选型执行策略,57313.926513548926,5443.061053916152,11864.794527144299,3197.6398825240562,74621.78209460937,1693.4751231187342,eval,0.54485291005291,0.06224007936507936,393.33767793951563,1234.664091019249
2025-08-01,历史选型执行策略,23588.200478861614,563.6978735468891,1228.7662099995187,590.4733019983047,25380.66456240802,2999.3401380873506,eval,0.5448312169312168,0.15951646825396829,164.8391152326479,825.0764877630445
2025-08-02,历史选型执行策略,23193.16389568038,372.0584998177061,703.8883450587739,222.26067184426526,24269.110740556862,3476.6044307006787,eval,0.5471201058201057,0.1623127976190476,115.20049710644855,310.6228066370655
2025-08-03,历史选型执行策略,48667.42366414111,4862.199044373576,8994.887801767547,2336.3738433872204,62524.510510282234,1957.135039064838,eval,0.5456243386243386,0.038464781746031754,284.22988106955336,657.4157455846318
2025-08-04,历史选型执行策略,53744.301522834015,4446.551370274799,3327.992186310046,1369.7952151436289,61518.84507941886,3268.856144885736,eval,0.5430841269841269,0.04194801587301587,307.2259559017245,710.9423693334257
2025-08-05,历史选型执行策略,51214.017541368376,5367.0477180594135,3747.0014127565896,1523.8023405038089,60328.06667218438,2941.759900069111,eval,0.5429597883597884,0.04200029761904763,309.8602866457084,808.3216017448005
2025-08-06,历史选型执行策略,58141.941765398486,1637.3753341596623,8757.353956112827,1959.1439825124453,68536.67105567097,2512.915921753187,eval,0.5435121693121694,0.05984315476190478,205.532209166843,513.3067163667408
2025-08-07,历史选型执行策略,58145.616198788906,-573.5722161543563,8413.364423660294,2186.8809882937453,65985.40840629485,3307.843505575999,eval,0.5399597883597883,0.04719950396825397,12.939078068936828,39.660568965345654
2025-08-08,历史选型执行策略,22761.237624045338,528.5888319826324,46.08976303027784,16.86211183432015,23335.91621905825,3572.2061300779487,eval,0.539568253968254,0.15493184523809525,93.26264130703179,418.6130150865623
2025-08-09,历史选型执行策略,22379.879684941327,479.5426449027208,923.2745287625119,277.7203940163281,23782.69685860656,2714.565183637167,eval,0.5350746031746032,0.13665803571428572,40.45126574741947,92.8374350154644
2025-08-10,历史选型执行策略,55477.1860606267,1523.6737924398626,9759.356388820512,2742.4553192634885,66760.21624188707,3222.616604843255,eval,0.5341761904761904,0.06310555555555557,647.5207307259964,1669.894908250637
2025-08-11,历史选型执行策略,49269.45258964657,3874.825514953344,3310.937888945269,917.6980173906277,56455.215993545185,2594.9595373481657,eval,0.5368137566137566,0.06005694444444444,923.0732262763886,2648.242716017859
2025-08-12,历史选型执行策略,58003.28052511357,2519.961273340102,2064.3962949591078,742.0628386140063,62587.63809341278,3586.3833444664774,eval,0.534441798941799,0.07173214285714286,179.95572215042225,897.511291737045
2025-08-13,历史选型执行策略,50285.206725358876,2995.637867398067,8611.288705083929,3238.142210712752,61892.13329784087,2192.6875299189087,eval,0.5319222222222222,0.0647202380952381,219.04868397841256,554.4312638902527
2025-08-14,历史选型执行策略,53598.41888368245,4674.641311876724,2939.1667623425215,899.544425114146,61212.226957901694,1944.3194717305853,eval,0.5337687830687832,0.06522271825396825,319.18651517289067,753.6954997300643
2025-08-15,历史选型执行策略,23097.515229253528,859.7122239059745,355.9869802030026,139.6316310651522,24313.214433362507,2404.4552804064156,eval,0.5322592592592593,0.1402267857142857,211.99544330539734,794.3296454260976
2025-08-16,历史选型执行策略,23698.186686878682,381.74512354923064,1025.0157668263505,339.2489594473641,25104.94757725426,1876.7269009350637,eval,0.5321359788359789,0.1459686507936508,80.75524333544656,172.14743093875018
2025-08-17,历史选型执行策略,56252.60097257748,1730.0379684502568,3268.076707040746,786.2885708900185,61250.71564806848,3801.157093505166,eval,0.532784126984127,0.05481686507936509,369.89202101278653,854.2229554802541
2025-08-18,历史选型执行策略,51868.00987111369,3098.1448919816758,3383.2168346644476,1405.2092536706434,58349.37159775981,2144.076596028518,eval,0.5283423280423281,0.059799702380952384,149.5473423538994,338.5534625657854
2025-08-19,历史选型执行策略,50790.347224885554,2548.7251407859812,4529.572340031521,1480.058710060419,57868.64470570305,1780.0031135666875,eval,0.5330116402116403,0.053927380952380956,548.7408701722384,1466.1254006921995
2025-08-20,历史选型执行策略,60179.39820505309,2275.932016360418,9591.730899887936,2957.9474637348285,72047.06112130145,3458.317763043218,eval,0.534589947089947,0.07831785714285716,194.1656079341504,640.6761852832168
2025-08-21,历史选型执行策略,53324.590752240074,661.6435880550447,3341.9397283237013,1223.7976060553708,57328.17406861881,1821.3593956515872,eval,0.5333031746031747,0.05832400793650795,602.1519242833014,1576.7426552118072
2025-08-22,历史选型执行策略,23523.085835423153,676.3736258757356,2542.6065772386273,1008.6340812225494,26742.066038537516,2962.587633682057,eval,0.534010052910053,0.13174890873015874,840.4064826083643,2649.92425150528
2025-08-23,历史选型执行策略,22889.504281048004,1538.4894875657849,1021.6840359281871,540.9143641395312,25449.677804541978,4524.747935800571,eval,0.5386126984126984,0.13412797619047623,306.7304796158415,845.8518725852642
2025-08-24,历史选型执行策略,52807.62255012008,3025.3090673525494,6088.407330497366,1678.3114613616212,61921.33894797,3802.1214460961764,eval,0.5376772486772485,0.05130654761904762,206.80536393132084,559.4942756997032
2025-08-25,历史选型执行策略,67338.80131652715,-2978.134567781658,1719.2015218430183,693.4076528685061,66079.86827058851,4304.196686801098,eval,0.539321164021164,0.06873551587301588,319.32619248632943,809.9454103243052
2025-08-26,历史选型执行策略,52367.51522041596,3726.0250926689337,6116.948966473554,1982.3210345374198,62210.489279558446,3696.234559532589,eval,0.5367968253968255,0.0552484126984127,185.8815588879501,739.137516111868
2025-08-27,历史选型执行策略,53028.5866187567,8888.772734685404,1888.2085399744774,363.3644523208928,63805.567893416584,3198.6873766311446,eval,0.5329015873015873,0.06640932539682538,300.6005697000502,884.5995959079977
2025-08-28,历史选型执行策略,51699.31152531945,10205.856590829297,9710.505009054319,2887.7869621692557,71615.67312520306,2692.091275942018,eval,0.5276857142857142,0.07400505952380951,817.3175613223149,2714.0355983803947
2025-08-29,历史选型执行策略,24369.54676356158,380.4879247781261,1587.6595613943177,496.00437330892976,26337.69424973402,3033.314916959816,eval,0.5254931216931216,0.13391428571428574,238.8425306560236,774.4565802774453
2025-08-30,历史选型执行策略,23210.008888113894,579.0979723037531,285.71716505707104,111.46123089131838,24074.824025474718,2634.3086143262162,eval,0.5221100529100529,0.1447313492063492,182.0614254154895,516.5059729881104
2025-08-31,历史选型执行策略,53179.39029401043,4000.084653180568,4978.56761316749,1788.4120544812577,62158.04256035849,3340.248163862371,eval,0.5222767195767196,0.05793521825396827,561.0568275468711,1580.5378314524053
2025-09-01,历史选型执行策略,51093.25060387356,-1438.071766738839,2.4755308913881893e-13,1.1368683772161603e-13,49655.17883713472,6394.528070242848,eval,0.5190936507936508,0.0746608134920635,624.0070177009718,1724.61049442947
2025-09-02,历史选型执行策略,42501.72688722976,9525.578863094057,0.0,0.0,52027.305750323816,5984.411399205857,eval,0.5097936507936507,0.06440228174603176,306.93097540486315,622.7965402043825
2025-09-03,历史选型执行策略,39695.74112848991,302.623811190708,3577.107102826184,1438.5765355261271,43575.47204250681,4221.140457481139,eval,0.5022063492063492,0.056388194444444456,214.6432723262793,840.1742211918748
2025-09-04,历史选型执行策略,40289.03513267156,1895.0082447526668,10748.726930771929,3093.4912506856417,52932.77030819615,3152.0839033082675,eval,0.49613544973544976,0.05663809523809524,322.18939335136423,831.2292403788831
2025-09-05,历史选型执行策略,18750.72581411793,397.84975423859726,208.0291208043319,141.85841297476816,19356.604689160857,6567.411810135196,eval,0.4847788359788359,0.18270644841269842,215.98331336114953,533.86168921391
2025-09-06,历史选型执行策略,19873.14157965649,-631.6815622497874,0.0,0.0,19241.4600174067,8159.379976371877,eval,0.4751486772486771,0.16088849206349207,143.86535631982548,373.63995103011143
2025-09-07,历史选型执行策略,38214.53677309941,5408.184367785118,4367.43952131168,968.4446939763421,47990.16066219621,7434.820395569796,eval,0.46505132275132277,0.05513392857142856,268.1854794508612,1035.1178216403473
2025-09-08,历史选型执行策略,41378.667006643125,1507.4414170770165,6171.478173490295,1742.6558095127143,49057.58659721044,5482.25628930134,eval,0.4547777777777778,0.07713531746031747,54.36143875763336,116.2236459776854
2025-09-09,历史选型执行策略,36674.40158252609,5380.873963476361,9761.16098743296,2412.41735225949,51816.43653343541,3532.972824661667,eval,0.4537338624338624,0.05490009920634921,103.55709336030739,314.7999113756062
2025-09-10,历史选型执行策略,43377.387795833536,2100.7611403805704,7926.404629053091,1954.8300622948036,53404.5535652672,2850.0238948080105,eval,0.45248624338624344,0.08075823412698412,361.44666524587194,889.1597465308639
2025-09-11,历史选型执行策略,45013.36634505431,1651.9039589820068,8797.140934578492,2456.0475276510615,55462.41123861481,6476.064102460749,eval,0.4536740740740741,0.05342291666666665,277.1084280585459,586.1587369867369
2025-09-12,历史选型执行策略,15990.508667068054,-16.11607186907382,1160.5053620464262,371.76961249710706,17134.897957245408,7008.240217199259,eval,0.4556820105820106,0.13119454365079364,70.09009383158991,160.5760355327776
2025-09-13,历史选型执行策略,15231.209438792781,15.161389385130931,599.1916621623579,186.8198578127078,15845.562490340271,6459.383058528247,eval,0.4548952380952382,0.1423347222222222,329.89508692196125,1030.871009532873
2025-09-14,历史选型执行策略,46068.161022947716,-1216.4747269335016,3383.183489337419,1410.7210027146002,48234.869785351635,5142.456051222895,eval,0.45539894179894175,0.06920803571428571,182.54597273975136,415.1623289805666
2025-09-15,历史选型执行策略,40446.44279408602,3017.6491976243456,8272.271102257773,1882.9468451766575,51736.36309396814,6150.5837203522715,eval,0.4588497354497355,0.053628869047619064,218.93055050393622,733.474110560531
2025-09-16,历史选型执行策略,46873.05843193284,1596.095769807026,3112.579967984462,645.9382026592086,51581.73416972433,6215.231467286969,eval,0.4610449735449734,0.07089543650793652,282.07345759998003,675.481093833922
2025-09-17,历史选型执行策略,44191.98442904415,2296.025945383227,6950.68316387681,2322.562271379129,53438.693538304185,5803.087305097286,eval,0.4610513227513227,0.06790843253968254,92.01898719989148,248.86408034775778
2025-09-18,历史选型执行策略,41235.799094416354,8501.438955941834,2489.4712330683988,821.5545317043295,52226.709283426586,7440.846075255725,eval,0.4600402116402116,0.0625863095238095,428.79825765060406,879.9231916228455
2025-09-19,历史选型执行策略,14770.461641766806,1009.1534315724732,631.6541188084708,432.6251179318024,16411.26919214775,6024.251065272446,eval,0.4592555555555555,0.12201220238095238,57.6865894292355,129.12459696601223
2025-09-20,历史选型执行策略,14609.714494324422,352.40121771745333,791.0066889111537,263.0587262198804,15753.122400953029,5049.031537393022,eval,0.4596407407407407,0.13063968253968256,114.09528632839574,256.79852194715164
2025-09-21,历史选型执行策略,44251.33640373669,1935.8683919366745,844.7259928637316,349.5554373212258,47031.930788537094,5197.3007260453405,eval,0.45711111111111113,0.0577920634920635,609.2469411352383,1794.7660583545153
2025-09-22,历史选型执行策略,46548.99531845769,-505.9951761124974,5881.931541860057,1940.6927153651554,51924.93168420525,4175.491952637435,eval,0.45738201058201056,0.06337777777777778,477.6918366483188,1175.298595593285
2025-09-23,历史选型执行策略,46580.76928275075,515.6499875999302,8413.49976038504,3111.552504829439,55509.91903073572,5662.391187447822,eval,0.45644285714285715,0.06235724206349205,231.72968976790762,662.6615316857249
2025-09-24,历史选型执行策略,41894.10250086729,3605.9214210101595,9579.346709568492,3515.043182635571,55079.370631445934,5850.529391336658,eval,0.45619894179894177,0.05537301587301589,203.03769453768822,509.59065488584974
2025-09-25,历史选型执行策略,42544.75364971845,5243.297206407706,153.0065600275889,33.46808162596645,47941.057416153744,5289.402755493593,eval,0.45510264550264545,0.05815853174603176,218.01653894552268,556.6629226827381
2025-09-26,历史选型执行策略,15001.953083895642,87.59319266883719,386.670038889517,245.37166895630787,15476.216315453996,5663.135860167629,eval,0.4564396825396825,0.1317858134920635,166.02885853712885,312.0692031607327
2025-09-27,历史选型执行策略,15713.017936253334,535.5442550210764,1998.9039473521875,591.2952021916319,18247.466138626598,5851.62504849352,eval,0.4554481481481481,0.12588640873015872,73.00993142089023,141.44423896832623
2025-09-28,历史选型执行策略,46911.67958628702,7219.953346453029,1944.894112857695,582.3036266041003,56076.52704559774,7196.409179864448,eval,0.4580169312169314,0.06590555555555555,175.79445508777536,597.6836314579448
2025-09-29,历史选型执行策略,45912.53930219624,-741.2610035706377,17500.54727124455,5074.998024735126,62671.825569870154,4631.098238406872,eval,0.45696719576719586,0.06140644841269841,499.78358631346936,1329.656300804223
2025-09-30,历史选型执行策略,46495.35251294158,5005.700686661208,9268.411915683395,2802.0852977245495,60769.46511528618,3552.994395912921,eval,0.45684920634920634,0.06992966269841269,375.326418546416,881.9360913650929
2025-10-01,历史选型执行策略,40741.29734800683,4937.698923553932,2546.969466025136,508.71388915746206,48225.965737585895,7263.776502050361,eval,0.45616772486772483,0.039295039682539695,763.0908442890806,1734.5437241031013
2025-10-02,历史选型执行策略,44110.25275596364,-2089.6262144878874,2288.461983957445,495.6392222450396,44309.088525433195,7460.9676630653785,eval,0.4568978835978835,0.032451984126984135,160.96528783208356,469.2673262927339
2025-10-03,历史选型执行策略,13444.347986667955,26.955006116467327,140.1701387611323,45.58046794800521,13611.473131545556,9350.442234924803,eval,0.4547063492063491,0.16259980158730158,70.71200405075476,130.25582962245886
2025-10-04,历史选型执行策略,14944.73332355964,59.65341522869939,0.0,0.0,15004.386738788338,10258.731836145425,eval,0.4541507936507936,0.13008789682539681,122.92045795537334,240.49659958615047
2025-10-05,历史选型执行策略,41568.898759342075,-869.6604913742731,1694.6273106497351,982.9931624753369,42393.86557861754,10322.012459382788,eval,0.45254021164021163,0.04299374999999999,331.5733306742393,813.3525259532555
2025-10-06,历史选型执行策略,38814.98595824279,938.5672534034595,8943.739482095383,3651.8914321528882,48697.292693741634,9489.336837283441,eval,0.4534867724867725,0.06301359126984127,127.34496854776549,298.4350064293835
2025-10-07,历史选型执行策略,40492.130138259614,1525.88442757341,6463.04403467078,2084.537287113178,48481.058600503806,9978.070313541692,eval,0.4544164021164021,0.06308789682539681,511.9570647169788,1240.688516448698
2025-10-08,历史选型执行策略,35914.3411677376,1590.811390871354,11375.94225706871,3267.761756309547,48881.094815677665,9270.033268963327,eval,0.4559920634920635,0.06135753968253969,181.0570383118737,538.521970289729
2025-10-09,历史选型执行策略,43047.85507429544,-2705.2853996419312,8867.858540199535,2788.2979710214654,49210.42821485305,8561.069206314307,eval,0.4563306878306878,0.05656775793650794,546.4551603747542,1602.2410765405289
2025-10-10,历史选型执行策略,13995.175186044537,-384.35468148600955,802.6139690308321,253.9460154584233,14413.43447358936,9356.52276637626,eval,0.45994656084656094,0.14748065476190475,146.94009120125625,420.6892235776277
2025-10-11,历史选型执行策略,12984.864223023098,278.4505145943906,248.2342641814857,193.8590641023721,13511.549001798974,7237.129340679825,eval,0.46068095238095247,0.12280039682539684,204.8867087247877,469.5601247932371
2025-10-12,历史选型执行策略,37775.08976152046,2738.1255488519605,9857.389732906191,2211.9407427092747,50370.605043278614,6752.50629843026,eval,0.461131216931217,0.06516180555555555,285.12710988414585,713.1917772498656
2025-10-13,历史选型执行策略,39819.75916055233,1773.9345336030533,6879.30459599022,1334.9910472392544,48472.9982901456,6111.484693578988,eval,0.45852380952380956,0.05917490079365079,308.46823193743614,752.1906669926112
2025-10-14,历史选型执行策略,44280.95986612077,993.3263647643271,16907.906585360248,5086.497027571123,62182.19281624534,8103.839558630196,eval,0.4581238095238095,0.0689347222222222,307.6370671673117,872.0671127330563
2025-10-15,历史选型执行策略,48583.66854704867,-1332.2935537430144,10091.687581477234,4161.398450471466,57343.06257478289,10051.08780712637,eval,0.45811798941798937,0.06890605158730158,1104.082105973549,3579.4451927033906
2025-10-16,历史选型执行策略,44432.154306487166,2035.0144204753467,7043.253715620935,2033.0583137687277,53510.42244258345,9940.966918652533,eval,0.45952380952380956,0.07472202380952381,170.41270732198535,610.1269043470882
2025-10-17,历史选型执行策略,11428.941449133632,1400.3730155046323,332.4129108926304,242.58482709337238,13161.727375530894,5927.291376415959,eval,0.45673597883597883,0.12654365079365076,60.17635344705095,115.47502067569155
2025-10-18,历史选型执行策略,14349.173858891521,240.5266766668525,261.617167360813,68.86460262107734,14851.317702919187,8668.93152067587,eval,0.45554232804232797,0.13748154761904763,57.44805818074817,131.01943460974513
2025-10-19,历史选型执行策略,44040.26894681366,3006.6091319703737,8206.636771281333,2631.373571479769,55253.514850065374,5220.95866382975,eval,0.45466825396825394,0.07284196428571428,674.2947168909099,2029.9956563123912
2025-10-20,历史选型执行策略,50164.79462460679,1071.472295831852,5059.231531441077,1626.93011037123,56295.498451879714,9291.747949078534,eval,0.4561402116402116,0.0666800595238095,304.18164041069855,1007.3255137437955
2025-10-21,历史选型执行策略,46941.91806618281,3106.329695672278,6214.569806493854,1825.7028512730262,56262.81756834894,7886.426909989495,eval,0.45551640211640204,0.07285813492063492,246.23521922923373,906.746764568358
2025-10-22,历史选型执行策略,47811.0993680127,685.8379648902331,10018.10551855299,3078.8593507512433,58515.042851455924,9830.676742629854,eval,0.45409947089947084,0.0655810515873016,121.32349205229252,450.57519979867504
2025-10-23,历史选型执行策略,52424.460151587155,-5272.408950864632,13102.009668421239,4885.447713182231,60254.06086914376,9848.84718431619,eval,0.4519735449735449,0.05451259920634921,418.00845386085575,1496.8269173975184
2025-10-24,历史选型执行策略,12604.07338396736,38.472306077433856,1249.4941110990276,369.15750990295163,13892.039801143821,6310.6998806436295,eval,0.4522888888888889,0.1347780753968254,322.55328055584835,1130.6315299352625
2025-10-25,历史选型执行策略,14530.249286722701,-7.10133462831709,621.767502855367,420.10902871225636,15144.91545494975,7565.824475385032,eval,0.4535936507936509,0.1342387896825397,380.5526597733873,990.0002134865974
2025-10-26,历史选型执行策略,51242.85510333977,-1837.4136821162103,7258.803699584727,2134.5697551629028,56664.245120808286,7247.188503935121,eval,0.4575264550264551,0.054311011904761904,1242.078214625689,4115.511024931845
2025-10-27,历史选型执行策略,45441.74795146691,5393.691741566259,3261.8641027771005,797.507400695671,54097.30379581027,9082.724315539683,eval,0.4582296296296296,0.05427341269841269,223.41938887781072,564.3902080048769
2025-10-28,历史选型执行策略,44984.19202745653,3318.334962730757,8948.076609306157,2637.3667234490745,57250.603599493435,10238.588859911904,eval,0.4567074074074075,0.06113462301587301,184.15810924551917,725.8424910607479
2025-10-29,历史选型执行策略,47220.2032884949,1918.3157182196246,5699.382403407884,1711.1333809593903,54837.90141012241,7044.0137802711915,eval,0.45729100529100536,0.07460515873015873,439.61162570668887,1539.7595356451795
2025-10-30,历史选型执行策略,44629.832835185094,2252.391986153705,7030.675716894788,2439.5982959654684,53912.90053823359,7148.026951303937,eval,0.4577687830687831,0.059820436507936524,224.63322767809623,714.8589463129615
2025-10-31,历史选型执行策略,15320.224190122673,-95.53843655062957,909.633717587796,274.2881047256201,16134.31947115984,9519.455507137594,eval,0.4585677248677248,0.11899275793650793,61.17239603381794,114.01215460740623
2025-11-01,历史选型执行策略,14234.076370835273,-235.17290014809802,1015.368193500871,326.8217008910198,15014.271664188047,9516.67818111101,eval,0.45790529100529104,0.1355406746031746,67.1364869493622,197.27153191299794
2025-11-02,历史选型执行策略,48388.34088128814,4546.066577071467,5275.878275752638,1394.1328493288452,58210.28573411224,7381.214274836709,eval,0.4531619047619047,0.06255307539682538,660.0633543121053,2120.775931610706
2025-11-03,历史选型执行策略,53127.93567922388,-292.2297683322372,9033.714830072477,2330.1830162944393,61869.420740964124,9659.22470020255,eval,0.4542603174603174,0.06735009920634921,384.97705153483776,1884.4177789402704
2025-11-04,历史选型执行策略,48120.53953721769,1089.7251496374765,2607.850525797909,936.7175620555013,51818.11521265308,7384.240345706715,eval,0.45506296296296295,0.05603392857142859,449.56405700594553,1184.577693486494
2025-11-05,历史选型执行策略,54304.049417355214,-1347.840833370644,9590.883178742331,2317.05395223963,62547.0917627269,7030.830607181805,eval,0.45361693121693125,0.06390059523809523,407.18412844092524,1121.7571823264682
2025-11-06,历史选型执行策略,53742.02590901581,3905.253658205431,8314.743698307208,2245.8921375123123,65962.02326552845,9654.011802653336,eval,0.45272222222222225,0.07077589285714286,139.34875285598434,411.4166112348986
2025-11-07,历史选型执行策略,13837.681600328868,503.8563160465145,731.6701991608145,236.6675004746757,15073.208115536198,7990.6957914312125,eval,0.45323703703703705,0.13492529761904762,181.19612195579384,528.2548295252185
2025-11-08,历史选型执行策略,15147.308229664755,184.72002457303364,270.86772017758165,88.55428843799069,15602.895974415369,9020.991522667091,eval,0.4548021164021163,0.13335863095238099,170.0257501863412,365.5292315943514
2025-11-09,历史选型执行策略,53051.414181565415,-382.80837518604187,7510.3272492617925,2511.7533559416747,60178.933055641166,9266.513633586968,eval,0.45530687830687827,0.06452291666666667,266.22633621077495,961.500841132399
2025-11-10,历史选型执行策略,54705.95507878796,3588.551637994501,3442.6914621140904,932.3650701150442,61737.19817889656,8643.671818217932,eval,0.4539740740740741,0.07209702380952382,518.4049384865829,1739.091240920221
2025-11-11,历史选型执行策略,52594.394195587214,941.8144902862588,3121.711539967591,1151.3718109292302,56657.920225841066,7640.738456565084,eval,0.45438835978835973,0.061847321428571425,274.26791864680297,902.9518997974064
2025-11-12,历史选型执行策略,53222.78854907327,6188.869415596839,3362.1081091912174,654.971202343747,62773.766073861334,5506.862752460098,eval,0.456368783068783,0.059277876984126995,280.96683854542795,789.841766125516
2025-11-13,历史选型执行策略,53276.54050268173,1333.1956647325592,10986.750862606892,3296.6727767262228,65596.48703002118,9056.022979427298,eval,0.4577253968253968,0.06280228174603177,417.1836914142662,1382.5222613393955
2025-11-14,历史选型执行策略,13728.169639696152,806.4353913760667,3848.2770795323686,1666.8875731748276,18382.882110604587,8210.577011421849,eval,0.4585322751322752,0.12905803571428573,94.00477613309549,182.25685715028527
2025-11-15,历史选型执行策略,16241.139318898931,-218.23574568848468,695.0719680396035,213.13717220755908,16717.975541250053,8609.283271816119,eval,0.45841428571428566,0.13143134920634922,608.481620958978,1048.4943806912374
2025-11-16,历史选型执行策略,53366.12035779223,3376.9645866832434,4419.629630147789,1449.010299806606,61162.714574623256,7052.71577490528,eval,0.4615349206349207,0.0635267857142857,345.329511588496,961.6899688241396
2025-11-17,历史选型执行策略,50844.69352575141,5713.7700214464,5145.347605450822,1701.8370146206853,61703.81115264863,9185.387641615842,eval,0.4606952380952381,0.05684841269841269,185.70052425342038,476.177766545158
2025-11-18,历史选型执行策略,54136.32039608831,1953.045247998057,7877.246361042688,2546.048716736564,63966.612005129056,9243.854085819288,eval,0.46103280423280424,0.06468005952380954,94.95848399590108,257.3421407982172
2025-11-19,历史选型执行策略,54186.277020319714,6615.622780984189,2581.971005426305,474.14215132744573,63383.87080673021,7897.703477584726,eval,0.46063968253968257,0.06670198412698414,554.4474382473621,1854.4269881847335
2025-11-20,历史选型执行策略,53461.74174042306,3164.816812285515,9044.170264305001,2231.355449847232,65670.72881701357,9213.487919667827,eval,0.46346666666666664,0.05850625000000001,356.56930318473013,1178.9645756555262
2025-11-21,历史选型执行策略,14894.524074400599,0.0,733.1853525640927,223.59088101978153,15627.709426964691,8662.847930736134,eval,0.46209841269841256,0.13399265873015873,141.71762573923817,337.61963686269553
2025-11-22,历史选型执行策略,15975.769278677817,736.5883871765343,710.4918385235817,242.2426081208337,17422.849504377933,8333.82096533448,eval,0.46219735449735455,0.1311862103174603,338.6638312989647,525.6074596167593
2025-11-23,历史选型执行策略,54807.33611188235,5018.369150776095,7025.162834850562,2280.165491759716,66850.86809750901,8118.330876843238,eval,0.45973544973544966,0.06318144841269842,81.43516125180642,378.0625561448313
2025-11-24,历史选型执行策略,52827.39333242808,2597.4544356551614,9684.841700991972,2288.561521437216,65109.689469075216,6148.602041078951,eval,0.4625015873015874,0.054399503968253965,583.2347467212759,1738.7739803485413
2025-11-25,历史选型执行策略,64012.45454543959,348.4146940852161,2680.8661024913026,677.2839170925432,67041.73534201611,8079.602064596922,eval,0.4619539682539682,0.056656845238095235,357.7485098692262,1333.5066341945592
2025-11-26,历史选型执行策略,57798.47056829691,4862.906348621492,3855.8287368048095,869.2073809564043,66517.20565372321,8490.57646018054,eval,0.4626455026455026,0.06532896825396824,124.75578041764042,485.79521097869036
2025-11-27,历史选型执行策略,57313.983347946094,6334.621139876042,245.1364345174255,74.19452509466976,63893.74092233956,10299.808103383284,eval,0.45713968253968246,0.062066666666666666,766.190993900436,2558.083932895648
2025-11-28,历史选型执行策略,14140.032589891605,376.2978702761409,1221.3547874636292,362.60225527461876,15737.685247631376,7242.778629649567,eval,0.4560730158730159,0.13732946428571427,446.7353341341733,857.1418733021374
2025-11-29,历史选型执行策略,19665.855494153482,759.020933951752,822.330866539807,261.12877898778737,21247.207294645043,7727.12057873695,eval,0.4545058201058201,0.12166140873015872,251.16220558781401,534.3171736907209
2025-11-30,历史选型执行策略,60357.59745783057,7501.252654154591,5125.7797623902115,1006.2471322104644,72984.62987437537,9972.898389660531,eval,0.45394126984126987,0.06886468253968255,612.5453451851993,2056.8880210742504
2025-12-01,历史选型执行策略,64272.98065543659,1567.0823282762385,24350.550289812483,4204.4368664896565,90190.61327352532,5655.597786472293,eval,0.4505227513227513,0.1323813492063492,517.3489881638668,2388.118956482277
2025-12-02,历史选型执行策略,72818.93563671148,1724.488272133811,17512.910986032228,4035.548964889677,92056.33489487751,7341.083311437898,eval,0.4569164021164021,0.12814613095238092,319.1526849136168,1137.9469989936024
2025-12-03,历史选型执行策略,63565.140079184785,9631.392362675844,7977.01791719498,1779.912999598855,81173.55035905562,8764.06249762235,eval,0.46221216931216935,0.11173720238095235,48.32222286327836,227.9127049405576
2025-12-04,历史选型执行策略,73104.00373736574,764.5355576007095,14929.24998019612,3176.72338642506,88797.78927516258,10046.750904807119,eval,0.4702380952380953,0.0942796626984127,312.3704927380069,1007.1585174003628
2025-12-05,历史选型执行策略,18902.64079050484,2408.882706155867,4709.374226200452,1417.4520923981688,26020.89772286116,9396.689743409228,eval,0.47731164021164024,0.10771666666666667,159.58761705877328,356.66725150836675
2025-12-06,历史选型执行策略,21779.002919566494,2806.901458824257,1037.242844430421,409.54693847818567,25623.14722282117,9503.857720460363,eval,0.4833714285714286,0.10884325396825396,376.1658017622875,942.4301741141693
2025-12-07,历史选型执行策略,75610.87062740406,-2213.2186445140833,7782.2364947659535,2098.1902315564876,81179.88847765593,9849.671482524685,eval,0.4903153439153439,0.06802946428571427,446.6888491316893,1365.7705483179325
2025-12-08,历史选型执行策略,75802.44151124055,542.2448462560408,0.0,0.0,76344.6863574966,10800.0,eval,0.496173544973545,0.05379761904761906,111.80577633230546,343.4243924685298
2025-12-09,历史选型执行策略,71032.57554835887,171.28083095651903,902.3925068929616,137.74372246418736,72106.24888620836,9179.20371376026,eval,0.496521164021164,0.05510982142857143,112.9517478236721,611.5541312253441
2025-12-10,历史选型执行策略,70703.87439725918,6476.5731569161235,5085.965048943379,870.9306350315389,82266.41260311869,9895.06793570111,eval,0.4952375661375661,0.06404900793650793,399.67506358320645,1779.8083747687172
2025-12-11,历史选型执行策略,72057.18911290457,-947.3422057583057,2439.8244756071404,678.2673445470558,73549.6713827534,10146.013084479357,eval,0.4942121693121693,0.04928015873015874,528.4640256630626,1654.9111542736596
2025-12-12,历史选型执行策略,21668.23429476478,1899.9146042730074,864.6874611890888,239.5618572955078,24432.836360226876,8071.179527466098,eval,0.49145978835978843,0.13132857142857143,215.70901242369737,589.7697331541276
2025-12-13,历史选型执行策略,24116.110186605896,2499.7371314872034,502.83842053466105,229.5651136127087,27118.685738627762,8469.351254076533,eval,0.4895846560846561,0.12623511904761905,239.400723557958,506.85711869755085
2025-12-14,历史选型执行策略,67952.95677505393,6885.089157662361,6677.84094396399,1517.199999738085,81515.88687668028,9987.504955565,eval,0.4907513227513227,0.06661597222222222,605.5145248098285,2170.3971746246493
2025-12-15,历史选型执行策略,66984.17045372377,7558.6054605764775,8340.43984782039,2268.0890915632294,82883.21576212064,10419.380420152122,eval,0.4903571428571428,0.061336805555555554,64.19090013580194,241.8979842970501
2025-12-16,历史选型执行策略,74719.72534611571,-529.336282543564,639.8192799493783,169.82565726235396,74830.20834352153,10249.837408962287,eval,0.48649470899470904,0.05366517857142857,183.56359735902407,711.9631422616533
2025-12-17,历史选型执行策略,73467.199552918,-1275.640938348533,4644.169378723024,1255.1238586555996,76835.72799329249,9959.18357897294,eval,0.4864359788359788,0.052521428571428566,243.51098824423966,709.0361241184198
2025-12-18,历史选型执行策略,71744.98289310254,3210.0546337509622,968.4144406044696,288.5977230517915,75923.45196745796,10569.165510539018,eval,0.48681428571428575,0.05642847222222221,164.81178420495328,472.52894263654645
2025-12-19,历史选型执行策略,21121.447945295644,1496.4918518182417,2836.5731267093493,1213.9736754649775,25454.512923823237,9522.580268990032,eval,0.48897142857142856,0.1354359126984127,56.677285212716846,114.74308084079287
2025-12-20,历史选型执行策略,25240.81690227876,-478.0520902802002,2.76543232757831e-13,1.1368683772161603e-13,24762.764811998557,9906.738378887045,eval,0.4908185185185184,0.14118660714285713,253.13638029244385,639.1654450802969
2025-12-21,历史选型执行策略,73902.09937200262,-648.3236432903549,5573.8844138824,1471.3997675832143,78827.66014259467,9390.930589397767,eval,0.4902714285714285,0.05431170634920634,409.72502139986653,1068.4782079743222
2025-12-22,历史选型执行策略,69520.95277847574,2033.0102844184423,12505.411726132035,3010.875835190208,84059.37478902622,9251.681408485569,eval,0.48987248677248674,0.06379097222222223,126.06362083784306,603.4888882578018
2025-12-23,历史选型执行策略,72681.94721551087,-520.7833886522797,7724.685413273206,2074.733737509686,79885.84924013179,10491.153374198007,eval,0.4938910052910052,0.05630486111111109,259.0573798197666,1102.4173733304767
2025-12-24,历史选型执行策略,70702.5469096677,392.4687976230684,6885.189046826399,1989.4756832671542,77980.20475411716,10392.255857550377,eval,0.4959301587301587,0.05388878968253969,64.7689343996541,274.25673286893937
2025-12-25,历史选型执行策略,66484.60860570974,1480.694533426376,12136.829858768408,3130.7099905996383,80102.13299790453,7941.808143872868,eval,0.4942253968253968,0.05970595238095236,122.44050678297774,644.2210141852374
2025-12-26,历史选型执行策略,22824.276685442797,3555.835444776483,1326.6006147786277,575.742401484356,27706.71274499791,10554.24952525258,eval,0.4937931216931216,0.13421190476190475,130.91132650252743,407.57242991733966
2025-12-27,历史选型执行策略,20730.17041583752,693.4656051586412,5295.202146543408,2358.8424618105696,26718.838167539572,9766.84558907729,eval,0.4959148148148149,0.1369892857142857,534.5666587972178,1214.7952881593687
2025-12-28,历史选型执行策略,66667.74915198646,1714.8185194454134,5301.93374112397,1282.635928147206,73684.50141255584,7996.32417762616,eval,0.4923862433862433,0.05129265873015873,587.3624096390165,2405.2665498728766
2025-12-29,历史选型执行策略,67067.69886594896,8158.4861440961995,8598.470991284936,1601.6227080063281,83824.65600133009,10634.340441942615,eval,0.493610052910053,0.051714186507936515,362.4810544906719,1999.5546708159752
2025-12-30,历史选型执行策略,66450.58948534957,4252.473251656989,2118.821881101284,561.5899671281186,72821.88461810784,8675.285218165103,eval,0.49164021164021166,0.0504875,305.1128078500784,1158.7783106267962
2025-12-31,历史选型执行策略,72650.22357634458,1304.9546714580943,2581.4729479197513,598.6049561957244,76536.65119572243,9593.717634764995,eval,0.4900629629629629,0.06042886904761905,358.2207881275875,1656.0412206138626
