日期,模型,计划购电费,调整费,紧急购电费,紧急购电量,总费用,末SOC,阶段,计划紧急购电量,计划紧急购电费
2025-01-01,A,0.0,0.0,366613.56615685835,92035.17001666666,366613.56615685835,6000.0,init,0.0,0.0
2025-01-02,A,63763.212383179496,0.0,7673.8246204357965,2031.5716716049367,71437.03700361529,10025.448671111111,init,0.0,0.0
2025-01-03,A,62592.717478159255,0.0,0.0,0.0,62592.717478159255,10800.0,init,0.0,0.0
2025-01-04,A,25620.101808035924,0.0,4716.420235187681,1273.1800331275876,30336.522043223606,9958.349187037036,init,0.0,0.0
2025-01-05,A,25750.10243609352,0.0,182479.10976966197,45158.412478310696,208229.2122057555,8558.511815185186,init,0.0,0.0
2025-01-06,A,62036.592498336555,0.0,5247.887545258327,1398.088716666665,67284.48004359489,10116.492809259258,init,0.0,0.0
2025-01-07,A,60992.72710281059,0.0,12125.54879304154,3585.3369497942326,73118.27589585213,10232.597537037036,init,0.0,0.0
2025-01-08,A,62174.271939667924,0.0,4442.515563099992,1348.8516333333314,66616.78750276791,10227.11604,init,0.0,0.0
2025-01-09,A,60199.53211353755,0.0,9983.934316058796,3031.9255113559743,70183.46642959634,10003.817253888888,init,0.0,0.0
2025-01-10,A,61351.59817849443,0.0,0.0,0.0,61351.59817849443,10800.0,init,0.0,0.0
2025-01-11,A,25604.362619091167,0.0,2750.6231440666606,818.7982999999992,28354.985763157827,9832.336335,init,0.0,0.0
2025-01-12,A,25679.761300371294,0.0,181285.08809252683,44755.77141060494,206964.84939289812,8455.086756666667,init,0.0,0.0
2025-01-13,A,61733.91109658534,0.0,2596.6276889284145,784.8438118333335,64330.53878551375,9989.435511666667,init,0.0,0.0
2025-01-14,A,59031.393607783015,0.0,7985.986812644744,2019.2772061728383,67017.38042042775,10265.803453703702,init,0.0,0.0
2025-01-15,A,59799.7630427712,0.0,8201.85777637424,2158.536790465024,68001.62081914544,10146.49893,init,0.0,0.0
2025-01-16,A,60674.80507055906,0.0,6243.555721597584,1562.622064285706,66918.36079215664,10159.281045370371,init,0.0,0.0
2025-01-17,A,25788.57956920484,0.0,1335.3826874040637,594.6481724868354,27123.962256608906,10229.167488147223,init,0.0,0.0
2025-01-18,A,25366.218990079902,0.0,2222.2478628673693,810.7975268167894,27588.466852947273,10226.629829849115,init,0.0,0.0
2025-01-19,A,59493.02679026895,0.0,5973.661062052551,1497.252239082295,65466.687852321505,10144.266267806472,init,0.0,0.0
2025-01-20,A,59668.33055483397,0.0,4094.951053643319,984.7052683765089,63763.28160847729,10265.696097068068,init,0.0,0.0
2025-01-21,A,59765.75096791061,0.0,1746.0853304980315,521.8313653270757,61511.83629840864,10407.218151222189,init,0.0,0.0
2025-01-22,A,58511.53972525422,0.0,7698.886976094003,2065.54939822662,66210.42670134822,9978.49381051041,init,0.0,0.0
2025-01-23,A,58618.67946164961,0.0,8247.969466344959,2590.3726350024554,66866.64892799457,10051.244447539853,init,0.0,0.0
2025-01-24,A,23895.477858270355,0.0,1423.1764379652586,546.7535699694841,25318.654296235614,10235.390735394223,init,0.0,0.0
2025-01-25,A,23963.597284574877,0.0,884.7367255020308,409.5901690884477,24848.334010076906,10203.494231851502,init,0.0,0.0
2025-01-26,A,57575.46238119855,0.0,7317.858682519083,2324.4720701672186,64893.32106371764,10245.10910494315,init,0.0,0.0
2025-01-27,A,58055.21561785682,0.0,1907.666618981716,543.4398430867091,59962.88223683854,10078.21757394843,init,0.0,0.0
2025-01-28,A,57429.74443735918,0.0,7180.793957066924,2106.944617459676,64610.538394426105,10233.451625169884,init,0.0,0.0
2025-01-29,A,57922.57319214468,0.0,564.8868076186337,182.11987069046108,58487.45999976331,10405.172223525798,init,0.0,0.0
2025-01-30,A,56908.623227303586,0.0,4022.9881518271177,837.4422473979336,60931.6113791307,10212.013504385364,init,0.0,0.0
2025-01-31,A,22434.675523929443,0.0,2575.1415020940244,1014.8888779341947,25009.81702602347,10376.636445719581,init,0.0,0.0
2025-02-01,A,22402.330574309228,0.0,370.7001708138098,101.29064592704648,22773.030745123036,10598.471149675399,calibration,0.0,0.0
2025-02-02,A,56302.33460779428,0.0,760.6093178938696,144.05243936065327,57062.943925688145,10560.525065418624,calibration,0.0,0.0
2025-02-03,A,55248.067568108905,0.0,1138.4054275115445,304.11390050722235,56386.47299562045,10570.012520979959,calibration,0.0,0.0
2025-02-04,A,55224.27398118706,0.0,3317.8931486342576,856.7992299686124,58542.16712982132,10553.606427890241,calibration,0.0,0.0
2025-02-05,A,52133.73442392791,0.0,8262.758391104591,2268.5777186370938,60396.4928150325,10248.873395649167,calibration,0.0,0.0
2025-02-06,A,52751.40041281768,0.0,4745.5282396849725,1559.666754546031,57496.928652502655,10128.07726149149,calibration,0.0,0.0
2025-02-07,A,20154.90232028846,0.0,753.6035340763106,253.62027189282472,20908.505854364772,10169.641631779949,calibration,0.0,0.0
2025-02-08,A,19100.22524903485,0.0,3007.750850119161,973.5846355222217,22107.976099154013,10164.18187335526,calibration,0.0,0.0
2025-02-09,A,50917.50419910587,0.0,10331.647313866051,3019.7232035791026,61249.15151297192,10097.223090593945,calibration,0.0,0.0
2025-02-10,A,51666.6221083373,0.0,2585.399593851601,784.2620787366986,54252.021702188904,10028.696089680823,calibration,0.0,0.0
2025-02-11,A,50690.92328030027,0.0,5188.347410701634,1136.494044383061,55879.270691001904,10180.236750426247,calibration,0.0,0.0
2025-02-12,A,51109.103416646256,0.0,2311.9721003578825,633.9494771970218,53421.07551700414,10165.53886177526,calibration,0.0,0.0
2025-02-13,A,50585.47455182115,0.0,2355.2652544643793,841.9239241333668,52940.73980628553,10132.809940202531,calibration,0.0,0.0
2025-02-14,A,18616.486558416167,0.0,3830.002532175938,1488.0767308074555,22446.489090592106,10146.961453047066,calibration,0.0,0.0
2025-02-15,A,18696.784137492392,0.0,2665.584994226817,962.8646026375927,21362.36913171921,10033.033510705998,calibration,0.0,0.0
2025-02-16,A,48900.134776653664,0.0,5168.208976599761,1588.5627119933497,54068.34375325342,10126.225810535047,calibration,0.0,0.0
2025-02-17,A,48489.2789246878,0.0,2259.927552107384,641.9210810815409,50749.20647679519,10158.558093598296,calibration,0.0,0.0
2025-02-18,A,48135.70408023875,0.0,2181.484114855793,656.5963363020817,50317.18819509454,10226.304048061644,calibration,0.0,0.0
2025-02-19,A,48017.17439845718,0.0,4733.727273352921,1270.457912780135,52750.901671810105,9936.01216796526,calibration,0.0,0.0
2025-02-20,A,47934.366931043056,0.0,1655.8061848719856,546.0715841055387,49590.173115915044,10103.440014612077,calibration,0.0,0.0
2025-02-21,A,18279.819179931066,0.0,815.4387101700434,298.31223553642417,19095.25789010111,10261.113353540795,calibration,0.0,0.0
2025-02-22,A,18121.15891674115,0.0,3467.0082590903107,1181.6254453208103,21588.167175831462,10177.341474727731,calibration,0.0,0.0
2025-02-23,A,47081.29904827742,0.0,3279.7843745051696,1074.7186028462277,50361.08342278259,10069.594881676294,calibration,0.0,0.0
2025-02-24,A,46595.06963429894,0.0,1730.0531627228672,424.02532855105596,48325.12279702181,10130.54298625744,calibration,0.0,0.0
2025-02-25,A,46489.89273112416,0.0,1626.3925810308897,484.4555834582143,48116.28531215504,10067.395425570103,calibration,0.0,0.0
2025-02-26,A,46019.115153222454,0.0,3202.769657751231,1066.0255038939135,49221.88481097369,10295.12333402044,calibration,0.0,0.0
2025-02-27,A,45470.978627453376,0.0,2755.7504441303126,645.027390976623,48226.729071583686,10225.642679530616,calibration,0.0,0.0
2025-02-28,A,17656.89900349884,0.0,1450.553949019845,553.1564167266029,19107.452952518684,10139.17902075485,calibration,0.0,0.0
2025-03-01,A,17605.011183443625,0.0,734.3743349825188,198.94347067509275,18339.385518426145,10208.082180479414,calibration,0.0,0.0
2025-03-02,A,44827.93128816284,0.0,17917.50116760093,5639.854701396245,62745.432455763774,10166.071371279515,calibration,0.0,0.0
2025-03-03,A,44852.35916609552,0.0,16446.58949807902,4521.807487868219,61298.948664174546,10122.31301651644,calibration,0.0,0.0
2025-03-04,A,45504.264172813026,0.0,3934.856698594456,1387.706847268377,49439.12087140748,10085.509783443124,calibration,0.0,0.0
2025-03-05,A,44308.946388276934,0.0,2515.986062638255,656.0912787491732,46824.93245091519,10148.582090773092,calibration,0.0,0.0
2025-03-06,A,44248.14663842077,0.0,1908.844834051571,522.2740799671495,46156.991472472335,10160.448638242646,calibration,0.0,0.0
2025-03-07,A,16724.621962353096,0.0,1690.6950406542217,534.4598119938873,18415.317003007316,10204.048088208401,calibration,0.0,0.0
2025-03-08,A,16374.843570977362,0.0,1649.8269044021608,657.7947869783503,18024.670475379524,10171.465284773754,calibration,0.0,0.0
2025-03-09,A,42600.530864379645,0.0,4531.008150017284,1386.2208582115682,47131.53901439693,10238.47076329062,calibration,0.0,0.0
2025-03-10,A,42049.537308360916,0.0,11891.750880824713,3842.2947737261834,53941.28818918563,10165.514403312687,calibration,0.0,0.0
2025-03-11,A,41892.04027059149,0.0,4179.674034880309,1147.728878326108,46071.714305471796,10253.975478378923,calibration,0.0,0.0
2025-03-12,A,42146.301401207966,0.0,2646.6369432419883,753.2719444377682,44792.938344449954,10057.741430210703,calibration,0.0,0.0
2025-03-13,A,41773.090596578215,0.0,11656.49277487026,3551.4757196163782,53429.583371448476,10108.17590550644,calibration,0.0,0.0
2025-03-14,A,15855.121231361669,0.0,2072.7391132281878,657.4014426059059,17927.860344589855,10175.045067247287,calibration,0.0,0.0
2025-03-15,A,15951.872336441586,0.0,3887.551431314073,1308.0453008451686,19839.42376775566,10017.929349348777,calibration,0.0,0.0
2025-03-16,A,41335.35730958599,0.0,4904.53756067642,1520.169679947283,46239.89487026241,10240.026518071856,calibration,0.0,0.0
2025-03-17,A,41121.23211203111,0.0,835.091736777928,276.1682373869751,41956.323848809036,10199.757505358713,calibration,0.0,0.0
2025-03-18,A,40169.355654772065,0.0,4940.427520445164,1129.498406852817,45109.78317521723,10165.667602586796,calibration,0.0,0.0
2025-03-19,A,40106.226054272534,0.0,2124.5062884194413,577.0493724994261,42230.732342691976,10224.878782723079,calibration,0.0,0.0
2025-03-20,A,39868.68919699908,0.0,4402.451781365585,1295.7734710315901,44271.14097836467,10172.120443725813,calibration,0.0,0.0
2025-03-21,A,15443.634448310495,0.0,1191.7593833789954,392.49136965606453,16635.39383168949,10068.700992166334,calibration,0.0,0.0
2025-03-22,A,15642.388767077791,0.0,3174.9504562278917,1049.0774088035128,18817.339223305684,10385.47801878127,calibration,0.0,0.0
2025-03-23,A,38805.357454726865,0.0,3313.243149492053,1115.5463634130638,42118.60060421892,10152.380536677425,calibration,0.0,0.0
2025-03-24,A,38144.55014139222,0.0,3022.8499554773944,944.4477516779759,41167.40009686961,10131.698500696973,calibration,0.0,0.0
2025-03-25,A,38183.98852615524,0.0,7619.645962629793,2516.328630407498,45803.634488785036,10079.95237068258,calibration,0.0,0.0
2025-03-26,A,38652.40253086675,0.0,625.6937845371369,208.6162234867212,39278.09631540388,10160.683428863724,calibration,0.0,0.0
2025-03-27,A,38143.97565585346,0.0,3921.9718968872194,1204.1830719027416,42065.947552740676,10143.366856126377,calibration,0.0,0.0
2025-03-28,A,15144.650035565941,0.0,275.46164100345106,127.80033155212442,15420.111676569391,10226.096333038096,calibration,0.0,0.0
2025-03-29,A,15154.947849293574,0.0,870.3303438769642,253.17955653970648,16025.278193170538,10258.43970809968,calibration,0.0,0.0
2025-03-30,A,36922.95169163173,0.0,2682.887975623634,890.857197790072,39605.839667255364,10368.690054215826,calibration,0.0,0.0
2025-03-31,A,36469.8167751789,0.0,9081.702538902277,2900.1118078115646,45551.519314081175,10318.450041126358,calibration,0.0,0.0
2025-04-01,A,36507.99433449854,0.0,11207.276291563954,4156.974809917918,47715.27062606249,10197.351880740558,eval,0.0,0.0
2025-04-02,A,36385.94211476529,0.0,16841.631428278568,5072.520413919165,53227.57354304386,10182.132531393218,eval,0.0,0.0
2025-04-03,A,36577.91906900639,0.0,4106.026889455536,1082.529645487541,40683.945958461925,10070.582180309735,eval,0.0,0.0
2025-04-04,A,14518.757474801452,0.0,315.54085396841344,146.00947872731103,14834.298328769866,10183.256659483906,eval,0.0,0.0
2025-04-05,A,14556.376440344276,0.0,5056.089073473653,1489.540542216538,19612.46551381793,10068.478859971668,eval,0.0,0.0
2025-04-06,A,36450.314222500565,0.0,1535.1224628568543,409.0568485725323,37985.43668535742,10181.38033155088,eval,0.0,0.0
2025-04-07,A,36069.2739900131,0.0,2814.757160616556,1004.3291403699161,38884.03115062966,10260.623741685762,eval,0.0,0.0
2025-04-08,A,35835.87078089241,0.0,2863.870392261794,644.8509717341216,38699.7411731542,10100.508411565577,eval,0.0,0.0
2025-04-09,A,35641.10571279957,0.0,12402.65997687551,4248.548433087332,48043.76568967508,10181.408881727311,eval,0.0,0.0
2025-04-10,A,35539.51867414237,0.0,3064.5934705321533,953.4324907123055,38604.112144674524,10162.67315596186,eval,0.0,0.0
2025-04-11,A,14068.83300244102,0.0,780.7325525615732,329.87183934097175,14849.565555002593,10197.779309343954,eval,0.0,0.0
2025-04-12,A,14165.675847779648,0.0,1759.3956713669445,545.836271204595,15925.071519146593,10289.460427553606,eval,0.0,0.0
2025-04-13,A,34735.637190512614,0.0,3293.633845025654,1138.6062616297781,38029.271035538266,10185.607795001757,eval,0.0,0.0
2025-04-14,A,34368.17461386326,0.0,2440.78142778424,787.8809524672544,36808.9560416475,10180.262448089583,eval,0.0,0.0
2025-04-15,A,34767.137501338,0.0,4118.732969115709,1200.0233754087508,38885.87047045371,10186.189613625578,eval,0.0,0.0
2025-04-16,A,34125.289664018244,0.0,7358.2467147045645,2842.548447399508,41483.53637872281,10051.522345568485,eval,0.0,0.0
2025-04-17,A,33970.61054955819,0.0,4103.881662774973,1288.4014356656219,38074.49221233316,10163.973043851129,eval,0.0,0.0
2025-04-18,A,13519.896770860629,0.0,2300.325515877974,819.9920237195075,15820.222286738603,10347.061156285705,eval,0.0,0.0
2025-04-19,A,13412.159605946796,0.0,906.0995390825947,353.220892980855,14318.259145029391,10275.309895909091,eval,0.0,0.0
2025-04-20,A,33484.518521548904,0.0,2087.459575428125,777.8187850455752,35571.97809697703,10387.355662300366,eval,0.0,0.0
2025-04-21,A,33399.708745108845,0.0,1541.5000286924708,648.9690729532892,34941.208773801314,10018.879504768101,eval,0.0,0.0
2025-04-22,A,33210.60946188264,0.0,5203.444924419492,1849.1177392584896,38414.05438630213,10110.106199622822,eval,0.0,0.0
2025-04-23,A,33332.54864921055,0.0,4555.686237158179,1692.751715527964,37888.23488636873,10285.633282471546,eval,0.0,0.0
2025-04-24,A,32899.22616999685,0.0,1065.890219897676,312.0251688317036,33965.11638989453,10183.922497640246,eval,0.0,0.0
2025-04-25,A,12805.697282518715,0.0,366.8868479493601,109.94687629583541,13172.584130468074,10108.068456598958,eval,0.0,0.0
2025-04-26,A,12866.89215316685,0.0,4469.563388557854,1228.83216220121,17336.455541724703,10115.31351173317,eval,0.0,0.0
2025-04-27,A,31661.339327345097,0.0,4995.3340974577495,1274.6841608775587,36656.673424802844,10142.894295391729,eval,0.0,0.0
2025-04-28,A,31766.429235315,0.0,21867.289915176436,8164.2156529164295,53633.71915049144,10250.392267830439,eval,0.0,0.0
2025-04-29,A,32014.38296737268,0.0,4830.159549033642,1215.9258953122098,36844.54251640632,10301.809053807174,eval,0.0,0.0
2025-04-30,A,31612.078895043527,0.0,5186.980920792041,2215.4728155263147,36799.05981583557,10084.360551477945,eval,0.0,0.0
2025-05-01,A,31428.760891518457,0.0,15103.302754981329,2930.775155275431,46532.06364649979,9420.542346618384,eval,0.0,0.0
2025-05-02,A,12958.208413950448,0.0,25916.666993562863,6129.192860741262,38874.87540751331,9610.107525975089,eval,0.0,0.0
2025-05-03,A,13049.908522993566,0.0,15473.13942828616,3386.180000957383,28523.047951279725,9763.196686068697,eval,0.0,0.0
2025-05-04,A,32632.758142744242,0.0,13236.486370446637,3077.7571337907502,45869.244513190875,9552.80837359965,eval,0.0,0.0
2025-05-05,A,33032.110188031365,0.0,16425.217250141905,4294.609644306549,49457.32743817327,9641.879304472795,eval,0.0,0.0
2025-05-06,A,32841.05543479378,0.0,12508.673228983665,3100.3750053958024,45349.728663777445,9457.311876639133,eval,0.0,0.0
2025-05-07,A,35308.36291489883,0.0,8540.012087923567,2242.5409851035943,43848.3750028224,10092.099606808502,eval,0.0,0.0
2025-05-08,A,35758.38840335154,0.0,10013.098257565929,3277.043510670521,45771.48666091747,10189.355736548925,eval,0.0,0.0
2025-05-09,A,15995.05482109325,0.0,1101.8501912172753,366.9816013453177,17096.905012310526,10800.0,eval,0.0,0.0
2025-05-10,A,16019.40242536364,0.0,6227.414053129756,1777.9602798638757,22246.816478493398,10680.53675415397,eval,0.0,0.0
2025-05-11,A,35399.1794750291,0.0,6748.609958371297,1999.6387979329852,42147.789433400394,10137.001900960804,eval,0.0,0.0
2025-05-12,A,35869.7334862902,0.0,3823.716681543491,1382.978766904496,39693.45016783369,10294.301808409049,eval,0.0,0.0
2025-05-13,A,35497.147793854034,0.0,2486.8737103499425,690.4980425836452,37984.02150420398,10305.600924885435,eval,0.0,0.0
2025-05-14,A,35302.61421945399,0.0,1884.6939205465733,615.2260124192667,37187.30814000057,10068.941364359225,eval,0.0,0.0
2025-05-15,A,35200.22191271346,0.0,4101.279994763467,1135.7086804974306,39301.50190747692,10346.476886006905,eval,0.0,0.0
2025-05-16,A,14393.495797510765,0.0,332.04246320884835,149.37061011152161,14725.538260719613,9943.330308617604,eval,0.0,0.0
2025-05-17,A,14576.191065577465,0.0,8871.856677245838,2462.3767441417003,23448.047742823303,10040.740950582916,eval,0.0,0.0
2025-05-18,A,34565.90528763403,0.0,5178.87876663407,2297.0123544577737,39744.7840542681,10274.012805892202,eval,0.0,0.0
2025-05-19,A,33907.33541719201,0.0,2252.281192553415,489.7275422522965,36159.616609745426,10065.414060079978,eval,0.0,0.0
2025-05-20,A,33748.24690947575,0.0,11002.90238777674,3401.4117816200232,44751.14929725249,9954.782670952765,eval,0.0,0.0
2025-05-21,A,33868.079461460315,0.0,5336.913250793806,1461.1900338816827,39204.99271225412,9981.310575589157,eval,0.0,0.0
2025-05-22,A,33622.98450871828,0.0,3116.1204586236463,808.2555237376304,36739.104967341926,10410.81416972881,eval,0.0,0.0
2025-05-23,A,14107.681806064895,0.0,5245.20412883127,1547.5427475893814,19352.885934896163,10276.774570134454,eval,0.0,0.0
2025-05-24,A,14628.96494578904,0.0,642.7078076632324,259.21101750420246,15271.672753452272,10479.469502099697,eval,0.0,0.0
2025-05-25,A,33512.742697043446,0.0,1754.4834746016777,408.36353410989454,35267.226171645125,10188.08677116601,eval,0.0,0.0
2025-05-26,A,33148.287657209425,0.0,12583.026383212418,5197.543506945839,45731.31404042184,10237.31216118614,eval,0.0,0.0
2025-05-27,A,33534.21385564581,0.0,2264.8210686901393,576.7448079260569,35799.034924335945,10112.651732118375,eval,0.0,0.0
2025-05-28,A,33054.091349720286,0.0,10899.105035171935,4348.8589509075255,43953.19638489222,10210.656676557355,eval,0.0,0.0
2025-05-29,A,32827.24171031121,0.0,13554.338179378283,4693.158306599398,46381.57988968949,10217.757391771891,eval,0.0,0.0
2025-05-30,A,14025.995325335833,0.0,9195.999055280747,2467.3756217501395,23221.99438061658,10471.814283332746,eval,0.0,0.0
2025-05-31,A,13874.10977512801,0.0,8015.718544284943,2334.992300678452,21889.828319412954,10169.775892930518,eval,0.0,0.0
2025-06-01,A,33753.00881991915,0.0,61577.400893348764,18424.277936883424,95330.40971326792,9014.63328562429,eval,0.0,0.0
2025-06-02,A,35441.223288607485,0.0,50853.07283348878,13586.117231906548,86294.29612209628,8946.471477260473,eval,0.0,0.0
2025-06-03,A,36191.87997873972,0.0,43111.311674270706,12018.69747092741,79303.19165301044,9091.191791014215,eval,0.0,0.0
2025-06-04,A,42363.38014681322,0.0,18484.676589827293,6138.9695182882115,60848.056736640516,10031.852582760535,eval,0.0,0.0
2025-06-05,A,42556.27307348908,0.0,20540.284774205436,6604.903047219663,63096.557847694516,9926.14351607498,eval,0.0,0.0
2025-06-06,A,15884.43767943099,0.0,40073.92808431655,10454.252470777894,55958.36576374754,9388.671268423093,eval,0.0,0.0
2025-06-07,A,17251.571144233152,0.0,23613.60525428751,6502.251768556207,40865.17639852066,9584.364318852698,eval,0.0,0.0
2025-06-08,A,47323.628160464286,0.0,1913.3897801501198,577.958010488365,49237.01794061441,10575.118028968112,eval,0.0,0.0
2025-06-09,A,46009.27252727483,0.0,8862.291701317561,2549.4177240700383,54871.56422859239,10506.817534320488,eval,0.0,0.0
2025-06-10,A,46148.60626398325,0.0,7406.482797436072,2228.9029423112956,53555.08906141933,10434.180219922917,eval,0.0,0.0
2025-06-11,A,45951.64988629703,0.0,25636.302402644025,6288.977787242551,71587.95228894106,10177.928088252302,eval,0.0,0.0
2025-06-12,A,46896.656563314114,0.0,8597.179561024222,2382.8611353173987,55493.83612433834,10208.660116886665,eval,0.0,0.0
2025-06-13,A,23004.661863665122,0.0,1228.455649418978,474.25156030930685,24233.1175130841,10781.235136926705,eval,0.0,0.0
2025-06-14,A,22733.543788055034,0.0,2705.8389205885064,1181.6041944802482,25439.38270864354,10800.0,eval,0.0,0.0
2025-06-15,A,46686.332336371175,0.0,3898.0277975738686,1185.6721346097972,50584.36013394505,10563.706963562076,eval,0.0,0.0
2025-06-16,A,47149.72948876151,0.0,6882.684020190228,2016.8042224104383,54032.413508951744,10342.737217637874,eval,0.0,0.0
2025-06-17,A,47105.84598869092,0.0,13571.58074596167,3560.9968427913973,60677.42673465259,10044.844024096592,eval,0.0,0.0
2025-06-18,A,47881.45953424732,0.0,3739.8025264504,1139.6235532064004,51621.26206069772,10387.6318706647,eval,0.0,0.0
2025-06-19,A,47099.214770600214,0.0,3654.344420301466,864.423091187157,50753.55919090168,10222.676134713547,eval,0.0,0.0
2025-06-20,A,19752.337970070585,0.0,687.9900099139286,235.44799625964097,20440.32797998451,10414.40474081701,eval,0.0,0.0
2025-06-21,A,19548.604949880682,0.0,611.605413000589,267.1786422083151,20160.210362881273,10601.752213490703,eval,0.0,0.0
2025-06-22,A,45675.166247960486,0.0,5842.843343067802,1803.674321351204,51518.00959102829,10314.296591218548,eval,0.0,0.0
2025-06-23,A,45287.9361270942,0.0,5133.859397280645,1369.6834811098338,50421.795524374844,10170.088543321332,eval,0.0,0.0
2025-06-24,A,45065.408606369056,0.0,30357.323117788997,8352.280179322246,75422.73172415805,10218.511376662424,eval,0.0,0.0
2025-06-25,A,44900.253347397665,0.0,8876.66670080288,2915.348601023201,53776.92004820055,10252.059618912968,eval,0.0,0.0
2025-06-26,A,44863.65137859189,0.0,6156.949845925738,1637.72968058804,51020.601224517624,10109.098814301558,eval,0.0,0.0
2025-06-27,A,18234.42053925596,0.0,1793.222821735008,401.99583081414494,20027.64336099097,10316.200031937076,eval,0.0,0.0
2025-06-28,A,18240.65665783869,0.0,3946.8832441953577,1059.2715031375203,22187.539902034045,10216.737673498925,eval,0.0,0.0
2025-06-29,A,44695.882319142045,0.0,7432.20108113668,2482.373710728419,52128.08340027872,10298.27652875298,eval,0.0,0.0
2025-06-30,A,45134.89369375074,0.0,6732.483337306259,1956.012699022259,51867.377031056996,10175.289119875364,eval,0.0,0.0
2025-07-01,A,45308.613052017325,0.0,30664.6386221552,8140.479394118257,75973.25167417253,8919.763509891118,eval,0.0,0.0
2025-07-02,A,55809.550361124726,0.0,2975.3097049112703,914.467735677377,58784.860066035995,10471.599006720313,eval,0.0,0.0
2025-07-03,A,54001.54397808892,0.0,4865.8807876338615,1501.4165730827874,58867.42476572278,10383.332921791234,eval,0.0,0.0
2025-07-04,A,22257.26842272098,0.0,12578.044507761588,4152.085322137087,34835.31293048257,9431.657248413214,eval,0.0,0.0
2025-07-05,A,22714.503411583904,0.0,13101.711944201495,4159.935097778731,35816.2153557854,9681.530604258502,eval,0.0,0.0
2025-07-06,A,53800.79792831647,0.0,13557.561671517506,3679.0385005760836,67358.35959983397,10422.5541647266,eval,0.0,0.0
2025-07-07,A,54221.75484962086,0.0,2242.66522576853,956.3234058267982,56464.42007538939,10685.97601283419,eval,0.0,0.0
2025-07-08,A,56767.71251170625,0.0,4782.168822755973,1166.8789390009829,61549.881334462225,10800.0,eval,0.0,0.0
2025-07-09,A,50118.31856282175,0.0,3865.845815809679,1138.7919012637708,53984.16437863142,10530.124450001345,eval,0.0,0.0
2025-07-10,A,50484.34113915484,0.0,3174.397015450994,811.6581282001562,53658.73815460584,10251.43509788415,eval,0.0,0.0
2025-07-11,A,29151.45791486751,0.0,2953.8172295310333,1326.2939748226945,32105.275144398543,10800.0,eval,0.0,0.0
2025-07-12,A,28680.871458551694,0.0,249.3877656382523,63.909383547736965,28930.259224189947,10800.0,eval,0.0,0.0
2025-07-13,A,50315.70962838317,0.0,2451.5166696878923,460.6980938235274,52767.226298071066,10470.319275106882,eval,0.0,0.0
2025-07-14,A,49133.50030236182,0.0,3692.167696143485,800.1276864709905,52825.667998505305,10319.820432027336,eval,0.0,0.0
2025-07-15,A,49684.725074775764,0.0,6985.680547046212,2506.648897118034,56670.40562182198,10530.201677382338,eval,0.0,0.0
2025-07-16,A,48036.82772983882,0.0,6718.258858967278,1923.1719327049225,54755.086588806094,10125.59972024661,eval,0.0,0.0
2025-07-17,A,48041.088907881895,0.0,6335.869712610384,1780.6235250795576,54376.95862049228,9903.370243194973,eval,0.0,0.0
2025-07-18,A,24535.407608454872,0.0,6159.632303509552,1816.9797308965055,30695.039911964424,10238.9357826034,eval,0.0,0.0
2025-07-19,A,24432.489412658102,0.0,3511.870075042515,912.1403230330816,27944.359487700618,10089.88519662937,eval,0.0,0.0
2025-07-20,A,47575.48766247211,0.0,5256.818600752524,2004.3242484773461,52832.30626322463,10222.680190901126,eval,0.0,0.0
2025-07-21,A,48092.48015462377,0.0,7416.683280144257,2402.290680857509,55509.16343476803,10261.4445254065,eval,0.0,0.0
2025-07-22,A,48239.5789429121,0.0,8969.193484433974,2881.9354415452926,57208.77242734608,10208.712125588809,eval,0.0,0.0
2025-07-23,A,48439.8741884946,0.0,8218.073666073951,2482.825063946032,56657.94785456855,10147.458607126086,eval,0.0,0.0
2025-07-24,A,48690.802777128076,0.0,10723.471407109171,3105.8236750517813,59414.27418423725,10361.204293713232,eval,0.0,0.0
2025-07-25,A,24221.555020615087,0.0,1603.1095597347526,336.7518280089447,25824.66458034984,10307.28633204101,eval,0.0,0.0
2025-07-26,A,24784.17383053938,0.0,2448.314431556688,1007.3269002535569,27232.48826209607,10273.471543629668,eval,0.0,0.0
2025-07-27,A,48304.6421166935,0.0,9504.951046019098,3037.0033171223986,57809.5931627126,10406.22586091332,eval,0.0,0.0
2025-07-28,A,48272.383072594006,0.0,17428.4851948455,5614.830813469945,65700.86826743951,10101.862494977882,eval,0.0,0.0
2025-07-29,A,49261.925034281296,0.0,10417.684318427604,3651.9401918305743,59679.609352708896,10463.140472173785,eval,0.0,0.0
2025-07-30,A,48925.14548698871,0.0,7549.276785543588,2310.290047686407,56474.4222725323,10329.76259016318,eval,0.0,0.0
2025-07-31,A,48809.29879907059,0.0,6778.477245293765,1907.9067208505526,55587.77604436435,10107.58671592087,eval,0.0,0.0
2025-08-01,A,23927.75339127708,0.0,1957.2871156193587,599.3776298236551,25885.04050689644,10213.727348594104,eval,0.0,0.0
2025-08-02,A,24007.5212443775,0.0,1368.0202371092037,302.2570989430404,25375.541481486704,10384.466404343333,eval,0.0,0.0
2025-08-03,A,47756.33141963199,0.0,4040.8355464674164,826.1236043686291,51797.16696609941,9972.81956067236,eval,0.0,0.0
2025-08-04,A,47221.702934853354,0.0,2110.2898666115516,542.6517493462859,49331.992801464905,10369.35206443644,eval,0.0,0.0
2025-08-05,A,46111.28752057028,0.0,927.7696051178576,315.1067516422602,47039.05712568814,10301.871938897804,eval,0.0,0.0
2025-08-06,A,44543.11753215875,0.0,12539.480501753336,3547.4037113352847,57082.59803391209,10194.526970720503,eval,0.0,0.0
2025-08-07,A,44109.140621395934,0.0,2606.4957026888733,759.2809962516255,46715.63632408481,10176.687521860144,eval,0.0,0.0
2025-08-08,A,23121.389065415733,0.0,1776.9175978917356,437.67612043888823,24898.30666330747,10288.790162542235,eval,0.0,0.0
2025-08-09,A,23034.509861217015,0.0,2341.469156903743,756.1261533941516,25375.979018120757,10134.362673933523,eval,0.0,0.0
2025-08-10,A,43429.12341555153,0.0,8307.893572950206,2741.6617692292393,51737.01698850173,10253.624444495956,eval,0.0,0.0
2025-08-11,A,43396.058648642706,0.0,5365.405868378321,1747.4316768198203,48761.46451702103,10143.46850388669,eval,0.0,0.0
2025-08-12,A,43333.658089823926,0.0,13903.56762521954,4289.139039177652,57237.22571504347,10196.314485183257,eval,0.0,0.0
2025-08-13,A,43754.610810622515,0.0,7712.634434300477,2804.270402354834,51467.24524492299,10385.403556916288,eval,0.0,0.0
2025-08-14,A,43336.53378398249,0.0,9285.654869878113,3258.2237162809997,52622.188653860605,10184.386375058739,eval,0.0,0.0
2025-08-15,A,22796.68491672822,0.0,3553.925481232002,1104.223018677526,26350.610397960223,10000.819513636325,eval,0.0,0.0
2025-08-16,A,22991.77382318339,0.0,3641.5771285417854,943.7690804659218,26633.350951725177,10127.093400866335,eval,0.0,0.0
2025-08-17,A,43653.055105023814,0.0,4251.033753448321,980.4262671929124,47904.08885847213,10349.957160199567,eval,0.0,0.0
2025-08-18,A,43531.913204675744,0.0,6409.491542825443,1695.586216773433,49941.40474750119,10337.718679739612,eval,0.0,0.0
2025-08-19,A,43531.50398224121,0.0,5491.171870401654,1476.1962289936678,49022.67585264286,10228.983174621968,eval,0.0,0.0
2025-08-20,A,43059.4418215392,0.0,25880.3682173288,8282.62015550306,68939.810038868,10227.287744178406,eval,0.0,0.0
2025-08-21,A,43500.647281942474,0.0,9754.051893381948,3043.3197089868654,53254.69917532442,10308.835100247015,eval,0.0,0.0
2025-08-22,A,23064.62817271793,0.0,12095.489170129553,3238.4454676958485,35160.11734284749,9985.230467795316,eval,0.0,0.0
2025-08-23,A,23321.29405981132,0.0,3507.9093220563377,947.0413036651152,26829.203381867657,10112.320228944935,eval,0.0,0.0
2025-08-24,A,44114.41574597516,0.0,6495.878069794532,1667.14458014797,50610.29381576969,10214.666428373741,eval,0.0,0.0
2025-08-25,A,44512.57108414039,0.0,17934.774609756292,5671.354394999763,62447.345693896685,10310.117528265779,eval,0.0,0.0
2025-08-26,A,44952.50833150024,0.0,3617.0299856507318,882.0037211094901,48569.538317150975,10369.728330685717,eval,0.0,0.0
2025-08-27,A,44507.6210844997,0.0,10268.087602988102,3198.3989416257605,54775.7086874878,10167.264421132506,eval,0.0,0.0
2025-08-28,A,44685.230789183544,0.0,17307.43154273978,6321.952650542773,61992.662331923326,10107.767203224028,eval,0.0,0.0
2025-08-29,A,23881.133566511908,0.0,3680.593453300955,915.0395735277167,27561.72701981286,10397.517590427504,eval,0.0,0.0
2025-08-30,A,23589.50604869118,0.0,4037.3686197514708,1097.3366921006577,27626.87466844265,10008.278364234173,eval,0.0,0.0
2025-08-31,A,45272.057200082025,0.0,4712.990136809049,1525.318036011473,49985.047336891075,10297.193428009057,eval,0.0,0.0
2025-09-01,A,45442.015829584794,0.0,0.0,0.0,45442.015829584794,10800.0,eval,0.0,0.0
2025-09-02,A,43406.10661353178,0.0,15.652149052528305,8.430998681674282,43421.75876258431,10800.0,eval,0.0,0.0
2025-09-03,A,35298.73058002895,0.0,11949.269869941016,3072.6041838614597,47248.000449969964,9986.773113465108,eval,0.0,0.0
2025-09-04,A,35921.50273145254,0.0,9986.215334742568,2406.310320850366,45907.71806619511,10273.41148587473,eval,0.0,0.0
2025-09-05,A,21802.987999772988,0.0,0.0,0.0,21802.987999772988,10800.0,eval,0.0,0.0
2025-09-06,A,21992.66736109158,0.0,0.0,0.0,21992.66736109158,10792.483484675395,eval,0.0,0.0
2025-09-07,A,35816.44234749026,0.0,7685.5638932394995,2544.9090243093933,43502.00624072976,10259.918259454764,eval,0.0,0.0
2025-09-08,A,34365.28334032458,0.0,26700.775248434187,7921.7209079825425,61066.058588758766,10000.940504258924,eval,0.0,0.0
2025-09-09,A,35544.77866755347,0.0,10439.14084555008,2369.9982072337243,45983.91951310355,10124.272792138087,eval,0.0,0.0
2025-09-10,A,36278.03898216056,0.0,26805.512493602873,8028.597483392101,63083.55147576343,10123.303842404912,eval,0.0,0.0
2025-09-11,A,36839.23995775373,0.0,3730.4637582896203,1011.3715506510688,40569.70371604335,10095.424728963499,eval,0.0,0.0
2025-09-12,A,18845.16973734684,0.0,3293.25887291675,884.2065969706796,22138.428610263592,10735.873229906047,eval,0.0,0.0
2025-09-13,A,17991.08844295237,0.0,3440.6736051573625,811.0403657611859,21431.762048109733,10768.581219632551,eval,0.0,0.0
2025-09-14,A,36278.374673381244,0.0,15850.885016111914,5205.495701356131,52129.259689493156,9641.43031380685,eval,0.0,0.0
2025-09-15,A,38238.47734320506,0.0,5105.502094702559,1386.7184316437144,43343.97943790762,10182.872124000054,eval,0.0,0.0
2025-09-16,A,37493.47293299567,0.0,11202.681106772914,3988.245351424183,48696.15403976858,10037.342159778611,eval,0.0,0.0
2025-09-17,A,38239.13039537861,0.0,11131.888831552553,3337.310974863505,49371.01922693117,10213.961175870892,eval,0.0,0.0
2025-09-18,A,38101.24238359433,0.0,9575.257443985065,2698.896699519094,47676.49982757939,10102.411992048606,eval,0.0,0.0
2025-09-19,A,18277.398016600757,0.0,3940.6100811943943,1120.8775424976034,22218.00809779515,10726.489289393863,eval,0.0,0.0
2025-09-20,A,17639.697612773718,0.0,6297.854803994342,1699.1210539010492,23937.55241676806,10510.65219810624,eval,0.0,0.0
2025-09-21,A,39362.97115650652,0.0,4627.942767266981,1481.50429641326,43990.91392377351,10192.538468178276,eval,0.0,0.0
2025-09-22,A,39351.76918924032,0.0,6267.520008785774,1933.4976423999374,45619.2891980261,10099.58446456418,eval,0.0,0.0
2025-09-23,A,40086.15667914941,0.0,9792.813092430322,2805.307412895112,49878.96977157974,10194.742678233992,eval,0.0,0.0
2025-09-24,A,40021.09881446211,0.0,7585.5242410792225,2268.744538141148,47606.62305554133,10444.441325177046,eval,0.0,0.0
2025-09-25,A,39794.413903699475,0.0,5662.421404894688,1663.8018556742315,45456.83530859416,10029.055910285071,eval,0.0,0.0
2025-09-26,A,18056.910947151773,0.0,2918.5877432639263,952.9904006626502,20975.498690415698,10442.77727735316,eval,0.0,0.0
2025-09-27,A,17805.492769987235,0.0,12862.837041516183,3580.2074861696333,30668.32981150342,9996.984999642751,eval,0.0,0.0
2025-09-28,A,40610.769502114024,0.0,11592.698680843538,3242.703813436679,52203.468182957564,10204.152827705688,eval,0.0,0.0
2025-09-29,A,41020.1045983206,0.0,5814.479491733896,1575.5887970649885,46834.58409005449,10140.956606252734,eval,0.0,0.0
2025-09-30,A,41317.49972799069,0.0,14014.287520713564,3950.3916851140816,55331.787248704255,10244.462237522352,eval,0.0,0.0
2025-10-01,A,41379.57578560184,0.0,311.40303484260016,132.59369391521943,41690.97882044444,10800.0,eval,0.0,0.0
2025-10-02,A,39984.24467135589,0.0,739.0031218376635,286.8244810956083,40723.24779319355,10800.0,eval,0.0,0.0
2025-10-03,A,17456.773991952272,0.0,77.09686096904625,36.039920550131185,17533.870852921318,10800.0,eval,0.0,0.0
2025-10-04,A,17809.610189012576,0.0,2278.60140899426,656.0810939649383,20088.211598006834,10800.0,eval,0.0,0.0
2025-10-05,A,38358.882570515416,0.0,592.5231325993437,245.0588786690549,38951.40570311476,10800.0,eval,0.0,0.0
2025-10-06,A,37970.890233124854,0.0,4555.865662852775,1645.1100526199045,42526.75589597763,10798.511645854214,eval,0.0,0.0
2025-10-07,A,37542.12416391756,0.0,9031.714716440312,2679.03306157097,46573.83888035787,10800.0,eval,0.0,0.0
2025-10-08,A,34242.30102331274,0.0,13791.926835186028,3662.7997525965666,48034.22785849877,10039.406728704924,eval,0.0,0.0
2025-10-09,A,35077.88691339233,0.0,12643.21014601325,2862.542612460754,47721.09705940558,10092.001063172329,eval,0.0,0.0
2025-10-10,A,15584.90699970267,0.0,5114.861911816859,1344.3329485710601,20699.76891151953,10180.796224336258,eval,0.0,0.0
2025-10-11,A,16031.698357589494,0.0,3955.6022751382184,1091.3823468442315,19987.30063272771,10271.45451138419,eval,0.0,0.0
2025-10-12,A,35913.19696687113,0.0,14054.872071388758,3611.5501502221955,49968.06903825989,9909.888938511409,eval,0.0,0.0
2025-10-13,A,36890.38464664773,0.0,8245.23233155061,1975.9592572481356,45135.61697819834,10141.357165459656,eval,0.0,0.0
2025-10-14,A,36396.25912829788,0.0,18974.03059299448,4709.657564035355,55370.28972129236,9994.785265102253,eval,0.0,0.0
2025-10-15,A,37814.11496288088,0.0,15259.22232651732,4793.118630485453,53073.3372893982,10199.928124098871,eval,0.0,0.0
2025-10-16,A,38267.78034284458,0.0,18408.639673750746,5169.134163665658,56676.42001659532,10231.592655920787,eval,0.0,0.0
2025-10-17,A,16399.051361390637,0.0,4445.560274433341,1364.0536394797389,20844.611635823978,10132.783007653195,eval,0.0,0.0
2025-10-18,A,16548.68150289545,0.0,5617.796023552362,1692.4306567893923,22166.477526447816,10471.435305119527,eval,0.0,0.0
2025-10-19,A,39462.35602823871,0.0,13772.388196270436,3793.8385943882145,53234.74422450915,10179.553567251452,eval,0.0,0.0
2025-10-20,A,40295.65886952915,0.0,12490.649345239617,3260.1735232062447,52786.30821476877,10163.140566416483,eval,0.0,0.0
2025-10-21,A,40841.940413713746,0.0,14328.16677524205,4455.263327284154,55170.10718895579,10209.687796709242,eval,0.0,0.0
2025-10-22,A,41154.81875312458,0.0,14184.637514963637,3550.429964294661,55339.456268088215,10153.088006877973,eval,0.0,0.0
2025-10-23,A,41566.1974867423,0.0,5343.271256200835,1439.9188287638276,46909.468742943136,10095.84180538969,eval,0.0,0.0
2025-10-24,A,16786.44964108954,0.0,5219.898836326769,1330.6340747015165,22006.348477416308,10132.529117499147,eval,0.0,0.0
2025-10-25,A,16922.12117097735,0.0,3660.188033702332,1085.1263784647458,20582.30920467968,10150.558599235846,eval,0.0,0.0
2025-10-26,A,42441.75471936341,0.0,2563.203955896651,840.4412000645725,45004.95867526006,10440.835799430646,eval,0.0,0.0
2025-10-27,A,42278.88094021745,0.0,7012.512091606759,1881.084384448225,49291.39303182421,10131.748001844584,eval,0.0,0.0
2025-10-28,A,42386.25077095711,0.0,7289.605299453601,2079.5859509433394,49675.85607041071,10185.938637592084,eval,0.0,0.0
2025-10-29,A,42275.91481451054,0.0,18101.07174734939,5283.940118739993,60376.98656185993,10167.280276690266,eval,0.0,0.0
2025-10-30,A,42497.981736588685,0.0,4222.826996799047,1163.6130501436276,46720.808733387734,10175.39823844867,eval,0.0,0.0
2025-10-31,A,17252.736000288773,0.0,8388.424671671397,2671.7832795936793,25641.16067196017,10151.256631872358,eval,0.0,0.0
2025-11-01,A,17381.84212782236,0.0,5504.933106383753,1733.031341743098,22886.775234206114,10413.165193486055,eval,0.0,0.0
2025-11-02,A,43390.18996423327,0.0,10834.593372849318,2860.2152047630843,54224.78333708259,10136.43260863738,eval,0.0,0.0
2025-11-03,A,44111.13845490469,0.0,7561.547217249362,2615.8524562221883,51672.68567215405,10240.72945708052,eval,0.0,0.0
2025-11-04,A,44569.15057953331,0.0,4484.610866343277,1180.5266898752725,49053.76144587658,10183.792830495151,eval,0.0,0.0
2025-11-05,A,44652.21260530264,0.0,7943.953058024971,2156.3171385414157,52596.16566332761,10275.416847390377,eval,0.0,0.0
2025-11-06,A,44476.67932454568,0.0,15080.818308515638,3879.705135572818,59557.49763306131,10048.451318760606,eval,0.0,0.0
2025-11-07,A,17796.937614837712,0.0,4431.919363229042,1061.4670207350828,22228.856978066753,10218.064966768423,eval,0.0,0.0
2025-11-08,A,17750.678793510553,0.0,1650.3910069820658,514.2339685360942,19401.06980049262,10327.106353679752,eval,0.0,0.0
2025-11-09,A,45367.99462103827,0.0,9931.607635166529,2986.36104469837,55299.6022562048,10162.647822392977,eval,0.0,0.0
2025-11-10,A,45552.351461173894,0.0,17414.31407451469,4920.198616856902,62966.66553568858,10174.849163861683,eval,0.0,0.0
2025-11-11,A,46075.392623436666,0.0,7728.852952772941,2085.4615428309344,53804.24557620961,10086.222290805934,eval,0.0,0.0
2025-11-12,A,46691.606439116644,0.0,6065.111038897541,1516.2037947398637,52756.71747801419,10246.212431665313,eval,0.0,0.0
2025-11-13,A,46753.35004333974,0.0,10272.270216782845,3055.8358507937646,57025.62026012259,10187.811175885925,eval,0.0,0.0
2025-11-14,A,18173.911208119127,0.0,6501.158648298187,2166.6095428940225,24675.069856417314,10218.534641628417,eval,0.0,0.0
2025-11-15,A,18149.937223692446,0.0,5428.0464149522395,1598.409957957011,23577.983638644684,10158.813014425468,eval,0.0,0.0
2025-11-16,A,47834.61114402037,0.0,10270.713179074815,2756.96527754603,58105.324323095185,10098.211257641624,eval,0.0,0.0
2025-11-17,A,48400.495014052714,0.0,3047.336169302459,863.7119280732866,51447.83118335517,10290.582821126598,eval,0.0,0.0
2025-11-18,A,48086.20394861596,0.0,8166.701240064895,2664.6176490636167,56252.90518868086,10123.578801029458,eval,0.0,0.0
2025-11-19,A,48258.9970613751,0.0,10354.51645648128,2715.6470430899703,58613.51351785638,10107.72415346384,eval,0.0,0.0
2025-11-20,A,48662.60810843296,0.0,7262.144402055172,2089.238658555014,55924.752510488135,10080.530850996809,eval,0.0,0.0
2025-11-21,A,18487.79328108969,0.0,3753.3355449279798,1429.9292965297268,22241.12882601767,10228.209629029678,eval,0.0,0.0
2025-11-22,A,18487.830765192128,0.0,4499.75470075599,1346.9486873877158,22987.58546594812,10099.272207471156,eval,0.0,0.0
2025-11-23,A,49232.59575514759,0.0,7997.600596344744,2100.510112986896,57230.19635149233,10176.183720655301,eval,0.0,0.0
2025-11-24,A,49123.869765681266,0.0,5018.777220553956,1265.5719353865607,54142.646986235224,10017.13628894044,eval,0.0,0.0
2025-11-25,A,49465.413177053364,0.0,6096.55828971505,1770.5016502524745,55561.97146676842,10069.372489741178,eval,0.0,0.0
2025-11-26,A,49777.02160179318,0.0,9525.100941591183,2765.7037644412667,59302.122543384365,10347.231553047617,eval,0.0,0.0
2025-11-27,A,49773.934688840214,0.0,5998.462917690431,1655.265661368956,55772.39760653065,10265.265925164535,eval,0.0,0.0
2025-11-28,A,18860.981908796937,0.0,4764.77853020763,1381.3182512089818,23625.760439004567,10310.7412823413,eval,0.0,0.0
2025-11-29,A,19026.414438743304,0.0,12966.186574589683,4530.897329538848,31992.601013332987,10240.071635180553,eval,0.0,0.0
2025-11-30,A,50867.93087857196,0.0,14353.956569667524,4228.06427564982,65221.88744823949,10122.453552634901,eval,0.0,0.0
2025-12-01,A,51225.75033285792,0.0,33743.596615937284,9263.748703421019,84969.3469487952,10044.391591737573,eval,0.0,0.0
2025-12-02,A,53058.32207377389,0.0,33505.614445488914,8993.942361182078,86563.9365192628,10060.396276913323,eval,0.0,0.0
2025-12-03,A,57436.260527935,0.0,8369.333865668154,2414.802637392421,65805.59439360315,10512.91769571541,eval,0.0,0.0
2025-12-04,A,57307.42361645742,0.0,10352.822682011876,2393.3396608382063,67660.2462984693,10177.57133420599,eval,0.0,0.0
2025-12-05,A,21732.246781874957,0.0,10922.173279172133,3915.2911832539316,32654.42006104709,10024.805398654758,eval,0.0,0.0
2025-12-06,A,22289.24222260184,0.0,14107.305402910646,5095.947220932403,36396.54762551248,10074.384457851738,eval,0.0,0.0
2025-12-07,A,57846.85612740135,0.0,7410.267627228913,2019.5008922395275,65257.12375463026,10251.638625611657,eval,0.0,0.0
2025-12-08,A,59746.24635524577,0.0,3236.3516885816034,924.9319726898862,62982.59804382738,10371.246962116893,eval,0.0,0.0
2025-12-09,A,58799.92436664319,0.0,6354.022355694586,1364.5080495979237,65153.94672233777,10257.467223286087,eval,0.0,0.0
2025-12-10,A,58366.0728445273,0.0,6387.745155387437,1914.5347444056306,64753.81799991473,10091.704938351331,eval,0.0,0.0
2025-12-11,A,58738.96767550323,0.0,2225.740811392758,833.9487322657226,60964.70848689599,10164.004340003967,eval,0.0,0.0
2025-12-12,A,24268.71741474811,0.0,5075.804696866445,2104.9570155737238,29344.522111614555,10172.39381695067,eval,0.0,0.0
2025-12-13,A,24613.14097046855,0.0,5358.287640133899,1951.6056053339196,29971.42861060245,10308.31600100131,eval,0.0,0.0
2025-12-14,A,59181.096080368334,0.0,5247.21312033389,1411.2220983394732,64428.30920070222,10163.546386260108,eval,0.0,0.0
2025-12-15,A,58989.509655877206,0.0,7641.268500055552,2154.3579353367904,66630.77815593276,10125.393995170027,eval,0.0,0.0
2025-12-16,A,59231.294441714825,0.0,7002.4358583805915,1940.953502019305,66233.73030009541,10035.415218247921,eval,0.0,0.0
2025-12-17,A,59497.401314963965,0.0,2936.7152027970465,878.1429454599547,62434.11651776101,10242.185103494947,eval,0.0,0.0
2025-12-18,A,59336.51700664843,0.0,4018.142575066635,1176.2594981505076,63354.65958171507,10152.147718118991,eval,0.0,0.0
2025-12-19,A,24392.92494436801,0.0,3731.9988338724197,1136.0519232180732,28124.92377824043,10100.237616771275,eval,0.0,0.0
2025-12-20,A,24485.976716274807,0.0,2786.0727103965182,793.8521190488328,27272.049426671325,10163.000407279122,eval,0.0,0.0
2025-12-21,A,59442.11884234082,0.0,5039.475622186433,1568.3249620168094,64481.59446452725,10302.977870240507,eval,0.0,0.0
2025-12-22,A,59214.56718794543,0.0,5736.260465511214,1560.5991844273262,64950.82765345665,10147.484169382009,eval,0.0,0.0
2025-12-23,A,59497.892754724606,0.0,1530.9769670997744,502.45134906229725,61028.86972182438,10194.960137385822,eval,0.0,0.0
2025-12-24,A,59026.112471531495,0.0,4526.996051291102,1182.2396968039068,63553.1085228226,10176.00661484472,eval,0.0,0.0
2025-12-25,A,59037.54537876703,0.0,4683.363477595129,1468.4369384015804,63720.908856362155,10123.956764253498,eval,0.0,0.0
2025-12-26,A,24094.834933602047,0.0,4662.863402758288,1598.3713872055612,28757.698336360336,10454.267430028993,eval,0.0,0.0
2025-12-27,A,24061.58986659582,0.0,3808.4452582090203,1377.5595827463712,27870.03512480484,10234.16678034195,eval,0.0,0.0
2025-12-28,A,59347.545151258135,0.0,3446.0767670899077,1028.5647301146873,62793.62191834804,10316.515562588771,eval,0.0,0.0
2025-12-29,A,58928.3408109258,0.0,3069.1952829463603,1001.1842813601206,61997.536093872164,10105.89199114793,eval,0.0,0.0
2025-12-30,A,58821.9885261331,0.0,3738.680601377995,982.7592821206597,62560.66912751109,10206.198571644927,eval,0.0,0.0
2025-12-31,A,58547.53776652721,0.0,7541.020716024023,1976.8115275623916,66088.55848255123,10039.318081475947,eval,0.0,0.0
2025-01-01,B,0.0,0.0,366613.56615685835,92035.17001666666,366613.56615685835,6000.0,init,0.0,0.0
2025-01-02,B,63763.212383179496,0.0,7673.8246204357965,2031.5716716049367,71437.03700361529,10025.448671111111,init,0.0,0.0
2025-01-03,B,62592.717478159255,0.0,0.0,0.0,62592.717478159255,10800.0,init,0.0,0.0
2025-01-04,B,25620.101808035924,0.0,4716.420235187681,1273.1800331275876,30336.522043223606,9958.349187037036,init,0.0,0.0
2025-01-05,B,25750.10243609352,0.0,182479.10976966197,45158.412478310696,208229.2122057555,8558.511815185186,init,0.0,0.0
2025-01-06,B,62036.592498336555,0.0,5247.887545258327,1398.088716666665,67284.48004359489,10116.492809259258,init,0.0,0.0
2025-01-07,B,60992.72710281059,0.0,12125.54879304154,3585.3369497942326,73118.27589585213,10232.597537037036,init,0.0,0.0
2025-01-08,B,62174.271939667924,0.0,4442.515563099992,1348.8516333333314,66616.78750276791,10227.11604,init,0.0,0.0
2025-01-09,B,60199.53211353755,0.0,9983.934316058796,3031.9255113559743,70183.46642959634,10003.817253888888,init,0.0,0.0
2025-01-10,B,61351.59817849443,0.0,0.0,0.0,61351.59817849443,10800.0,init,0.0,0.0
2025-01-11,B,25604.362619091167,0.0,2750.6231440666606,818.7982999999992,28354.985763157827,9832.336335,init,0.0,0.0
2025-01-12,B,25679.761300371294,0.0,181285.08809252683,44755.77141060494,206964.84939289812,8455.086756666667,init,0.0,0.0
2025-01-13,B,61733.91109658534,0.0,2596.6276889284145,784.8438118333335,64330.53878551375,9989.435511666667,init,0.0,0.0
2025-01-14,B,59031.393607783015,0.0,7985.986812644744,2019.2772061728383,67017.38042042775,10265.803453703702,init,0.0,0.0
2025-01-15,B,59799.7630427712,0.0,8201.85777637424,2158.536790465024,68001.62081914544,10146.49893,init,0.0,0.0
2025-01-16,B,61507.85051616335,0.0,6183.293789147862,1596.397136023797,67691.14430531122,9999.412269074075,init,-1.2505552149377763e-12,-5.729418717237423e-12
2025-01-17,B,26517.870170869784,0.0,0.0,0.0,26517.870170869784,10247.586050617494,init,-1.4210854715202005e-15,-4.6895820560166614e-15
2025-01-18,B,25930.14578852896,0.0,398.4583838914729,100.19478234181486,26328.604172420433,9987.338389245399,init,-2.289723965986923e-13,-7.849432215323306e-13
2025-01-19,B,58808.43755817567,0.0,7386.398861310074,1823.117328346027,66194.83641948574,9847.48401882004,init,2.572164703451563e-13,6.640398453328089e-13
2025-01-20,B,60133.77058078846,0.0,886.1423685709773,321.34908543176334,61019.91294935944,10177.36643417961,init,143.76117496923408,354.2703720141149
2025-01-21,B,60143.62052715033,0.0,352.7442456241477,165.37290096286972,60496.364772774476,10403.946772359333,init,143.36664503472338,351.73311343345415
2025-01-22,B,58125.31742886502,0.0,7933.579630211703,2389.82240762951,66058.89705907673,9529.427366119306,init,95.8994488704242,342.872762953642
2025-01-23,B,59850.006502808516,0.0,6077.023027330246,1838.1837884324536,65927.02953013877,9874.132896299338,init,6.821210263296962e-14,1.2663576853810808e-13
2025-01-24,B,24277.288994236045,0.0,300.47447573119086,138.41058984559544,24577.763469967234,10178.016553215331,init,119.57909095252481,268.069154905858
2025-01-25,B,24531.70345783899,0.0,0.0,0.0,24531.70345783899,10153.863911364782,init,89.41856693168418,204.94297378180414
2025-01-26,B,58639.89882937556,0.0,3239.403250037639,896.714327526619,61879.3020794132,9780.341231996914,init,85.02513862683665,191.43241285657464
2025-01-27,B,59382.54714829242,0.0,0.0,0.0,59382.54714829242,9957.093602784547,init,58.975617092405116,134.35489946623935
2025-01-28,B,58085.498515032225,0.0,2504.592602262758,750.8062811537595,60590.091117294985,9831.363328386053,init,224.3028809406689,638.6851675315969
2025-01-29,B,59144.54204580697,0.0,0.0,0.0,59144.54204580697,10423.313402555561,init,28.981874257610666,62.76520237484253
2025-01-30,B,57865.46457850025,0.0,1567.5863836870253,324.52722081047136,59433.05096218728,10014.426988972968,init,39.83649304091094,87.96642231258113
2025-01-31,B,23012.72447210377,0.0,694.7392246191383,304.46715284008087,23707.46369672291,10331.15312981285,init,27.989888183377936,59.16534602099212
2025-02-01,B,22729.058443913214,0.0,76.89192368771192,20.411978680040356,22805.950367600926,10522.924778309343,calibration,68.67434722903441,175.94149001427692
2025-02-02,B,56605.22969921533,0.0,74.25257960739171,34.8640500947414,56679.48227882272,10800.0,calibration,158.3884773254234,435.5641526318126
2025-02-03,B,55865.325908671526,0.0,0.0,0.0,55865.325908671526,10386.49559681436,calibration,101.68307765900657,275.8966033319708
2025-02-04,B,56328.86027717495,0.0,2164.524455029011,594.0014911453917,58493.38473220396,10533.519538985238,calibration,60.6920006238851,137.9364399021428
2025-02-05,B,52106.577010650915,0.0,6214.953118465509,2426.007825886336,58321.53012911642,9861.644157635847,calibration,295.53487183366616,745.7935381528928
2025-02-06,B,53814.56791588593,0.0,1643.182255430028,491.43289493606426,55457.75017131596,9631.406825826602,calibration,54.595765625205864,144.87122823428538
2025-02-07,B,20784.891968517095,0.0,0.0,0.0,20784.891968517095,10109.97793430886,calibration,121.5649762657039,264.32021427536165
2025-02-08,B,19075.976048396653,0.0,2098.8778649574806,585.1599480630617,21174.853913354134,9803.74801876718,calibration,125.52530231863162,299.74155391497175
2025-02-09,B,51192.580595867126,0.0,6931.632982861564,2223.5265421125623,58124.21357872869,9658.671886437642,calibration,219.3390079946634,605.620215672776
2025-02-10,B,52729.88097523513,0.0,766.6306706961811,339.1085196611581,53496.511645931314,9688.631750360304,calibration,41.80953925108578,92.20732381494011
2025-02-11,B,50760.513878780475,0.0,4317.8445426204,1037.4682954402906,55078.35842140087,9817.184288892764,calibration,305.28463222544855,768.801541755162
2025-02-12,B,52151.817999664854,0.0,2.297628753922254e-14,5.329070518200751e-15,52151.817999664854,9750.574810585556,calibration,54.320795188510715,124.96256224935512
2025-02-13,B,51010.38838962217,0.0,995.3113918955219,455.6174455021678,52005.69978151769,10169.369031741751,calibration,111.48394135139043,265.5810276395513
2025-02-14,B,18254.483063425665,0.0,3505.9966472310607,1450.381590751255,21760.479710656728,9585.809941868618,calibration,155.7189850921796,401.1771391432418
2025-02-15,B,18810.483115103736,0.0,904.3362069654441,433.8767880948778,19714.81932206918,9450.687683170823,calibration,54.60648075003085,125.1273932317192
2025-02-16,B,50116.2037805796,0.0,2974.0705100908735,729.9953972735609,53090.27429067047,9826.664838847315,calibration,114.38366064270303,273.42664758824395
2025-02-17,B,49196.29448421703,0.0,0.0,0.0,49196.29448421703,10018.23224324496,calibration,89.20491707527104,222.67583114669213
2025-02-18,B,48024.33638503531,0.0,736.9623306278913,298.87383659114573,48761.2987156632,9885.537449529797,calibration,213.4496770225615,528.2687778620041
2025-02-19,B,47937.19550267325,0.0,1875.5134227469198,748.727811439245,49812.708925420164,9567.227409704981,calibration,164.73907919239417,454.98231808506125
2025-02-20,B,49321.904764897336,0.0,0.0,0.0,49321.904764897336,10122.32039521039,calibration,73.63428201970973,167.337314292876
2025-02-21,B,18119.114478429547,0.0,526.7011292583134,246.45009618707286,18645.81560768786,10019.205167841345,calibration,110.02913220814415,257.5784130115415
2025-02-22,B,18292.767977484957,0.0,2515.70707514329,851.6421054855375,20808.475052628248,9929.34118077571,calibration,60.07526741518186,150.10969484315186
2025-02-23,B,47761.14776056126,0.0,750.7330007188151,258.6010669436781,48511.880761280074,9800.89718074702,calibration,77.31181991725222,190.00351057329112
2025-02-24,B,47205.89929910877,0.0,0.0,0.0,47205.89929910877,9888.08671124525,calibration,96.63457093035834,242.1036750680414
2025-02-25,B,46604.932944900036,0.0,266.2751569472371,114.2814013550045,46871.208101847275,9951.470920859496,calibration,238.95439402975816,626.2701016758944
2025-02-26,B,46631.3987397152,0.0,871.1353578094485,283.1441179027234,47502.53409752465,10303.798036978322,calibration,157.02134521085736,459.9146555252079
2025-02-27,B,46155.43046097352,0.0,681.7157985379692,144.24995899421532,46837.146259511486,10109.888196153142,calibration,85.16232414751815,216.88162075537792
2025-02-28,B,17749.366767615917,0.0,351.3614562279889,113.29219089733397,18100.728223843904,9990.827359854962,calibration,53.31818901865032,204.9431548274615
2025-03-01,B,17643.2703586182,0.0,126.80783288208094,59.71060159098107,17770.07819150028,9850.35366556546,calibration,72.12677633736965,162.9444158628355
2025-03-02,B,46030.91929740098,0.0,16073.306311220465,4921.854331580353,62104.22560862145,9863.911252789541,calibration,64.84496611039135,144.55367126138714
2025-03-03,B,44544.5018650338,0.0,15625.959635082363,4791.883311848709,60170.461500116166,9827.398532251415,calibration,128.00678523558258,293.3561177919122
2025-03-04,B,46513.354460760296,0.0,83.0942448593594,32.65142025917103,46596.44870561965,9988.724585127886,calibration,297.37677953520154,940.1233194129575
2025-03-05,B,45118.500381338534,0.0,143.4408640357952,48.307050000862546,45261.94124537433,9994.524951648313,calibration,95.29829530489258,231.5702478847435
2025-03-06,B,44638.4723523277,0.0,276.2105161937303,49.491136815270806,44914.68286852143,9862.18621568924,calibration,105.52223049613538,282.37731491095417
2025-03-07,B,16767.820357176028,0.0,1470.4756300305821,427.2561512604279,18238.29598720661,10213.259653213698,calibration,71.56949909008853,260.04898671698754
2025-03-08,B,16377.655703332925,0.0,1185.707909754251,481.4205436970039,17563.363613087175,10329.760123331684,calibration,50.77910224623572,144.3016216131321
2025-03-09,B,42640.60629762698,0.0,2590.609984845759,1080.0716181665716,45231.21628247274,10270.161021509532,calibration,277.504218146987,652.3888393227097
2025-03-10,B,42885.83350983854,0.0,7793.00197978482,2459.0260837297683,50678.835489623365,9807.393277304967,calibration,346.5001376835041,1095.2726927955277
2025-03-11,B,42537.19856895162,0.0,3141.6121603587426,858.7734288196762,45678.81072931037,10127.3858034332,calibration,378.90778019688867,1182.9675852420926
2025-03-12,B,42583.149585162166,0.0,1588.5883279141435,506.0311435168744,44171.73791307631,9745.8194522447,calibration,306.53766894115074,671.0105769136907
2025-03-13,B,41397.29077571108,0.0,10979.42831867914,4335.172592023255,52376.719094390224,9707.364585673566,calibration,230.5942690109395,545.5158004578168
2025-03-14,B,16107.950627492874,0.0,1243.7658534897396,321.06262305098056,17351.716480982614,9956.60874878197,calibration,84.72818781597354,199.16953482264438
2025-03-15,B,16135.995785406052,0.0,1360.7264493426637,608.6487599717557,17496.722234748715,9804.073935754326,calibration,120.08517647298474,267.72509739866683
2025-03-16,B,42474.36980125123,0.0,2722.0165987604405,758.3400422847442,45196.386400011674,9879.997359526757,calibration,64.21159053967804,148.76936482367583
2025-03-17,B,42319.67072934985,0.0,0.0,0.0,42319.67072934985,10026.0211674815,calibration,138.01366288476927,315.7281471984023
2025-03-18,B,41101.93463278604,0.0,3954.748875985068,793.7614785315448,45056.68350877111,10022.173811546467,calibration,205.58603513775478,514.8688959971921
2025-03-19,B,41332.4872231193,0.0,1527.7616039027566,400.05371055415105,42860.24882702206,10261.202686115535,calibration,245.77868091331067,726.7231552889584
2025-03-20,B,39768.147988292105,0.0,3107.705943900134,1011.9004992510802,42875.853932192236,9953.291353563065,calibration,200.59227322203725,519.3958817634815
2025-03-21,B,15682.954634210502,0.0,658.1897946195274,305.763430357206,16341.14442883003,10273.50921081694,calibration,23.215432516803943,49.35723846350694
2025-03-22,B,15694.922115407511,0.0,2302.9659886000836,696.3372638244143,17997.888104007594,10360.146763505922,calibration,12.279067018814942,33.19163375817725
2025-03-23,B,40155.77751764025,0.0,377.6345025253997,141.2943148386857,40533.41202016565,10274.08212159586,calibration,178.85962596335634,536.2738734903055
2025-03-24,B,38910.99911849736,0.0,2012.3899782439064,624.1966665356816,40923.389096741266,10039.782832471978,calibration,269.96199157530253,745.1930829666188
2025-03-25,B,38432.74156474528,0.0,5061.082903528471,1995.9019914837966,43493.82446827375,9676.431785447656,calibration,200.90915084953068,480.8524942776412
2025-03-26,B,38051.248030523886,0.0,670.8762451964224,296.71014976795897,38722.12427572031,10293.33932025078,calibration,208.958694310079,540.0707970975329
2025-03-27,B,38761.21389879983,0.0,1730.1667134430181,450.2395851775002,40491.38061224285,10125.236271961452,calibration,359.95229877494046,934.0477253832802
2025-03-28,B,15322.738114690763,0.0,0.0,0.0,15322.738114690763,10454.912787017312,calibration,61.692600934792345,155.52794178944455
2025-03-29,B,15207.835457139805,0.0,119.23704430521241,55.93620538969577,15327.072501445018,10102.669585900094,calibration,57.513336202027666,131.87591082562386
2025-03-30,B,37189.99893696538,0.0,1630.5656416020913,623.3600232097269,38820.56457856747,10523.07148228449,calibration,96.00145316546654,209.5537292571815
2025-03-31,B,36937.36797638917,0.0,7845.536045581105,2418.257465604113,44782.90402197027,10239.63537788354,calibration,58.939639842996804,149.05384742579594
2025-04-01,B,36614.664123255374,0.0,10702.905296671655,4224.76425636061,47317.56941992703,9964.959100991131,eval,219.55633058915737,532.172465798051
2025-04-02,B,36486.074820134265,0.0,15688.686248266527,5321.074425137338,52174.761068400796,10040.660120600898,eval,338.2856092546928,824.4923649851195
2025-04-03,B,38203.384679116774,0.0,625.6921337514999,180.24268635792976,38829.076812868276,9908.316974847308,eval,343.2693745807642,934.2244567725538
2025-04-04,B,14490.85810366699,0.0,205.85092338001573,96.27526446732855,14696.709027047005,10134.829791774044,eval,99.37307473563207,244.02732794186204
2025-04-05,B,14744.732940143162,0.0,3698.964425822177,1012.462107644707,18443.697365965338,9782.247062020831,eval,52.907907858899286,140.10302055032676
2025-04-06,B,37804.35004420634,0.0,0.0,0.0,37804.35004420634,10145.72427083253,eval,163.87246672064094,469.70592410927077
2025-04-07,B,35716.25671533102,0.0,2409.5802392818086,861.1594122992597,38125.83695461283,10074.19960056105,eval,224.87079027911597,538.9630646360439
2025-04-08,B,36331.085016817364,0.0,2497.220582460619,559.3149004542306,38828.305599277985,9683.310881733169,eval,118.18181376465732,266.0261008208421
2025-04-09,B,36954.9038299051,0.0,9965.731374523555,3235.329059477048,46920.63520442866,10123.474304452338,eval,403.1718111732861,1062.0862192330485
2025-04-10,B,36314.95977206623,0.0,1125.021023506586,320.1745584669246,37439.98079557282,9996.727116944521,eval,107.85787065407203,236.5538162471533
2025-04-11,B,14215.98813798245,0.0,240.09972885438498,112.38886407571226,14456.087866836835,10041.439598498651,eval,64.8062782754649,142.4109971710882
2025-04-12,B,14463.145771376632,0.0,573.2288678461258,173.705717529129,15036.374639222759,10412.845125100052,eval,41.29279950044984,158.1795170364125
2025-04-13,B,34656.961187646404,0.0,2586.4523497805867,949.6486275800594,37243.41353742699,9995.394047799764,eval,107.45522449547684,238.8764743949499
2025-04-14,B,34775.76510422057,0.0,1236.7609562189155,568.7298995854514,36012.526060439486,10467.121271700946,eval,457.39587524238897,1084.8624544404206
2025-04-15,B,35194.39274696508,0.0,2889.1571476602708,862.3296611490645,38083.54989462535,10372.286497006764,eval,315.13499908790993,798.659836558785
2025-04-16,B,34269.38068428057,0.0,6452.096814762684,2581.736708703003,40721.477499043256,9962.986031718723,eval,246.13072927011808,526.8614356452708
2025-04-17,B,34509.33230370304,0.0,367.02781899109664,80.56343263314523,34876.36012269414,9899.426373320965,eval,148.834789103283,330.2489457923207
2025-04-18,B,13483.445720230895,0.0,1607.6279504134595,572.3197235600118,15091.073670644355,10384.91501864557,eval,15.219611148143082,35.413299179831554
2025-04-19,B,13450.508897256974,0.0,273.72877183062417,129.546730710519,13724.237669087597,10480.783830108305,eval,67.37415005036809,198.00518755210996
2025-04-20,B,33293.76413215844,0.0,1454.0354758031249,675.8777108194123,34747.79960796156,10154.502769546723,eval,231.9440239999602,618.1301272756671
2025-04-21,B,33474.481653739495,0.0,1306.451607318409,605.2095697431847,34780.9332610579,9929.579915893852,eval,280.1353261865881,707.5524026023788
2025-04-22,B,32843.042965888395,0.0,5642.556968289562,2111.8579045116803,38485.59993417795,9871.836253638292,eval,239.34471002388955,656.6807989088855
2025-04-23,B,34910.60336289894,0.0,1495.4134114189042,465.48187136150983,36406.016774317846,10439.269223562445,eval,158.79155632519183,417.64729811738545
2025-04-24,B,33691.959204005965,0.0,0.0,0.0,33691.959204005965,10041.227221302834,eval,150.91185696340082,436.6662433770633
2025-04-25,B,12885.611327920687,0.0,0.0,0.0,12885.611327920687,9974.93512757476,eval,72.34796313987302,301.16142537017606
2025-04-26,B,13093.109399669018,0.0,3698.9890898679523,884.0590926273335,16792.09848953697,9837.40633538844,eval,43.35819915330674,102.22560313587961
2025-04-27,B,33076.42568310741,0.0,3554.0495227283136,804.8994924187263,36630.475205835726,9927.990957883401,eval,107.80909397751698,234.74355389841966
2025-04-28,B,31798.85001849472,0.0,21357.18808454089,7960.859287890475,53156.03810303561,9957.290930014638,eval,139.8442887235972,447.4629688932506
2025-04-29,B,31414.332376659906,0.0,8324.403663566314,2952.2335325564127,39738.73604022622,10212.175849837688,eval,340.96757078083334,776.4307767486796
2025-04-30,B,32300.11202082784,0.0,3065.3763551621814,1374.676649357908,35365.488375990026,10068.9651035096,eval,240.002365664424,495.2729766043494
2025-05-01,B,31376.896967685214,0.0,14836.268341648156,2822.522408568446,46213.16530933337,9044.077256102493,eval,286.63658703629005,594.770729575568
2025-05-02,B,13124.722464675646,0.0,25498.638673260277,5784.869850028966,38623.36113793592,9266.661655490541,eval,32.29041525837479,134.38676159928275
2025-05-03,B,13423.002051773728,0.0,14533.862178412312,2865.356451656023,27956.86423018604,9532.378539482403,eval,84.7070147919104,214.72100334685365
2025-05-04,B,32783.672550796306,0.0,11335.620992944157,2578.435644407224,44119.29354374047,9108.116082603592,eval,160.875719610213,347.69240624031664
2025-05-05,B,33728.01153935625,0.0,17492.70502726805,3964.201964413206,51220.7165666243,9305.094012833662,eval,313.19774202696897,742.1455105267435
2025-05-06,B,34009.82570459855,0.0,13447.750431075394,2526.0141829736913,47457.576135673946,9242.85059982218,eval,625.9121272878149,1576.478357243108
2025-05-07,B,34827.95133928068,0.0,9572.164751419463,3062.2784142092673,44400.11609070014,9434.66168507939,eval,177.40114733623,378.5139062004301
2025-05-08,B,36241.17366460199,0.0,8433.360246964263,2960.5188584383977,44674.53391156626,10008.690241534166,eval,273.95171408483736,770.7109799210709
2025-05-09,B,16134.970353133222,0.0,559.1101300410822,260.5428003392051,16694.080483174304,10800.0,eval,53.97159656686473,117.17003602964417
2025-05-10,B,16602.33320918018,0.0,3341.339059054596,914.3198217529765,19943.672268234775,10756.821308022712,eval,157.12630548916047,776.9916185925117
2025-05-11,B,36771.604156867324,0.0,771.2369238357898,218.809943641122,37542.84108070312,9706.458599746025,eval,330.68859712363644,805.5617988073125
2025-05-12,B,36624.85870406122,0.0,1820.6502087043955,696.7243956338316,38445.50891276561,10195.8665453391,eval,273.48767059201316,652.3452051300515
2025-05-13,B,36895.251552025795,0.0,6.625100468227174e-14,2.842170943040401e-14,36895.251552025795,10365.31789385297,eval,746.6032508767889,1760.0671832504886
2025-05-14,B,36158.25195369941,0.0,1.268460891878931e-13,5.684341886080802e-14,36158.25195369941,9917.127033030703,eval,289.2747336245622,699.9996057379068
2025-05-15,B,35993.40170211842,0.0,1631.580467612194,372.9559064435769,37624.98216973061,9410.849101875741,eval,420.7333586840715,1191.781055747261
2025-05-16,B,14900.978359117064,0.0,0.0,0.0,14900.978359117064,9886.558758723026,eval,14.41447272585645,30.443903775557054
2025-05-17,B,14882.098865387396,0.0,6639.920253275333,1789.8100183807137,21522.019118662727,9574.618992113905,eval,18.830081041027576,64.40647223468989
2025-05-18,B,34609.951007089265,0.0,5591.478757663906,2488.2186522947945,40201.42976475317,10250.484089884008,eval,399.26568172952864,861.44869605313
2025-05-19,B,34506.529914017476,0.0,281.63885583439134,41.758300220089154,34788.168769851865,10088.9172311903,eval,363.97834171000596,1168.3701293402628
2025-05-20,B,33740.20982212561,0.0,9174.708435976136,3248.188387282933,42914.918258101745,9776.210931647922,eval,1164.4860842392627,3462.411242492398
2025-05-21,B,36022.727119308765,0.0,721.189156575924,139.40531066108178,36743.91627588469,9379.576421117968,eval,90.8131278682029,296.14264082143075
2025-05-22,B,33669.15853149888,0.0,2544.9709435272443,994.5371730463755,36214.12947502612,10050.86140137962,eval,228.1647583539775,463.3282624243208
2025-05-23,B,14489.595697263074,0.0,3704.346901658288,991.3585273326611,18193.942598921363,10207.763559887208,eval,226.00655133753398,1176.559236936852
2025-05-24,B,14916.886809614316,0.0,197.40169214871702,91.18049689092794,15114.288501763032,10800.0,eval,163.74281323218892,840.7931982814611
2025-05-25,B,33819.32910081606,0.0,495.92161649814767,107.98418361633591,34315.25071731421,10100.041786030275,eval,85.29885997299999,210.43174273143683
2025-05-26,B,35205.0234124007,0.0,5234.851936176405,2271.437992102973,40439.8753485771,9457.06422831283,eval,73.03658627019489,203.79777426307393
2025-05-27,B,35258.447520023976,0.0,0.0,0.0,35258.447520023976,10223.162009377811,eval,55.268744961621906,119.61321708540837
2025-05-28,B,34001.71215809291,0.0,6719.178868343175,3039.0621711360677,40720.89102643608,10296.194497400007,eval,329.0305090844935,1215.3766086863482
2025-05-29,B,33137.50780207515,0.0,11843.45802462689,4091.029236273769,44980.96582670204,10087.505912856455,eval,334.16089032162733,697.0101940252448
2025-05-30,B,14059.495364945455,0.0,8035.310705893002,2111.7474654430325,22094.80607083846,10066.48897096636,eval,45.61638133560338,118.8784358985035
2025-05-31,B,14016.6830361962,0.0,6595.407442707605,1983.5439706587363,20612.090478903803,10083.943719729668,eval,45.56204452817297,136.4392522812638
2025-06-01,B,34749.49455607314,0.0,62022.374269626096,16923.093488137027,96771.86882569923,8409.438361666922,eval,192.59542940967032,432.1170474895886
2025-06-02,B,38395.97527473518,0.0,45113.85448949539,10102.84054454779,83509.82976423057,6866.698121956506,eval,1494.295520634933,4328.12954149081
2025-06-03,B,39799.103285662546,0.0,38484.4592850241,8463.643539291157,78283.56257068666,6693.033631204941,eval,955.1416040265046,3105.77595587748
2025-06-04,B,45043.4110133708,0.0,14103.942669827074,4437.821146221065,59147.35368319788,9779.173073734244,eval,267.67609537582047,718.6188248168951
2025-06-05,B,43528.61949974774,0.0,19389.099775523475,5531.4877079382595,62917.719275271214,9539.580255991634,eval,261.36144584250354,608.2079484267443
2025-06-06,B,15717.854914496835,0.0,40047.51671150791,10420.111823909934,55765.371626004744,8603.435458712607,eval,52.40147741464739,161.49288950633135
2025-06-07,B,17855.15974257636,0.0,22220.098916000516,5877.426383174067,40075.25865857687,9094.012876188966,eval,72.36463303533922,162.36592374497138
2025-06-08,B,47136.361754463986,0.0,755.1716286297248,337.1774473011191,47891.53338309371,10589.836260318363,eval,197.39231208783355,460.32832203042364
2025-06-09,B,48381.0744508589,0.0,5.6772364587232006e-14,1.4210854715202004e-14,48381.0744508589,9574.429482355814,eval,505.33849353476415,1450.3791351634175
2025-06-10,B,48427.85640071671,0.0,1662.930205109314,350.95375885258284,50090.78660582602,10088.577997003022,eval,1605.0047406276224,5716.796767316954
2025-06-11,B,47881.72892314186,0.0,17492.746418498675,4082.382567841199,65374.47534164054,8867.380254477455,eval,31.784785280327192,121.10410832591101
2025-06-12,B,48505.34279741028,0.0,2729.5476848085364,689.0869168258698,51234.89048221882,9354.86220296232,eval,332.71785120875563,1036.5649435267717
2025-06-13,B,25225.9663578707,0.0,0.0,0.0,25225.9663578707,10788.547254549501,eval,307.0507360587421,848.6656661573786
2025-06-14,B,23416.90029847294,0.0,0.0,0.0,23416.90029847294,10800.0,eval,207.76060614894624,930.0360112776028
2025-06-15,B,46884.03125513454,0.0,2440.3167446189054,837.3434715362364,49324.347999753445,10490.023205105426,eval,240.61309967810766,599.6231174503527
2025-06-16,B,48047.05405069837,0.0,2790.68356191963,893.940778775893,50837.737612617995,9222.388810883343,eval,242.83887206862104,632.3020229708086
2025-06-17,B,48653.91824498265,0.0,8778.347865365053,2149.3027150175235,57432.2661103477,8541.115045560611,eval,936.7631229893768,2875.2698975401586
2025-06-18,B,49978.273320733504,0.0,0.0,0.0,49978.273320733504,10616.871853377741,eval,233.30326549082196,610.3968346988814
2025-06-19,B,50903.64934581434,0.0,33.678821410827496,4.995745963187346,50937.32816722517,10591.462792970888,eval,171.3382448271383,441.4284313883405
2025-06-20,B,19723.628327253027,0.0,0.0,0.0,19723.628327253027,10206.878371166093,eval,37.58383845540152,106.82770260995285
2025-06-21,B,19679.55014526422,0.0,246.0054328031448,106.15863140002003,19925.555578067364,10800.0,eval,67.71002783307316,248.2805778112867
2025-06-22,B,46283.35048209157,0.0,4356.265633712045,1416.5642782572013,50639.61611580361,10446.133901335086,eval,520.109620092964,1686.9702018254588
2025-06-23,B,45737.5684003745,0.0,2982.164207810053,854.4982880201663,48719.73260818455,9768.63085048134,eval,842.634242861715,2669.749771233638
2025-06-24,B,46189.553048659654,0.0,27439.31348811144,6776.3463526524965,73628.8665367711,10114.347383871287,eval,264.0871556535392,723.1232113185125
2025-06-25,B,46661.299517454885,0.0,2089.0074486813046,819.8045411069968,48750.30696613619,9606.609854699373,eval,920.3483978365769,3188.263697781928
2025-06-26,B,45679.21681153965,0.0,5654.497028073931,1223.684014678876,51333.71383961358,9840.269372326291,eval,291.00483995748743,827.4601463275092
2025-06-27,B,18336.834091358556,0.0,309.2454140355049,144.4569045612217,18646.07950539406,10022.842581722694,eval,64.8650537820411,187.87330024116736
2025-06-28,B,18578.931360234412,0.0,2149.3318443404496,501.20608500854576,20728.26320457486,9868.18490873744,eval,92.30306754183565,254.28888443208274
2025-06-29,B,46840.43060113177,0.0,2863.2859668423685,700.5865941643726,49703.71656797414,9485.953673341093,eval,1056.0910801580287,4071.7478528566144
2025-06-30,B,47880.94547088344,0.0,1077.776114400679,277.83962016663764,48958.72158528412,10055.029497083886,eval,1577.3430118084739,5424.481852867109
2025-07-01,B,44943.12052564362,0.0,29917.88279319727,8098.89605871525,74861.0033188409,6542.939131701539,eval,396.3783930890114,1208.272368701655
2025-07-02,B,56813.27040137563,0.0,1532.5447664763497,668.8459695966885,58345.81516785198,10734.612539620206,eval,1904.0012817161507,6912.540241603567
2025-07-03,B,54732.87931450187,0.0,1093.939518300364,388.67692418400316,55826.81883280224,10230.024122942086,eval,677.8483272368903,2266.1335992169875
2025-07-04,B,22534.724551318184,0.0,6493.949560597441,2824.433259047618,29028.674111915625,7245.740868944815,eval,214.5595914027518,921.3932429148656
2025-07-05,B,23871.99944644508,0.0,11469.77579782005,3560.387848969212,35341.775244265125,9227.084508075908,eval,304.47271438538104,735.6976198414606
2025-07-06,B,54680.505023531965,0.0,7822.525849915324,1949.8941505459684,62503.03087344729,9905.157555856573,eval,687.9076250707568,2217.589365951425
2025-07-07,B,56894.7680910481,0.0,1053.3041548105612,484.58124414254826,57948.07224585866,10800.0,eval,371.803739481665,1284.0569634320157
2025-07-08,B,57200.79942948801,0.0,5.921663159824675e-14,1.4210854715202004e-14,57200.79942948801,10800.0,eval,233.1450993845661,849.6028911281644
2025-07-09,B,52580.10939813584,0.0,3.9304381971305704e-13,1.7053025658242404e-13,52580.10939813584,10228.841157467949,eval,1544.9967002802377,5212.589755268071
2025-07-10,B,53253.750415862625,0.0,0.0,0.0,53253.750415862625,9929.093118441258,eval,375.46288902418877,1000.1748249065901
2025-07-11,B,29844.380186368624,0.0,1728.9774947715664,772.5412940102352,31573.35768114019,10800.0,eval,40.689567484071475,109.40859495972077
2025-07-12,B,29273.958887729386,0.0,0.0,0.0,29273.958887729386,10180.33967655145,eval,201.65407570320457,605.4426934987418
2025-07-13,B,50348.33790522054,0.0,380.97326482651323,144.8266277805044,50729.311170047054,10276.199197479436,eval,40.231248311885984,87.60996058036294
2025-07-14,B,48418.867431259976,0.0,1203.8171160297547,429.5755416340976,49622.68454728973,9962.818884672757,eval,405.8431534382503,1093.6062396163095
2025-07-15,B,54056.20970570714,0.0,1.2596501619555055e-13,5.684341886080802e-14,54056.20970570714,9988.19932547081,eval,1295.9086540059157,4206.580244202257
2025-07-16,B,47322.97626784319,0.0,661.5724641197392,149.71768701012206,47984.548731962925,5793.4481304892315,eval,1133.5105668367455,3645.142700446072
2025-07-17,B,51111.0625540721,0.0,3134.8008542681882,639.3912635154325,54245.86340834029,9467.438089994479,eval,321.9053355697573,886.6529100534826
2025-07-18,B,23188.865673699554,0.0,5005.998529754375,1517.5776689430847,28194.86420345393,6640.76770666887,eval,37.867739405688226,110.28152309202247
2025-07-19,B,27066.975203966795,0.0,0.0,0.0,27066.975203966795,10049.189278496893,eval,444.64994007715586,1867.843586796905
2025-07-20,B,47635.347736805226,0.0,3619.157329527717,1501.924680233849,51254.505066332946,10152.363954511482,eval,269.16857773684245,702.3844774588973
2025-07-21,B,51295.64291288785,0.0,1358.7749443036387,280.90756940206387,52654.41785719149,9226.387743960444,eval,1219.0939007907268,3302.3685507828677
2025-07-22,B,49053.61280614443,0.0,3641.459067755009,1139.10053528676,52695.07187389944,8894.993211156356,eval,212.0854669191646,472.4682705392077
2025-07-23,B,49903.589139906064,0.0,4395.844677166916,1149.1133236516926,54299.43381707298,9879.448730049711,eval,542.1961396857872,1493.2813381960098
2025-07-24,B,48788.114731457055,0.0,4305.735616817297,1128.9358868399972,53093.850348274354,5883.017814757048,eval,847.4821428074777,2402.752967498544
2025-07-25,B,26711.074092576328,0.0,0.0,0.0,26711.074092576328,10082.295511276718,eval,498.36379093838934,2006.1552037163365
2025-07-26,B,25306.48769306196,0.0,576.7442916870339,253.1952563307691,25883.231984748996,10530.274715807042,eval,340.0236935754258,902.708513115707
2025-07-27,B,50927.15538588816,0.0,6143.993575880695,1217.4650808680472,57071.14896176886,9993.95998906216,eval,594.4465689069099,1668.773076170744
2025-07-28,B,49214.94668398655,0.0,16435.645604191333,4860.702638710642,65650.59228817788,9625.899332229077,eval,91.64912886528232,200.1128887715998
2025-07-29,B,50977.55292124,0.0,4934.575976038141,2080.061487524683,55912.12889727814,9359.863873406859,eval,1109.9052785232868,4094.811713561033
2025-07-30,B,49888.33025889481,0.0,6158.934486615616,1467.4472449926427,56047.26474551043,9944.307950738283,eval,118.8088737534003,258.31549982264926
2025-07-31,B,49269.818128342835,0.0,4799.568336234601,1330.3840893497058,54069.38646457744,9702.797053530969,eval,226.7204383131917,539.7640491003233
2025-08-01,B,24630.27104581376,0.0,659.9949248067666,303.20203352615806,25290.265970620527,10365.592346969821,eval,229.99709943580336,1008.1884559745552
2025-08-02,B,24146.7081217723,0.0,0.0,0.0,24146.7081217723,10232.68346383937,eval,51.66803206714894,125.91721793472354
2025-08-03,B,47564.70600252183,0.0,2406.5731121300473,685.9384490261576,49971.27911465188,9614.69529038116,eval,311.878075196111,794.254971119952
2025-08-04,B,48274.90922912424,0.0,229.49535091249894,42.36289498130486,48504.40458003674,9950.621484614567,eval,80.05193259149817,172.01150840691258
2025-08-05,B,47253.51037245666,0.0,0.0,0.0,47253.51037245666,9821.954314728513,eval,337.90354314297053,792.9716575391102
2025-08-06,B,44802.83961079904,0.0,11280.48321221568,3290.860775599241,56083.32282301472,9788.377882067552,eval,408.2162854845786,841.9447400558507
2025-08-07,B,45357.98214447238,0.0,0.0,0.0,45357.98214447238,10446.16186338728,eval,232.6321302849977,714.4813851652079
2025-08-08,B,23097.607588335293,0.0,232.20583569823845,108.81456001968434,23329.81342403353,10135.046140663642,eval,167.1782712914639,843.3552911801056
2025-08-09,B,22992.504836743134,0.0,1424.3986403666104,493.70188226250843,24416.903477109743,9795.56399534007,eval,97.62589365340804,333.9101875864567
2025-08-10,B,45252.50437291205,0.0,4390.357678681046,1220.1264516681115,49642.862051593096,10112.171435305023,eval,285.32085404082875,993.6336455687658
2025-08-11,B,43874.60228484201,0.0,23.72513893088717,3.523709925870662,43898.3274237729,8244.872166924391,eval,402.421830981516,927.538222957572
2025-08-12,B,45658.45929935096,0.0,10410.807805793436,2791.6125274338683,56069.26710514439,8901.774118629126,eval,881.4041846443486,2936.8460087135054
2025-08-13,B,45234.43946242846,0.0,4651.251669729067,1853.9678834957065,49885.69113215753,10267.534429720636,eval,48.32743074840749,104.37328700841351
2025-08-14,B,43994.254411263144,0.0,7880.010743883516,2155.6862269527956,51874.26515514666,9916.505674350652,eval,171.96875268794858,402.0631644096462
2025-08-15,B,22937.407609308437,0.0,3155.450672414,822.3446991309723,26092.858281722438,9895.64875723288,eval,188.0461012680736,969.0672148551164
2025-08-16,B,23560.611940537456,0.0,0.0,0.0,23560.611940537456,9840.985354727349,eval,35.22898878893594,81.77532017402896
2025-08-17,B,45801.55118219617,0.0,1.2536816029751207e-13,5.684341886080802e-14,45801.55118219617,8411.46343017993,eval,617.2794969856136,1485.7343092795031
2025-08-18,B,43986.71903974754,0.0,2727.097337155735,670.6394423376125,46713.816376903276,8543.948286148892,eval,226.62083178624738,463.57457569157157
2025-08-19,B,44293.88738916216,0.0,4203.390568266249,1420.1137533921542,48497.277957428414,9922.950319313364,eval,213.5611716616194,614.6639460599572
2025-08-20,B,45518.40849812786,0.0,19103.08836930503,5186.067807987538,64621.496867432885,9159.075045583884,eval,1684.6529054385978,4834.872591755346
2025-08-21,B,44181.74089435057,0.0,7129.758713438379,2466.8633463094266,51311.49960778895,9931.403425160926,eval,258.5366263666359,597.1017431074611
2025-08-22,B,24088.380697973153,0.0,8845.352697132332,2132.2802271386386,32933.73339510548,9668.400028541146,eval,593.2622919300578,2096.3471771866334
2025-08-23,B,23032.004651222043,0.0,1622.7890287423857,358.78534266523496,24654.79367996443,8193.530487386288,eval,155.10391551987442,720.079226756823
2025-08-24,B,45536.50521198375,0.0,6433.846480253762,1526.5397108764432,51970.35169223751,9024.985545147194,eval,141.47588309465968,306.8541976478904
2025-08-25,B,45747.10406022401,0.0,17248.986167184004,5168.3706588101195,62996.090227408014,9936.090367153738,eval,441.9895764357272,1102.8528308073157
2025-08-26,B,48359.26322609733,0.0,0.0,0.0,48359.26322609733,10154.481080555808,eval,314.8049651562945,781.1186452454946
2025-08-27,B,45776.37887839569,0.0,4405.195923265968,1158.7764596598474,50181.574801661656,9639.509998403564,eval,228.40712159596896,722.0854738770302
2025-08-28,B,45811.4214941027,0.0,11572.849422550742,4669.172324812405,57384.27091665345,9795.508255014873,eval,209.16771077287922,597.5229840956999
2025-08-29,B,24511.998287049686,0.0,2181.811661636587,550.80761388567,26693.809948686274,10396.03301295382,eval,516.9944376634355,2151.8456962830837
2025-08-30,B,23746.85418491677,0.0,2551.3037731914233,676.6362496376431,26298.157958108193,9756.377251434542,eval,350.3379756632954,1523.6876217373144
2025-08-31,B,46684.93064092491,0.0,8.463363343480522e-14,3.375077994860476e-14,46684.93064092491,10413.406030954719,eval,194.52347299881785,511.147882984797
2025-09-01,B,49380.77671013259,0.0,0.0,0.0,49380.77671013259,10800.0,eval,281.95072897151675,725.1774413987066
2025-09-02,B,44201.43329413922,0.0,0.0,0.0,44201.43329413922,10800.0,eval,119.51909919796576,414.47378002464694
2025-09-03,B,38795.41917186238,0.0,3413.2172950796935,652.0919575380094,42208.63646694207,7645.954408815214,eval,1036.9016395243227,3224.3853179552743
2025-09-04,B,37455.61538524208,0.0,8162.242661032517,1778.7915808637954,45617.8580462746,10019.40672927617,eval,125.65856580914769,412.8484475892381
2025-09-05,B,22330.81160318048,0.0,0.0,0.0,22330.81160318048,10800.0,eval,159.7855431985603,730.3938411299821
2025-09-06,B,24369.604195941123,0.0,0.0,0.0,24369.604195941123,10792.483484675395,eval,183.7809756839255,629.9837174250613
2025-09-07,B,37820.787217220495,0.0,0.0,0.0,37820.787217220495,9314.262741080962,eval,879.9302305436697,2455.303875931958
2025-09-08,B,35447.40512796713,0.0,25772.562621252277,7343.468010418473,61219.96774921941,9658.15550732773,eval,47.540355561712616,125.9950496600472
2025-09-09,B,37011.361843721876,0.0,9699.669325795603,2043.9637414825625,46711.031169517475,9798.817182004448,eval,223.4551907788171,637.151710755217
2025-09-10,B,36971.3083928188,0.0,21072.7928704649,5389.2765360959875,58044.101263283694,6159.0792648014685,eval,131.93429824512685,283.82677722560123
2025-09-11,B,40009.86704927266,0.0,0.0,0.0,40009.86704927266,10100.65553871373,eval,619.1324579883966,1573.5852504963805
2025-09-12,B,18862.919689388196,0.0,2525.5846724192893,673.460120891315,21388.504361807485,10800.0,eval,72.6860025428343,166.449044837413
2025-09-13,B,18331.04589693639,0.0,2128.0301512227174,472.93347336639613,20459.076048159106,10782.253405259851,eval,557.5401164211393,2331.1275297657476
2025-09-14,B,36753.7343753954,0.0,14084.535724959205,4647.880047272052,50838.2701003546,9207.773163091422,eval,344.12357409037406,887.705490565149
2025-09-15,B,39167.49278661491,0.0,2056.927392845968,504.9891934197499,41224.420179460874,9944.795135152544,eval,378.60108318132126,967.8336181009852
2025-09-16,B,39413.03111286451,0.0,4430.608979566128,1350.8237393543964,43843.640092430636,8771.30168066132,eval,67.10976626558057,155.41095786449733
2025-09-17,B,38592.564651488894,0.0,5456.266815972749,1568.594925761961,44048.83146746164,5108.006761085739,eval,175.667107884527,567.0586432192467
2025-09-18,B,42589.53522519747,0.0,2730.139646874927,579.1741069129705,45319.6748720724,7890.296001432446,eval,564.537076760723,1607.4516649822183
2025-09-19,B,17738.44516022663,0.0,1815.1781136152106,428.2594059490971,19553.62327384184,6785.88836667784,eval,70.03989046673436,205.42053914617128
2025-09-20,B,19576.17001055405,0.0,4396.908292707699,1123.865008604367,23973.07830326175,10151.08688898032,eval,105.55419685647796,396.22164137393986
2025-09-21,B,41237.56889081497,0.0,743.6077172428039,200.60623931006688,41981.17660805777,10035.63838142257,eval,963.6688062995847,3186.438314331439
2025-09-22,B,39572.18503567837,0.0,3592.5765787589767,939.8124708580482,43164.761614437346,6694.157997926148,eval,263.6124636787141,662.667545584786
2025-09-23,B,41577.98840999589,0.0,9521.986931331096,2938.9306844819175,51099.97534132698,10024.149462949514,eval,268.2942010686461,620.4128057190919
2025-09-24,B,39808.98856174832,0.0,4481.7811247126665,1064.336843106537,44290.76968646099,6484.586490277091,eval,330.16876581751063,783.0625580399603
2025-09-25,B,40514.53910253796,0.0,3855.6367375417026,1519.6645636537928,44370.17584007966,8001.689164404628,eval,337.8230757885118,757.4268780172954
2025-09-26,B,18794.029658372594,0.0,2083.668853125454,653.9842332238397,20877.69851149805,10163.000312250946,eval,69.79858735057083,197.013561275362
2025-09-27,B,16789.194546460036,0.0,10672.815540817974,2778.1884510233854,27462.01008727801,6444.625425192691,eval,200.71977142600366,890.4005720851353
2025-09-28,B,43528.997090291305,0.0,4982.759680848574,1127.4909348918986,48511.75677113988,6177.177274121185,eval,804.8483106078486,2681.826794312396
2025-09-29,B,45560.53644414508,0.0,3421.39238542615,854.2799841566814,48981.92882957123,6569.170483454609,eval,385.0312059092943,1180.9143982786818
2025-09-30,B,42730.250790257815,0.0,11852.967993366217,3618.6169033341944,54583.218783624034,8048.1873534668375,eval,104.55895774613172,235.00905062748262
2025-10-01,B,43536.677244188875,0.0,0.0,0.0,43536.677244188875,10654.102131728097,eval,525.2790651654984,1435.7638428012888
2025-10-02,B,41278.89033414031,0.0,0.0,0.0,41278.89033414031,10800.0,eval,468.6637805948424,1238.3965262958616
2025-10-03,B,16820.864940978256,0.0,0.0,0.0,16820.864940978256,10602.015284796289,eval,101.26659787150416,289.8073180744607
2025-10-04,B,18474.678780290906,0.0,0.0,0.0,18474.678780290906,10800.0,eval,41.049827366170085,88.76479821821806
2025-10-05,B,39508.80293243426,0.0,1.9042545318370685e-13,2.842170943040401e-14,39508.80293243426,10800.0,eval,370.10366332581117,983.1372863793265
2025-10-06,B,41863.486226837995,0.0,0.0,0.0,41863.486226837995,9354.002825703095,eval,367.9341103850616,1387.5211204989168
2025-10-07,B,39818.89843225712,0.0,4570.411564691261,930.808599846232,44389.30999694838,9503.580456762562,eval,247.72505005340585,545.2590482501664
2025-10-08,B,35386.74006810606,0.0,11711.929191697393,3200.9991570593847,47098.66925980346,9552.070384772283,eval,112.79157681225085,285.6026825186101
2025-10-09,B,36676.7717068047,0.0,5022.348343229092,847.000036808427,41699.12005003379,8422.640296576617,eval,115.98151836677819,314.781454576867
2025-10-10,B,17761.906888628415,0.0,626.8123395942446,169.23813098794122,18388.71922822266,9678.346148577848,eval,340.157477862897,1215.8579481585953
2025-10-11,B,16069.503705306535,0.0,0.0,0.0,16069.503705306535,6388.935599626154,eval,61.26634103201435,211.3976499849369
2025-10-12,B,37634.58788972383,0.0,10842.006618644074,2643.33057324128,48476.5945083679,6738.946129296207,eval,67.65118305550025,147.77608680992745
2025-10-13,B,36706.57278120207,0.0,5848.820220720718,1241.2187681263958,42555.393001922785,6044.288825377118,eval,281.314896983488,620.0707389387376
2025-10-14,B,42011.76902254296,0.0,11835.514841555425,2458.782421208821,53847.28386409838,8419.760565736484,eval,556.6362126317107,1828.0078219073432
2025-10-15,B,42295.83112110585,0.0,7162.916422387489,1889.798128500961,49458.747543493344,8653.952665889234,eval,786.3206922403358,2122.7008550446817
2025-10-16,B,41727.285961872614,0.0,14997.540901625795,3990.1250736566612,56724.82686349841,9967.943261343451,eval,371.72844729362754,1233.0228843482228
2025-10-17,B,15045.51122702027,0.0,2591.912242317704,748.686498403369,17637.423469337973,5736.13754541645,eval,71.79510224470755,172.28415126072963
2025-10-18,B,17474.492672065455,0.0,5233.437887238751,1519.9915219616696,22707.930559304205,8598.087009193207,eval,112.82272169407636,309.6434374144068
2025-10-19,B,40213.26155625167,0.0,10517.498401498626,2723.2083520939345,50730.7599577503,5753.869351176848,eval,253.68801634313755,605.7392153242697
2025-10-20,B,44024.889277743765,0.0,7729.947854325103,1624.7581008048626,51754.83713206887,9249.857246657506,eval,160.45182293771933,484.43427392718905
2025-10-21,B,42922.16655021165,0.0,9087.92939665499,2572.0724001453673,52010.09594686664,7408.786463602381,eval,1490.4842496346669,4921.821745302197
2025-10-22,B,43589.36816259597,0.0,12034.137125732248,2816.5540977662795,55623.50528832822,9500.020265208565,eval,180.55043205147527,519.4527762190022
2025-10-23,B,43462.42719495177,0.0,2898.7476333515124,618.187686398526,46361.17482830329,9751.913091457478,eval,300.4207712560366,868.9623436111357
2025-10-24,B,15812.475027606368,0.0,2321.0618371221153,484.56242712979,18133.536864728485,6213.181148015459,eval,615.1405130818083,2479.858522407072
2025-10-25,B,18713.268701222725,0.0,141.19857300713693,56.78696458643225,18854.46727422986,7516.312085352061,eval,634.4928478773206,2107.159066350681
2025-10-26,B,45386.8674201871,0.0,2.5073632059502413e-13,1.1368683772161603e-13,45386.8674201871,8852.596532018864,eval,572.9237634893973,1747.640420975908
2025-10-27,B,44195.49077037435,0.0,3558.9321950622943,860.3491832244589,47754.42296543665,9305.706664653122,eval,496.6729756536,1659.3196515372947
2025-10-28,B,44969.0892508651,0.0,4432.769329838147,1088.9389630142139,49401.85858070325,9850.999914851014,eval,516.4758863538967,1350.89908186987
2025-10-29,B,42892.390750031824,0.0,15055.987892937257,4175.657499584,57948.37864296908,7569.088147765837,eval,178.58811104116498,394.3466504833245
2025-10-30,B,45647.928688182175,0.0,1118.6428613483197,335.71753364637107,46766.5715495305,8141.683594539098,eval,1019.0315382387113,3635.698179197809
2025-10-31,B,18376.578644337053,0.0,6187.464865611311,1835.3362524060926,24564.043509948366,9781.448023093217,eval,128.14184050209056,394.31538235579177
2025-11-01,B,17890.949388362842,0.0,3946.239678497168,1053.6762527702786,21837.18906686001,10164.116859572827,eval,125.4109665797614,457.98087106799096
2025-11-02,B,44298.7446676534,0.0,7870.343435684415,1776.4905935058941,52169.08810333782,8253.228794592469,eval,276.7140811861265,795.0037133595551
2025-11-03,B,48407.0274805224,0.0,1242.3535523061055,275.5570538617201,49649.38103282851,9835.919798300856,eval,746.1813522424252,2631.511141725009
2025-11-04,B,46068.91511622272,0.0,93.8543999069456,20.253476751973494,46162.769516129665,9586.16607185375,eval,369.7114630636172,1067.988186751909
2025-11-05,B,45152.676455114524,0.0,6165.033439647603,1586.9864572202955,51317.70989476213,8383.187826136693,eval,83.62322889402706,298.38620194566613
2025-11-06,B,47067.06122950942,0.0,10986.617291650138,2526.281829285452,58053.678521159556,9846.55773478891,eval,357.44388690319596,1003.2488141183891
2025-11-07,B,17335.335790301062,0.0,3181.7052179205048,689.9759185725868,20517.041008221568,8589.99355055012,eval,360.0189733737273,1308.0163764133154
2025-11-08,B,18598.430541989437,0.0,0.0,0.0,18598.430541989437,9574.151264116024,eval,108.95347293338152,506.45677540113684
2025-11-09,B,46404.30409982845,0.0,8434.8360239141,2362.169409185485,54839.140123742545,9658.94593745386,eval,185.82121637707957,711.7106333669033
2025-11-10,B,47296.860565891766,0.0,12831.273537830552,3179.6678678880044,60128.13410372232,9768.359821053564,eval,122.89299187636657,276.59880188464865
2025-11-11,B,46316.548347103846,0.0,5575.584971005004,1354.2034911689962,51892.13331810885,8141.470410837085,eval,291.10980002336817,955.5600436787388
2025-11-12,B,48102.266474869786,0.0,0.0,0.0,48102.266474869786,6005.288493095625,eval,895.6887992749865,2856.607072254754
2025-11-13,B,50725.480581090815,0.0,6053.249025579511,1570.330307635651,56778.72960667033,9573.837654718887,eval,79.54633968681557,301.6102591544221
2025-11-14,B,18139.054866208255,0.0,5413.09049591704,1718.1102797869914,23552.145362125295,8800.084228073882,eval,92.57014603241933,279.47120269028983
2025-11-15,B,19186.652220352,0.0,1074.8174425332015,194.94455518985447,20261.4696628852,8476.985846517016,eval,77.41421580504621,281.2702807639773
2025-11-16,B,49858.999250594774,0.0,2739.9114862889696,609.192890054819,52598.91073688374,6588.504531202863,eval,1101.2456607508743,3766.9827367765347
2025-11-17,B,52756.13306965401,0.0,1346.4283633268003,287.5548714564932,54102.56143298081,9926.080397886897,eval,983.8363425599484,3577.785652397621
2025-11-18,B,50721.30070129022,0.0,4156.570527046228,1133.0403763404786,54877.87122833645,9493.842256458012,eval,266.2948569198974,662.2096542217369
2025-11-19,B,50424.52684285807,0.0,7025.219313433356,1511.6657111074437,57449.746156291425,8615.635456193626,eval,52.874700170636004,131.4358925476191
2025-11-20,B,50059.59852285175,0.0,4777.416926107324,1226.979494488573,54837.01544895908,9652.461069111956,eval,952.3037310987708,3274.0878392381296
2025-11-21,B,18472.61890488347,0.0,1733.8343945017607,560.4677238449526,20206.453299385234,8846.133470653833,eval,75.80239111108662,198.88896437625561
2025-11-22,B,19007.828391969844,0.0,1485.0708841544756,328.93524416308685,20492.89927612432,8787.522337542703,eval,22.48321252008612,59.91631570149796
2025-11-23,B,51667.13635649542,0.0,3179.9801069151545,681.2070010196234,54847.11646341058,8758.354304932429,eval,916.3107461082657,3075.4062629326345
2025-11-24,B,49286.326918645056,0.0,2.8386182293616003e-14,7.105427357601002e-15,49286.326918645056,6415.684911402505,eval,666.5681216668366,2283.762905548522
2025-11-25,B,52237.302997635576,0.0,1402.8431621681193,561.1029937384791,53640.1461598037,8534.755697748138,eval,425.0962844262109,1124.7030197044253
2025-11-26,B,52057.15990742066,0.0,6295.181846657503,1528.5623689156907,58352.34175407817,8919.090268074653,eval,183.89772529375762,735.1591984572001
2025-11-27,B,54102.47547135134,0.0,1586.740490507028,364.2159627418449,55689.21596185837,9799.144471479469,eval,297.49696756147614,1026.599661184875
2025-11-28,B,18886.811713342417,0.0,1125.5372942776203,226.86518269093241,20012.349007620036,8110.8272288300095,eval,162.16832112927537,362.12540664722496
2025-11-29,B,19428.39321894166,0.0,12343.4412562383,4207.851764763005,31771.83447517996,8053.164430938652,eval,83.38884176640262,368.0648931927344
2025-11-30,B,53911.47049005369,0.0,9307.638818520494,2719.4215643425086,63219.10930857418,9904.328122501025,eval,241.80512874233582,683.7680027426229
2025-12-01,B,52767.51016786086,0.0,25208.84815018019,6469.795601292248,77976.35831804105,6007.745476815288,eval,412.06231809241115,1392.492351316204
2025-12-02,B,56120.172825769594,0.0,29945.776362331373,7939.199793752725,86065.94918810096,7796.658343216677,eval,168.40730948547275,505.0760893251337
2025-12-03,B,59244.99631944934,0.0,5208.7192192245975,1526.5441012896863,64453.71553867394,9677.798265119975,eval,387.8226129132353,1125.628803131593
2025-12-04,B,60629.592419430635,0.0,7086.198764748076,1431.0123242500608,67715.79118417871,9638.240919942813,eval,299.38042130737654,880.3718637434474
2025-12-05,B,22942.10378399091,0.0,8804.317735279357,2218.0752381363463,31746.42151927027,9823.702731320387,eval,211.2658863668923,484.93557588076203
2025-12-06,B,23017.918531499417,0.0,11135.147557522625,3591.5407054028365,34153.066089022046,9502.66103063554,eval,79.21919432130022,173.72240734692295
2025-12-07,B,62221.332320130896,0.0,431.29821614210147,87.07772808729325,62652.630536273,9684.332236179394,eval,517.2496059981129,1620.164610473219
2025-12-08,B,62876.95135415426,0.0,350.35778336472924,80.79569940269249,63227.30913751899,10752.91131729231,eval,468.1267386263019,1575.5269525439348
2025-12-09,B,59500.63107681581,0.0,718.4722780916102,123.86940567488003,60219.10335490742,8392.927014651372,eval,64.68946757376173,243.20918830873387
2025-12-10,B,62060.906068169395,0.0,6.136247066024226e-14,1.4210854715202004e-14,62060.906068169395,9269.13641235076,eval,129.7702028452514,413.27064505635855
2025-12-11,B,62632.81537195659,0.0,357.5660781359063,71.89452251059748,62990.38145009249,10234.836785277665,eval,761.470609947342,2604.7775037269566
2025-12-12,B,26605.95651293712,0.0,6.605205271625891e-13,2.8421709430404007e-13,26605.95651293712,7668.265621504052,eval,398.4054447615748,972.4847934009016
2025-12-13,B,26860.132084256464,0.0,748.8463945174096,226.47166950891966,27608.97847877387,7525.276142871374,eval,250.70898007203783,591.7765714363852
2025-12-14,B,62133.694042882955,0.0,1.362536750093568e-13,2.842170943040401e-14,62133.694042882955,9516.814707569863,eval,544.8704180938479,2009.5496647924108
2025-12-15,B,61062.310564747335,0.0,2215.0879160534632,460.12385422487796,63277.398480800795,9321.751160478854,eval,1037.82141573997,3903.519909456987
2025-12-16,B,61559.91112902731,0.0,3435.099023776274,963.9333606132354,64995.01015280358,9991.693755306842,eval,364.329092849477,1025.6059796598497
2025-12-17,B,63123.63024027376,0.0,31.24716680222647,6.632809764853846,63154.87740707598,10229.546474315446,eval,513.270642661268,1506.1103647135956
2025-12-18,B,60728.528820410254,0.0,393.7647870055802,82.21859920510923,61122.293607415835,10403.211545684697,eval,332.3956584056565,1002.266423220429
2025-12-19,B,27540.400948088765,0.0,1208.3694901673675,306.2067641721636,28748.77043825613,9955.297921280746,eval,263.4308383719595,722.2220136693506
2025-12-20,B,27018.803067420064,0.0,0.0,0.0,27018.803067420064,10466.180176081749,eval,931.3524220872634,2987.266886373026
2025-12-21,B,61244.33546487274,0.0,0.0,0.0,61244.33546487274,8768.322554086408,eval,1111.100301182667,4031.7817475780976
2025-12-22,B,61254.354422894074,0.0,3050.7113199513033,872.8950398431136,64305.06574284538,9541.705893594424,eval,391.9667153321058,1297.9244969448034
2025-12-23,B,61960.07644860826,0.0,0.0,0.0,61960.07644860826,10461.26430263465,eval,1024.6520494167844,3869.2928323502942
2025-12-24,B,62491.45115537206,0.0,0.0,0.0,62491.45115537206,10127.588100124221,eval,626.6878030832628,2280.7497240419175
2025-12-25,B,62193.979498133274,0.0,36.29346521732194,7.748391378591361,62230.272963350595,8125.826453781899,eval,759.9963322129788,2711.8543883866273
2025-12-26,B,26101.270598603696,0.0,3991.5256609731127,1141.4945426939184,30092.796259576808,10124.899827347816,eval,18.731559997633603,38.589137253260155
2025-12-27,B,27996.325073446147,0.0,1.3599787962448318e-13,5.684341886080802e-14,27996.325073446147,9279.700420140947,eval,1104.075042125361,3435.8317232647255
2025-12-28,B,59997.08196027133,0.0,0.0,0.0,59997.08196027133,7557.495883219458,eval,180.5266939874507,471.47478787847615
2025-12-29,B,63018.08849648642,0.0,510.4452631705361,237.38882104968957,63528.53375965696,10289.293311804966,eval,181.86161998399623,410.4156920981785
2025-12-30,B,61132.46281285726,0.0,0.0,0.0,61132.46281285726,8552.879200353413,eval,162.30815117006316,611.8807192847036
2025-12-31,B,62259.0773917307,0.0,3604.5426700220455,745.8908373679062,65863.62006175275,9624.066762725088,eval,184.97780911174144,481.7384341010046
2025-01-01,C,0.0,0.0,366613.56615685835,92035.17001666666,366613.56615685835,6000.0,init,0.0,0.0
2025-01-02,C,63763.212383179496,0.0,7673.8246204357965,2031.5716716049367,71437.03700361529,10025.448671111111,init,0.0,0.0
2025-01-03,C,62592.717478159255,0.0,0.0,0.0,62592.717478159255,10800.0,init,0.0,0.0
2025-01-04,C,25620.101808035924,0.0,4716.42023518767,1273.1800331275767,30336.522043223595,9958.349187037036,init,0.0,0.0
2025-01-05,C,25750.10243609352,0.0,182479.10976966197,45158.412478310696,208229.2122057555,8558.511815185186,init,0.0,0.0
2025-01-06,C,62036.592498336555,0.0,5247.887545258327,1398.088716666665,67284.48004359489,10116.492809259258,init,0.0,0.0
2025-01-07,C,60992.7271028106,0.0,12125.548793041524,3585.336949794227,73118.27589585212,10232.597537037036,init,0.0,0.0
2025-01-08,C,62174.271939667924,0.0,4442.515563099984,1348.8516333333287,66616.78750276791,10227.11604,init,0.0,0.0
2025-01-09,C,60199.53211353755,0.0,9983.934316058818,3031.925511355976,70183.46642959636,10003.817253888888,init,0.0,0.0
2025-01-10,C,61351.59817849443,0.0,0.0,0.0,61351.59817849443,10800.0,init,0.0,0.0
2025-01-11,C,25604.362619091167,0.0,2750.6231440666543,818.798299999992,28354.98576315782,9832.336335,init,0.0,0.0
2025-01-12,C,25679.761300371294,0.0,181285.08809252683,44755.77141060494,206964.84939289812,8455.086756666667,init,0.0,0.0
2025-01-13,C,61733.91109658534,0.0,2596.6276889284145,784.8438118333335,64330.53878551375,9989.435511666667,init,0.0,0.0
2025-01-14,C,59031.393607783015,0.0,7985.986812644744,2019.2772061728383,67017.38042042775,10265.803453703702,init,0.0,0.0
2025-01-15,C,59799.763042771214,0.0,8201.857776374238,2158.53679046502,68001.62081914545,10146.49893,init,0.0,0.0
2025-01-16,C,61507.85051616334,0.0,6183.293789147918,1596.3971360238052,67691.14430531126,9999.412269074073,init,0.0,0.0
2025-01-17,C,26517.870170869784,0.0,0.0,0.0,26517.870170869784,10247.586050617494,init,0.0,0.0
2025-01-18,C,25930.145788528956,0.0,398.4583838916218,100.19478234185146,26328.60417242058,9987.338389245406,init,1.8189894035458565e-12,3.7407517083920534e-12
2025-01-19,C,58808.43755817566,0.0,7386.398861310072,1823.1173283460275,66194.83641948573,9847.48401882004,init,0.0,0.0
2025-01-20,C,60791.25790918167,0.0,796.780293299158,216.84433814595621,61588.03820248083,10076.613904132748,init,0.0,0.0
2025-01-21,C,60849.04782959119,0.0,0.0,0.0,60849.04782959119,10370.892321534531,init,0.0,0.0
2025-01-22,C,58885.87454285428,0.0,5479.698272395469,1660.183628536829,64365.572815249754,9529.427366119306,init,0.0,0.0
2025-01-23,C,59850.00650280851,0.0,6077.023027330246,1838.1837884324532,65927.02953013875,9874.132896299338,init,0.0,0.0
2025-01-24,C,24548.909324677792,0.0,3.3999469906120795e-14,1.4210854715202004e-14,24548.909324677792,10178.553895415467,init,0.0,0.0
2025-01-25,C,24927.92675926707,0.0,185.8744339244778,54.76592230005889,25113.801193191546,10152.72997719663,init,0.0,0.0
2025-01-26,C,58967.812762183465,0.0,2165.623336820529,485.2573803905027,61133.43609900399,9771.466128038897,init,0.0,0.0
2025-01-27,C,59638.497293870765,0.0,0.0,0.0,59638.497293870765,9961.47442415081,init,0.0,0.0
2025-01-28,C,58946.23951422883,0.0,346.250040022462,95.41242665824961,59292.48955425129,9831.363328386053,init,0.0,0.0
2025-01-29,C,59212.49927643832,0.0,0.0,0.0,59212.49927643832,10423.313402555561,init,0.0,0.0
2025-01-30,C,57974.095949652154,0.0,1361.4758967306022,295.7725817900966,59335.57184638276,9986.695742646478,init,0.0,0.0
2025-01-31,C,23114.81554590309,0.0,535.5482042801748,233.84514676367942,23650.363750183264,10344.382674945271,init,0.0,0.0
2025-02-01,C,22994.350638011634,0.0,0.0,0.0,22994.350638011634,10619.172549097344,calibration,0.0,0.0
2025-02-02,C,57103.96594290717,0.0,0.0,0.0,57103.96594290717,10800.0,calibration,0.0,0.0
2025-02-03,C,56393.41769212656,0.0,0.0,0.0,56393.41769212656,10569.206732279332,calibration,0.0,0.0
2025-02-04,C,56509.46116189378,0.0,2074.9087145856306,573.2715471481756,58584.36987647941,10532.84094062768,calibration,0.0,0.0
2025-02-05,C,53438.29719717181,0.0,2691.600730224337,692.086273254912,56129.897927396145,9777.55599170395,calibration,0.0,0.0
2025-02-06,C,54027.97519673225,0.0,1550.0483405217665,449.2244359695311,55578.02353725402,9630.817213651433,calibration,0.0,0.0
2025-02-07,C,21182.52241346007,0.0,152.9592748266607,30.98555680843796,21335.48168828673,10152.127118707947,calibration,0.0,0.0
2025-02-08,C,19508.52070683304,0.0,1449.0880777604727,380.2513298278994,20957.60878459351,9720.36293852936,calibration,0.0,0.0
2025-02-09,C,52312.7723695534,0.0,3665.6070555742153,824.3380933071403,55978.37942512761,9344.435526937661,calibration,0.0,0.0
2025-02-10,C,52989.02940219151,0.0,924.1471078919964,414.333906348097,53913.176510083504,9688.537221310584,calibration,0.0,0.0
2025-02-11,C,52049.92702434014,0.0,3242.940306687104,555.050436856828,55292.86733102724,9815.07781192792,calibration,0.0,0.0
2025-02-12,C,52330.41831112171,0.0,2.297628753922254e-14,5.329070518200751e-15,52330.41831112171,9764.45899560443,calibration,0.0,0.0
2025-02-13,C,51388.7018433529,0.0,608.3369309721825,268.691572697266,51997.03877432508,10180.896409242101,calibration,0.0,0.0
2025-02-14,C,18911.211579188548,0.0,1221.3953778597806,576.1217718314158,20132.60695704833,9815.542854588968,calibration,0.0,0.0
2025-02-15,C,18950.054068815454,0.0,689.942057754596,331.9913222357761,19639.99612657005,9487.041193609868,calibration,0.0,0.0
2025-02-16,C,50484.170881816855,0.0,2872.3161877223088,717.1494446779517,53356.487069539166,9837.882477767176,calibration,0.0,0.0
2025-02-17,C,49479.36674303356,0.0,0.0,0.0,49479.36674303356,10018.23224324496,calibration,0.0,0.0
2025-02-18,C,48998.10223077544,0.0,447.2729249425554,132.8291046764353,49445.37515571799,9941.820641643788,calibration,0.0,0.0
2025-02-19,C,48621.44425267507,0.0,691.8297292486895,148.41358777708734,49313.27398192376,9566.9371118719,calibration,0.0,0.0
2025-02-20,C,49535.9325361542,0.0,0.0,0.0,49535.9325361542,10126.946764601707,calibration,0.0,0.0
2025-02-21,C,18423.738410613434,0.0,0.0,0.0,18423.738410613434,10024.926388514676,calibration,0.0,0.0
2025-02-22,C,18448.41528105142,0.0,1928.245365728627,594.1828196012729,20376.66064678005,9872.589344824464,calibration,0.0,0.0
2025-02-23,C,48038.86541534741,0.0,708.1079747911788,236.81056587611317,48746.97339013859,9797.411132058402,calibration,0.0,0.0
2025-02-24,C,47496.39357216442,0.0,1.6149215298355558e-13,5.684341886080802e-14,47496.39357216442,9887.94235060457,calibration,0.0,0.0
2025-02-25,C,47783.233980771925,0.0,36.36398275675751,8.2801642787731,47819.597963528686,9957.436310075633,calibration,0.0,0.0
2025-02-26,C,47263.130051835054,0.0,11.349380732308777,2.6644866139943133,47274.479432567365,10264.615794246993,calibration,0.0,0.0
2025-02-27,C,46482.54975828876,0.0,448.078777764305,94.65602548250567,46930.62853605307,10103.754098901578,calibration,0.0,0.0
2025-02-28,C,18098.146280642526,0.0,0.0,0.0,18098.146280642526,10159.0582961295,calibration,0.0,0.0
2025-03-01,C,17789.64067503243,0.0,0.0,0.0,17789.64067503243,9876.442847233222,calibration,0.0,0.0
2025-03-02,C,46269.16014899564,0.0,14571.052311317082,4280.773886720752,60840.212460312716,9863.911252789541,calibration,0.0,0.0
2025-03-03,C,45124.84528965698,0.0,13436.426455939525,3850.5776884220677,58561.2717455965,9834.728525731834,calibration,0.0,0.0
2025-03-04,C,48228.437010844515,0.0,686.8431188883593,145.7132215551459,48915.28012973288,10139.09079828215,calibration,0.0,0.0
2025-03-05,C,45452.29147120939,0.0,143.44086403579192,48.30705000086141,45595.732335245186,9949.780824949452,calibration,0.0,0.0
2025-03-06,C,45148.79380247684,0.0,5.242884456707279,0.8140492906928785,45154.03668693354,9877.059828690393,calibration,0.0,0.0
2025-03-07,C,17275.91742160437,0.0,399.42015151765816,100.92877841117107,17675.337573122026,10357.571109077877,calibration,0.0,0.0
2025-03-08,C,16538.268279442484,0.0,877.3548328218502,340.23066774861337,17415.623112264333,10475.119757112325,calibration,0.0,0.0
2025-03-09,C,43420.82646213699,0.0,2160.629758515556,536.5257011271542,45581.456220652544,10271.730549760945,calibration,0.0,0.0
2025-03-10,C,44835.48206096127,0.0,5122.010544183831,1373.2931162993152,49957.492605145104,10101.175963659409,calibration,0.0,0.0
2025-03-11,C,44327.69582799119,0.0,1621.0157146649408,474.0509042703165,45948.711542656136,9915.94664174739,calibration,0.0,0.0
2025-03-12,C,43895.85870530762,0.0,590.8191463615779,101.43067232309306,44486.6778516692,9724.560414157897,calibration,0.0,0.0
2025-03-13,C,42176.917814030036,0.0,8357.226444525966,3066.189393222583,50534.144258556,9711.375747470016,calibration,0.0,0.0
2025-03-14,C,16339.793856975675,0.0,1109.7793800890656,257.21814183985566,17449.573237064742,10018.243482822625,calibration,0.0,0.0
2025-03-15,C,16567.13256601477,0.0,857.258564760434,380.0161372269524,17424.391130775206,9859.950468831865,calibration,0.0,0.0
2025-03-16,C,42654.91698622852,0.0,2588.5867250306783,720.4207653103894,45243.503711259196,9934.096311047688,calibration,0.0,0.0
2025-03-17,C,42819.69412701017,0.0,0.0,0.0,42819.69412701017,10125.758863542047,calibration,0.0,0.0
2025-03-18,C,41792.72069407991,0.0,3521.619900269937,710.1458461541063,45314.340594349844,10111.578468687985,calibration,0.0,0.0
2025-03-19,C,42286.264977571904,0.0,1725.6411834413286,362.9705376595365,44011.906161013234,10308.10422262314,calibration,0.0,0.0
2025-03-20,C,40481.42074701526,0.0,1914.3959374654373,453.46368821922147,42395.8166844807,9972.418135012664,calibration,0.0,0.0
2025-03-21,C,15733.09504751452,0.0,493.7685871767003,228.92345422288236,16226.86363469122,10273.50921081694,calibration,0.0,0.0
2025-03-22,C,15760.900943096789,0.0,2132.8271756464037,651.5984390124726,17893.728118743194,10349.353281549726,calibration,0.0,0.0
2025-03-23,C,41219.81491107469,0.0,150.6473340833666,37.61031242637108,41370.46224515806,10612.551917842378,calibration,0.0,0.0
2025-03-24,C,39998.53935510515,0.0,0.0,0.0,39998.53935510515,9533.195176134432,calibration,0.0,0.0
2025-03-25,C,39541.94961357789,0.0,3795.354046106485,1246.477218234648,43337.303659684374,9720.170553853039,calibration,0.0,0.0
2025-03-26,C,39038.58409407949,0.0,73.19892028336474,34.32107126687674,39111.78301436285,10292.290692133654,calibration,0.0,0.0
2025-03-27,C,40378.32320473971,0.0,712.8814399127746,161.92688685016162,41091.204644652484,10151.040597200228,calibration,0.0,0.0
2025-03-28,C,15639.182146680503,0.0,0.0,0.0,15639.182146680503,10517.585457264595,calibration,0.0,0.0
2025-03-29,C,15436.033102586742,0.0,0.0,0.0,15436.033102586742,10140.839610216855,calibration,0.0,0.0
2025-03-30,C,37479.999390377525,0.0,235.1258420144399,63.87205255246569,37715.12523239196,10478.510053756314,calibration,0.0,0.0
2025-03-31,C,37227.49700585278,0.0,7612.96562034526,2315.0026804059034,44840.462626198045,10302.09171628443,calibration,0.0,0.0
2025-04-01,C,37425.5668397264,0.0,8038.832552702064,3000.132313732857,45464.399392428466,10002.044062266825,eval,0.0,0.0
2025-04-02,C,38021.45648496288,0.0,12948.795520409429,3437.422498148101,50970.25200537231,10181.064186535024,eval,0.0,0.0
2025-04-03,C,39306.25366060791,0.0,374.146109253262,97.57585612509027,39680.39976986117,9958.3045140005,eval,9.45633668469598e-12,1.7555689055138087e-11
2025-04-04,C,14744.099709093829,0.0,0.0,0.0,14744.099709093829,10123.604757395848,eval,0.0,0.0
2025-04-05,C,15003.851878523172,0.0,3480.4138679641974,957.8004144796053,18484.26574648737,9771.58723373264,eval,0.0,0.0
2025-04-06,C,38500.13468991316,0.0,65.78880286111219,30.257589832587882,38565.92349277427,10288.29924321762,eval,0.0,0.0
2025-04-07,C,36680.07174068142,0.0,1661.0531149312521,513.1147648015094,38341.124855612674,10202.188620198194,eval,0.0,0.0
2025-04-08,C,36651.05054590986,0.0,2835.0907990868864,653.8186360230857,39486.141344996744,9664.349029249686,eval,0.0,0.0
2025-04-09,C,38411.76921274232,0.0,8380.599691951133,2532.891288267444,46792.36890469345,10147.578142128215,eval,0.0,0.0
2025-04-10,C,36607.44842887434,0.0,487.3444811846191,106.09573960625278,37094.79291005896,9998.542494690293,eval,0.0,0.0
2025-04-11,C,14387.502524677142,0.0,0.0,0.0,14387.502524677142,10041.439598498655,eval,0.0,0.0
2025-04-12,C,14792.440226986882,0.0,0.0,0.0,14792.440226986882,10607.743311674496,eval,0.0,0.0
2025-04-13,C,34896.8677887043,0.0,1911.9822331725672,675.6872384348135,36808.85002187687,9956.531228866379,eval,0.0,0.0
2025-04-14,C,36379.440732343384,0.0,598.2175199142821,211.58801101129944,36977.658252257665,10577.88154543508,eval,0.0,0.0
2025-04-15,C,36369.15505314112,0.0,2655.9642628202682,793.6918411503311,39025.11931596139,10375.723765160625,eval,0.0,0.0
2025-04-16,C,35101.239888601165,0.0,3991.1446302054455,1456.434083366179,39092.38451880661,10014.54981586863,eval,0.0,0.0
2025-04-17,C,34955.22775182846,0.0,183.93637692797972,39.898700722151034,35139.16412875644,9956.817477438479,eval,0.0,0.0
2025-04-18,C,13511.229689713668,0.0,1570.5481549225176,551.6730173974715,15081.777844636184,10399.672442994879,eval,0.0,0.0
2025-04-19,C,13837.467203559732,0.0,0.0,0.0,13837.467203559732,10690.774959314207,eval,0.0,0.0
2025-04-20,C,33948.42491393891,0.0,312.13451591696185,63.79467691331623,34260.55942985587,10132.912109283074,eval,0.0,0.0
2025-04-21,C,34772.990102170515,0.0,0.0,0.0,34772.990102170515,9958.734692285538,eval,0.0,0.0
2025-04-22,C,33637.54871708543,0.0,4397.157655423038,1545.9518207053945,38034.70637250847,9871.155788307453,eval,0.0,0.0
2025-04-23,C,35566.1685895535,0.0,1959.2072106470762,612.419207599384,37525.37580020057,10444.260375018359,eval,0.0,0.0
2025-04-24,C,34401.0485007529,0.0,0.0,0.0,34401.0485007529,9984.151475208244,eval,0.0,0.0
2025-04-25,C,13498.433387344143,0.0,0.0,0.0,13498.433387344143,10526.008170074436,eval,0.0,0.0
2025-04-26,C,13070.030308793397,0.0,3583.455763712859,844.1018839337826,16653.486072506257,9857.73064884083,eval,0.0,0.0
2025-04-27,C,33345.370677789426,0.0,3411.731791677361,764.5435014617021,36757.10246946679,9937.631717281136,eval,0.0,0.0
2025-04-28,C,32652.62609918237,0.0,20397.47571567438,7203.885892136841,53050.10181485675,9785.6422496435,eval,0.0,0.0
2025-04-29,C,32906.85354925882,0.0,4110.268616678584,1035.7382893926324,37017.122165937406,10248.330026987518,eval,0.0,0.0
2025-04-30,C,33123.25562587132,0.0,1140.2334275762491,466.9806691557172,34263.48905344757,10166.1019274031,eval,0.0,0.0
2025-05-01,C,32374.8725505737,0.0,14192.699185333204,2523.243637381579,46567.5717359069,9044.077256102493,eval,0.0,0.0
2025-05-02,C,13368.458486467254,0.0,24592.7186534614,5557.107416383584,37961.17713992865,9201.719786379517,eval,0.0,0.0
2025-05-03,C,13870.158285441546,0.0,13803.77315623457,2650.6665256570554,27673.93144167612,9532.378539482403,eval,0.0,0.0
2025-05-04,C,33424.93657341907,0.0,9118.801424406827,1721.2676183953295,42543.7379978259,9108.116082603592,eval,0.0,0.0
2025-05-05,C,34841.74543960972,0.0,16720.509434085823,3364.212403424726,51562.254873695536,9305.094012833662,eval,0.0,0.0
2025-05-06,C,36841.22329081531,0.0,11878.4721311915,2132.321693836022,48719.69542200681,9242.85059982218,eval,0.0,0.0
2025-05-07,C,35404.417934669036,0.0,7285.381625334284,1998.3192976820399,42689.79956000332,9405.504210237115,eval,0.0,0.0
2025-05-08,C,37731.84821422509,0.0,6497.561753091057,2161.667685045316,44229.40996731614,10209.266140320835,eval,0.0,0.0
2025-05-09,C,16282.503682676033,0.0,0.0,0.0,16282.503682676033,10800.0,eval,0.0,0.0
2025-05-10,C,17634.51628486553,0.0,310.91313740128976,69.65429539131051,17945.42942226682,10426.775719654244,eval,0.0,0.0
2025-05-11,C,37848.34877128822,0.0,4.0253667066281196e-13,1.7053025658242404e-13,37848.34877128822,9924.48943642635,eval,0.0,0.0
2025-05-12,C,37675.82228281323,0.0,1368.9716993167717,541.993911643084,39044.79398213,10200.372209771529,eval,0.0,0.0
2025-05-13,C,39590.67316306174,0.0,0.0,0.0,39590.67316306174,10460.805758552422,eval,0.0,0.0
2025-05-14,C,37354.50226129941,0.0,3.821298832917819e-13,5.684341886080802e-14,37354.50226129941,9842.8048950423,eval,0.0,0.0
2025-05-15,C,37255.45881409482,0.0,1.268460891878931e-13,5.684341886080802e-14,37255.45881409482,9042.70005722947,eval,0.0,0.0
2025-05-16,C,15097.741922657375,0.0,0.0,0.0,15097.741922657375,9886.558758723026,eval,0.0,0.0
2025-05-17,C,14953.002873409416,0.0,6537.530085866034,1727.6429407544963,21490.53295927545,9523.13391414362,eval,0.0,0.0
2025-05-18,C,35652.136782088564,0.0,3109.1177536465048,1344.0924195311945,38761.25453573507,10410.79407579456,eval,0.0,0.0
2025-05-19,C,36432.19012792524,0.0,281.6388558343915,41.75830022008918,36713.82898375963,10103.463189512808,eval,0.0,0.0
2025-05-20,C,40156.68518284442,0.0,0.0,0.0,40156.68518284442,8644.314381980863,eval,0.0,0.0
2025-05-21,C,36857.09767311429,0.0,1.3250200936454348e-13,5.684341886080802e-14,36857.09767311429,9220.088120972045,eval,0.0,0.0
2025-05-22,C,34463.47961380954,0.0,641.0500149560631,102.56740984446401,35104.5296287656,9975.377539344876,eval,0.0,0.0
2025-05-23,C,16166.663737708863,0.0,0.0,0.0,16166.663737708863,9712.219264979982,eval,0.0,0.0
2025-05-24,C,16280.297805510301,0.0,137.32219469545873,62.95691639939645,16417.62000020576,10800.0,eval,0.0,0.0
2025-05-25,C,34172.15315325475,0.0,554.1969667334619,121.42721181178825,34726.350119988216,10100.041786030275,eval,0.0,0.0
2025-05-26,C,35452.168739337976,0.0,4158.616239086639,1800.7220262272801,39610.784978424614,9276.644872978117,eval,0.0,0.0
2025-05-27,C,35493.639051184924,0.0,0.0,0.0,35493.639051184924,10210.636007775698,eval,0.0,0.0
2025-05-28,C,35566.214709880616,0.0,2606.665279026797,1195.054847977721,38172.879988907414,10239.17630464058,eval,0.0,0.0
2025-05-29,C,34381.25100455055,0.0,8623.12395149279,2632.9119082867164,43004.374956043335,10119.00587011974,eval,0.0,0.0
2025-05-30,C,14250.055780039502,0.0,7887.505747014055,2048.1359301897214,22137.561527053556,10098.13389609595,eval,0.0,0.0
2025-05-31,C,14284.123970704897,0.0,5865.598684881758,1707.773196915539,20149.722655586655,10164.863869295685,eval,0.0,0.0
2025-06-01,C,35243.44383474752,0.0,60798.40849023849,15873.845415672877,96041.85232498602,8308.165833010255,eval,0.0,0.0
2025-06-02,C,46814.81717390065,0.0,33420.60455280054,6697.953730031226,80235.4217267012,5603.458896007933,eval,0.0,0.0
2025-06-03,C,46345.973748267876,0.0,23556.064078825446,4820.26182503049,69902.03782709333,4903.189942092401,eval,0.0,0.0
2025-06-04,C,46812.482609810686,0.0,13670.343681076123,4155.554215352694,60482.826290886806,9783.086302412286,eval,0.0,0.0
2025-06-05,C,44801.92742078964,0.0,17030.00722122041,4332.6982354417505,61831.93464201005,9732.478199755184,eval,0.0,0.0
2025-06-06,C,15894.936608949816,0.0,38842.69095350203,9894.790283708,54737.627562451846,8397.493649702192,eval,0.0,0.0
2025-06-07,C,18225.210644869476,0.0,20964.314804942776,5283.370534594029,39189.52544981225,9094.012876188966,eval,0.0,0.0
2025-06-08,C,47860.953527924175,0.0,0.0,0.0,47860.953527924175,10629.446424222597,eval,0.0,0.0
2025-06-09,C,51019.323261645884,0.0,0.0,0.0,51019.323261645884,9296.673615883112,eval,0.0,0.0
2025-06-10,C,59141.28818701705,0.0,0.0,0.0,59141.28818701705,10041.185529397995,eval,0.0,0.0
2025-06-11,C,48006.58331329044,0.0,17255.31349459188,4017.912757304039,65261.896807882316,8690.191296527388,eval,0.0,0.0
2025-06-12,C,50587.394001346795,0.0,0.0,0.0,50587.394001346795,9325.434150717889,eval,0.0,0.0
2025-06-13,C,26526.36846973677,0.0,0.0,0.0,26526.36846973677,10788.547254549501,eval,0.0,0.0
2025-06-14,C,24789.08388943626,0.0,0.0,0.0,24789.08388943626,10800.0,eval,0.0,0.0
2025-06-15,C,47921.81061385999,0.0,853.5476336166365,206.9034480675668,48775.35824747663,10551.972784324567,eval,0.0,0.0
2025-06-16,C,49219.11621413608,0.0,3.827267391898204e-13,5.684341886080802e-14,49219.11621413608,9795.947909313943,eval,0.0,0.0
2025-06-17,C,53686.32083414356,0.0,3003.323042021849,729.0405383134159,56689.643876165406,7185.408557579408,eval,0.0,0.0
2025-06-18,C,51545.76305614025,0.0,0.0,0.0,51545.76305614025,10621.796295035663,eval,0.0,0.0
2025-06-19,C,51681.08036800186,0.0,33.678821410827496,4.995745963187346,51714.75918941269,10596.580493375115,eval,9.382873640318009e-13,2.6656744012143468e-12
2025-06-20,C,19897.936620483655,0.0,0.0,0.0,19897.936620483655,10221.213906487219,eval,0.0,0.0
2025-06-21,C,20047.949108292793,0.0,28.776720383738585,10.082943372017724,20076.72582867653,10800.0,eval,6.40879023136631e-12,1.3932709962990357e-11
2025-06-22,C,49643.58240129824,0.0,739.6990975183111,204.87258839097484,50383.281498816556,10790.275648974288,eval,0.0,0.0
2025-06-23,C,50262.92717747236,0.0,0.0,0.0,50262.92717747236,9976.471747837224,eval,0.0,0.0
2025-06-24,C,47114.54001460546,0.0,26645.00639400747,6355.817312286779,73759.54640861292,10144.253634066588,eval,0.0,0.0
2025-06-25,C,52460.89536638811,0.0,0.0,0.0,52460.89536638811,10128.086302618283,eval,0.0,0.0
2025-06-26,C,46930.31761856855,0.0,5558.769471107068,1184.5758468416868,52489.08708967562,9930.669800340549,eval,0.0,0.0
2025-06-27,C,18534.972587643657,0.0,199.70099374195402,49.975832116152745,18734.67358138561,10028.166406187507,eval,0.0,0.0
2025-06-28,C,18958.316498987057,0.0,1960.729886913426,453.1904287482441,20919.04638590048,9818.283568467392,eval,0.0,0.0
2025-06-29,C,54179.16023101931,0.0,0.0,0.0,54179.16023101931,9866.849174746698,eval,0.0,0.0
2025-06-30,C,57543.8593195175,0.0,0.0,0.0,57543.8593195175,9958.703134384627,eval,0.0,0.0
2025-07-01,C,46891.96292733085,0.0,24196.594266653123,5813.226516280195,71088.55719398397,5932.521366206681,eval,0.0,0.0
2025-07-02,C,69759.76884071257,0.0,663.669558038813,304.7004051050741,70423.43839875139,10756.891422907369,eval,0.0,0.0
2025-07-03,C,59163.26260864207,0.0,227.67728278571764,32.637225169971,59390.93989142779,10237.131403733429,eval,0.0,0.0
2025-07-04,C,23889.17622431671,0.0,5675.421270625888,2436.9809493175244,29564.597494942598,7411.396919654695,eval,1.3349028710902159e-11,2.8333313438889836e-11
2025-07-05,C,25109.63094392678,0.0,6161.862127441794,1414.3349144236981,31271.49307136857,8976.432694386562,eval,0.0,0.0
2025-07-06,C,58518.09990730924,0.0,3545.3503948330567,746.4835076103979,62063.45030214229,8735.680105078602,eval,0.0,0.0
2025-07-07,C,59203.55641404874,0.0,638.2956321675823,293.05223772961756,59841.85204621632,10800.0,eval,0.0,0.0
2025-07-08,C,58671.38384261896,0.0,0.0,0.0,58671.38384261896,10800.0,eval,0.0,0.0
2025-07-09,C,62117.53397967962,0.0,0.0,0.0,62117.53397967962,10278.488931723536,eval,0.0,0.0
2025-07-10,C,55040.68790569618,0.0,0.0,0.0,55040.68790569618,9967.31383223657,eval,0.0,0.0
2025-07-11,C,29996.380217236754,0.0,1750.570969275306,782.3320328466622,31746.95118651206,10800.0,eval,0.0,0.0
2025-07-12,C,30169.114816043977,0.0,3.1079139262146786e-14,1.4210854715202004e-14,30169.114816043977,10183.188087762363,eval,0.0,0.0
2025-07-13,C,50486.25269289171,0.0,229.5607390311439,74.34495596776833,50715.81343192285,10273.60510516089,eval,1.846519750422468e-12,4.02541305592098e-12
2025-07-14,C,49975.659836479535,0.0,214.8034276697756,31.876653843911413,50190.46326414931,9924.234893329258,eval,0.0,0.0
2025-07-15,C,62003.234679721485,0.0,0.0,0.0,62003.234679721485,10800.0,eval,0.0,0.0
2025-07-16,C,53308.14217794727,0.0,191.78138069126885,28.384722961780355,53499.92355863854,5597.919549110441,eval,0.0,0.0
2025-07-17,C,52474.916570620655,0.0,3649.317156581301,980.0529703063312,56124.23372720196,9274.861093256792,eval,0.0,0.0
2025-07-18,C,23379.501525055763,0.0,4878.760517610479,1442.2275657873297,28258.26204266624,6561.822185296214,eval,0.0,0.0
2025-07-19,C,29948.190604749434,0.0,2.596323156467406e-14,7.105427357601002e-15,29948.190604749434,10064.757688972597,eval,0.0,0.0
2025-07-20,C,48969.53259340789,0.0,1982.7493808030795,692.801814133182,50952.281974210964,10180.694083721184,eval,0.0,0.0
2025-07-21,C,56295.824109834575,0.0,0.0,0.0,56295.824109834575,9916.149720590316,eval,0.0,0.0
2025-07-22,C,49411.13616944952,0.0,2964.2911789067502,857.861304822199,52375.42734835627,8378.619187615826,eval,0.0,0.0
2025-07-23,C,53015.380560640006,0.0,5917.3179908123975,1359.4273456914084,58932.698551452406,9928.303923593496,eval,0.0,0.0
2025-07-24,C,53328.507555420016,0.0,1479.97204895294,319.99628442578785,54808.47960437296,5100.541442338077,eval,0.0,0.0
2025-07-25,C,30268.563536923062,0.0,1.0706457942433189e-13,2.842170943040401e-14,30268.563536923062,9910.700356100548,eval,0.0,0.0
2025-07-26,C,27029.152481912664,0.0,0.0,0.0,27029.152481912664,10353.132017331054,eval,0.0,0.0
2025-07-27,C,54316.33244781369,0.0,0.0,0.0,54316.33244781369,9997.868185517698,eval,0.0,0.0
2025-07-28,C,49551.00305849621,0.0,16488.427279327396,4539.869697187405,66039.4303378236,9629.200483009343,eval,0.0,0.0
2025-07-29,C,58556.5871120795,0.0,0.0,0.0,58556.5871120795,9918.285370938469,eval,0.0,0.0
2025-07-30,C,49982.64686935904,0.0,5910.247382988826,1234.9052304357074,55892.89425234787,9944.433381595762,eval,0.0,0.0
2025-07-31,C,50234.911749648265,0.0,4365.862729707245,1177.332353321755,54600.77447935551,9683.336658927932,eval,0.0,0.0
2025-08-01,C,26093.390066117194,0.0,0.0,0.0,26093.390066117194,10270.138624064166,eval,0.0,0.0
2025-08-02,C,24368.12360894947,0.0,0.0,0.0,24368.12360894947,10279.969894709175,eval,0.0,0.0
2025-08-03,C,48873.99033140957,0.0,1057.6469862583483,156.95220672109872,49931.63731766792,9646.800440426976,eval,-1.1134277921189196e-12,-2.289764254492558e-12
2025-08-04,C,48592.12486564724,0.0,225.43170252085162,41.59378999598789,48817.55656816809,10000.11773995883,eval,0.0,0.0
2025-08-05,C,48362.913910435236,0.0,0.0,0.0,48362.913910435236,9872.415425869414,eval,0.0,0.0
2025-08-06,C,45968.57759953249,0.0,9910.742041549836,2684.304768783103,55879.31964108232,9720.350118166605,eval,0.0,0.0
2025-08-07,C,46613.51572119769,0.0,0.0,0.0,46613.51572119769,10455.41738918065,eval,0.0,0.0
2025-08-08,C,24175.956655570877,0.0,313.91223789065293,78.056356456744,24489.86889346153,10273.80788812514,eval,0.0,0.0
2025-08-09,C,23710.951908387884,0.0,219.60581621758936,101.73953938866691,23930.557724605475,10207.088169282833,eval,0.0,0.0
2025-08-10,C,46273.28060427176,0.0,1788.069807955595,431.4109648926798,48061.35041222735,9351.4331160678,eval,0.0,0.0
2025-08-11,C,45937.02221641497,0.0,1447.5995843197866,287.97110143239127,47384.621800734756,8375.612611027214,eval,0.0,0.0
2025-08-12,C,50729.72195135722,0.0,0.0,0.0,50729.72195135722,7544.378192623341,eval,0.0,0.0
2025-08-13,C,46023.85426159394,0.0,4407.590106205346,1797.9657702213212,50431.44436779928,10256.997608967633,eval,0.0,0.0
2025-08-14,C,44741.2597135564,0.0,6334.451764752812,1201.7068429497258,51075.71147830921,9916.505674350652,eval,0.0,0.0
2025-08-15,C,24273.27029058861,0.0,1285.4294196604183,373.38775406702496,25558.699710249028,9849.828040531429,eval,0.0,0.0
2025-08-16,C,23715.02036410573,0.0,0.0,0.0,23715.02036410573,9853.62450444169,eval,0.0,0.0
2025-08-17,C,48560.59241179167,0.0,0.0,0.0,48560.59241179167,8439.46933704085,eval,0.0,0.0
2025-08-18,C,44482.43942540747,0.0,3882.1393759279244,855.3539164520266,48364.578801335396,8575.398122888328,eval,0.0,0.0
2025-08-19,C,45324.26004350661,0.0,2548.0872080340087,748.371896497412,47872.34725154062,9978.807756011305,eval,0.0,0.0
2025-08-20,C,53680.593660577106,0.0,5931.048394610614,1153.8260517377848,59611.64205518772,8745.67849353985,eval,0.0,0.0
2025-08-21,C,45404.76306520733,0.0,6765.9967873392425,2301.420518218727,52170.75985254657,9996.669479414422,eval,0.0,0.0
2025-08-22,C,27378.40181130921,0.0,0.0,0.0,27378.40181130921,8181.587971580063,eval,0.0,0.0
2025-08-23,C,24579.804433087906,0.0,0.0,0.0,24579.804433087906,8030.900773896129,eval,0.0,0.0
2025-08-24,C,46149.647439004155,0.0,6108.764823039319,1437.7602394503338,52258.41226204347,9011.816625126185,eval,0.0,0.0
2025-08-25,C,47435.43349938914,0.0,15625.070537505242,4351.900672519322,63060.50403689438,9974.878466205671,eval,0.0,0.0
2025-08-26,C,49488.08655827706,0.0,0.0,0.0,49488.08655827706,10153.950663851621,eval,0.0,0.0
2025-08-27,C,46998.39604386595,0.0,2051.822876282212,395.6378809415628,49050.21892014816,9561.57766339706,eval,0.0,0.0
2025-08-28,C,46655.748796615924,0.0,9864.404458614154,3720.0793178613776,56520.15325523008,9363.338939677664,eval,0.0,0.0
2025-08-29,C,28186.429067870442,0.0,1185.731348648635,305.6899675799385,29372.160416519077,10508.97975677876,eval,0.0,0.0
2025-08-30,C,25834.269002561836,0.0,1.241176050825743e-13,5.684341886080802e-14,25834.269002561836,9252.278732022975,eval,0.0,0.0
2025-08-31,C,47715.0652339879,0.0,2087.9946495129825,584.0690487686409,49803.059883500886,10700.123362725182,eval,0.0,0.0
2025-09-01,C,50048.53579716024,0.0,0.0,0.0,50048.53579716024,10800.0,eval,0.0,0.0
2025-09-02,C,44742.92925379125,0.0,1.268460891878931e-13,5.684341886080802e-14,44742.92925379125,10800.0,eval,0.0,0.0
2025-09-03,C,43227.49891294795,0.0,0.0,0.0,43227.49891294795,7231.3336692802295,eval,0.0,0.0
2025-09-04,C,38188.965700298875,0.0,8483.843251639133,1822.1959824883227,46672.80895193801,9957.32066836281,eval,0.0,0.0
2025-09-05,C,23457.617788567164,0.0,0.0,0.0,23457.617788567164,10800.0,eval,0.0,0.0
2025-09-06,C,25055.882420060403,0.0,0.0,0.0,25055.882420060403,10792.483484675395,eval,0.0,0.0
2025-09-07,C,42487.885045948395,0.0,1.1689849088725167e-13,5.684341886080802e-14,42487.885045948395,9910.186790077032,eval,0.0,0.0
2025-09-08,C,35364.65696537148,0.0,24871.127442858528,6950.311781983191,60235.784408230014,9658.15550732773,eval,0.0,0.0
2025-09-09,C,38277.69903220502,0.0,8689.934753299454,1767.497332362917,46967.63378550447,9798.817182004448,eval,0.0,0.0
2025-09-10,C,37282.3416093351,0.0,20225.17668603595,5054.067687145999,57507.51829537105,6056.16526144194,eval,0.0,0.0
2025-09-11,C,43208.40148726206,0.0,3230.4822090142,691.1270292217054,46438.88369627626,10124.212112729532,eval,0.0,0.0
2025-09-12,C,19087.894509540714,0.0,1757.2919764477183,432.97323829519956,20845.186485988434,10800.0,eval,0.0,0.0
2025-09-13,C,21778.64474076898,0.0,0.0,0.0,21778.64474076898,10782.253405259853,eval,0.0,0.0
2025-09-14,C,38458.1890065671,0.0,10443.532162933403,2629.7459697646314,48901.72116950051,9207.773163091422,eval,0.0,0.0
2025-09-15,C,41118.6806446579,0.0,3380.5099759572327,902.3517205783322,44499.19062061513,10020.289813669824,eval,0.0,0.0
2025-09-16,C,39578.86090352826,0.0,4516.870327887047,1383.135190646921,44095.7312314153,8734.906202796057,eval,0.0,0.0
2025-09-17,C,39589.60147716338,0.0,6524.247983459987,1662.0106644647226,46113.849460623365,5259.884040387976,eval,0.0,0.0
2025-09-18,C,45553.635899695546,0.0,2826.4534036095956,608.3423117650522,48380.08930330514,7976.2394861266575,eval,0.0,0.0
2025-09-19,C,17943.13640792565,0.0,1627.7421448907314,384.34012643980225,19570.87855281638,6537.776622379032,eval,0.0,0.0
2025-09-20,C,20585.290678610494,0.0,1552.706410003971,421.0494297005948,22137.997088614466,9977.41874973646,eval,0.0,0.0
2025-09-21,C,47221.23596063421,0.0,741.5669611395995,199.8911881176336,47962.80292177381,10095.086973069261,eval,0.0,0.0
2025-09-22,C,40430.39533432662,0.0,3059.1718504277455,711.4169078256585,43489.56718475436,6656.678032305998,eval,0.0,0.0
2025-09-23,C,42539.16400161004,0.0,9216.273984439493,2750.8991511801228,51755.43798604954,10028.431076010678,eval,0.0,0.0
2025-09-24,C,40761.61545442925,0.0,4300.924030808979,997.359052637459,45062.53948523823,6526.92782949525,eval,0.0,0.0
2025-09-25,C,41865.55046372191,0.0,1353.7311640397359,351.84997991046106,43219.28162776165,8021.332416812855,eval,0.0,0.0
2025-09-26,C,19161.728806132935,0.0,1614.8886689422206,474.93267626370096,20776.617475075156,10123.927532643742,eval,0.0,0.0
2025-09-27,C,18110.956650672284,0.0,5644.8218445697175,1296.8733541802058,23755.778495242,5497.510456096975,eval,0.0,0.0
2025-09-28,C,48916.22122006724,0.0,4792.7534376986805,1053.5779587313048,53708.97465776592,6901.0006304062435,eval,0.0,0.0
2025-09-29,C,47226.52401377861,0.0,3474.3792491212134,884.2332866451532,50700.903262899825,6701.0118773200265,eval,0.0,0.0
2025-09-30,C,43007.99597508782,0.0,11500.786172216935,3560.4605462030713,54508.78214730475,7997.630322961588,eval,0.0,0.0
2025-10-01,C,46372.560850937414,0.0,0.0,0.0,46372.560850937414,10658.538600816268,eval,0.0,0.0
2025-10-02,C,43378.19497483049,0.0,0.0,0.0,43378.19497483049,10800.0,eval,0.0,0.0
2025-10-03,C,17313.621136182453,0.0,0.0,0.0,17313.621136182453,10605.77135091107,eval,0.0,0.0
2025-10-04,C,18588.760881405913,0.0,600.5489750355323,165.02469726640476,19189.309856441447,10800.0,eval,0.0,0.0
2025-10-05,C,40872.97954608986,0.0,0.0,0.0,40872.97954608986,10800.0,eval,0.0,0.0
2025-10-06,C,44300.508091688476,0.0,0.0,0.0,44300.508091688476,9510.296104983565,eval,0.0,0.0
2025-10-07,C,40563.517873428515,0.0,1201.4698068895468,242.98109770005192,41764.98768031806,9538.550711545065,eval,0.0,0.0
2025-10-08,C,35919.75864213703,0.0,9211.449667874074,2482.203476910492,45131.208310011105,9552.070384772283,eval,0.0,0.0
2025-10-09,C,37047.34182963251,0.0,2958.7152544225405,496.4061349246564,40006.05708405505,8157.066481391893,eval,0.0,0.0
2025-10-10,C,19824.89675737139,0.0,793.4604759704222,212.30266066535097,20618.357233341812,9772.65762753741,eval,0.0,0.0
2025-10-11,C,16379.590203495001,0.0,0.0,0.0,16379.590203495001,6388.935599626154,eval,0.0,0.0
2025-10-12,C,37926.59243020509,0.0,10865.665753152876,2657.4648511670466,48792.25818335797,6742.0372840038135,eval,0.0,0.0
2025-10-13,C,37826.76332943034,0.0,4950.245480346932,927.544320660639,42777.00880977727,6086.467181343626,eval,0.0,0.0
2025-10-14,C,45006.88927428557,0.0,9082.99620635641,1878.5235722052828,54089.88548064198,7888.825019185422,eval,0.0,0.0
2025-10-15,C,45388.43512779917,0.0,2053.7244310694978,435.25566227716126,47442.15955886866,8229.819813096798,eval,0.0,0.0
2025-10-16,C,43860.38650464662,0.0,12666.142324690285,3256.2870788710115,56526.52882933691,9519.605815422416,eval,0.0,0.0
2025-10-17,C,15425.389862912038,0.0,2574.4615888788103,746.1055058750151,17999.851451790848,5622.6534992756,eval,0.0,0.0
2025-10-18,C,17938.075977429038,0.0,4280.078267184954,1144.0539987908019,22218.154244613994,8414.789227062673,eval,0.0,0.0
2025-10-19,C,41154.722673743345,0.0,9364.12666825277,2349.4161743384284,50518.849341996116,5489.35820013424,eval,0.0,0.0
2025-10-20,C,44877.10495119235,0.0,7616.562482126692,1579.015960184552,52493.66743331904,9293.154616758628,eval,0.0,0.0
2025-10-21,C,52132.54024655116,0.0,2319.4105332597182,481.7346569745123,54451.950779810875,7873.806427279885,eval,0.0,0.0
2025-10-22,C,44036.31688727028,0.0,11630.931750898379,2637.6616732863376,55667.24863816866,9484.425347686278,eval,0.0,0.0
2025-10-23,C,44612.162189447175,0.0,2786.930634900715,596.776371017,47399.09282434789,10010.021408760282,eval,0.0,0.0
2025-10-24,C,19585.116216842693,0.0,5.192646312934812e-14,1.4210854715202004e-14,19585.116216842693,6241.4274196856995,eval,0.0,0.0
2025-10-25,C,22083.937586860946,0.0,91.42006677840259,32.0322588571838,22175.35765363935,7980.170571832384,eval,0.0,0.0
2025-10-26,C,47746.305865311704,0.0,2.5073632059502413e-13,1.1368683772161603e-13,47746.305865311704,8734.011446678525,eval,0.0,0.0
2025-10-27,C,46959.094489518,0.0,1077.875557124943,233.58336935653506,48036.97004664294,9028.296534017647,eval,0.0,0.0
2025-10-28,C,47760.909683042875,0.0,3462.504099191954,783.6238745063658,51223.41378223483,9849.33061766015,eval,0.0,0.0
2025-10-29,C,43425.10684317841,0.0,13560.409824163067,3424.690380206177,56985.51666734148,7591.263176352109,eval,0.0,0.0
2025-10-30,C,52053.26286536584,0.0,682.7633065952027,180.29541606068125,52736.02617196104,8417.070195762757,eval,0.0,0.0
2025-10-31,C,18944.70958168056,0.0,5148.7269112858785,1406.7763039369192,24093.436492966437,9589.43076358484,eval,0.0,0.0
2025-11-01,C,18570.107418698193,0.0,2090.434518827401,501.6200787760192,20660.541937525595,9673.535748814304,eval,0.0,0.0
2025-11-02,C,45454.10301490059,0.0,6798.742052119645,1489.1230423689703,52252.84506702024,8008.660091023222,eval,0.0,0.0
2025-11-03,C,52694.341285922026,0.0,1117.5466829620214,227.13951526052233,53811.887968884046,9242.390307736658,eval,0.0,0.0
2025-11-04,C,47440.968088529036,0.0,93.8543999069456,20.253476751973494,47534.82248843598,8608.616457617209,eval,0.0,0.0
2025-11-05,C,46193.240517741,0.0,5639.594870802236,1442.074232432211,51832.83538854323,8335.5867441607,eval,0.0,0.0
2025-11-06,C,48510.54777479849,0.0,9982.891281868458,2111.386416064006,58493.439056666946,10041.775895412406,eval,0.0,0.0
2025-11-07,C,19424.149524197495,0.0,0.0,0.0,19424.149524197495,8697.73523319487,eval,0.0,0.0
2025-11-08,C,19324.544768526204,0.0,3.9275249719139537e-14,1.7763568394002505e-14,19324.544768526204,9758.64563270829,eval,0.0,0.0
2025-11-09,C,47658.625492537845,0.0,7263.843644721604,2001.9238987099561,54922.469137259446,9657.509424355438,eval,0.0,0.0
2025-11-10,C,47604.95128759346,0.0,12023.079674822617,2855.854916167702,59628.03096241607,9677.391687962954,eval,0.0,0.0
2025-11-11,C,47551.36169972968,0.0,3525.691716856916,773.6526888513836,51077.0534165866,7615.203238866876,eval,0.0,0.0
2025-11-12,C,53711.14644945378,0.0,2021.1931250893285,425.74959329345404,55732.339574543104,6262.9845493689445,eval,0.0,0.0
2025-11-13,C,51029.9013414949,0.0,4862.157143046334,1243.363036623471,55892.05848454124,9243.945627929812,eval,0.0,0.0
2025-11-14,C,18786.471527190253,0.0,4894.280132889476,1460.445659801645,23680.751660079728,8756.182274925473,eval,0.0,0.0
2025-11-15,C,19563.336821634755,0.0,441.6544666405234,82.56070747818976,20004.99128827528,8540.092769530203,eval,0.0,0.0
2025-11-16,C,56061.51004486913,0.0,4794.819335926093,1005.0236726582557,60856.32938079522,7693.517868556689,eval,0.0,0.0
2025-11-17,C,58263.116067804105,0.0,2642.018242240193,577.3612883400015,60905.1343100443,9702.13227991527,eval,0.0,0.0
2025-11-18,C,51872.802578139264,0.0,1124.6562518308601,279.4721446256194,52997.45882997013,9172.531073453323,eval,0.0,0.0
2025-11-19,C,50724.01584451458,0.0,7025.605050038271,1508.2001030276347,57749.62089455285,8615.63545619363,eval,0.0,0.0
2025-11-20,C,56154.0320787848,0.0,102.18022867767452,21.68971103325717,56256.212307462476,8966.914081205545,eval,0.0,0.0
2025-11-21,C,19136.630185067275,0.0,516.1371081482883,152.29898941200926,19652.767293215562,8825.483250701585,eval,0.0,0.0
2025-11-22,C,19124.272874081853,0.0,1320.855109634319,281.3295695667231,20445.12798371617,8810.906524127211,eval,0.0,0.0
2025-11-23,C,57234.61823385717,0.0,5907.576272904587,1232.6404121803998,63142.194506761756,8862.38624571029,eval,0.0,0.0
2025-11-24,C,53657.16989949123,0.0,0.0,0.0,53657.16989949123,6462.665307471415,eval,0.0,0.0
2025-11-25,C,53815.096339014104,0.0,1663.3136504321496,353.7560790252065,55478.409989446256,8188.397988947275,eval,0.0,0.0
2025-11-26,C,53522.66728955433,0.0,4194.00097594671,956.6174725098289,57716.66826550104,8464.486338076627,eval,0.0,0.0
2025-11-27,C,55969.507648111205,0.0,1017.0120841434173,219.11939020222508,56986.51973225462,9718.889093230444,eval,0.0,0.0
2025-11-28,C,19499.251688289027,0.0,873.4794788803042,162.9597024399817,20372.73116716933,8092.208075624277,eval,0.0,0.0
2025-11-29,C,20027.357844869057,0.0,10423.162250093712,3392.008798087797,30450.52009496277,7676.601332288954,eval,0.0,0.0
2025-11-30,C,55415.5556309516,0.0,7198.77007399746,1715.7419300666993,62614.325704949064,9835.954842876703,eval,0.0,0.0
2025-12-01,C,55273.160936417175,0.0,22216.539571206413,5212.082303611542,77489.70050762358,6030.946220014627,eval,0.0,0.0
2025-12-02,C,56760.47356669661,0.0,29428.887741335886,7520.099618368256,86189.3613080325,7751.7387801907535,eval,0.0,0.0
2025-12-03,C,61433.40095402171,0.0,2075.61898891638,472.12908190901163,63509.01994293809,9345.243536806722,eval,0.0,0.0
2025-12-04,C,62062.99411915913,0.0,6925.190624534145,1400.436360462133,68988.18474369327,9829.743345986913,eval,0.0,0.0
2025-12-05,C,23624.225282498533,0.0,7807.631147390295,1938.3444530377885,31431.85642988883,9903.241115694973,eval,0.0,0.0
2025-12-06,C,23257.302871009095,0.0,10406.750802014147,3186.057271546048,33664.05367302324,9488.261087169172,eval,0.0,0.0
2025-12-07,C,64996.30900621649,0.0,1489.0019190792746,303.88589271105116,66485.31092529577,9617.211604643488,eval,0.0,0.0
2025-12-08,C,65601.11946878672,0.0,65.04424050435104,13.221717756753947,65666.16370929108,10800.0,eval,0.0,0.0
2025-12-09,C,59822.50228507859,0.0,718.47227809161,123.86940567488,60540.9745631702,8537.589643678511,eval,0.0,0.0
2025-12-10,C,62524.24949331845,0.0,6.136247066024226e-14,1.4210854715202004e-14,62524.24949331845,9358.218065810843,eval,0.0,0.0
2025-12-11,C,66290.51263758901,0.0,0.0,0.0,66290.51263758901,10254.478727534328,eval,0.0,0.0
2025-12-12,C,27804.717334946217,0.0,0.0,0.0,27804.717334946217,8342.660094626905,eval,0.0,0.0
2025-12-13,C,27515.889912583196,0.0,694.7856490223811,155.3425283544678,28210.675561605578,7617.872044732682,eval,0.0,0.0
2025-12-14,C,65822.61727396325,0.0,1844.7007403135863,387.92265114357315,67667.31801427683,10378.478817013292,eval,0.0,0.0
2025-12-15,C,67868.30980973577,0.0,3379.4004317119043,716.0925416941102,71247.71024144768,10194.471810468365,eval,0.0,0.0
2025-12-16,C,63031.68045971129,0.0,2923.102918037858,598.6124428022841,65954.78337774915,10176.831372577928,eval,0.0,0.0
2025-12-17,C,65804.88538733634,0.0,0.0,0.0,65804.88538733634,10050.435639217712,eval,0.0,0.0
2025-12-18,C,62271.988281635095,0.0,687.4521241228346,141.0834897148432,62959.44040575793,10381.463119076057,eval,0.0,0.0
2025-12-19,C,28569.19730521906,0.0,0.0,0.0,28569.19730521906,9754.768269690407,eval,0.0,0.0
2025-12-20,C,32553.746183764873,0.0,0.0,0.0,32553.746183764873,10373.393930866947,eval,0.0,0.0
2025-12-21,C,67992.08144639916,0.0,0.0,0.0,67992.08144639916,9338.03218009425,eval,0.0,0.0
2025-12-22,C,62730.67866122912,0.0,1389.5885761818608,272.7318038895953,64120.26723741098,9313.763258469447,eval,0.0,0.0
2025-12-23,C,68552.47563018854,0.0,0.0,0.0,68552.47563018854,9628.776496330003,eval,0.0,0.0
2025-12-24,C,67030.65540931355,0.0,754.9219101491894,152.21734250412126,67785.57731946274,10246.280714196653,eval,0.0,0.0
2025-12-25,C,66634.95347037101,0.0,167.47828527696834,35.75539822309315,66802.43175564798,8280.760494032975,eval,0.0,0.0
2025-12-26,C,26087.173624685456,0.0,3883.356818359016,1126.0191816164984,29970.530443044474,10118.003017958285,eval,0.0,0.0
2025-12-27,C,34554.75616116532,0.0,0.0,0.0,34554.75616116532,9426.162642614801,eval,0.0,0.0
2025-12-28,C,60711.01867015243,0.0,7.047873396004434e-14,1.4210854715202004e-14,60711.01867015243,7534.721506924768,eval,0.0,0.0
2025-12-29,C,63838.85352681583,0.0,492.9483417767915,226.83767020741652,64331.80186859262,10440.621616895627,eval,0.0,0.0
2025-12-30,C,62083.030610693604,0.0,0.0,0.0,62083.030610693604,8552.862553630592,eval,0.0,0.0
2025-12-31,C,62966.42632661229,0.0,3572.3118441473844,737.9626577533008,66538.73817075967,9617.656337818204,eval,0.0,0.0
