日期,模型,计划购电费,调整费,紧急购电费,紧急购电量,总费用,末SOC,阶段,计划紧急购电量,计划紧急购电费
2025-01-01,none,0.0,0.0,366613.56615685835,92035.17001666666,366613.56615685835,6000.0,init,0.0,0.0
2025-01-02,none,65502.51677395027,0.0,7481.679815828535,2057.4883987654293,72984.1965897788,10025.448671111111,init,0.0,0.0
2025-01-03,none,61859.710766730685,0.0,0.0,0.0,61859.710766730685,10800.0,init,0.0,0.0
2025-01-04,none,25007.79001585185,0.0,5021.16841520446,1596.7768648148153,30028.958431056308,9958.349187037036,init,0.0,0.0
2025-01-05,none,25500.224771155554,0.0,184059.76412372556,45379.05887890946,209559.9888948811,8558.511815185186,init,0.0,0.0
2025-01-06,none,62419.43830792399,0.0,3678.061097769442,1038.398127777778,66097.49940569344,10116.492809259258,init,0.0,0.0
2025-01-07,none,59530.17537370636,0.0,16797.798608191973,4834.037227503428,76327.97398189834,10232.597833333331,init,0.0,0.0
2025-01-08,none,65247.11393611398,0.0,3577.9118155027636,1168.5437166666622,68825.02575161675,10227.11604,init,0.0,0.0
2025-01-09,none,60094.50479259694,0.0,9478.48598720181,2717.2157974670754,69572.99077979875,10003.817253888888,init,0.0,0.0
2025-01-10,none,65050.279006997676,0.0,0.0,0.0,65050.279006997676,10800.0,init,0.0,0.0
2025-01-11,none,25143.325270030557,0.0,6397.590327044764,1973.0507524691457,31540.91559707532,9832.336335,init,0.0,0.0
2025-01-12,none,26585.210097493815,0.0,176129.0038624943,42986.05536076578,202714.21395998812,8455.086756666667,init,0.0,0.0
2025-01-13,none,62492.28934012931,0.0,2914.5000075395324,890.4238951666682,65406.78934766884,9989.435511666667,init,0.0,0.0
2025-01-14,none,60824.87127011575,0.0,4592.069938237491,1202.7305527777767,65416.94120835324,10265.803453703702,init,0.0,0.0
2025-01-15,none,58178.358866013456,0.0,17831.318885641398,4773.083106755838,76009.67775165485,10146.49893,init,0.0,0.0
2025-01-16,none,60439.95500175298,0.0,13957.53631026293,3477.9147062188163,74397.4913120159,9999.412269074071,init,1.8189894035458565e-12,7.929224921099375e-12
2025-01-17,none,27534.963136870967,0.0,20.138140681581234,6.51969593868921,27555.10127755255,10190.336692014236,init,-2.1085355683680974e-13,-4.600235747886926e-13
2025-01-18,none,29142.559400051254,0.0,67.49041376569413,13.855556100532567,29210.04981381695,9940.023766467546,init,7.361151688201067e-13,1.5947935132487613e-12
2025-01-19,none,59081.06560808978,0.0,11914.26089244377,2886.41224203151,70995.32650053356,9847.48401882004,init,-2.0889956431346944e-13,-7.684995750878441e-13
2025-01-20,none,60721.35658742595,0.0,6487.693151097317,1730.2602169665938,67209.04973852327,10029.574856228097,init,28.2634962831361,126.35168252081823
2025-01-21,none,60709.472845557466,0.0,230.24281450636477,64.1437484775912,60939.715660063834,10242.910487013982,init,26.205294809467848,113.28281800622544
2025-01-22,none,61145.45145865521,0.0,4324.542565401558,903.7627317397012,65469.99402405677,9529.427366119306,init,153.06151620917504,445.6946320029767
2025-01-23,none,60458.38247504282,0.0,10380.764008070853,2522.1504027642936,70839.14648311367,9822.285730210997,init,3.831202255066978,7.3049714396303544
2025-01-24,none,23352.149396827997,0.0,5742.425927645021,1623.3582778831571,29094.57532447302,9902.78026798299,init,54.73649502891874,176.67564108205903
2025-01-25,none,23318.017475255918,0.0,3314.079316526529,975.5178193872788,26632.096791782446,9848.76333486273,init,90.69327554663583,221.04030159792472
2025-01-26,none,64094.66608636636,0.0,2037.1531409513964,499.5246685546389,66131.81922731776,9785.488186300729,init,149.056581968537,506.8482644184539
2025-01-27,none,57404.317324865595,0.0,10654.572632015756,2636.724076900792,68058.88995688135,9713.615073584124,init,153.71420589273944,512.6563522985628
2025-01-28,none,60663.8681126654,0.0,3441.8128808156252,709.3731060816124,64105.68099348102,9830.473318386054,init,157.90277850458682,672.58969942549
2025-01-29,none,55454.57957137462,0.0,6428.560331046058,1592.0800553032261,61883.13990242068,10150.015729031695,init,159.93688649958102,504.5803391135745
2025-01-30,none,55655.886897952885,0.0,10999.650274467136,2683.1502696482676,66655.53717242002,9995.422819888123,init,174.93284615456852,588.1266974963143
2025-01-31,none,22560.080049479082,0.0,5571.86909869281,1655.7543673490982,28131.949148171894,10040.988345867092,init,107.1898592195148,292.3654480476388
2025-02-01,none,24125.251283300786,0.0,0.0,0.0,24125.251283300786,10712.220272024239,calibration,96.93195714789701,215.76733358381702
2025-02-02,none,57458.85612027734,0.0,0.0,0.0,57458.85612027734,10800.0,calibration,70.04135132175888,181.70315951757524
2025-02-03,none,58365.56917087466,0.0,249.78763052769142,52.71426382136087,58615.356801402355,10358.816983402327,calibration,247.28287219848258,893.9279576286308
2025-02-04,none,61595.40605435741,0.0,0.0,0.0,61595.40605435741,10550.35629220329,calibration,153.59645745365953,517.5429449402009
2025-02-05,none,54458.98191296531,0.0,4116.173604977824,932.4514844492872,58575.15551794314,9861.644157635847,calibration,115.16256407475059,366.5336798761655
2025-02-06,none,58631.64909077666,0.0,116.74023802829977,28.629543391746893,58748.38932880496,9634.855376427367,calibration,166.50358200076434,608.2361802168182
2025-02-07,none,22459.709014687738,0.0,0.0,0.0,22459.709014687738,10125.27747435262,calibration,181.42304179289846,517.0515429778268
2025-02-08,none,18225.147462244197,0.0,11246.24265268454,3104.3925491695313,29471.390114928734,9796.390836225753,calibration,51.05117384056883,115.85584323515607
2025-02-09,none,54979.692242176134,0.0,6403.901499740599,1415.4495878403077,61383.59374191673,9665.795298986024,calibration,311.1452748538153,909.5885368871668
2025-02-10,none,50986.34301785165,0.0,626.2883163299986,201.30095612818673,51612.63133418165,9535.218550674943,calibration,326.75415263943387,1126.3893282611139
2025-02-11,none,52988.54236153947,0.0,5566.777510934397,1160.779382485053,58555.31987247386,9663.702174359425,calibration,122.5457173833845,369.26385729338983
2025-02-12,none,53617.66485149738,0.0,605.9648212013719,147.425411999571,54223.62967269875,9744.487276842263,calibration,160.4842990077098,606.3083710337271
2025-02-13,none,49791.73283679533,0.0,1464.478631961806,380.4896260622427,51256.21146875714,9765.376356323564,calibration,260.5915750893441,809.6747175544314
2025-02-14,none,18483.88926343587,0.0,5564.780014229209,1408.1107425879304,24048.66927766508,9510.35640000636,calibration,113.00953289456827,296.73805048877296
2025-02-15,none,19019.705151873008,0.0,1062.4692981000576,271.15906076046514,20082.174449973067,9622.142184284345,calibration,276.2438853436163,584.267330666246
2025-02-16,none,54195.13847422866,0.0,971.6827460218867,227.4349285255936,55166.821220250546,9743.271981066622,calibration,308.5169299581682,986.3677160484428
2025-02-17,none,53235.70059546092,0.0,384.2827076678461,91.46551278020297,53619.98330312876,9645.682728377258,calibration,187.58139082638644,658.9853019116732
2025-02-18,none,47646.91374038103,0.0,7977.52443557271,2149.1932827288715,55624.43817595374,9777.341037043378,calibration,52.170292464393,124.82252600140274
2025-02-19,none,47620.31196797398,0.0,5510.809044997195,1394.6175016156644,53131.121012971176,9526.426178586706,calibration,206.53585503767357,629.4562583507828
2025-02-20,none,50488.62786042162,0.0,699.918576558331,175.87662922169363,51188.54643697995,9814.165148848402,calibration,142.7508373142318,504.39855054908367
2025-02-21,none,17882.19471395896,0.0,4667.00598551871,1172.9551446236187,22549.20069947767,9628.16757773385,calibration,49.5053256138666,113.19758521966068
2025-02-22,none,18715.858712816225,0.0,72.78339029260728,13.286489648157591,18788.642103108832,9907.887415108373,calibration,70.8241614697196,214.86713907276982
2025-02-23,none,49453.460147892736,0.0,3529.232619306454,753.9283663345892,52982.69276719919,9589.590347791045,calibration,259.8508926857434,842.2652084888334
2025-02-24,none,47625.54558223378,0.0,332.9756917170326,78.92036097460709,47958.52127395081,9818.178243803592,calibration,334.7111951678304,955.4242633601655
2025-02-25,none,48939.34094485997,0.0,827.1546775037942,195.012582664773,49766.495622363764,9794.007727432981,calibration,117.3118971516434,337.4873606572538
2025-02-26,none,44175.9219602736,0.0,8257.654189931594,2341.974999544459,52433.57615020519,10053.3801637472,calibration,48.99259042007104,114.98898492567396
2025-02-27,none,44544.34084979491,0.0,3213.283394977728,755.1609246654277,47757.62424477264,9704.628426060739,calibration,300.3158927989964,718.510054652775
2025-02-28,none,17849.636680030813,0.0,928.6727401151959,262.1384342217894,18778.309420146008,9728.783642544,calibration,30.456294703536173,75.21128185846142
2025-03-01,none,19813.145711129575,0.0,0.0,0.0,19813.145711129575,10044.539041782069,calibration,73.53449064627264,158.57589410448327
2025-03-02,none,51053.60911179069,0.0,0.0,0.0,51053.60911179069,9872.752940694074,calibration,283.37527278968776,763.8098396451717
2025-03-03,none,52808.515940889454,0.0,2971.067264300669,635.7486401244753,55779.58320519012,9737.605690430022,calibration,106.05773117258336,271.7371661683118
2025-03-04,none,46890.52658736582,0.0,4506.001406526292,1335.9689555921495,51396.527993892116,9848.053708116444,calibration,195.06881101245762,571.3797584355577
2025-03-05,none,46939.116920574794,0.0,1273.2802574350555,320.9061897362928,48212.39717800985,9714.343773588436,calibration,166.28090700099625,584.5607194335187
2025-03-06,none,43410.25609927347,0.0,3212.095168551509,759.2066060347858,46622.35126782498,9785.88711940397,calibration,366.7723067031631,1133.800586709684
2025-03-07,none,18169.57005280487,0.0,0.0,0.0,18169.57005280487,10541.275160106048,calibration,63.35956773325281,203.2645164696839
2025-03-08,none,16322.75449393813,0.0,1811.7108986866308,481.34312039995484,18134.46539262476,10426.972943172179,calibration,10.942481680482382,27.737097965932406
2025-03-09,none,43461.26985608829,0.0,4780.773738118387,1257.9566593603224,48242.04359420668,10074.423051784855,calibration,281.14476398016484,681.9752556154743
2025-03-10,none,42882.90961432556,0.0,10474.463247137119,2611.533048940073,53357.372861462674,9729.593645660607,calibration,56.95906601253263,142.122886341347
2025-03-11,none,38339.60369972087,0.0,22822.391468439524,7291.210992163406,61161.9951681604,9953.014804875267,calibration,130.2360843411806,347.6023523552793
2025-03-12,none,44870.433526161374,0.0,305.7365769286059,75.8003269942036,45176.17010308998,9778.9782887799,calibration,349.1795707779935,948.3174714132176
2025-03-13,none,44440.58333222261,0.0,7049.877323372865,1751.271237588426,51490.460655595474,9702.888348995752,calibration,130.3363664961804,282.70543676551785
2025-03-14,none,16107.010447050576,0.0,4618.604385253719,1136.657401010138,20725.614832304294,9806.407715840884,calibration,112.8047170037916,289.88900292576494
2025-03-15,none,15917.649388896856,0.0,3085.7740748842225,578.3765601203417,19003.42346378108,9646.54826601441,calibration,171.8210400314038,414.72374076736253
2025-03-16,none,42577.65970432875,0.0,2357.076245122612,806.8725840754238,44934.73594945136,9980.763286293248,calibration,330.32189695824974,899.7592086952515
2025-03-17,none,39833.01330856869,0.0,1886.1067410705318,417.05438563893136,41719.12004963922,9832.80968038375,calibration,195.61026155080648,463.20311672580874
2025-03-18,none,47277.278532943696,0.0,0.0,0.0,47277.278532943696,10122.610252699358,calibration,242.64023655173224,588.8999911804219
2025-03-19,none,36709.87877100587,0.0,11974.300174849051,4408.938402377984,48684.17894585492,9890.176332386432,calibration,206.14673692470387,517.3862355505552
2025-03-20,none,42885.78837766129,0.0,5722.1010896646185,1324.2315274129776,48607.889467325906,10051.063365338625,calibration,273.9164252796592,665.0210854305682
2025-03-21,none,15590.392969774584,0.0,1521.9408967552808,466.0272599148764,17112.333866529865,10259.602686805396,calibration,76.59669451386296,235.73044792396763
2025-03-22,none,16376.861918674294,0.0,0.0,0.0,16376.861918674294,10614.548140582985,calibration,37.99184762050826,132.7290699059469
2025-03-23,none,42093.35978993632,0.0,524.2625997791904,230.5464813584855,42617.622389715514,10183.199406325179,calibration,41.28360343228417,94.9953796589808
2025-03-24,none,39227.06202840105,0.0,500.7279946984629,212.13328575285374,39727.790023099515,9625.814725388085,calibration,133.96898657903404,298.9835861779353
2025-03-25,none,45282.75354604793,0.0,762.7151663819952,246.4712418613567,46045.46871242992,9828.718504072158,calibration,326.57464578139,1108.8890761119974
2025-03-26,none,38629.536697418596,0.0,3919.8805937728484,1008.2089121999268,42549.41729119144,10251.514203586412,calibration,180.49211505476256,409.0186980629346
2025-03-27,none,41445.851773761744,0.0,0.0,0.0,41445.851773761744,10271.624798148227,calibration,152.55830676910296,382.50817442879264
2025-03-28,none,15499.430439875265,0.0,396.3545684540776,91.5136995079993,15895.785008329342,10165.84940587954,calibration,95.9813936875615,239.38937216910813
2025-03-29,none,15232.16621581799,0.0,2167.9800845197838,468.97429704804847,17400.146300337772,9889.474620916431,calibration,43.74132534362091,92.41524748771225
2025-03-30,none,39966.30856750939,0.0,1.4230749911803288e-13,5.684341886080802e-14,39966.30856750939,10469.322561500016,calibration,261.7236974023846,671.0170448407641
2025-03-31,none,34545.98553465707,0.0,13290.19055828653,4751.403852708387,47836.1760929436,10139.027736998736,calibration,229.79828699787714,620.2896782287752
2025-04-01,none,42506.482476868405,0.0,2085.7419555896317,486.84449645125636,44592.22443245804,9946.644099944866,eval,367.1681623401579,1103.1379417907879
2025-04-02,none,41463.605672809485,0.0,2632.1869515747067,556.7500990419135,44095.792624384194,9857.172693705808,eval,113.94719741586395,274.77749657232664
2025-04-03,none,42684.9620446086,0.0,0.0,0.0,42684.9620446086,10015.960255365168,eval,330.1898747807059,841.6225690139166
2025-04-04,none,14301.349287554145,0.0,0.0,0.0,14301.349287554145,9849.704021374766,eval,65.4233833867824,151.66811573289232
2025-04-05,none,14451.697902498723,0.0,12647.958388060299,3299.80108249143,27099.65629055902,9690.038756074533,eval,68.73117276954925,187.75154319425616
2025-04-06,none,39676.528349371474,0.0,159.45922335490195,38.469869668221236,39835.98757272638,9902.4666144989,eval,182.5273792634413,438.7769551428104
2025-04-07,none,33674.19205463692,0.0,12598.262098497667,3527.2849785424078,46272.45415313459,9874.774749001883,eval,132.60271885341237,289.599819797559
2025-04-08,none,39840.26652855596,0.0,1071.384644677235,213.6630474878276,40911.6511732332,9676.767721420756,eval,732.234819364517,2202.3791968957344
2025-04-09,none,38429.74786476794,0.0,3187.818730300242,1329.5748475976657,41617.56659506818,9885.411489154587,eval,209.9420863576849,554.2976909485712
2025-04-10,none,38692.4284944342,0.0,1086.1111710167504,298.91808953098405,39778.53966545095,10159.345837062328,eval,581.1562402155593,1580.7614732291638
2025-04-11,none,13278.32336295238,0.0,6848.232139603094,1522.4152610779922,20126.555502555475,9520.20392915232,eval,74.15890876693236,162.99877530599625
2025-04-12,none,14967.50854907881,0.0,0.0,0.0,14967.50854907881,10464.057596745572,eval,45.156700395968535,124.68277660486714
2025-04-13,none,34540.69960017165,0.0,6324.267240212703,1764.8172602648972,40864.96684038435,9932.85229211754,eval,156.8415789110156,353.72780171369675
2025-04-14,none,38112.117418873466,0.0,0.0,0.0,38112.117418873466,10183.520814322148,eval,421.21143871271977,1203.1459452133013
2025-04-15,none,32738.358772456726,0.0,10043.778876575398,2493.002503072091,42782.13764903213,10011.472324370214,eval,291.9206167586079,652.9781104181826
2025-04-16,none,36402.45807590535,0.0,4652.331004864669,1021.473890839051,41054.78908077002,9538.842591913959,eval,267.75199220946854,712.4047728125117
2025-04-17,none,34372.079009696026,0.0,9042.562399123733,2804.7223118521765,43414.64140881976,9972.229921084101,eval,531.4740072257774,1300.7801815785456
2025-04-18,none,13155.69492857183,0.0,7050.437883405092,2069.4443304135375,20206.13281197692,10072.652414734168,eval,70.79651196497045,192.63492708972072
2025-04-19,none,13137.81996963609,0.0,6716.978471735492,1578.7080606315599,19854.798441371582,9917.206446720547,eval,67.30132301087812,156.56774709928985
2025-04-20,none,34118.31472279043,0.0,8906.637046344737,2560.5396480699287,43024.951769135165,9885.350522385537,eval,28.23038739126157,66.4234551074506
2025-04-21,none,35645.785543554135,0.0,0.0,0.0,35645.785543554135,9749.833399501747,eval,42.200539361814506,146.24383902891105
2025-04-22,none,31821.82524953786,0.0,17367.046780675824,5426.061395536167,49188.87203021368,9643.758628966265,eval,354.4342879156019,1142.9784532218844
2025-04-23,none,31299.11229464441,0.0,18301.983997436007,5599.486370339106,49601.096292080416,9988.208768872664,eval,197.57580415625858,407.19110877808737
2025-04-24,none,31499.943946504427,0.0,4298.302456141895,1124.1929623226752,35798.24640264632,9588.594419262847,eval,84.90105225814251,218.9767577304684
2025-04-25,none,13154.231404642025,0.0,0.0,0.0,13154.231404642025,10231.217786771582,eval,35.17346223106252,137.77513126950572
2025-04-26,none,12989.378946635008,0.0,5572.38844617181,1273.4799876499662,18561.767392806818,9837.40633538844,eval,50.381850094649494,107.09208628601573
2025-04-27,none,31572.3017567258,0.0,5031.289038669575,957.6199383802968,36603.59079539537,9875.99385306583,eval,85.18982691770321,181.19856984527698
2025-04-28,none,37288.30983832786,0.0,0.0,0.0,37288.30983832786,9853.300897887215,eval,133.70310827018739,406.0914515472831
2025-04-29,none,31061.472739167162,0.0,5594.52568703865,1209.2600981348846,36655.99842620581,10065.968541898337,eval,90.4039263559707,253.36061690160597
2025-04-30,none,30760.016381922855,0.0,9216.96056758968,3249.608354360683,39976.97694951254,9892.961030857034,eval,64.66389475454187,186.21764155318317
2025-05-01,none,32546.18916199573,0.0,14797.565576567322,2508.937772752611,47343.75473856305,8935.202542676121,eval,226.54163273986165,446.9412059975019
2025-05-02,none,14327.931152002264,0.0,13347.258573295276,2662.081401735927,27675.18972529754,9266.661655490541,eval,38.63847248085488,120.70881313060895
2025-05-03,none,13403.787045243986,0.0,12057.407592023237,2067.3934331710407,25461.194637267225,9532.378539482403,eval,131.2090243752922,332.69577867717396
2025-05-04,none,33900.643192036165,0.0,9657.284358398272,1616.0609901472858,43557.92755043444,9108.116082603592,eval,185.25473696732973,412.6035692962934
2025-05-05,none,35272.253509135815,0.0,12276.009295106422,3203.63269970631,47548.26280424224,9305.094012833662,eval,154.91235182122978,353.59388495970944
2025-05-06,none,31946.946086398973,0.0,24565.80325021539,5209.767305061803,56512.74933661436,9242.85059982218,eval,151.76663041970878,425.71099191200074
2025-05-07,none,36234.91588193907,0.0,12339.060573585568,3407.358063153162,48573.97645552464,9502.560892096273,eval,260.506179382804,562.6419509391988
2025-05-08,none,37039.13112265533,0.0,4477.3939727990255,924.513807503312,41516.52509545436,9990.070529806708,eval,593.8181922958089,1374.3836419415247
2025-05-09,none,15848.74526328575,0.0,260.75560242908944,110.6247813050734,16109.50086571484,10659.07611404571,eval,69.778172229136,194.55700051509248
2025-05-10,none,16217.807065725237,0.0,754.41706572714,163.4111868389932,16972.224131452378,10476.469042597266,eval,158.9972059001992,750.860184270012
2025-05-11,none,37473.08015514265,0.0,0.0,0.0,37473.08015514265,9446.290661294483,eval,443.81266080626426,1315.2633867962845
2025-05-12,none,32960.10700639865,0.0,13594.581030092588,3954.346462574444,46554.688036491236,10096.56320195633,eval,230.72445630977467,548.2880947498664
2025-05-13,none,37425.133838366564,0.0,3706.800170827936,716.6202770326572,41131.9340091945,10179.047342413049,eval,399.45327344103634,949.1799291227319
2025-05-14,none,36614.64448532222,0.0,1865.7585234802418,794.1696358538106,38480.40300880246,9924.816548886645,eval,518.0466612893354,1342.105867765636
2025-05-15,none,36669.13085691841,0.0,1736.7776143603974,778.9513661023213,38405.90847127881,10263.861290366696,eval,400.9677062503048,1032.4924314718774
2025-05-16,none,14822.953156325055,0.0,75.03529252849832,18.545549315002056,14897.988448853554,10035.143002151352,eval,37.632610928706775,100.23286193183426
2025-05-17,none,14642.802624466636,0.0,838.246769402763,145.18779892353598,15481.0493938694,9630.227965255419,eval,54.846751222127565,217.76821593780147
2025-05-18,none,36824.01396770119,0.0,1645.0033882991108,713.677909945985,38469.0173560003,10287.278979899917,eval,252.29001733295127,580.2800832650491
2025-05-19,none,34168.29457841275,0.0,281.63885583439134,41.758300220089154,34449.93343424714,9630.418814919565,eval,385.71317066941083,822.4525913673626
2025-05-20,none,34019.428355324104,0.0,12720.13577502239,3356.174286161794,46739.564130346494,9274.060818203976,eval,705.43730055324,1802.1113252622617
2025-05-21,none,33030.2446985899,0.0,11998.975046934416,3241.605646483792,45029.219745524315,9352.276217837105,eval,56.07956375826531,197.01962803090328
2025-05-22,none,34368.14355941136,0.0,7814.372327481733,2820.7382818505307,42182.51588689309,10049.088698793965,eval,186.22461734509494,451.7745660576079
2025-05-23,none,14151.637810190925,0.0,3993.9609556974956,790.1465757406972,18145.59876588842,10162.072129392396,eval,211.25555627496973,1135.4345673202247
2025-05-24,none,15110.449372052772,0.0,1654.5339223070125,478.014301468088,16764.983294359783,10737.440208982789,eval,180.34784458181173,908.9524642256176
2025-05-25,none,35334.03508220223,0.0,3674.466334462764,756.827545429665,39008.50141666499,10100.041786030275,eval,186.95882452534235,438.857697293616
2025-05-26,none,33802.65298469688,0.0,15136.206136764738,4909.643705034349,48938.85912146162,9829.004416788166,eval,121.53224639993591,403.892929006122
2025-05-27,none,33419.30148545464,0.0,2265.968759204797,530.9504874110372,35685.27024465944,9147.50582322519,eval,322.77594865308697,915.8101430682524
2025-05-28,none,35839.39986020251,0.0,0.0,0.0,35839.39986020251,9863.792211941927,eval,372.63094974101125,947.1468841100123
2025-05-29,none,33744.37424037572,0.0,11062.17638990439,2656.0359984130655,44806.55063028011,10051.564894854464,eval,331.27967552264596,779.9727547118764
2025-05-30,none,14518.336640820176,0.0,781.8333745998326,164.13592825920477,15300.17001542001,10047.802593239556,eval,36.043597350164134,154.70709975458334
2025-05-31,none,15854.325307743646,0.0,26.55321643367786,11.963602808595567,15880.878524177324,10334.006232435586,eval,68.21113284428077,239.86509044898867
2025-06-01,none,46173.46525354626,0.0,18428.955152819748,3291.62048735149,64602.42040636601,8613.29646834674,eval,128.1015242880997,335.0160811531011
2025-06-02,none,48174.57445246268,0.0,9262.462392762893,1420.7252738180368,57437.03684522557,7390.0306497255015,eval,217.18342115958043,492.0903292699554
2025-06-03,none,43311.33725055896,0.0,15846.993875344247,2788.0750850235363,59158.331125903205,6823.505018447501,eval,460.36423105581616,1322.9930941680798
2025-06-04,none,56149.73298442975,0.0,819.7006626248432,320.18916876794503,56969.43364705459,9913.342482441321,eval,478.86212898821975,1298.365762683725
2025-06-05,none,47613.96075656007,0.0,11234.937765103517,2538.938813803299,58848.898521663585,9667.388957266596,eval,177.46969069390133,582.0280716385655
2025-06-06,none,18469.70071495696,0.0,15198.463305245168,3095.7862935021785,33668.16402020213,8421.319376862466,eval,207.543138108405,614.0602065077409
2025-06-07,none,21463.66654989248,0.0,10554.171405351686,1783.5747906624633,32017.83795524417,9094.012876188966,eval,403.27015252006106,895.9534128381247
2025-06-08,none,46511.223850460876,0.0,10145.222871893006,2754.4608624368625,56656.44672235388,10258.807776339447,eval,125.74544437950166,284.96477572163155
2025-06-09,none,51383.836495422875,0.0,0.0,0.0,51383.836495422875,10693.592002999823,eval,189.15796007860482,428.15686032268593
2025-06-10,none,48459.777033711325,0.0,8.882494739737012e-14,2.1316282072803006e-14,48459.777033711325,9111.063609251849,eval,199.4835129976651,482.3418571884129
2025-06-11,none,50684.3820055588,0.0,11707.452235271849,4193.756688747684,62391.83424083065,10656.875282167564,eval,423.311590615804,1488.848808237412
2025-06-12,none,49560.8051488171,0.0,0.0,0.0,49560.8051488171,9931.629355235316,eval,162.60850669335224,516.6708530707438
2025-06-13,none,25100.503670796686,0.0,0.0,0.0,25100.503670796686,10788.547254549501,eval,79.60258718279061,308.63400092727125
2025-06-14,none,24021.19840119997,0.0,0.0,0.0,24021.19840119997,10800.0,eval,99.02328769238048,513.7602459383723
2025-06-15,none,45680.19097950669,0.0,9794.567931808424,3620.56288728849,55474.75891131511,10491.809019544347,eval,219.84175622461757,521.6286190510025
2025-06-16,none,48706.882340597964,0.0,5495.629776625297,1120.621570450508,54202.51211722326,9855.841110025556,eval,207.34525532628214,519.5388099819085
2025-06-17,none,49103.504243159565,0.0,3826.283500977299,1203.120765798907,52929.78774413686,7025.226730956026,eval,349.8199512898009,898.7872736319971
2025-06-18,none,50840.94296829296,0.0,0.0,0.0,50840.94296829296,10671.971037278388,eval,823.9900118484559,2611.195490919673
2025-06-19,none,47780.32816370879,0.0,5053.050689685426,1043.1504074304949,52833.37885339422,9119.309966355373,eval,258.5689955779229,594.8957640420135
2025-06-20,none,21299.538556028834,0.0,0.0,0.0,21299.538556028834,10307.809567969882,eval,61.85592753773351,150.39641335142605
2025-06-21,none,20029.060407956596,0.0,423.12444967552904,127.93806592317534,20452.184857632124,10800.0,eval,148.9885773568864,463.4468191674432
2025-06-22,none,44544.711365971336,0.0,7333.6780350768295,1897.2644379793976,51878.38940104817,10168.424137762828,eval,238.93586232768925,584.808188888969
2025-06-23,none,47064.43483876169,0.0,5117.4959327165225,1341.160123994141,52181.93077147821,10119.324345851663,eval,385.54090185075216,1267.0870682060076
2025-06-24,none,53356.98586010487,0.0,3874.4462443351495,840.4400365745016,57231.43210444002,10439.261953895286,eval,797.8085981247907,2744.0628530854183
2025-06-25,none,46284.251325125726,0.0,7247.901227265822,1736.5956522016836,53532.15255239155,8696.728231607101,eval,496.99423908768114,1397.7366318056995
2025-06-26,none,46859.21841012033,0.0,10221.952951811092,2853.8510060107046,57081.171361931425,9982.563232159286,eval,445.1519911107959,1257.7708789595988
2025-06-27,none,19959.32168181061,0.0,749.7072580450969,358.5937122466638,20709.028939855707,10098.686949623416,eval,147.85332589268722,499.39740301101153
2025-06-28,none,19289.07168559911,0.0,639.5038182134996,157.1816530451193,19928.575503812608,10093.369830787882,eval,81.69900618250138,256.65301304159556
2025-06-29,none,45150.28328759147,0.0,16651.613645578702,4368.1465808937,61801.89693317017,8182.560632660231,eval,377.5429609835021,1156.4484813487945
2025-06-30,none,47910.911904520486,0.0,4.274340881238459e-13,1.7053025658242404e-13,47910.911904520486,9623.320715406762,eval,702.141934482315,1896.998122579656
2025-07-01,none,40078.30306792263,0.0,58291.60069287096,17144.48042195939,98369.90376079359,6194.485287737957,eval,493.62712700562025,1274.4223610063386
2025-07-02,none,51743.571374112274,0.0,0.0,0.0,51743.571374112274,9245.008580890208,eval,154.08507955990473,426.10037785665247
2025-07-03,none,55099.13845450655,0.0,2799.561978994939,705.5152748123628,57898.70043350149,10109.353097984313,eval,532.1857946023013,1630.5895883058813
2025-07-04,none,21986.50867641029,0.0,22040.632151485035,6492.319423307387,44027.140827895324,7371.698438576901,eval,151.74996777980238,766.4488493921406
2025-07-05,none,24099.828154502058,0.0,19192.670190534176,5544.871791530732,43292.498345036234,8634.313706347024,eval,339.2903673481352,886.4403015345797
2025-07-06,none,54502.11839252161,0.0,14464.313938824009,3695.0065603149355,68966.43233134563,9762.46797552912,eval,1342.4633277501982,4436.25260722565
2025-07-07,none,56328.243741507256,0.0,151.55493242003422,30.549270796217346,56479.79867392729,10800.0,eval,198.8892179974689,470.1704252271978
2025-07-08,none,60639.487344574314,0.0,0.0,0.0,60639.487344574314,10800.0,eval,305.22385859778535,844.8176324422427
2025-07-09,none,55334.44509534926,0.0,0.0,0.0,55334.44509534926,10085.351506900795,eval,212.70274358828834,482.97591854143747
2025-07-10,none,52377.30426357138,0.0,1402.6918252981968,285.9836280391308,53779.99608886958,9892.397656872157,eval,1291.5933834807854,3663.0992944886107
2025-07-11,none,31280.493291908497,0.0,0.0,0.0,31280.493291908497,10800.0,eval,69.85589416278043,175.62945270842627
2025-07-12,none,28237.15738999166,0.0,904.2361435475057,231.33769603170185,29141.393533539165,9468.85646259316,eval,177.20172239777534,776.0914983450001
2025-07-13,none,54644.41473512612,0.0,103.14083009435612,15.300523675175214,54747.55556522048,10173.091386174925,eval,401.4639030487055,1016.1049735361582
2025-07-14,none,48286.29900213539,0.0,7243.036036155474,1431.0629342348434,55529.33503829087,9807.558949393324,eval,143.42494279658837,327.9163344536374
2025-07-15,none,52858.138595256125,0.0,0.0,0.0,52858.138595256125,10800.0,eval,179.12764648332245,481.21756053456465
2025-07-16,none,47721.14172877393,0.0,3293.856377521818,958.5720742221965,51014.99810629575,5335.254143597044,eval,395.30545218474106,982.463880418293
2025-07-17,none,50389.41900941255,0.0,13185.761622925671,3650.091684888357,63575.18063233822,9490.51359427169,eval,204.7378858869747,524.4354076187249
2025-07-18,none,25021.468340339226,0.0,0.0,0.0,25021.468340339226,5737.374237384975,eval,101.798095645285,338.05396959763164
2025-07-19,none,29878.036680797442,0.0,327.06354108549607,156.66279049708203,30205.100221882938,10626.895765737336,eval,380.2176234034599,1431.8642457314736
2025-07-20,none,49754.66205154066,0.0,1745.901481368263,343.8388049707159,51500.56353290893,9841.462636598168,eval,471.5787435359745,1177.6552560140512
2025-07-21,none,52623.649912589186,0.0,692.3982877750323,204.10398590551355,53316.04820036422,10303.363384381546,eval,1437.1412913757254,4516.131125683341
2025-07-22,none,48946.490293852374,0.0,3197.271429432571,806.4052722279869,52143.761723284944,8275.679962184427,eval,220.45109462374998,512.4696578977047
2025-07-23,none,57637.13753510013,0.0,318.63364915952826,151.074617745355,57955.77118425966,10200.33380812845,eval,94.09228234085917,206.84059021744707
2025-07-24,none,54161.81768035125,0.0,357.4214272481777,151.82286904108162,54519.239107599424,6596.473947827295,eval,698.8408854740668,2078.4381496772116
2025-07-25,none,26707.297451845592,0.0,0.0,0.0,26707.297451845592,10123.143285169215,eval,161.28905416656863,660.5749080781709
2025-07-26,none,25313.172040135145,0.0,0.0,0.0,25313.172040135145,10186.590216566117,eval,324.2861213187686,940.6290028639689
2025-07-27,none,49984.33116036591,0.0,5177.858933512259,1130.1668310992168,55162.19009387817,8143.782876776363,eval,528.7808287440081,1270.621844993481
2025-07-28,none,52546.80968836637,0.0,8625.750640932674,2040.7850285545044,61172.56032929904,9625.899332229077,eval,127.74715406321062,292.4640398802722
2025-07-29,none,51856.114512368,0.0,4497.828858262796,1149.0270661543634,56353.9433706308,8709.667505447216,eval,437.87390822993,1229.8212874041662
2025-07-30,none,46080.70865860357,0.0,27664.77360570964,8141.064837249261,73745.4822643132,9922.31866126849,eval,123.9142959377375,264.99163881894503
2025-07-31,none,48927.47850455685,0.0,14388.217604080945,3433.992175055165,63315.69610863779,9743.961200689251,eval,556.9133075722464,1552.3304730806792
2025-08-01,none,25288.901786072936,0.0,320.1621075754356,143.8758044152999,25609.063893648374,10657.816180914298,eval,137.0657496263681,680.9341281583872
2025-08-02,none,24625.078687837944,0.0,0.0,0.0,24625.078687837944,10319.888188001207,eval,121.30447342329504,390.51511949504993
2025-08-03,none,42440.55345469985,0.0,8076.596409300088,1814.2533837824074,50517.14986399994,9567.141367171773,eval,301.14853325781877,643.0684303805901
2025-08-04,none,46372.462647574575,0.0,1045.436417894604,316.7989145135163,47417.89906546918,10120.305523685247,eval,197.32712295155937,433.6646627850838
2025-08-05,none,44184.52210946119,0.0,4572.388765798919,1944.4474492612162,48756.91087526011,9898.586149064266,eval,447.1657438423761,1178.0730052366473
2025-08-06,none,49862.27974722539,0.0,746.2346802585231,333.63801952435983,50608.51442748391,9941.451143922815,eval,350.48321202780005,779.5748478471245
2025-08-07,none,50400.91271327424,0.0,1115.7446167611488,306.73980021943714,51516.65733003539,9392.54983746656,eval,51.65777518287397,154.3266376276878
2025-08-08,none,24131.423394339017,0.0,0.0,0.0,24131.423394339017,10038.719454948296,eval,126.06994029508976,636.6952604462454
2025-08-09,none,23673.050468734444,0.0,0.0,0.0,23673.050468734444,9946.788785480267,eval,110.56435234801354,397.0227510817514
2025-08-10,none,47599.434624978574,0.0,0.0,0.0,47599.434624978574,10800.0,eval,619.432241917968,1534.1372030769357
2025-08-11,none,41874.22947271132,0.0,5263.32120684624,1419.9927007329402,47137.55067955756,7494.920613088038,eval,914.4138622871908,2564.636437284506
2025-08-12,none,50932.113737183674,0.0,0.0,0.0,50932.113737183674,9100.76579799473,eval,76.19353126224087,306.26105703587854
2025-08-13,none,44466.29000354517,0.0,11967.839921884064,3016.93739679471,56434.12992542923,10155.61669867308,eval,230.2506886891268,598.3822246537324
2025-08-14,none,46231.58571748356,0.0,2204.9804296285683,512.8862106841739,48436.56614711213,9998.225830341866,eval,345.8823635367306,838.5943501931231
2025-08-15,none,24891.915947708756,0.0,0.0,0.0,24891.915947708756,9989.217054831764,eval,113.5294486354702,502.33077874561167
2025-08-16,none,26236.162517220597,0.0,1550.1440686544058,417.5915322596805,27786.306585875,9892.019258156804,eval,90.85684354513714,275.41111445740137
2025-08-17,none,47739.882065983154,0.0,0.0,0.0,47739.882065983154,7945.621228039302,eval,444.7346877684522,1051.0310674064103
2025-08-18,none,46157.25382522732,0.0,1302.7038601892123,524.9945259288758,47459.957685416535,8730.890657777098,eval,125.7188734542165,427.0142573308967
2025-08-19,none,44565.905137084614,0.0,1786.9091527265991,531.0173177468263,46352.81428981121,9924.298915515777,eval,473.1762377183363,1213.3885596918858
2025-08-20,none,50982.7333378199,0.0,412.2149177203386,84.06986751065078,51394.948255540236,9563.772488624916,eval,192.2258508025292,416.0561335297657
2025-08-21,none,47650.24883007277,0.0,1041.3481142553628,171.08537085470778,48691.596944328136,9828.47297456217,eval,583.1357276726277,1597.9085280328416
2025-08-22,none,24963.68896668942,0.0,1214.6959918149973,451.3705476638925,26178.38495850442,9433.419424415397,eval,858.8159508865789,2993.697644857268
2025-08-23,none,23390.74269706637,0.0,3905.7841843555784,758.002646816787,27296.52688142195,7574.045434985252,eval,217.58231770309482,761.5691051141719
2025-08-24,none,46705.27484974671,0.0,3128.8582977952833,934.7044555645384,49834.133147541994,8945.988128129831,eval,165.00460418649828,431.28384881409045
2025-08-25,none,59765.20564271153,0.0,591.8541141667987,217.19256045482445,60357.05975687833,10339.471073609455,eval,291.7971978810396,826.6577897401542
2025-08-26,none,46670.08334543451,0.0,2795.3693606424795,830.6797086460851,49465.45270607699,10644.884984369108,eval,50.97351837378024,193.41137900112392
2025-08-27,none,46621.28217875064,0.0,11197.01939748686,2991.5521000858107,57818.3015762375,9295.505971394578,eval,291.2763873552409,712.2925828978083
2025-08-28,none,46104.84270699725,0.0,17586.84426009298,4457.710610781304,63691.68696709024,9139.923321672799,eval,562.9819540034662,1685.1107226346041
2025-08-29,none,26719.22883363578,0.0,524.1368582086669,144.18262070429512,27243.365691844447,10511.548221467337,eval,174.71702210472745,556.0058087232167
2025-08-30,none,25180.11554740453,0.0,0.0,0.0,25180.11554740453,9931.371215440933,eval,95.9543462896826,320.2385977809545
2025-08-31,none,46795.635051216515,0.0,2441.1891408977144,457.47719633796663,49236.82419211423,9261.47243476915,eval,465.12433440685635,1202.3224600273322
2025-09-01,none,51161.079890829315,0.0,0.0,0.0,51161.079890829315,10800.0,eval,668.1760170256496,1983.3359436301266
2025-09-02,none,42614.944250189204,0.0,0.0,0.0,42614.944250189204,10800.0,eval,397.2178281724052,1045.2120141649848
2025-09-03,none,37920.505105807744,0.0,0.0,0.0,37920.505105807744,8236.973496294888,eval,152.68492202253748,504.2552390442978
2025-09-04,none,40195.49348567173,0.0,5373.002818414745,1166.4887353731913,45568.496304086475,10033.823195793477,eval,408.9233757069456,1177.4653089536996
2025-09-05,none,23020.18677062336,0.0,0.0,0.0,23020.18677062336,10800.0,eval,274.3476521804679,1035.6748995287667
2025-09-06,none,23330.512643378923,0.0,0.0,0.0,23330.512643378923,10792.483484675395,eval,121.10368576612004,383.6623854569863
2025-09-07,none,37404.795001658495,0.0,0.0,0.0,37404.795001658495,8734.916951125624,eval,206.19002189888843,886.05399403638
2025-09-08,none,40798.90063210038,0.0,13019.861173729336,2986.4303063725206,53818.76180582972,9658.15550732773,eval,24.53419461278345,51.81266847480178
2025-09-09,none,35883.17175953016,0.0,17689.250525024254,4364.956862297198,53572.42228455441,9774.473769580763,eval,124.75712367462029,453.7140572800903
2025-09-10,none,40490.4027930867,0.0,6106.025488503387,1405.5113343002365,46596.42828159009,6235.198832426369,eval,397.747364779381,1029.8991274046416
2025-09-11,none,44387.14247828288,0.0,1154.6111797103736,224.9579551234337,45541.75365799326,10291.69827528602,eval,295.0108103811759,676.3175922295696
2025-09-12,none,19697.657962406658,0.0,1315.5827547726806,388.626757105641,21013.24071717934,10800.0,eval,54.675268348119445,160.68338335591352
2025-09-13,none,18939.334153326876,0.0,0.0,0.0,18939.334153326876,10566.176548916073,eval,343.72510642519035,1368.8996733230642
2025-09-14,none,43864.792595123654,0.0,170.31686920518888,79.55013557760105,44035.109464328845,9250.604005070149,eval,452.8667629017673,1070.1670243546048
2025-09-15,none,38598.77390840658,0.0,9524.927599554796,2654.511241822738,48123.70150796138,9730.636096543341,eval,238.58177145101666,766.9163167590388
2025-09-16,none,45297.13800743449,0.0,873.4829222843485,370.0810069777499,46170.62092971884,9734.662924702681,eval,194.58198422974843,434.2386343942926
2025-09-17,none,41104.24338410498,0.0,325.00702789024274,136.5824667858309,41429.25041199522,6379.389270014402,eval,46.45589635214747,122.32701983018482
2025-09-18,none,40198.412977468935,0.0,9467.333061804273,2346.1584154823713,49665.74603927321,7095.535968805326,eval,439.2928921100405,1060.2307470693192
2025-09-19,none,18301.057675203163,0.0,1155.4715592690181,321.2735338760854,19456.529234472182,6681.110567267355,eval,69.8745429011332,235.9806965661989
2025-09-20,none,20579.310010599915,0.0,1094.0046524825284,289.5649064390019,21673.31466308244,10734.47623921914,eval,49.70323442991626,131.0908364057907
2025-09-21,none,42598.94995630105,0.0,0.0,0.0,42598.94995630105,10301.957085267604,eval,356.0588714083951,884.779772771046
2025-09-22,none,43436.101663891306,0.0,215.6129374205678,43.089584221063916,43651.714601311876,6914.786950060628,eval,462.1934933992844,1088.9501997498307
2025-09-23,none,44909.5463134938,0.0,413.0049068491104,79.9126497818076,45322.55122034292,10004.707968232375,eval,284.55872893375454,819.5169984283675
2025-09-24,none,38470.21894157826,0.0,14935.654087031937,4846.798595345732,53405.8730286102,6490.66887426172,eval,253.385165180593,630.5365510894896
2025-09-25,none,41815.78244976541,0.0,3088.3574356479976,1035.2379270599195,44904.1398854134,8074.048573205788,eval,271.01288586644466,599.7270946502539
2025-09-26,none,19724.022119900514,0.0,383.08536182438786,125.56558996242259,20107.107481724903,10361.48890497689,eval,73.11972955652004,206.4527577849106
2025-09-27,none,16847.581136899284,0.0,12327.688905182156,3212.758652041421,29175.27004208144,5455.716697616532,eval,111.44728972575017,365.46275569856437
2025-09-28,none,45162.656628855475,0.0,1829.3543019159881,448.8220158841347,46992.01093077147,5905.7974910408275,eval,175.43445150413856,474.1297968202101
2025-09-29,none,45435.067512259906,0.0,826.1554823628226,190.99863450782397,46261.22299462273,6713.162899554816,eval,554.2698528488254,1342.3947576329215
2025-09-30,none,46052.41397672349,0.0,8228.024583142633,1980.7052493373656,54280.43855986612,8299.538311213804,eval,328.55217717642097,800.760021612365
2025-10-01,none,40887.17659923008,0.0,0.0,0.0,40887.17659923008,10653.218928765134,eval,769.1899107348816,1991.7336260384086
2025-10-02,none,44926.293097226575,0.0,0.0,0.0,44926.293097226575,10800.0,eval,180.8916840028928,509.93847013641937
2025-10-03,none,16441.536389185836,0.0,0.0,0.0,16441.536389185836,10467.451326060493,eval,69.10393978818777,160.19539617911641
2025-10-04,none,19040.30602935003,0.0,0.0,0.0,19040.30602935003,10800.0,eval,44.43261158877887,95.22987370216649
2025-10-05,none,41399.86651526237,0.0,654.5887957809433,303.4123291035612,42054.45531104332,10800.0,eval,346.96748116309067,901.2465368525033
2025-10-06,none,37977.5485869539,0.0,8796.958776517426,2560.822690228837,46774.50736347132,8461.935336747856,eval,101.69288075573334,246.33327646931002
2025-10-07,none,40198.001858521115,0.0,5630.634558556119,1238.253070060637,45828.636417077236,9529.401619349353,eval,517.8924174095089,1351.9247123644514
2025-10-08,none,35622.90430781274,0.0,11340.696331438303,2377.7968361549947,46963.600639251046,9552.070384772283,eval,106.82449931039791,330.31831165813617
2025-10-09,none,42594.99943668564,0.0,592.888208868754,130.27881179057306,43187.887645554394,8654.450238081221,eval,535.4375914456893,1718.6239925472444
2025-10-10,none,18038.51383836257,0.0,642.5617946515698,173.35886752831934,18681.07563301414,10195.675153244243,eval,162.0112833578465,508.2334107949999
2025-10-11,none,16079.639968481888,0.0,0.0,0.0,16079.639968481888,7115.478292037753,eval,205.11810450533594,688.9082326124911
2025-10-12,none,37492.28721654009,0.0,10414.915760052349,1979.9040396367104,47907.20297659244,6557.1494171248605,eval,333.97343993840707,778.0395373829718
2025-10-13,none,39530.73043317409,0.0,5200.464647681896,929.6697463338628,44731.195080855985,6139.106622397096,eval,208.21566885816065,493.6829454387973
2025-10-14,none,44383.55999654153,0.0,6893.768550818605,1572.1199572348442,51277.328547360135,8945.249852500981,eval,178.83940235758692,489.15264817208606
2025-10-15,none,48072.20675733874,0.0,508.0953204263866,105.2075493092772,48580.302077765125,10538.901177170706,eval,1140.7139094398385,3513.385097717648
2025-10-16,none,43114.456226347116,0.0,4532.666566396696,973.1720039234573,47647.122792743816,10290.047034121875,eval,122.22248792710283,388.1276627912895
2025-10-17,none,13850.386589782727,0.0,14817.347758000009,3906.750583447464,28667.734347782738,5630.401877010516,eval,65.47992352579743,228.14028313594758
2025-10-18,none,18542.944434866014,0.0,1029.7655041805697,261.118550332512,19572.709939046585,8785.403071777322,eval,98.42820817064106,268.26126073528087
2025-10-19,none,42537.48640716722,0.0,1970.2826305943665,567.1531489652605,44507.76903776159,5906.683910133381,eval,597.8278566488701,1762.1357859004515
2025-10-20,none,48276.16986354228,0.0,2.9654279032342856e-13,1.234568003383174e-13,48276.16986354228,9909.74303480811,eval,372.67501784260804,928.731762774309
2025-10-21,none,45333.18618028692,0.0,514.0083270836633,234.54280448017778,45847.19450737058,8357.031043616327,eval,130.32670032038357,427.53440939360496
2025-10-22,none,45687.204517905586,0.0,5336.168488083091,1603.6018208492278,51023.37300598867,9708.90816712148,eval,60.13478524922952,170.36834454392064
2025-10-23,none,50831.772208350245,0.0,984.6656444114125,197.51115630700735,51816.43785276166,9740.515245540857,eval,449.4207304074871,1488.6169929326431
2025-10-24,none,16291.596735729985,0.0,6477.175490225423,1629.1141521472414,22768.772225955407,6015.924616982724,eval,331.0534645697805,1282.8126729869914
2025-10-25,none,18566.92189209276,0.0,418.45098996918637,126.83757069680803,18985.372882061947,7912.416481282398,eval,400.6849937891146,1328.834624777996
2025-10-26,none,50038.55572931244,0.0,864.0501036762671,228.8305349733181,50902.6058329887,8512.850189382742,eval,1167.583411189748,3706.993777191624
2025-10-27,none,43395.49418959177,0.0,3607.836667728837,914.9983303150655,47003.33085732061,9232.995721666757,eval,219.905807350569,548.7517547926001
2025-10-28,none,42991.22583664376,0.0,13882.274288056102,3971.62442845212,56873.50012469986,9806.2571870597,eval,179.98036567403355,647.4129381842116
2025-10-29,none,45534.990354344875,0.0,1216.5893190207676,526.3062377823671,46751.57967336564,7720.761717620201,eval,495.44657088383065,1519.020504163313
2025-10-30,none,42838.14608354242,0.0,7572.848291670808,1982.1443214581998,50410.99437521323,6630.955403419768,eval,170.3762922316198,474.5531347483936
2025-10-31,none,20071.8029078233,0.0,812.1229268541157,232.66705672748537,20883.92583467742,10211.385843168722,eval,88.45976992122078,260.41009204746143
2025-11-01,none,18375.89334502075,0.0,0.0,0.0,18375.89334502075,9475.3085302959,eval,88.1642552096115,288.96371497379516
2025-11-02,none,46011.81609947076,0.0,6966.036864672411,1796.900793793283,52977.85296414317,8173.7333738129555,eval,634.7776475330908,2014.933025364079
2025-11-03,none,50756.09690723265,0.0,0.0,0.0,50756.09690723265,10453.375308315022,eval,293.3845295203234,1344.2795465904846
2025-11-04,none,45870.282031852985,0.0,120.65788916567607,25.975827148799027,45990.93992101866,7845.772467543407,eval,458.6692280306362,1157.3746860724918
2025-11-05,none,51311.933664282755,0.0,2453.498603297273,611.9030680627486,53765.43226758003,8324.610102665378,eval,396.4253560589743,1075.081789296665
2025-11-06,none,49405.26569403847,0.0,5042.573754423008,1078.2026140585483,54447.83944846148,9809.3992952171,eval,190.3421959342527,468.2232690498128
2025-11-07,none,17154.46479080963,0.0,1997.3910024918919,465.76733572243876,19151.85579330152,7786.44587884769,eval,257.9386470662071,899.1587080113344
2025-11-08,none,19204.64656346953,0.0,107.79772001336114,31.25024496691148,19312.44428348289,9419.819878376082,eval,79.52344739570935,199.43467324928383
2025-11-09,none,50076.080171446774,0.0,1835.930460907778,372.4468051950514,51912.010632354555,9700.296502756046,eval,168.53461234907004,531.1116573362629
2025-11-10,none,51205.81942064631,0.0,4413.575976322424,918.7917123319933,55619.395396968735,9871.337475082306,eval,465.02442506877117,1242.3427674323552
2025-11-11,none,49247.48102716046,0.0,570.0938441438047,264.61087935866215,49817.57487130426,8197.988556567027,eval,321.9311358011501,990.532522680526
2025-11-12,none,50600.544463299666,0.0,3111.4106040494335,685.2708308707647,53711.9550673491,6653.403325564286,eval,300.07909928433554,828.3834303290284
2025-11-13,none,49474.17747742321,0.0,12053.605883753036,3197.071681958839,61527.78336117625,9196.406965600201,eval,523.8742007524405,1410.9978849028262
2025-11-14,none,18021.017919850703,0.0,4113.722676251026,1359.6857352230827,22134.74059610173,8659.654712571006,eval,81.73713245029417,220.32109698970984
2025-11-15,none,20132.977071231668,0.0,461.8085459752595,141.73812303548792,20594.785617206926,9314.409568308549,eval,608.3237278447907,1310.3401493673612
2025-11-16,none,49851.53991287941,0.0,1930.1490351622097,398.76826912511694,51781.68894804162,6214.732971697003,eval,278.50911444863635,686.1383241001732
2025-11-17,none,48625.31346623024,0.0,11692.77594237038,4170.440545875202,60318.089408600616,7444.288520951853,eval,154.59906903267947,353.5731489233644
2025-11-18,none,51274.99045782947,0.0,4700.840826269568,1592.334341853924,55975.83128409904,9711.809582819415,eval,21.288121909526602,53.248531747703716
2025-11-19,none,49845.99023469328,0.0,9985.954731781349,2600.4745556124035,59831.94496647463,8525.772659674521,eval,483.14550680000036,1431.7736117447753
2025-11-20,none,49600.57233960908,0.0,7804.403731421153,1976.062410434158,57404.976071030236,8850.05109516143,eval,322.60307861616513,911.3220401924191
2025-11-21,none,18922.62815933147,0.0,6652.955657128681,1977.8793670354182,25575.583816460152,8828.058676260041,eval,103.18209564816911,279.05675245709676
2025-11-22,none,20066.526948832317,0.0,757.9880085398049,241.08994097826303,20824.51495737212,8850.56814606753,eval,396.00720830143894,807.8194682770472
2025-11-23,none,50329.64171695492,0.0,7207.022095831431,1558.454767672902,57536.66381278635,7573.311174593332,eval,123.7879121882984,569.0344618233175
2025-11-24,none,49856.42050001935,0.0,7721.809816221978,1897.8767455637728,57578.23031624132,6634.265756330123,eval,510.8909884251642,1492.1257506084094
2025-11-25,none,59404.97642700327,0.0,543.0765893131027,221.44223710614028,59948.05301631637,8776.745572268432,eval,411.2085104460563,1281.0076461014573
2025-11-26,none,52359.10449282555,0.0,1821.8284395183114,713.5784046046089,54180.932932343865,9187.780663447134,eval,295.0271146844172,774.6754316019832
2025-11-27,none,52307.274200415326,0.0,1902.226700582362,443.8760087957065,54209.500900997686,10195.444515629195,eval,811.3837163234793,2503.82610532521
2025-11-28,none,18462.195623409913,0.0,4592.071886252754,1292.6316804592016,23054.267509662666,8028.568350316132,eval,499.65793919676145,1194.6435858598732
2025-11-29,none,24733.09439502759,0.0,0.0,0.0,24733.09439502759,8666.23033714854,eval,270.70265673383767,667.9516829829587
2025-11-30,none,54137.07582296574,0.0,7747.0579288998415,1920.0832173714582,61884.13375186558,9972.410986444414,eval,771.0772850977968,2427.967661732552
2025-12-01,none,55306.78954293582,0.0,12695.943610702718,3353.410343559259,68002.73315363853,6283.894095054759,eval,606.659897150801,1970.7836064678856
2025-12-02,none,62157.57864626963,0.0,11976.30144226852,3369.4302569710417,74133.88008853815,8103.98013872879,eval,172.40205982805224,409.12814309934345
2025-12-03,none,55363.022273688344,0.0,22194.908931972233,7212.902761321808,77557.93120566057,9696.676267236873,eval,163.2851127284742,440.67010407085746
2025-12-04,none,62958.12617043454,0.0,7338.291727080945,1550.2100997423659,70296.41789751548,9913.238638795254,eval,282.2608236618265,831.4805005212272
2025-12-05,none,22971.806840670928,0.0,6667.662425029159,1914.362822421679,29639.469265700085,9810.979250531816,eval,321.68440612843267,810.7255919995059
2025-12-06,none,24883.732643665524,0.0,3182.057474323111,1044.0101746270334,28065.790117988636,9598.510857615724,eval,426.2679085320151,1200.144935955204
2025-12-07,none,64276.69989876279,0.0,698.5010526494458,120.05169073977584,64975.20095141223,10206.136878541569,eval,572.5472557510868,1565.2466462399098
2025-12-08,none,64570.691453211526,0.0,154.99207140998814,26.683665560814006,64725.68352462151,10800.0,eval,188.2741577112153,562.1750140554874
2025-12-09,none,61265.80811313796,0.0,475.8004474146473,82.02872276113658,61741.6085605526,8857.689430674443,eval,177.48695407912507,688.38323164264
2025-12-10,none,60829.2758837825,0.0,5741.673012775929,1319.8931307437474,66570.94889655843,9979.611550833073,eval,445.7582246068911,1617.8903325953931
2025-12-11,none,62692.30825802147,0.0,1.9042545318370685e-13,2.842170943040401e-14,62692.30825802147,10259.471650428855,eval,595.5702372427438,1469.6815155326617
2025-12-12,none,24864.757392081454,0.0,822.9122533881285,185.76658991575437,25687.66964546958,7624.346201700452,eval,283.34078494094695,822.8217340044708
2025-12-13,none,27444.550281490607,0.0,0.0,0.0,27444.550281490607,7386.089691722927,eval,165.47538910945423,384.8092702183167
2025-12-14,none,59777.9680592658,0.0,10905.104382758813,3573.465020186316,70683.07244202461,8858.615249515215,eval,562.8573540574658,1392.0233564605937
2025-12-15,none,58447.82346833165,0.0,14435.300809952583,4325.49526046002,72883.12427828423,8358.75229448294,eval,63.43041060451672,142.06391711856492
2025-12-16,none,64227.16170267181,0.0,726.3752235213199,271.9370221537579,64953.53692619313,9895.547671139748,eval,171.79547205105223,429.8110199006187
2025-12-17,none,63355.86570498062,0.0,0.0,0.0,63355.86570498062,9865.651624934599,eval,226.19833995991402,560.393177602728
2025-12-18,none,62072.9934943456,0.0,1508.9009088590303,373.6567112360228,63581.894403204635,9948.719063662407,eval,313.1741149047984,738.3333021276196
2025-12-19,none,25107.33368949296,0.0,5550.938166132605,1886.5593259318075,30658.271855625564,9832.041229623104,eval,36.76455340434375,79.25973842876549
2025-12-20,none,29023.6067738803,0.0,0.0,0.0,29023.6067738803,10471.653990218314,eval,267.8363766449704,719.7542976724351
2025-12-21,none,62834.388742523515,0.0,17.497087705902807,4.069090164163441,62851.88583022942,9048.940944165954,eval,364.42531944144014,853.1665305343759
2025-12-22,none,59446.95829450892,0.0,6837.5347823587035,2096.490134339976,66284.49307686763,9541.87410176718,eval,228.9537585699144,788.0574190151602
2025-12-23,none,62160.81289085976,0.0,0.0,0.0,62160.81289085976,9383.958080370656,eval,281.91939125124173,937.229288329896
2025-12-24,none,61493.98034812792,0.0,115.3700582114121,19.862280831783096,61609.350406339334,10364.207470065012,eval,171.605935856104,533.9120338495704
2025-12-25,none,57573.714096898344,0.0,6530.463695549524,1611.7318611906694,64104.17779244787,6684.40569863447,eval,124.28369826264205,445.6175698194819
2025-12-26,none,26899.61160562324,0.0,5624.329086538335,1498.0094964342118,32523.940692161574,10174.34351033433,eval,266.07106462785407,812.4569819499318
2025-12-27,none,25158.756834604734,0.0,5.327702723434413e-13,2.3803181647963356e-13,25158.756834604734,7835.913936616768,eval,457.5983205029549,1051.8375812813017
2025-12-28,none,58684.525063681576,0.0,2265.6796246823833,1016.0557111806725,60950.204688363956,7502.022110514142,eval,530.530620012181,1718.8062871063303
2025-12-29,none,59008.34295140061,0.0,5474.87463036066,1927.2098254044292,64483.21758176127,9997.488988497398,eval,306.3605466886151,1321.7453510838295
2025-12-30,none,58227.70558757443,0.0,3142.694062575962,1257.2629630331019,61370.39965015039,8577.486327849594,eval,297.72995876055455,970.2030715011672
2025-12-31,none,62250.23278648815,0.0,2732.4997034746757,650.3079322065649,64982.73248996283,9511.327707042417,eval,290.2090652711515,914.331790608652
2025-01-01,6,0.0,0.0,366613.56615685835,92035.17001666666,366613.56615685835,6000.0,init,0.0,0.0
2025-01-02,6,65502.51677395027,-953.8185553399055,10577.692107387807,3050.8608571131663,75126.39032599817,10025.448671111111,init,0.0,0.0
2025-01-03,6,61859.710766730685,79.38842066813663,0.0,0.0,61939.099187398824,10800.0,init,0.0,0.0
2025-01-04,6,25007.79001585185,823.5246206746114,6687.451173721272,1843.9567400891676,32518.765810247736,9958.349187037036,init,0.0,0.0
2025-01-05,6,25500.224771155554,1251.857596230741,179218.31728313005,43833.57040442387,205970.39965051634,8558.511815185186,init,0.0,0.0
2025-01-06,6,62419.43830792399,123.6195938470069,4926.405018154354,1417.9775690034257,67469.46291992535,10116.492809259258,init,0.0,0.0
2025-01-07,6,59530.17537370636,4619.57627543326,4232.113524430542,1253.2188638888852,68381.86517357017,10232.597833333331,init,0.0,0.0
2025-01-08,6,65247.11393611398,-2539.2267924042358,5081.295134651371,1556.270644444439,67789.18227836111,10227.11604,init,0.0,0.0
2025-01-09,6,60094.50479259694,637.2377897227504,7365.332030749691,2379.8118849320927,68097.07461306939,10003.817253888888,init,0.0,0.0
2025-01-10,6,65050.279006997676,-2771.594695752931,0.0,0.0,62278.684311244746,10800.0,init,0.0,0.0
2025-01-11,6,25143.325270030557,1199.0906723799255,2905.4840979805704,950.404888888899,29247.900040391054,9832.336335,init,0.0,0.0
2025-01-12,6,26585.210097493815,2477.2591073768226,167112.23924582725,40148.97984574451,196174.7084506979,8455.086756666667,init,0.0,0.0
2025-01-13,6,62492.28934012931,-222.07300748781662,3022.857166911751,861.5804951666672,65293.07349955325,9989.435511666667,init,0.0,0.0
2025-01-14,6,60824.87127011575,131.73447147405307,4338.02194751304,1211.679819999997,65294.62768910284,10265.803453703702,init,0.0,0.0
2025-01-15,6,58178.358866013456,5131.458814277738,3714.13639520144,908.4461638889026,67023.95407549263,10146.49893,init,0.0,0.0
2025-01-16,6,60439.95500175298,114.33357404069861,6893.0789028977615,2053.0850383738057,67447.36747869143,9999.412269074071,init,1.8189894035458565e-12,7.929224921099375e-12
2025-01-17,6,27534.963136870967,-857.1054841180513,1137.3633247913438,365.15041661398465,27815.220977544257,10190.336692014236,init,-2.1085355683680974e-13,-4.600235747886926e-13
2025-01-18,6,29142.559400051254,-1014.5752385771957,1.4230749911803288e-13,5.684341886080802e-14,28127.984161474058,9973.61604644043,init,7.361151688201067e-13,1.5947935132487613e-12
2025-01-19,6,59065.221249369235,74.51617642333966,8819.119013228168,2326.7195538080978,67958.85643902075,9847.48401882004,init,2.0321522242738866e-13,7.67848717941888e-13
2025-01-20,6,60721.35658742595,428.7839578866384,2874.6785430436244,900.8677903273672,64024.81908835621,10029.574856228097,init,28.2634962831361,126.35168252081823
2025-01-21,6,60709.472845557466,-1306.2130811075344,3299.780235648372,864.3645042557246,62703.040000098306,10165.07499831364,init,26.205294809467848,113.28281800622544
2025-01-22,6,61175.659250510886,475.3188145479245,3007.655350996161,613.4940278608879,64658.63341605497,9529.427366119306,init,154.39250306595355,448.59418687047236
2025-01-23,6,60458.38247504282,1485.1139344032822,7013.382399355376,2067.777514636068,68956.87880880148,9843.285528667788,init,3.831202255066978,7.3049714396303544
2025-01-24,6,23343.29580806599,-238.87616128823524,6613.131919340052,2090.199889811789,29717.551566117807,9902.78026798299,init,54.73649502891882,176.6756410820591
2025-01-25,6,23318.017475255918,1989.782765694741,0.0,0.0,25307.80024095066,10230.106307852267,init,90.69327554663583,221.04030159792472
2025-01-26,6,63940.1175178642,-1672.897677296165,2191.5894629474305,447.82946265063543,64458.80930351547,9785.488186300729,init,146.13000836245732,498.14083233982456
2025-01-27,6,57404.317324865595,2453.9022493718267,0.0,0.0,59858.219574237424,9902.678077191378,init,153.71420589273944,512.6563522985628
2025-01-28,6,60573.12232783589,240.49353297006078,796.5107666721885,125.42018309477214,61610.12662747814,9830.473318386054,init,161.50698842100857,680.3490723164624
2025-01-29,6,55454.57957137462,2663.158729183709,61.4780590782222,13.843659127276965,58179.21635963655,10419.168835505943,init,159.93688649958102,504.5803391135745
2025-01-30,6,55533.381609262055,3246.273492124944,742.1133680782968,121.67561873536533,59521.76846946529,9995.422819888128,init,178.62515705091772,598.9302154696502
2025-01-31,6,22560.08004947908,1562.8449128088778,0.0,0.0,24122.924962287958,10228.165251074457,init,107.1898592195148,292.3654480476388
2025-02-01,6,24049.705469834786,-1043.6690555072307,2.3781865365890553e-14,7.105427357601002e-15,23006.036414327555,10380.132304221846,calibration,94.62719238100377,210.70774364784862
2025-02-02,6,57596.89526469876,-548.4118758517814,0.0,0.0,57048.48338884698,10800.0,calibration,69.52485435886891,180.62427702910495
2025-02-03,6,58365.56917087466,-1129.9358170040682,343.7171767260457,70.7808493986031,57579.35053059664,10358.816983402327,calibration,247.28287219848258,893.9279576286308
2025-02-04,6,61595.40605435741,-1481.3063569660972,21.648682010255843,5.034577211687406,60135.74837940157,10438.991731808732,calibration,153.59645745365953,517.5429449402009
2025-02-05,6,54504.92598104809,1152.7177743670964,2238.5047551346165,428.8763909045266,57896.1485105498,9861.644157635847,calibration,115.16256407475052,366.5336798761655
2025-02-06,6,58631.64909077666,-1762.9115547800723,365.4408736609589,78.53920468796167,57234.17840965754,9600.717700167012,calibration,166.50358200076434,608.2361802168182
2025-02-07,6,22476.02544006552,-183.8561343422889,1.2934719961776864e-13,5.684341886080802e-14,22292.169305723233,10123.703489352618,calibration,181.25508882758348,517.0835777960526
2025-02-08,6,18225.773876794497,766.7644807056743,2569.9990717100904,530.6937031573625,21562.537429210264,9806.467391137385,calibration,51.05117384056883,115.85584323515607
2025-02-09,6,54974.93946710948,-310.95572962845546,2701.270601531274,526.1586729002504,57365.254339012296,9665.795298986024,calibration,311.1452748538153,909.5885368871668
2025-02-10,6,50986.34301785165,-1688.4512983989794,10238.731299278865,2771.7263691854946,59536.62301873154,9535.218550674943,calibration,326.75415263943387,1126.3893282611139
2025-02-11,6,52988.54236153947,-1465.818204139834,6224.288510369368,1289.9413384166164,57747.012667769006,9663.702174359425,calibration,122.5457173833845,369.26385729338983
2025-02-12,6,53617.66485149738,-1733.6074535102375,3648.320501224963,883.0044888821734,55532.3778992121,9572.94013645591,calibration,160.4842990077098,606.3083710337271
2025-02-13,6,49869.298782972866,-1020.4154982551587,720.4779740829001,180.90799484136335,49569.361258800614,9617.716032939697,calibration,260.3316282398099,808.7345547863785
2025-02-14,6,18542.88103923096,691.3103022729342,0.0,0.0,19234.191341503894,9830.376294777408,calibration,113.00953289456811,296.7380504887726
2025-02-15,6,18892.986664290005,35.56372798904543,4650.929912768678,1197.60193298364,23579.48030504773,9347.576060746962,calibration,269.4879097873388,581.6135817196988
2025-02-16,6,54324.642162497126,-2185.193544467329,5952.866588497331,1484.5395193985726,58092.31520652713,9528.926457215077,calibration,308.516929958168,986.3677160484424
2025-02-17,6,53336.800234210896,-2144.809677211959,135.10874725495907,31.420638896502112,51327.0993042539,9740.283830179551,calibration,187.5813908263864,658.9853019116732
2025-02-18,6,47604.1482560509,1133.285071557338,6311.016517580817,1618.75911887444,55048.449845189054,9838.220928282992,calibration,52.960158408094614,126.45514849702154
2025-02-19,6,47594.9518997712,-9.664534566431726,5941.525736156198,1404.5150407839044,53526.81310136097,9526.426178586706,calibration,205.96562606719485,627.7097046380983
2025-02-20,6,50488.62786042162,-1207.9581622811172,4867.68967355684,1397.335367570417,54148.35937169734,10025.290564614275,calibration,142.7508373142318,504.39855054908367
2025-02-21,6,17796.612725723135,165.71585033790967,168.84271095450012,31.435991613200542,18131.171287015546,9628.16757773385,calibration,50.401243989114064,115.13680054288379
2025-02-22,6,18715.858712816225,88.92889129382233,72.78339029260728,13.286489648157591,18877.570994402653,10070.530008340238,calibration,70.8241614697196,214.86713907276982
2025-02-23,6,49385.23180268122,351.5064660833136,1304.9696658223213,274.72489112163,51041.707934586855,9644.539154897813,calibration,259.0918260197273,840.3398446539195
2025-02-24,6,47601.9678554837,278.7671417641495,0.1588898134576121,0.03392182183131354,47880.893887061306,9618.934038278043,calibration,333.5990706431361,953.8490766565983
2025-02-25,6,49022.29166598974,-410.8155178799914,224.44810498596757,49.62542483497293,48835.92425309571,9822.339224376312,calibration,119.55740113787449,341.8066304354564
2025-02-26,6,44163.493928720345,718.3999993256468,4950.263278218185,1494.4184290281792,49832.15720626417,10054.6254012472,calibration,49.071082351773995,115.06268351802628
2025-02-27,6,44543.87163268952,601.816163320784,140.4392801341432,22.4308066018437,45286.127076144454,9768.555941685741,calibration,300.28343804933763,718.4406177158792
2025-02-28,6,17824.361658178153,76.09566367926074,613.2760965023095,126.96272668728943,18513.733418359723,9690.242803987045,calibration,30.456294703536333,75.21128185846177
2025-03-01,6,19827.703672425137,-400.08540387099265,0.0,0.0,19427.618268554146,9696.131727804297,calibration,74.53898438095312,160.64163546985367
2025-03-02,6,51109.283389386364,1835.7956962412256,161.98085395616147,33.69770861929703,53107.059939583756,9854.167885993338,calibration,287.34381581598007,865.5985748880563
2025-03-03,6,52817.939368975094,-1966.8722716015277,2607.171321544931,727.1809691906373,53458.238418918496,9737.605690430022,calibration,105.59083329837908,270.458413322853
2025-03-04,6,46890.52658736582,1310.0648240181008,2093.144368405073,548.7105583762567,50293.735779789,9648.504765922897,calibration,195.06881101245762,571.3797584355577
2025-03-05,6,47000.15467467845,-1050.9537762626273,157.9719278119829,51.262261905623404,46107.172826227805,9809.588519362831,calibration,174.6364612547584,611.4342485643265
2025-03-06,6,43368.71561362159,-652.7311226078886,7044.427871568681,1936.3705565683076,49760.412362582385,9785.88711940397,calibration,365.6614103436089,1132.0378526683912
2025-03-07,6,18169.57005280487,-606.0885630267178,3116.65223559945,891.687379142291,20680.1337253776,9891.472711096141,calibration,63.35956773325281,203.2645164696839
2025-03-08,6,16578.354890820454,20.58681984498193,3053.3030743034647,796.2005592583354,19652.2447849689,9924.694333866155,calibration,10.94248168048271,27.737097965933106
2025-03-09,6,43681.349811596505,-2232.1024280798138,14217.208584181586,3845.955935364215,55666.455967698275,10045.832066377661,calibration,279.7035770165245,672.9237195863458
2025-03-10,6,42898.47175697032,681.047003213556,9636.094031257431,2137.167642594359,53215.61279144131,9729.593645660607,calibration,55.75189107311801,138.8172815557469
2025-03-11,6,38339.60369972087,7000.222351111063,3063.4376498653687,708.0781603895634,48403.2637006973,10138.454391355708,calibration,130.2360843411806,347.6023523552793
2025-03-12,6,44793.79198196885,-2762.511861465914,11540.798421671021,3090.7629641564067,53572.07854217396,9777.022807239218,calibration,346.58229475649335,944.4624800693421
2025-03-13,6,44441.50566768263,601.2793919030585,842.6399651488509,131.5812123949072,45885.42502473454,9758.742094475287,calibration,130.33636649618037,282.7054367655178
2025-03-14,6,16085.023061605103,298.9164608296073,0.0,0.0,16383.93952243471,9918.984390878846,calibration,112.8047170037916,289.88900292576494
2025-03-15,6,15873.332455001411,616.0006582407509,0.0,0.0,16489.333113242163,9694.622668879912,calibration,171.8210400314038,414.6477515117118
2025-03-16,6,42554.98461097718,2093.9045986517567,929.5266768971211,234.6457322961595,45578.41588652606,10019.122211914322,calibration,330.32189695824974,899.7592086952515
2025-03-17,6,39817.685915145616,-1415.6381490762033,11027.602355294406,3113.334527944706,49429.650121363826,9832.80968038375,calibration,194.80046200991697,461.9881484921201
2025-03-18,6,47277.278532943696,-1320.6348035538913,0.0,0.0,45956.643729389805,10100.913424914515,calibration,242.64023655173224,588.8999911804219
2025-03-19,6,36718.393285884726,4062.0484910813675,3289.816077214837,1459.2347500138546,44070.257854180934,10224.904694099716,calibration,206.51775267982484,518.196258543706
2025-03-20,6,42748.96904703448,-2222.8333993199976,16850.34224034538,4460.569646350509,57376.47788805986,9834.979258384757,calibration,272.02802659149614,657.4726598776354
2025-03-21,6,15675.320506330661,-350.189843526246,4347.833280542465,1029.9818134793336,19672.96394334688,9814.526653405597,calibration,76.59669451386313,235.730447923968
2025-03-22,6,16552.035469808692,-87.1741189389137,3862.9845091792977,1156.554456637766,20327.845860049078,10089.687881613596,calibration,37.939599137851935,132.61733652578636
2025-03-23,6,42296.35131386631,-1019.6623269765105,675.1131231234733,300.4978082793029,41951.802110013276,10148.411300908363,calibration,50.76776001473232,115.08284022780303
2025-03-24,6,39242.13634778315,26.230975095900504,500.755463645288,212.13328575285374,39769.12278652434,9831.219873049584,calibration,133.93409179412242,298.9108027342571
2025-03-25,6,45190.52194099017,-3175.7307838799047,9715.336254192156,2528.7154695441386,51730.12741130243,9641.242300806953,calibration,328.54813115404386,1108.7082156261883
2025-03-26,6,38717.962973292015,1349.692471377718,0.0,0.0,40067.655444669734,10248.988621086413,calibration,180.4921150547626,409.01869806293473
2025-03-27,6,41446.933796107565,-377.0549322183473,0.0,0.0,41069.878863889215,10398.333861865178,calibration,152.55830676910256,382.49065951415434
2025-03-28,6,15449.584361299652,0.0,0.0,0.0,15449.584361299652,10104.252262893608,calibration,95.9813936875615,239.37226644550634
2025-03-29,6,15256.375740925749,252.54839936315943,357.96090253956754,82.75244211531239,15866.885042828475,9920.505169669648,calibration,43.74132534362091,92.41524748771225
2025-03-30,6,39954.10869313743,-1885.4332832910407,2009.281639272932,560.0004237082828,40077.957049119315,9948.188965953614,calibration,261.19307501870446,669.8760990598108
2025-03-31,6,34774.286175216155,6799.3812615866345,188.8161501363775,78.90262233447989,41762.48358693917,10573.475521979943,calibration,226.53686163877555,608.172719809278
2025-04-01,6,42329.03503983954,-517.1452586683256,0.0,0.0,41811.889781171216,10049.800157814338,eval,366.27901650649005,1100.9474796925738
2025-04-02,6,41420.48345380995,1104.845611067373,3.4297897855140036e-14,1.4210854715202004e-14,42525.329064877325,10175.42366780591,eval,113.39348788730145,272.6629228774975
2025-04-03,6,42361.320196323824,-1369.2410441389275,111.38442402135738,23.80987563608312,41103.46357620625,9817.788051006406,eval,422.34168025663996,1030.1993678954525
2025-04-04,6,14379.226841520884,-192.2454983699811,1392.8509990648483,243.4610234245689,15579.832342215752,9435.08256340336,eval,65.42338338678226,151.67314948908418
2025-04-05,6,14593.10596659639,-8.177283015461999,7456.724794186342,1834.939692707293,22041.653477767268,9681.608663718265,eval,78.60040115501491,209.29360145263126
2025-04-06,6,39680.504542932846,-1551.61612335115,2531.1911077328787,674.0204066024834,40660.07952731457,9897.917909581893,eval,182.52737926344128,438.7769551428103
2025-04-07,6,33670.7172256017,3780.267194535987,0.0,0.0,37450.98442013768,10071.685969078248,eval,135.27600862847015,295.08993232979395
2025-04-08,6,39764.06384557246,-512.5274525482132,334.8319698920312,101.53085754261059,39586.36836291628,9686.354849179097,eval,728.8233398466705,2193.1799815877903
2025-04-09,6,38427.10684470313,706.5552663481138,766.3311232748741,326.25243944023543,39899.99323432612,9909.40054233115,eval,209.48982116754914,552.6710863455035
2025-04-10,6,38681.11365768592,337.2719844614958,41.51482150083571,14.5461883324582,39059.90046364826,10128.199812574025,eval,581.1562402155593,1580.7614732291638
2025-04-11,6,13290.536653534979,854.5545134352935,1008.0004379999788,241.4456398825925,15153.091604970252,9679.011629641602,eval,74.15890876693268,163.00298001930284
2025-04-12,6,14903.497536503692,-430.09719323961696,828.085291031002,146.13016385107537,15301.485634295077,9935.123075087366,eval,45.931771355477544,126.3458851162336
2025-04-13,6,34772.26834394183,-79.9674905623291,6538.974784190421,1523.6024256415567,41231.275637569925,9932.85229211754,eval,152.2371806094769,344.0795758342658
2025-04-14,6,38112.117418873466,-2160.8952096142366,9505.22796439134,2377.693700637074,45456.45017365057,9935.324885472133,eval,421.21143871271977,1203.1459452133013
2025-04-15,6,32887.60539795233,2702.535375514016,0.0,0.0,35590.140773466344,10081.88365645992,eval,268.9231220338948,611.8018968524324
2025-04-16,6,36374.003525288455,616.9849545819461,1149.9314965547578,473.3909522826417,38140.91997642516,9766.387899066262,eval,266.92967931172626,710.5782446333412
2025-04-17,6,34249.67769770113,3148.0740456631174,134.5285937703472,47.136858363821716,37532.280337134594,10136.17448348788,eval,535.707757927248,1318.3633982694912
2025-04-18,6,13091.416837506622,240.42693923247163,4395.414768491642,1170.3518074434744,17727.258545230736,10072.652414734168,eval,70.79651196497015,192.63018199462704
2025-04-19,6,13137.81996963609,-6.564349039449355,6004.065539372177,1309.5210414933586,19135.32115996882,9903.36045354689,eval,67.30132301087812,156.56774709928985
2025-04-20,6,34123.34722164975,1535.5142114527848,573.0179551232719,135.59127434959038,36231.8793882258,10038.714925800343,eval,28.59125689784536,67.22314193404027
2025-04-21,6,35588.750402184894,-1788.4974152399136,3457.385401730267,716.5688869864266,37257.638388675245,9633.38929791598,eval,38.72418125531168,138.69720110722136
2025-04-22,6,31876.748050785813,3628.8660398497714,1176.159858077907,547.1776722154539,36681.7739487135,9791.667476566588,eval,354.4342879156019,1142.9784532218844
2025-04-23,6,31236.59807277006,2201.8252749488133,4493.869869856768,1269.5024097516098,37932.29321757564,9995.071933050831,eval,196.66952232052853,405.46116169699525
2025-04-24,6,31497.112509994033,391.315596328858,2560.3104615401926,774.2389639115405,34448.73856786308,9588.594419262847,eval,84.90105225814251,218.9767577304684
2025-04-25,6,13154.231404642025,86.49998414731543,0.0,0.0,13240.73138878934,10231.217786771582,eval,35.17346223106252,137.77513126950572
2025-04-26,6,12989.378946635008,0.0,6409.45144675187,1433.6260072977138,19398.830393386877,9837.40633538844,eval,50.381850094649494,107.09208628601573
2025-04-27,6,31572.3017567258,1580.2037762426778,6032.733260924551,1405.328349645553,39185.238793893026,9875.99385306583,eval,85.18982691770321,181.19856984527698
2025-04-28,6,37288.30983832786,1039.8641823128323,1.778843738975411e-14,7.105427357601002e-15,38328.1740206407,9921.574170218155,eval,133.70310827018739,406.0914515472831
2025-04-29,6,31034.430378729598,862.7502396801001,4074.66645072918,992.2476907803951,35971.84706913888,10065.968541898337,eval,90.40392635597073,253.29609865925326
2025-04-30,6,30760.016381922855,871.6845535544605,2897.468584286404,1199.587157954279,34529.16951976372,9760.995547856064,eval,64.66389475454187,186.21764155318317
2025-05-01,6,32601.272413843206,1082.6179601978506,17387.838530752822,3567.1454105556904,51071.728904793876,8936.777177049806,eval,227.22496958737497,450.9230999823814
2025-05-02,6,14327.312698605656,291.75027074440425,8468.13029905425,1447.2083754814093,23087.19326840431,9266.661655490541,eval,38.63847248085488,120.70881313060895
2025-05-03,6,13403.787045243986,-40.22059337999016,12506.977897477951,2157.9923945758655,25870.544349341944,9532.378539482403,eval,131.2090243752922,332.69577867717396
2025-05-04,6,33900.643192036165,-355.43109571918933,11874.301820823863,2535.77740228304,45419.51391714084,9108.116082603592,eval,185.25473696732973,412.6035692962934
2025-05-05,6,35272.253509135815,386.5743087002537,12927.742127617596,2442.0166107465698,48586.569945453666,9305.094012833662,eval,154.91235182122978,353.59388495970944
2025-05-06,6,31946.946086398973,3510.134784940811,12380.199451458595,2146.741052358,47837.28032279838,9242.85059982218,eval,151.76663041970878,425.71099191200074
2025-05-07,6,36234.91588193907,3025.0201914106337,0.0,0.0,39259.93607334971,9709.098294688261,eval,260.506179382804,562.6419509391988
2025-05-08,6,36941.71431443277,307.8087299339723,6486.731365541188,1735.574783179694,43736.25440990793,10039.497193174364,eval,593.8181922958088,1374.3836419415245
2025-05-09,6,15829.368034179093,707.7570732028387,3401.1916906348815,1046.1902458794514,19938.316798016815,10681.102816183724,eval,69.778172229136,194.5547763152409
2025-05-10,6,16209.177664628627,701.4402414026771,0.0,0.0,16910.617906031304,10756.821308022712,eval,158.99720590019916,750.860184270012
2025-05-11,6,37357.4192705288,89.96366764423516,0.0,0.0,37447.38293817304,9937.427077559025,eval,443.81266080626267,1315.2633867962788
2025-05-12,6,32763.76804765065,5374.710572237676,0.0,0.0,38138.47861988832,10231.19272955806,eval,220.70692766280337,538.3804296759154
2025-05-13,6,37346.72907328318,-675.9072841010435,68.84992774391897,33.47917711836564,36739.67171692606,10320.895866214283,eval,410.8593186264251,970.1120408052042
2025-05-14,6,36558.520425111725,1592.9104485881514,0.0,0.0,38151.43087369988,9826.129053285207,eval,513.8158248358185,1339.7095314345868
2025-05-15,6,36700.66843581423,3336.9616167075687,0.0,0.0,40037.630052521796,10270.195789156856,eval,407.33782991987357,1043.8619826081072
2025-05-16,6,14820.47434025849,-24.540654586885164,75.03529252849832,18.545549315002056,14870.968978200104,9983.01585714092,eval,37.63261092870645,100.23286193183357
2025-05-17,6,14663.224476067371,-42.944282978786894,2968.813384349657,481.55720223488225,17589.09357743824,9630.227965255419,eval,54.846751222127565,217.76821593780147
2025-05-18,6,36824.01396770119,145.91927317108502,1645.0033882991108,713.677909945985,38614.93662917139,10233.857555749817,eval,252.29001733295127,580.2800832650491
2025-05-19,6,34189.14659577414,-25.98483048123852,281.63885583439134,41.758300220089154,34444.80062112729,9846.30561026239,eval,387.2964568892111,823.6398793247905
2025-05-20,6,33909.66020628652,4270.069050572915,2.3379698177450334e-13,1.1368683772161603e-13,38179.729256859435,9999.379240960378,eval,707.8837731593442,1820.9942358128524
2025-05-21,6,32743.458598392026,5864.573802277073,0.0,0.0,38608.0324006691,10270.647562187627,eval,56.07956375826507,197.015047163406
2025-05-22,6,33978.25972538021,952.4982718964409,2513.9412144391054,798.0755139893034,37444.69921171575,10293.523839102885,eval,181.59892784182207,471.7679124263673
2025-05-23,6,14055.8754552721,383.0792738676261,1587.4120086392309,261.44493528752207,16026.366737778957,10170.18677294354,eval,211.25555627496973,1135.4345673202247
2025-05-24,6,15107.273949738337,-22.75646286119031,265.19000721496946,62.150052753161134,15349.707494092116,10719.508896596837,eval,180.34784458181173,908.9524642256176
2025-05-25,6,35334.03508220223,366.1619828563828,0.0,0.0,35700.197065058615,10270.941805104289,eval,190.94356061110972,446.2553598368431
2025-05-26,6,33734.961196141856,5571.613425245314,1214.3807015901657,234.2243310777659,40520.95532297733,9805.1227930255,eval,121.53224639993562,403.89292900612116
2025-05-27,6,33428.805894079705,4295.289551770965,0.0,0.0,37724.09544585067,10080.831767809515,eval,323.2801162658543,915.9841870352072
2025-05-28,6,35405.645528216104,-20.87673286091226,1.2536816029751207e-13,5.684341886080802e-14,35384.768795355194,10282.135082114062,eval,370.1632044515919,944.6910180967109
2025-05-29,6,33575.8119930814,4559.287110187667,713.5496490108806,106.21199786668468,38848.64875227994,10065.249643653031,eval,325.745033366103,765.001111037057
2025-05-30,6,14512.975366783361,867.2978308372791,0.0,0.0,15380.27319762064,10659.765859499721,eval,36.043597350164134,154.70709975458334
2025-05-31,6,15614.410362303795,-656.7037065485426,26.55321643367786,11.963602808595567,14984.259872188932,10101.469766196882,eval,68.21113284428077,239.86509044898867
2025-06-01,6,46250.20918971527,540.8524688607579,19186.836533238613,3493.8671462345515,65977.89819181465,8613.29646834674,eval,136.67122571485126,354.3048061310545
2025-06-02,6,48174.57445246268,-2931.9727835612603,21434.282903782434,4120.758684977618,66676.88457268386,7390.0306497255015,eval,217.18342115958043,492.0903292699554
2025-06-03,6,43311.33725055896,4641.280292494927,4569.825251465372,1018.504015464472,52522.44279451926,6823.505018447501,eval,460.36423105581616,1322.9930941680798
2025-06-04,6,56149.73298442975,-5167.409334584951,14870.303714577796,4257.922836205101,65852.62736442259,9807.365966185149,eval,478.86212898821975,1298.365762683725
2025-06-05,6,47666.10927999869,1973.406587670351,2729.9020713258283,478.3042338991825,52369.41793899487,9666.80467146716,eval,175.70699605740325,576.1735022279316
2025-06-06,6,18469.93019904755,87.96049097663631,19967.94639171416,4301.4051982414985,38525.83708173834,8421.319376862466,eval,207.543138108405,614.0603905577677
2025-06-07,6,21463.66654989248,-367.15687561900796,16659.94688854218,3340.9484984324968,37756.456562815656,9094.012876188966,eval,403.27015252006106,895.9534128381247
2025-06-08,6,46511.223850460876,331.2511841231265,0.0,0.0,46842.475034584,10508.206517048027,eval,125.74544437950166,284.96477572163155
2025-06-09,6,51280.945659394994,-1335.1657997840186,1.2934719961776864e-13,5.684341886080802e-14,49945.77985961098,10169.556235752794,eval,189.15796007860476,428.15686032268576
2025-06-10,6,48673.67328059233,-75.74820851069981,2.5073632059502413e-13,1.1368683772161603e-13,48597.925072081634,9035.790681829925,eval,199.72086996929724,483.0818300399487
2025-06-11,6,50719.885736326134,3026.8534874472825,5878.134337304881,1257.6857047518051,59624.8735610783,9871.06614751644,eval,423.311590615804,1488.848808237412
2025-06-12,6,49881.169718498044,72.79474933524835,0.0,0.0,49953.96446783329,10245.885377624401,eval,166.33993815578657,527.23387232592
2025-06-13,6,24977.153983533666,-910.517945100738,1418.2139860772722,335.75334263663484,25484.8500245102,10733.877984729224,eval,79.60258718279078,308.6340009272716
2025-06-14,6,24042.630941740346,0.0,0.0,0.0,24042.630941740346,10800.0,eval,99.02328769238038,513.7602459383797
2025-06-15,6,45680.19097950669,6396.823504190992,1.9203127976652467e-13,2.842170943040401e-14,52077.01448369768,10783.767447568367,eval,219.84175622461757,521.6286190510025
2025-06-16,6,48588.042258379784,3508.2261554939055,3.827267391898204e-13,5.684341886080802e-14,52096.26841387369,10558.51482875526,eval,207.34525532628066,519.2807472426189
2025-06-17,6,48817.34895276582,3073.175900392955,381.1031579684965,56.13388192007346,52271.628011127264,8597.798965037244,eval,346.536599320573,887.846396699322
2025-06-18,6,50082.88780248363,3165.365646362814,0.0,0.0,53248.253448846444,10712.805509667198,eval,829.129826872512,2623.2638335252223
2025-06-19,6,47763.48167526661,-42.662028804917924,38.30725441499448,5.682304296520726,47759.12690087668,9648.138227017502,eval,258.56899557792224,594.8957640420117
2025-06-20,6,21092.05890983066,-205.19619340383315,2.6766144856082973e-14,7.105427357601002e-15,20886.862716426826,10289.755691198492,eval,61.855927537733564,150.38565991851812
2025-06-21,6,20036.138249806056,0.0,0.0,0.0,20036.138249806056,10800.0,eval,148.9885773568864,463.44763159189796
2025-06-22,6,44544.711365971336,3375.133904090806,1.0685852203096148e-13,4.263256414560601e-14,47919.84527006214,10790.275648974288,eval,238.93586232768925,584.808188888969
2025-06-23,6,46919.04872383989,850.2783013925834,0.0,0.0,47769.32702523247,10273.76340017134,eval,368.5136220186329,1157.995295652791
2025-06-24,6,53328.95146771414,635.120160261413,1974.4663827322972,481.4716394232334,55938.53801070785,10427.806469317475,eval,781.3768710938363,2707.206730128339
2025-06-25,6,46288.97734892988,643.5178815618185,0.0,0.0,46932.4952304917,8867.91132154995,eval,496.99423908767966,1397.736631805695
2025-06-26,6,46778.41999166731,2121.19285428665,1351.3340750964019,229.51034654021623,50250.94692105037,9621.892134279427,eval,445.1519911107959,1257.7708789595988
2025-06-27,6,20100.84902061866,-207.7890769103859,0.0,0.0,19893.059943708275,10085.74750800861,eval,147.85332589268697,499.397403011011
2025-06-28,6,19294.144464289777,0.0,2.085407402319106e-13,3.552713678800501e-14,19294.144464289777,10279.282394741082,eval,81.69900618250138,256.6535953164683
2025-06-29,6,45065.05805289752,1372.004750965157,3139.237668269993,984.4721181451812,49576.300472132665,8461.73511410761,eval,379.426089810669,1160.7118251248871
2025-06-30,6,47778.490142153954,357.1925208462587,4.274340881238459e-13,1.7053025658242404e-13,48135.68266300021,9734.151537490337,eval,702.141934482315,1896.998122579656
2025-07-01,6,40035.30113385652,3347.3602719620867,45636.96726959302,12464.04459410826,89019.62867541163,6194.136401194224,eval,491.7681598356239,1269.841621475219
2025-07-02,6,51743.73697892503,-15.892526675412537,0.0,0.0,51727.844452249614,9373.204471425961,eval,154.08507955990467,426.10037785665247
2025-07-03,6,55038.67272613719,3760.95585946733,0.0,0.0,58799.62858560452,10378.448326014397,eval,532.1857946023013,1630.5895883058813
2025-07-04,6,21880.990078330247,392.07169492937794,7574.748942827391,3066.127415513521,29847.810716087017,7371.698438576901,eval,151.74996777980255,766.4488493921408
2025-07-05,6,24099.828154502058,-124.19998817133819,12853.984796521587,3602.5725144633734,36829.612962852305,8634.313706347024,eval,339.2903673481352,886.4403015345797
2025-07-06,6,54502.11839252161,5539.898126606811,1.1029843705046005e-14,2.6645352591003757e-15,60042.01651912842,10261.027887640363,eval,1342.4633277501982,4436.25260722565
2025-07-07,6,56105.122408387324,-962.4286932530052,0.0,0.0,55142.693715134315,10800.0,eval,198.88921799746862,470.6117593818455
2025-07-08,6,60639.487344574314,-1909.3059189949934,2112.645549968448,453.16999992784883,60842.82697554777,10800.0,eval,305.22385859778535,844.8176324422427
2025-07-09,6,55334.44509534926,-742.1998882530528,0.0,0.0,54592.24520709621,9785.956761232199,eval,212.70274358828834,482.97591854143747
2025-07-10,6,52655.96101724338,548.9830775677227,3.822435701295035e-13,1.7053025658242404e-13,53204.94409481111,9372.580940104626,eval,1223.70504179003,3523.5673956712753
2025-07-11,6,31485.311474649243,-168.25208377088558,0.0,0.0,31317.059390878356,10800.0,eval,69.85589416278037,175.684851064852
2025-07-12,6,28237.15738999166,891.3612817139201,0.0,0.0,29128.518671705577,10051.136033416531,eval,177.20172239777534,776.0914983450001
2025-07-13,6,54379.13653595503,-2495.744935073792,103.14083009435636,15.300523675175327,51986.532430975596,9980.225576968915,eval,401.5748750154763,1017.4010623238664
2025-07-14,6,48364.43641343668,814.1316843172967,2674.1366183753375,440.7160938478737,51852.70471612931,9817.43919490274,eval,144.8711188476065,330.9494330645898
2025-07-15,6,52853.41458640486,-1411.6512154987486,1084.8678724760596,311.4750973037414,52526.63124338217,9307.396767984232,eval,179.3362294440768,481.66284673259827
2025-07-16,6,48429.492193014725,-1135.5435463321828,6423.920137334054,1617.3376990198258,53717.868784016595,4642.399868564363,eval,370.7146274370829,928.9318859275985
2025-07-17,6,50719.39454001649,3731.4502614510825,2000.3554125333753,678.1254665658956,56451.20021400095,9490.51359427169,eval,204.7378858869749,524.3567060227248
2025-07-18,6,25021.468340339226,-577.8172208546899,0.0,0.0,24443.651119484537,5749.422392741897,eval,101.798095645285,338.05396959763164
2025-07-19,6,29873.273201613978,-1466.4767455442445,8349.348795526339,2213.35707063511,36756.14525159607,9153.63794706677,eval,380.2176234034599,1431.8631613974917
2025-07-20,6,50412.152162434824,2109.8122768160993,341.21013512912816,156.45727001736236,52863.17457438005,10305.526796557322,eval,475.2376995395001,1180.9995872357863
2025-07-21,6,52432.1976652638,-800.261608910838,2137.7001389304,479.8303305441694,53769.636195283354,8927.6759715121,eval,1437.1412913757244,4509.967688053903
2025-07-22,6,49595.76295600541,8936.631121743065,570.945622468174,153.44453505981042,59103.339700216646,8946.035544526136,eval,214.62390330441266,498.07273597696314
2025-07-23,6,57322.36892250146,-3020.701793502671,3141.7733840795563,706.9025311269232,57443.44051307834,9920.802829035581,eval,93.57850170496307,205.78400033972676
2025-07-24,6,54281.88612297282,-814.608334793083,364.0768635210944,154.6402714173414,53831.35465170083,6575.935200882247,eval,700.8321326194814,2081.3287537583997
2025-07-25,6,26715.417856225256,-281.62717276005344,0.0,0.0,26433.790683465202,10092.021598074127,eval,161.28905416656852,660.5749080781704
2025-07-26,6,25325.403796814127,-108.61572781865252,0.0,0.0,25216.788068995476,10259.038915106335,eval,324.28612131876855,940.6346047676459
2025-07-27,6,49954.44204729037,407.24080990836046,286.67849924825543,63.28911649805934,50648.36135644699,8256.024597776632,eval,528.7808287440068,1270.6218449934788
2025-07-28,6,52493.831596054246,1832.5828627189453,4253.5371813244465,1559.0172973013496,58579.95164009764,10069.496819242251,eval,127.74715406321062,292.4640398802722
2025-07-29,6,51620.215084064126,2671.903482751269,72.87832075811302,10.824048827879551,54364.99688757351,9640.681905428413,eval,452.86004284409637,1257.6430463153665
2025-07-30,6,45638.79653657545,8486.097204289848,0.0,0.0,54124.8937408653,9959.37742372442,eval,126.83933676657395,271.41617945130594
2025-07-31,6,48895.489827727644,1782.6173555999612,5704.72124787024,1216.5516265847457,56382.82843119785,9729.429781864785,eval,563.8680293875666,1568.2244327066096
2025-08-01,6,25294.60914613044,-359.34338145183744,5372.470874207547,1359.2801793528984,30307.73663888615,9817.197376475953,eval,137.0657496263681,680.9341281583872
2025-08-02,6,24956.107156677655,-311.59151735527735,1870.4229050306767,402.58600073170385,26514.938544353055,10171.561581486289,eval,120.89870177772468,389.6377023807112
2025-08-03,6,42499.58447756065,2344.1891770555344,1024.236184181077,176.14043546558287,45868.00983879727,9567.141367171773,eval,304.2798727286893,644.1494017274028
2025-08-04,6,46372.462647574575,1709.512053507257,0.0,0.0,48081.97470108183,10169.750771951403,eval,197.32712295155937,433.6646627850838
2025-08-05,6,44159.58764197245,3903.0036129269747,0.0,0.0,48062.591254899424,10520.608127560425,eval,447.16574384238413,1182.6085608573628
2025-08-06,6,49584.57231812581,-1182.311096930448,948.9120406541562,151.3659785342602,49351.173261849515,9620.377069344471,eval,341.87895642510944,791.7134130740418
2025-08-07,6,50561.52337774055,-2098.609782821706,0.0,0.0,48462.91359491885,9788.840585827087,eval,44.25647626726248,134.78588880866715
2025-08-08,6,23975.657381099303,-145.67844339865573,0.0,0.0,23829.97893770065,9814.428101083022,eval,126.0699402950896,636.695260446245
2025-08-09,6,23761.181148970853,10.185150422733338,0.0,0.0,23771.366299393587,9917.021989786967,eval,110.56435234801361,397.02275108175155
2025-08-10,6,47704.18255222362,-782.1065290625861,50.31868328547275,7.21311400307809,46972.3947064465,9841.734127967331,eval,571.8882590469872,1447.4792190590572
2025-08-11,6,42270.06362162221,2884.729262735627,1377.9341294487872,674.5660842842764,46532.72701380663,8361.24050534817,eval,922.0778511573023,2564.0643634973812
2025-08-12,6,50522.02556234999,-164.99326309457246,0.0,0.0,50357.03229925542,9498.069414561345,eval,76.19353126224107,306.279896256105
2025-08-13,6,44278.89513106458,17.96979070014464,7158.847891986825,2053.7165958109244,51455.712813751554,10158.60400607894,eval,230.2506886891268,598.3822246537324
2025-08-14,6,46231.52701433044,1921.7789955075568,52.637646609931174,7.545534204405271,48205.943656447926,10055.765037202347,eval,345.84186474668013,837.3676055977324
2025-08-15,6,24869.30131323638,-108.97751845666167,0.0,0.0,24760.32379477972,9975.339277346387,eval,113.5294486354702,502.33077874561167
2025-08-16,6,26241.613153105754,-822.7713405623575,1974.4797419925765,465.19372281013597,27393.321554535974,9737.932958481299,eval,90.85684354513714,275.41111445740137
2025-08-17,6,47812.55943733011,-472.91307240231265,0.0,0.0,47339.646364927794,8138.71154580599,eval,444.7346877684522,1051.0310674064103
2025-08-18,6,46066.179558680706,335.87135749039226,1302.7038601892123,524.9945259288758,47704.75477636031,8685.251214656935,eval,125.71887345421655,427.01425733089684
2025-08-19,6,44593.187705009295,351.2503020581453,5005.605465208571,1016.9386730054146,49950.04347227601,9841.62780562458,eval,470.38472263349865,1207.6478089199175
2025-08-20,6,51028.941777882355,-97.60204772887232,3.1174351988738637e-13,1.4210854715202004e-13,50931.339730153486,8279.914820128306,eval,187.21203281972396,405.4871898847681
2025-08-21,6,48252.053374652285,49.71426166772411,5743.345236162288,1870.28122358795,54045.11287248229,9957.788652421534,eval,585.1552279317436,1602.2734929014628
2025-08-22,6,24912.898941053376,-715.9648811365337,9050.191641259498,2120.716231226758,33247.12570117634,8834.244333241215,eval,858.8159508865789,2993.6555292801686
2025-08-23,6,23613.62455424059,350.77726863544444,4149.515032360058,1143.3793575380714,28113.91685523609,7574.045434985252,eval,223.51493007575476,774.560853392405
2025-08-24,6,46705.27484974671,350.61180202168424,12612.471545139182,3123.5451605126464,59668.358196907575,9086.505018968563,eval,165.00460418649828,431.28384881409045
2025-08-25,6,59698.88167023564,-3502.2521324383683,288.5251433999568,131.31152675374372,56485.15468119723,10389.81754331308,eval,291.7971978810396,826.6577897401542
2025-08-26,6,46649.31262965568,1282.9776475964654,1.1689849088725167e-13,5.684341886080802e-14,47932.29027725215,10800.0,eval,50.97351837377969,193.411379001122
2025-08-27,6,46570.856656397125,5408.268042406276,0.0,0.0,51979.1246988034,10551.990245106133,eval,288.56913148468965,700.234429053119
2025-08-28,6,45374.164093595,5879.345491557769,1614.4754187357562,334.8299483864644,52867.98500388852,9835.052521093981,eval,623.2005307886836,1852.8192900818729
2025-08-29,6,26445.7308022707,-1292.1852014375174,3315.027552352317,734.4055253715171,28468.573153185498,8950.760032100323,eval,174.7170221047275,556.0034385482487
2025-08-30,6,25797.689424792836,-306.8703635794751,144.8429606161175,74.07309771078917,25635.66202182948,9825.79890333174,eval,94.19240586926531,316.43059398914676
2025-08-31,6,46841.756803601114,701.4285559357172,165.9146552172191,38.584803538888195,47709.10001475405,9413.841989854905,eval,465.2804212295834,1202.3521218921774
2025-09-01,6,51089.21225068053,-2315.909631570853,0.0,0.0,48773.30261910968,10800.0,eval,668.1760170256496,1983.3295223692548
2025-09-02,6,42614.944250189204,7071.9114452400945,0.0,0.0,49686.8556954293,10800.0,eval,397.2178281724052,1045.2120141649848
2025-09-03,6,37920.505105807744,-163.72345670274723,0.0,0.0,37756.781649104996,8219.835578109001,eval,152.68492202253748,504.2552390442978
2025-09-04,6,40203.62257153124,134.05349676080476,3817.072079535227,1388.518489704033,44154.74814782727,10089.581551658104,eval,408.9233757069456,1177.4653089536996
2025-09-05,6,22998.28711877397,-420.2262625060091,0.0,0.0,22578.06085626796,10800.0,eval,274.3476521804679,1035.6673721507252
2025-09-06,6,23330.512643378923,-1098.2018508167982,0.0,0.0,22232.310792562126,10194.68157514222,eval,121.10368576612004,383.6623854569863
2025-09-07,6,37645.26514421325,3736.639571075842,1.3719159142056014e-13,5.684341886080802e-14,41381.90471528909,9746.547913666776,eval,206.19002189888903,886.0548084129471
2025-09-08,6,40333.1760618976,-291.265675971728,9830.767002758901,2047.8740904360739,49872.677388684766,9658.15550732773,eval,22.115914072271703,46.330630438458414
2025-09-09,6,35883.17175953016,3339.0701173505154,3879.3464978111087,740.9875524069889,43101.58837469178,9774.117330740639,eval,124.75712367462029,453.7140572800903
2025-09-10,6,40490.74592976623,-408.52673996128203,11532.622025595418,2944.1119887248906,51614.84121540037,6235.198832426369,eval,397.66815614824225,1029.7275590648842
2025-09-11,6,44387.14247828288,-2188.4682547554817,1154.6111797103736,224.9579551234337,43353.28540323777,9645.632455388033,eval,295.0108103811759,676.3175922295696
2025-09-12,6,19955.95564288505,-102.10985987683227,5299.891392169524,1416.0440370098709,25153.73717517774,10800.0,eval,52.61573905518014,156.2294975288255
2025-09-13,6,18939.334153326876,0.0,0.0,0.0,18939.334153326876,10461.109197544612,eval,343.72510642519035,1368.8996733230642
2025-09-14,6,43735.25311409983,-2012.1703444493944,5983.555596687083,1583.5395010214716,47706.638366337516,9207.773163091422,eval,532.7938184981638,1243.0526248942376
2025-09-15,6,38618.97578887321,293.21323843845886,3499.9083094820553,925.9003394210622,42412.097336793726,10036.68487104528,eval,238.58177145101666,766.9163167590386
2025-09-16,6,45182.77749547485,-1279.638316485054,746.803508463894,336.19620550966283,44649.94268745369,9638.713829546748,eval,187.97107790520738,418.788498733796
2025-09-17,6,41148.67068691661,165.95150845937968,34.70889375000082,7.629166666666848,41349.33108912599,6378.278903485052,eval,46.17133050836046,130.30123477498037
2025-09-18,6,40198.940031448205,6378.779949077299,148.54500665433713,69.90013504806075,46726.264987179835,8648.5666154496,eval,439.2928921100407,1060.23074706932
2025-09-19,6,17684.62790078118,1597.156462525145,324.84795681836806,106.68541797308941,19606.632320124692,7158.1384375907455,eval,71.66536032499799,239.8125981489136
2025-09-20,6,20390.539761524968,104.64274070366729,327.17255169239223,92.02986949476633,20822.355053921026,10567.491423703188,eval,49.70323442991618,131.09083640579053
2025-09-21,6,42672.80509920943,21.16261240172796,2.6500401872908696e-13,1.1368683772161603e-13,42693.967711611156,10333.3147413916,eval,354.91398636348026,877.3116365694032
2025-09-22,6,43418.575258499164,-1441.3899436467593,1476.7643683903939,590.0634806037776,43453.9496832428,6914.786950060628,eval,462.19349339928397,1093.5398298988218
2025-09-23,6,44909.5463134938,-78.13538270334122,240.6262170865805,51.57012796540516,45072.03714787705,10064.396281298987,eval,284.55872893375454,819.5169984283675
2025-09-24,6,38442.63906125836,642.6219974776928,6430.435328374112,2000.6057150059935,45515.69638711016,6490.668874261717,eval,254.34132939929341,632.3480695985702
2025-09-25,6,41815.78244976541,3381.928017126301,811.0646352630224,350.62360131845094,46008.77510215473,8145.548621266684,eval,271.0128858664446,599.7270946502537
2025-09-26,6,19695.778885915977,-204.69921048477454,278.5221033644981,86.30472477479093,19769.601778795703,10113.27257274726,eval,73.11972955652004,206.4527577849106
2025-09-27,6,16946.71345970555,1236.4995300916673,374.26105610513014,148.02169789344438,18557.474045902345,6079.772177481394,eval,110.71205341722575,363.87510925967456
2025-09-28,6,44858.75521324854,5006.294562527666,169.15670321009355,76.8307961716472,50034.2064789863,7567.656111550311,eval,177.45009025969892,483.6483255833961
2025-09-29,6,44646.10210193446,-2051.3164912966486,9772.01179383913,2938.7148806900836,52366.79740447695,5538.342121878072,eval,554.2698528488248,1342.4895794891966
2025-09-30,6,46609.69226650859,1270.357767052617,1386.7406816666826,447.74778485292114,49266.790715227886,8066.656622640694,eval,328.80670629031613,801.5206021264387
2025-10-01,6,40997.096756236584,4100.493496076878,0.0,0.0,45097.590252313465,10800.0,eval,769.1899107348816,1992.0053213417439
2025-10-02,6,44864.23273023497,-2876.231463580676,0.0,0.0,41988.0012666543,10800.0,eval,182.0940755249265,511.9849398608045
2025-10-03,6,16441.536389185836,191.3918038653847,3474.3279790662746,1025.9357130162132,20107.256172117497,10140.425976724355,eval,69.10393978818777,160.19539617911641
2025-10-04,6,19169.04282836969,0.9179412009109679,0.0,0.0,19169.9607695706,10800.0,eval,44.432611588778876,95.22987370216649
2025-10-05,6,41399.86651526237,-1513.2013917104282,2170.2577302072214,757.110806620329,42056.92285375917,10800.0,eval,346.96748116309067,901.2465368525033
2025-10-06,6,37977.5485869539,596.9305822500924,2108.048426999241,818.8229990443037,40682.52759620323,8495.1166463468,eval,101.69288075573334,246.33327646931002
2025-10-07,6,40182.34028039042,1400.050690570149,1267.479230949014,277.7505212978217,42849.87020190958,9530.489886849353,eval,517.8924174095089,1351.886000836586
2025-10-08,6,35622.32880416761,600.0660377836672,11163.668590203277,2436.0054197552845,47386.06343215456,9552.070384772283,eval,106.84310868464789,330.4005067369993
2025-10-09,6,42594.99943668564,-2785.38122146423,8786.49323143695,1615.394998886032,48596.11144665836,8654.450238081221,eval,535.4375914456893,1718.6239925472444
2025-10-10,6,18038.51383836257,-390.2304939199642,248.60570899721125,65.0459730500291,17896.88905343982,9467.90507546983,eval,162.0112833578465,508.2334107949999
2025-10-11,6,16366.820004308342,0.0,0.0,0.0,16366.820004308342,7121.307167505964,eval,205.11810450533594,689.1261041134071
2025-10-12,6,37489.52109130401,926.4734409253685,7722.812616870625,1361.2709933629558,46138.807149099994,6557.1494171248605,eval,333.97343993840707,778.0395373829718
2025-10-13,6,39530.73043317409,915.9034778093985,9193.558853742983,1975.9843291679451,49640.19276472647,6139.106622397096,eval,208.21566885816065,493.6829454387973
2025-10-14,6,44383.55999654153,-1264.6477016324486,15742.819865269805,4056.054205783921,58861.732160178886,8346.963004091496,eval,178.83940235758692,489.15264817208606
2025-10-15,6,48354.550939305685,-2425.5611482621716,4333.16823651503,1125.6607813306096,50262.158027558544,8547.065293314092,eval,1140.7139094398385,3513.645579454038
2025-10-16,6,44008.87091806876,1331.4429154213406,845.8553989879529,264.02911064069605,46186.16923247805,9462.51791511662,eval,126.18360008324271,396.4918243556112
2025-10-17,6,14176.75324849402,1998.1178101035798,1154.054798251552,349.71357522774304,17328.925856849153,5803.801254255103,eval,65.33090668874262,227.82026947837238
2025-10-18,6,18471.407558453888,212.93355668705735,0.0,0.0,18684.341115140945,8770.494471097763,eval,98.42820817064089,268.26126073528053
2025-10-19,6,42544.523266687975,902.418822938679,564.2226844344879,224.4199195118024,44011.164774061144,5881.013325974497,eval,597.8278566488701,1762.1357859004515
2025-10-20,6,48288.37480016627,-59.80657198131054,0.0,0.0,48228.56822818496,9832.42554599989,eval,372.67501784260804,928.731762774309
2025-10-21,6,45369.58405886052,1060.9236950690279,249.13253099120556,50.4988230835143,46679.64028492075,8314.961560245629,eval,129.38888409248386,423.9331368107866
2025-10-22,6,45707.061314056555,209.05137129386048,11343.92893908846,2826.820078534182,57260.041624438876,9708.90816712148,eval,60.13478524922937,170.3683445439203
2025-10-23,6,50831.772208350245,-4826.206918274595,10517.634997117348,3402.4912615501557,56523.200287192994,9740.515245540857,eval,449.4207304074871,1488.6169929326431
2025-10-24,6,16291.596735729985,0.0,2.8617108682738034e-14,7.105427357601002e-15,16291.596735729985,6160.673637533226,eval,331.0534645697805,1282.8126729869914
2025-10-25,6,18507.204879503424,112.4619340032065,2284.216033018548,514.8409314813782,20903.88284652518,7451.853854862977,eval,400.6849937891146,1324.556487059503
2025-10-26,6,50373.936644835514,-2459.3468361924124,1391.965273835833,360.96844516539414,49306.55508247894,6453.239636329789,eval,1112.9318497236495,3590.1504332768536
2025-10-27,6,44376.54341164965,4282.575036594734,80.42861310719915,17.170925086934062,48739.54706135158,9869.7881328757,eval,218.10299817689275,544.8460737116117
2025-10-28,6,42701.12846939161,1787.0309073902135,2648.2433593438163,1067.850882326583,47136.402736125645,9806.2571870597,eval,178.12978237055032,646.5402526573455
2025-10-29,6,45534.990354344875,703.3226918338993,103.04387898337305,47.03726304025298,46341.356925162145,7764.038567669589,eval,495.44657088383065,1519.020504163313
2025-10-30,6,42817.719410319114,959.9948029331358,2235.7234212000003,565.264209693921,46013.437634452246,6443.2858440215205,eval,170.3762922316198,474.5531347483936
2025-10-31,6,20160.37795769547,39.52298866666777,0.0,0.0,20199.900946362137,9909.460879687915,eval,85.9003201696405,255.20427160444925
2025-11-01,6,18495.156724845307,-401.0269220333638,2908.3984820585492,685.1890593251162,21002.528284870492,9142.393795216969,eval,88.1642552096115,288.96371497379516
2025-11-02,6,46168.840882849654,3989.7277418966105,839.1882029755311,215.17370558743127,50997.756827721794,8190.681932148925,eval,634.7776475330908,2014.933025364079
2025-11-03,6,50748.10283721751,-740.1638938672982,2608.6144260982023,542.6470965097142,52616.55336944842,10467.934975815026,eval,293.3845295203234,1344.2795465904846
2025-11-04,6,45864.27536013881,554.9249081470691,120.65788916567587,25.975827148798942,46539.858157451556,8574.31228192196,eval,458.66922803063665,1157.3746860724928
2025-11-05,6,50847.772877287294,-2372.7075644421125,8615.318586642908,2230.0377254886844,57090.38389948809,8313.362304963313,eval,449.1106532935484,1194.5677050792938
2025-11-06,6,49410.60089941515,1718.407527192627,1672.575735561285,354.0477653181034,52801.58416216906,10026.811494767377,eval,190.3421959342527,468.2232690498128
2025-11-07,6,17068.50195619933,257.0534468197349,375.6903259491261,92.30381031196947,17701.24572896819,7786.44587884769,eval,257.93864706620707,899.1149148156928
2025-11-08,6,19204.64656346953,186.18493818515657,1654.3748981890317,416.75291935327414,21045.20639984372,9040.48781285621,eval,79.52344739570935,199.43467324928383
2025-11-09,6,50232.79526141108,-354.7895517547531,4420.518622452772,1134.6355014559208,54298.524332109104,9703.42860439985,eval,174.07740584079087,551.0526335900769
2025-11-10,6,51201.093202297234,1704.368986451526,6.173616387779032,1.4357247413439609,52911.63580513654,9716.528534859439,eval,466.4649432589673,1245.591677839436
2025-11-11,6,49312.74558863421,140.23979038986897,604.6069299366511,282.35265171214087,50057.592308960724,8541.711339614298,eval,320.9669228244896,995.1922248294917
2025-11-12,6,50448.69994813852,3062.673211365283,0.0,0.0,53511.373159503804,6795.195135858832,eval,295.0683136707047,817.6122585451926
2025-11-13,6,49406.873631470065,287.0400391571536,5299.790046017241,1338.687519904037,54993.70371664446,9186.274235986686,eval,523.8742007524405,1410.9978849028262
2025-11-14,6,18025.03139272332,314.2441164876332,9424.530572617768,2867.2616529512875,27763.80608182872,8659.654712571006,eval,81.73713245029433,220.3210969897102
2025-11-15,6,20132.977071231668,-418.8643852597679,40.30088662552787,19.54428063811679,19754.41357259743,8711.451107416857,eval,608.3237278447907,1310.3401493673612
2025-11-16,6,50106.67976900565,2150.8311708360625,2.870450543923653e-13,4.263256414560601e-14,52257.51093984171,7980.5654467214845,eval,289.4952404802843,708.7017373959791
2025-11-17,6,47786.70933539834,5323.517395832254,284.5308287942487,131.52693588094382,53394.75756002484,9596.767870251928,eval,154.89470397265228,354.20427506113845
2025-11-18,6,50259.09316503773,904.8487988677509,8437.182370543627,1972.3676597061649,59601.12433444911,9575.14278162977,eval,21.442986571796474,53.58334914753118
2025-11-19,6,49910.4514092544,5212.968960942548,205.27896495178615,43.926990600211866,55328.69933514873,8525.772659674521,eval,483.1455068000003,1431.7736117447753
2025-11-20,6,49600.57233960908,1143.2515789175948,2786.8467253440213,665.9702006761286,53530.670643870704,8850.05109516143,eval,322.60307861616513,911.3220401924191
2025-11-21,6,18922.62815933147,242.14268586728295,274.09267684870974,79.45866845882296,19438.86352204746,9025.961346044278,eval,103.18209564816911,279.05675245709676
2025-11-22,6,19973.182856250754,-242.63143578391575,823.264442785503,195.74873410258027,20553.81586325234,8634.373837282548,eval,396.00720830143894,807.7864844987498
2025-11-23,6,50436.09533379896,4062.402736763147,2.519300323911011e-13,1.1368683772161603e-13,54498.49807056211,8791.29655139329,eval,122.61712240951856,555.6009290662621
2025-11-24,6,49259.478369012395,486.7533773799372,3071.2785036794667,1003.9076215758913,52817.5102500718,6597.711558357808,eval,520.7102912027588,1513.162855662185
2025-11-25,6,59422.32748630746,-855.1409464386423,580.356884590883,230.11207321725203,59147.5434244597,8749.217120259134,eval,411.20851044605587,1281.0076461014567
2025-11-26,6,52576.27617677112,1686.0447373506775,186.71889944257936,48.62771890395777,54449.03981356438,9388.855277582355,eval,213.75848553104393,570.4880008541328
2025-11-27,6,52212.434007414886,4132.312576360632,0.0,0.0,56344.746583775515,10368.288334740915,eval,811.3837163234796,2503.8148543509333
2025-11-28,6,18393.407240279827,223.54545247308022,0.0,0.0,18616.952692752908,8165.748699270226,eval,496.0090141266252,1193.3839385159245
2025-11-29,6,24668.025182840367,-866.8517162602192,0.0,0.0,23801.17346658015,8040.236914854131,eval,270.70265673383767,667.9516829829587
2025-11-30,6,54436.403422642354,4167.262708834405,0.0,0.0,58603.666131476755,10440.782326142598,eval,769.470584342825,2425.297957416829
2025-12-01,6,55112.860092882765,-30.08852179684937,13908.311729677396,3518.981364708029,68991.08330076332,6474.95400010295,eval,603.534197159299,1966.0925559013926
2025-12-02,6,62066.88887800675,660.0401986184422,10250.496576092339,2900.834641519548,72977.42565271753,8177.07796622879,eval,172.40205982805224,409.12814309934345
2025-12-03,6,55328.34953751085,6585.933042120155,1013.4880421736702,443.113674782306,62927.770621804666,9897.294479238002,eval,163.28511272847396,440.67010407085706
2025-12-04,6,62804.22786815662,-701.2217157518207,4999.159925518822,1024.205723554036,67102.16607792361,9826.169246384805,eval,307.1394854296555,895.67912903243
2025-12-05,6,23014.99719590404,1670.0548947041937,5245.906614300673,1596.3234039540775,29930.95870490891,10024.065887135828,eval,321.68440612843244,808.6029668533213
2025-12-06,6,24785.90605736497,450.23903180995677,2378.183806938632,691.4973522552199,27614.32889611356,9541.995046305827,eval,428.499164541307,1204.7930913956257
2025-12-07,6,64303.35652309729,-1989.4063523305422,2917.9271902146634,586.0425698913645,65231.87736098141,9194.561070685939,eval,572.5472557510868,1565.2466462399098
2025-12-08,6,65113.659966182575,443.1221055764213,154.99207140998814,26.683665560814006,65711.77414316898,10800.0,eval,170.54178861224185,475.98776409448675
2025-12-09,6,61265.80811313796,552.2571878247608,1394.375926018502,259.9722264387473,63212.441226981224,9003.932904477942,eval,177.48695407912507,688.38323164264
2025-12-10,6,60760.24896414725,3850.608889995971,0.0,0.0,64610.85785414322,10461.384496708184,eval,445.7582246068911,1617.8903325953931
2025-12-11,6,62480.27788593227,-980.0468634374188,444.3740334121075,97.69551652714745,61944.60505590696,9455.973832575733,eval,602.7867738082423,1479.6428879760801
2025-12-12,6,25338.259517798095,1396.032642095959,7.115374955901644e-14,2.842170943040401e-14,26734.292159894052,7947.534011558681,eval,236.09569000033235,715.9850480728289
2025-12-13,6,27291.25153034785,1312.9951881696547,0.0,0.0,28604.246718517505,8708.873535475268,eval,165.47538910945462,384.8092702183177
2025-12-14,6,59151.877256166255,3124.2756554900297,262.3453806536204,54.947194607523386,62538.49829230991,9233.40016544896,eval,562.8573540574654,1392.1749253540206
2025-12-15,6,58271.01952762231,4829.777347748578,0.0,0.0,63100.796875370885,8665.86658389138,eval,63.43041060451672,142.06391711856492
2025-12-16,6,64082.203758071024,148.61066817001515,1368.5954849966329,369.04542446470106,65599.40991123767,9744.666864592453,eval,171.79547205105263,429.8110199006197
2025-12-17,6,63425.02046726615,-868.5196714729757,684.948918486778,144.343556413523,63241.44971427995,9531.17092376678,eval,226.80222203562153,561.5374460809576
2025-12-18,6,62230.75689172976,2751.1365348833942,79.77659743994128,27.952556916587696,65061.6700240531,10500.660236645348,eval,313.1741149047984,738.3333021276196
2025-12-19,6,24878.99247120977,1838.0167784487212,0.0,0.0,26717.00924965849,10158.132530343742,eval,37.15126735011914,80.08575941694171
2025-12-20,6,28891.638895529777,-607.5313415722312,0.0,0.0,28284.107553957547,10111.736769226,eval,264.5615613827949,711.4758767901106
2025-12-21,6,62984.046348910866,-736.837228281221,5.6802118564291964e-14,1.1546319456101628e-14,62247.209120629646,8184.136875737767,eval,364.3410750859642,852.2978194269269
2025-12-22,6,59852.57126992851,356.04220568270966,6542.1082827900245,1720.8034499580197,66750.72175840124,9527.557641257443,eval,230.16228055525903,790.882248073134
2025-12-23,6,62167.56548806685,-1047.4319090693236,0.0,0.0,61120.13357899753,9076.71389155177,eval,281.91939125124145,937.229288329896
2025-12-24,6,61638.89719052083,-147.07196460990076,115.3700582114121,19.862280831783096,61607.19528412234,10181.260321334414,eval,171.60593585610383,533.9120338495695
2025-12-25,6,57644.68337399263,-22.7577500004176,6358.3228422443835,1607.020563934989,63980.2484662366,6484.287360640537,eval,127.41209450593433,452.4265242430073
2025-12-26,6,26994.578874686802,1358.9343756849696,3424.6063330734446,1019.5214930301091,31778.119583445216,10253.352231293764,eval,266.0710646278544,812.4569819499328
2025-12-27,6,25124.39417688686,-101.53281204844745,5.752696097260922e-13,2.5579538487363607e-13,25022.861364838413,7548.614244601177,eval,458.0575206693584,1052.7730638267572
2025-12-28,6,58820.80088426097,99.97839772805376,823.3097805767499,383.3955697919108,59744.08906256577,7575.918666381017,eval,530.5306200121809,1718.8062871063303
2025-12-29,6,58973.29135173443,3822.0905079195954,551.2708622724012,257.42151674671646,63346.652721926424,10645.453899502092,eval,306.36054668861533,1321.74535108383
2025-12-30,6,57977.97134950322,2318.509307212132,1632.7662404818007,444.20315559645877,61929.246897197154,8572.059246746056,eval,284.0690885445484,942.3532772980973
2025-12-31,6,62252.79436876902,599.24136377816,1242.9401036518166,277.5447754710435,64094.975836198995,9511.327707042417,eval,290.2090652711515,914.331790608652
2025-01-01,12,0.0,0.0,366613.56615685835,92035.17001666666,366613.56615685835,6000.0,init,0.0,0.0
2025-01-02,12,65502.51677395027,865.4226634292932,4839.498083568553,1397.036903806581,71207.43752094812,10025.448671111111,init,0.0,0.0
2025-01-03,12,61859.710766730685,-437.1439592009295,0.0,0.0,61422.56680752976,10800.0,init,0.0,0.0
2025-01-04,12,25007.79001585185,-72.34335323929356,6740.1490256845045,2078.901367352539,31675.595688297064,9958.349187037036,init,0.0,0.0
2025-01-05,12,25500.224771155554,332.95184836277497,183967.54904223024,45264.85058971194,209800.72566174855,8558.511815185186,init,0.0,0.0
2025-01-06,12,62419.43830792399,-75.85560721430268,3842.831538293053,1064.091566666667,66186.41423900274,10116.492809259258,init,0.0,0.0
2025-01-07,12,59530.17537370636,4101.962629724336,4721.089437579161,1459.3476777777757,68353.22744100986,10232.597833333331,init,0.0,0.0
2025-01-08,12,65247.11393611398,-1754.5826329255817,3824.3779989860964,1239.6805583333287,67316.90930217449,10227.11604,init,0.0,0.0
2025-01-09,12,60094.50479259694,2254.36717844676,4324.221343965468,1343.9107637222137,66673.09331500917,10003.817253888888,init,0.0,0.0
2025-01-10,12,65050.279006997676,-1832.0512927006318,0.0,0.0,63218.22771429704,10800.0,init,0.0,0.0
2025-01-11,12,25143.325270030557,839.0179384167423,3475.373687841956,1089.728741759269,29457.716896289254,9832.336335,init,0.0,0.0
2025-01-12,12,26585.210097493815,-230.30245364784915,179563.42442019604,43807.92913014404,205918.332064042,8455.086756666667,init,0.0,0.0
2025-01-13,12,62492.28934012931,-821.1731925181534,3429.220308025757,1018.4620064835435,65100.33645563692,9989.435511666667,init,0.0,0.0
2025-01-14,12,60824.87127011575,139.62874669622795,4611.374956458046,1209.9443686111097,65575.87497327002,10265.803453703702,init,0.0,0.0
2025-01-15,12,58178.358866013456,3875.353758981835,5353.762258378136,1386.781069135815,67407.47488337343,10146.49893,init,0.0,0.0
2025-01-16,12,60439.95500175298,1734.4688670539776,10518.22714480501,2671.8255559101744,72692.65101361196,9999.412269074071,init,1.8189894035458565e-12,7.929224921099375e-12
2025-01-17,12,27534.963136870967,435.2465747455334,9.604994842587516,3.365450190114757,27979.814706459085,10190.792873156523,init,-2.1085355683680974e-13,-4.600235747886926e-13
2025-01-18,12,29142.36289553749,-1031.6923429383896,1593.653475322973,392.27213431295775,29704.324027922074,9926.177841453436,init,2.2187052195477024e-12,4.806824858150097e-12
2025-01-19,12,59087.5962693881,3591.5390621491174,3751.7311993395797,879.8355639739576,66430.8665308768,9902.983443996076,init,-2.0747847884194925e-13,-7.654833211745426e-13
2025-01-20,12,60701.58743086609,932.4952999525182,4221.263438567681,1020.8496982537024,65855.34616938629,10029.574856228097,init,27.653626080913796,123.46638659410512
2025-01-21,12,60709.472845557466,-141.6554976625996,230.24281450636477,64.1437484775912,60798.060162401234,10269.57707259173,init,26.205294809467848,113.28281800622544
2025-01-22,12,61135.11633917355,-120.43657555959567,4714.873364790208,986.2368995257,65729.55312840416,9529.427366119306,init,152.60551759579786,444.7012390237378
2025-01-23,12,60458.38247504282,324.8239487713082,8964.31650977935,2076.363851276854,69747.52293359347,9823.361717751613,init,3.831202255066978,7.3049714396303544
2025-01-24,12,23351.69575670296,1609.7239158407087,828.9466921393584,187.8155260281883,25790.36636468303,10153.065049462357,init,54.73649502891874,176.67564108205903
2025-01-25,12,23218.34472192981,1344.8227085006915,412.6183137003776,110.71694458449504,24975.78574413088,10218.431764980172,init,86.9531380694694,212.5929153404351
2025-01-26,12,63945.18820398513,-681.5130147246573,1801.4640996616677,464.1064623095691,65065.13928892214,9785.488186300729,init,146.01971295742788,497.9110757284666
2025-01-27,12,57404.317324865595,3288.046424743262,292.78185348134986,74.45032185733089,60985.145603090205,9752.54245551261,init,153.71420589273944,512.6563522985628
2025-01-28,12,60644.84955035651,-208.19019385703746,3636.6952562067836,777.3190333749874,64073.35461270625,9830.473318386054,init,158.7245787897438,674.3837868632938
2025-01-29,12,55454.57957137462,635.6043262201147,3913.9691527587665,952.3256464846156,60004.153050353496,10158.211343833924,init,159.93688649958102,504.5803391135745
2025-01-30,12,55652.20032797691,3839.7878880075286,1155.605931134553,227.28615322782764,60647.594147118994,9995.422819888128,init,174.9831267226797,588.3527178992078
2025-01-31,12,22560.08004947908,2147.3362668417103,342.37750181958137,99.25424027238194,25049.79381814037,10137.194918850411,init,107.1898592195148,292.3654480476388
2025-02-01,12,24084.767564307254,-592.8649446686895,0.0,0.0,23491.902619638564,10708.072765997265,calibration,96.40927395996233,214.6177582305164
2025-02-02,12,57460.6400061569,-62.74073372822211,0.0,0.0,57397.89927242868,10800.0,calibration,70.0021677012792,181.62364564014223
2025-02-03,12,58365.56917087466,-740.7261300274695,357.2961007775178,74.77898858884578,57982.139141624706,10358.816983402327,calibration,247.28287219848258,893.9279576286308
2025-02-04,12,61595.40605435741,-1136.088987576854,0.0,0.0,60459.31706678055,10442.070387621265,calibration,153.59645745365953,517.5429449402009
2025-02-05,12,54503.65586448899,-105.20249414170232,4282.754220995969,890.4906471603546,58681.207591343256,9861.644157635847,calibration,115.16256407475092,366.53367987616656
2025-02-06,12,58631.64909077666,-1887.5580235565362,2476.963897689363,575.244451949295,59221.05496490948,9590.685068120065,calibration,166.50358200076434,608.2361802168182
2025-02-07,12,22480.826610216973,-890.9930203056294,0.0,0.0,21589.833589911344,10045.70574685124,calibration,181.20540734378446,517.0930538853835
2025-02-08,12,18256.815418355196,1719.2093467654504,4594.039645519187,1118.5516054936074,24570.064410639832,9796.390836225753,calibration,51.051173840568794,115.855843235156
2025-02-09,12,54979.692242176134,1524.8557475871826,2432.3351952760613,476.42393561217,58936.88318503938,9665.795298986024,calibration,311.1452748538153,909.5885368871668
2025-02-10,12,50986.34301785165,-313.8222659584694,553.45208897807,185.75592841461753,51225.97284087125,9535.218550674943,calibration,326.75415263943387,1126.3893282611139
2025-02-11,12,52988.54236153947,-1577.5441348549502,7010.481651056011,1395.2388492283712,58421.47987774053,9663.702174359425,calibration,122.5457173833845,369.26385729338983
2025-02-12,12,53617.66485149738,-479.40002198172925,1959.6557116560102,416.3020733471777,55097.920541171654,9572.94013645591,calibration,160.4842990077098,606.3083710337271
2025-02-13,12,49869.298782972866,467.7165017541381,1464.478631961806,380.4896260622427,51801.493916688814,10112.146342048181,calibration,260.3316282398099,808.7345547863785
2025-02-14,12,18345.77779955798,1488.6237809602756,707.0759868105436,196.62018183731186,20541.477567328802,9673.591530157031,calibration,112.97032266859087,296.6412944699282
2025-02-15,12,18955.04934917163,-35.005021185459505,1062.4692981000576,271.15906076046514,19982.51362608623,9582.923852231577,calibration,272.79781037376875,582.9234521141889
2025-02-16,12,54213.63645418022,-1629.311449191096,4349.902048260694,940.8676685687007,56934.227053249815,9528.926457215077,calibration,308.5169299581679,986.3677160484422
2025-02-17,12,53336.800234210896,-1564.2676573150243,2510.88879283931,503.3006102216309,54283.42136973518,9452.746709516632,calibration,187.5813908263864,658.9853019116732
2025-02-18,12,47737.906673667094,1647.5549905670687,3594.977503585771,798.0758333464554,52980.43916781993,9777.341037043378,calibration,49.099327098176865,118.61906423985351
2025-02-19,12,47620.31196797398,2542.4553344081005,1906.2290882926084,582.1121988020125,52068.99639067469,9530.87136098652,calibration,206.53585503767357,629.4562583507828
2025-02-20,12,50486.223782302506,-265.64147200691554,699.918576558331,175.87662922169363,50920.50088685392,9891.380206316197,calibration,142.84468005378375,504.7592375880971
2025-02-21,12,17849.653279541417,996.3475407957164,0.0,0.0,18846.000820337133,9743.423059183948,calibration,50.401243989114064,115.13680054288379
2025-02-22,12,18670.131011996153,-86.00718542029472,82.66815251804601,15.090936932830598,18666.791979093905,9888.698789724705,calibration,71.0046061981868,214.9441247084425
2025-02-23,12,49461.19464484,-1098.5532037234839,4859.82248448021,1008.6329398606947,53222.46392559673,9589.590347791045,calibration,260.44602961293765,843.0114276765493
2025-02-24,12,47625.54558223378,-138.49520068676782,332.9756917170326,78.92036097460709,47820.026073264045,9661.261079334368,calibration,334.7111951678304,955.4242633601655
2025-02-25,12,49003.38822444326,-1153.1315231333133,1418.9389908257604,319.10191647394544,49269.195692135705,9448.75768482246,calibration,118.94179185081468,341.6612605569595
2025-02-26,12,44357.89150409406,2705.3034057136338,656.9088588019079,197.6841511765717,47720.1037686096,10376.091247237915,calibration,38.84120317798316,93.16400431141803
2025-02-27,12,44397.06949216596,529.5994652723239,981.5597984559397,172.7164713232321,45908.228755894226,9728.01173520592,calibration,305.3074529350174,727.9371783086225
2025-02-28,12,17840.39162109408,-15.256754285176687,1054.2186596744255,228.2990599609177,18879.35352648333,9678.47183144373,calibration,30.456294703536173,75.21128185846142
2025-03-01,12,19832.153390687807,-365.47797774576077,0.0,0.0,19466.675412942044,9799.36269604449,calibration,74.84577241706155,161.27254506611067
2025-03-02,12,51098.57103713394,-555.4490108977664,95.35032782806388,19.477128931302673,50638.47235406423,9854.167885993338,calibration,286.80960102931266,828.1513385509767
2025-03-03,12,52817.939368975094,-260.78309690390756,0.0,0.0,52557.15627207119,9789.295398972865,calibration,105.59083329837908,270.458413322853
2025-03-04,12,46865.7136625635,814.8047193117443,1299.4096855496355,330.6878302582397,48979.92806742489,9678.362522010408,calibration,197.97737721669222,575.0968643769314
2025-03-05,12,46984.089332876836,-1363.8580188330131,5809.700563044178,1348.5988388481462,51429.931877088,9697.454088571794,calibration,174.84884887748478,613.6568062216497
2025-03-06,12,43417.65295351758,579.4741154940834,2837.8047197263895,685.3483696004662,46834.93178873805,9785.88711940397,calibration,366.9693011877034,1134.120354190612
2025-03-07,12,18169.57005280487,-559.7853771796943,0.0,0.0,17609.784675625175,9906.432481174237,calibration,63.35956773325281,203.2645164696839
2025-03-08,12,16572.46582773151,0.0,1831.1887781765981,491.83484110556617,18403.65460590811,10422.309514005512,calibration,10.94248168048271,27.737097965933106
2025-03-09,12,43463.193779698944,-1167.2879513408573,4780.773738118387,1257.9566593603186,47076.67956647648,10077.385523458117,calibration,281.14476398016484,681.9752556154742
2025-03-10,12,42881.73313780586,540.7914191390397,9853.5336459416,2371.71090940656,53276.058202886496,9766.410001442946,calibration,56.91900918880516,142.0386635528253
2025-03-11,12,38315.82382765581,2836.6495748113716,14054.951338742887,4174.634446754501,55207.424741210074,9953.014804875267,calibration,133.35134364812484,354.5490667978005
2025-03-12,12,44870.433526161374,-1252.9271323270768,601.5989688784571,123.55992079874892,44219.10536271275,9776.833067657417,calibration,349.1795707779935,948.3174714132176
2025-03-13,12,44441.59516151871,2103.793808111059,1305.6382065112434,201.06080174147917,47851.02717614101,9702.888348995752,calibration,130.3363664961804,282.70543676551785
2025-03-14,12,16107.010447050576,1056.06964437007,1.8758328224066646e-13,5.684341886080802e-14,17163.080091420645,10157.148521523166,calibration,112.8047170037916,289.88900292576494
2025-03-15,12,15779.598605281704,372.16532739852397,0.0,0.0,16151.76393268023,9703.975790442966,calibration,171.82104003140404,414.4964164825284
2025-03-16,12,42550.95186865767,-124.19497971126108,1349.328476368129,396.0448813344712,43776.08536531454,10000.760482300113,calibration,330.09068878451706,899.510760940632
2025-03-17,12,39825.171808098516,-12.877572506808981,0.0,0.0,39812.294235591704,9873.156909146397,calibration,195.18809852399494,462.419371066533
2025-03-18,12,47259.82576268741,-787.0069075833337,0.0,0.0,46472.81885510408,9943.482242259235,calibration,242.16964272331606,587.9752459399383
2025-03-19,12,36781.05858797757,4841.2722350088225,2065.6586888398815,835.6202382659226,43687.98951182627,10090.533258687057,calibration,208.931808168347,523.468725111287
2025-03-20,12,42799.97413688735,-1680.6587268569656,8263.128242024428,1907.7918161133105,49382.44365205482,9834.97925838476,calibration,274.4939310497455,663.5814618900521
2025-03-21,12,15675.320506330661,-64.57454330028426,1521.9408967552808,466.0272599148764,17132.68685978566,10018.893872347158,calibration,76.59669451386313,235.730447923968
2025-03-22,12,16471.63944954927,-127.32370741946815,0.0,0.0,16344.315742129804,10610.841971498656,calibration,37.939599137851935,132.61733652578636
2025-03-23,12,42094.888790581936,-1155.08226795748,524.2625997791904,230.5464813584855,41464.06912240365,10016.352230611372,calibration,41.28360343228277,94.99537965897899
2025-03-24,12,39302.51252255497,32.016050438907584,494.28296532763875,209.1404954277499,39828.81153832152,9880.696474081733,calibration,132.5362914591065,295.89980726005354
2025-03-25,12,45166.8190787997,-1848.0180874447797,2131.47183527702,514.7217801479469,45450.27282663194,9641.242300806953,calibration,329.5926371758338,1110.8591850312685
2025-03-26,12,38717.962973292015,-825.3430290288879,3675.829885520534,898.7770777234308,41568.44982978366,10292.023521316885,calibration,180.4921150547626,409.01869806293473
2025-03-27,12,41429.90280459401,-487.82944167931095,0.0,0.0,40942.07336291469,9886.28732274349,calibration,152.55830676909858,381.4182963285765
2025-03-28,12,15651.092786318968,41.52065403100697,0.0,0.0,15692.613440349975,10284.054903544336,calibration,95.98139368756127,239.43452180973327
2025-03-29,12,15185.707909070794,220.16360070835526,0.0,0.0,15405.87150977915,10085.697387680968,calibration,43.74132534362091,92.41524748771225
2025-03-30,12,39889.998804219125,-1272.2622106155773,3240.3439644865716,849.4839587007486,41858.08055809012,9947.678796200527,calibration,258.368288090711,663.3307668619325
2025-03-31,12,34774.52697533961,3379.503621816687,3074.008619008475,961.5441728375329,41228.039216164776,10134.562811544713,calibration,226.52609138843258,608.1498437975496
2025-04-01,12,42508.33377724869,-223.9488584752823,535.1090806448983,81.38093334242535,42819.49399941831,9946.644099944866,eval,367.1911962644806,1103.1858552236893
2025-04-02,12,41463.605672809485,-16.039399977033057,962.9445518349065,150.84511104610402,42410.51082466736,9857.172693705808,eval,113.94719741586395,274.77749657232664
2025-04-03,12,42684.9620446086,-1126.8460307480677,0.0,0.0,41558.11601386053,9953.55292594694,eval,330.1898747807059,841.6225690139166
2025-04-04,12,14325.867172723007,-87.53087379084273,0.0,0.0,14238.336298932163,9724.065213830394,eval,65.42338338678226,151.67314948908415
2025-04-05,12,14479.527115499051,-19.58697191451564,6295.057626141997,1524.7592393110979,20754.997769726535,9667.074141047116,eval,78.60040115501491,209.29360145263126
2025-04-06,12,39687.359992792735,147.80273996124663,46.64028144971703,16.342074789669596,39881.8030142037,10102.33409757088,eval,182.52737926344128,438.7769551428103
2025-04-07,12,33586.99658285974,3588.412465788616,0.0,0.0,37175.409048648355,10002.347231177046,eval,132.20324430094587,289.48978438012364
2025-04-08,12,39794.39080564061,-1052.81405953224,2116.2565368052146,402.88516206239706,40857.83328291358,9676.767721420756,eval,729.2953069565934,2192.409563726321
2025-04-09,12,38429.74786476794,85.13285391603442,3026.9691480454912,1268.0515259456565,41541.84986672946,9895.554498205624,eval,209.9420863576849,554.2976909485712
2025-04-10,12,38687.644375165124,-565.6764874843135,2110.8361964716432,434.7462143593609,40232.804084152456,9901.127073821654,eval,581.1562402155593,1580.7614732291638
2025-04-11,12,13381.04458622251,-34.17359341642061,3808.7805610496284,812.0735147365311,17155.651553855718,9439.432480244595,eval,73.49718877988911,161.58007195286163
2025-04-12,12,14999.232343351809,-340.9999074378187,0.0,0.0,14658.23243591399,10104.607029752478,eval,45.15670039596869,124.68277660486747
2025-04-13,12,34702.52632866785,1144.7170268406212,1499.018669323792,328.4579942906516,37346.262024832264,9932.85229211754,eval,150.94286210331475,340.7807639829361
2025-04-14,12,38112.117418873466,-1705.464225841529,5529.66050142034,1171.390577601918,41936.31369445228,9935.324885472133,eval,421.21143871271977,1203.1459452133013
2025-04-15,12,32887.60539795233,1948.401760905339,2926.123502627217,557.2855933791006,37762.13066148489,10011.472324370214,eval,268.9231220338948,611.8018968524324
2025-04-16,12,36402.45807590535,1235.2005497090506,359.9009714206065,100.03410769972987,37997.559597035004,9535.124255380544,eval,267.75199220946854,712.4047728125117
2025-04-17,12,34374.0331565483,1019.32230156598,5467.847867900511,1176.2769598479629,40861.203326014795,9868.249423550822,eval,531.4253383320404,1300.5318025854808
2025-04-18,12,13196.468801069555,237.15230325890658,3237.2588179627883,953.4246838636892,16670.87992229125,10072.652414734168,eval,70.79651196497045,192.63492708972075
2025-04-19,12,13137.81996963609,437.574886672429,91.35969514301104,35.58018830452306,13666.754551451531,10257.235873451269,eval,67.30132301087812,156.56774709928985
2025-04-20,12,33982.33008973628,3059.4788698618727,1196.8999288293744,332.10260582601086,38238.70888842753,10193.380280194408,eval,24.43898048803092,56.20193994219577
2025-04-21,12,35523.531480602076,-1251.0344724350803,57.612301727228186,12.295870606600829,34330.10930989422,9637.340382701965,eval,38.62772662415095,139.50582793680687
2025-04-22,12,31874.884455795087,4333.44223330798,2922.6784404176105,1054.8674977730975,39131.00512952068,9769.569540493114,eval,354.4342879156019,1142.9784532218844
2025-04-23,12,31247.15843088695,4804.070664129638,1452.829779291373,492.2082456094553,37504.058874307964,10121.161857585195,eval,196.20301033675509,404.4585940844443
2025-04-24,12,31445.093411127804,3010.083315376647,84.12333280312572,28.761009467026383,34539.30005930757,9768.325400558344,eval,84.90105225814251,218.97675773046836
2025-04-25,12,13083.75349494662,0.0,0.0,0.0,13083.75349494662,10055.333829549645,eval,35.17346223106235,137.77513126950538
2025-04-26,12,13058.332493224294,174.8232726044096,0.0,0.0,13233.155765828704,9973.06411362038,eval,50.381850094649586,107.09208628601593
2025-04-27,12,31516.33538666189,1167.7127499099763,2153.227412939642,405.33877102220765,34837.275549511505,9875.99385306583,eval,85.18982691770321,181.19856984527695
2025-04-28,12,37288.30983832786,-117.62241518732402,1.1689849088725167e-13,5.684341886080802e-14,37170.68742314054,9942.294774869402,eval,133.70310827018739,406.0914515472831
2025-04-29,12,31026.223154433283,1286.1354138147076,301.7628619213545,145.7051027334686,32614.121430169344,10090.784502457102,eval,90.40392635597073,253.27651768785782
2025-04-30,12,30750.200428723838,1200.5361435098316,4327.93407520078,1198.3005760658677,36278.67064743445,9739.64863293781,eval,64.6638947545417,186.21764155318255
2025-05-01,12,32610.079202186702,0.0,15172.09323327063,2570.1258667708794,47782.17243545733,8936.777177049806,eval,227.2249695873756,451.8718517565274
2025-05-02,12,14327.312698605656,0.0,9595.60320930317,1615.4879143245316,23922.915907908828,9266.661655490541,eval,38.63847248085488,120.70881313060895
2025-05-03,12,13403.787045243986,-0.5835288463985768,11691.276196081306,1996.9945478642337,25094.479712478893,9529.881924187326,eval,131.2090243752922,332.69577867717396
2025-05-04,12,33901.82076225034,-739.8186594036576,14485.413342267704,2566.4873113260555,47647.415445114384,9108.116082603592,eval,185.25473696732973,412.6035692962934
2025-05-05,12,35272.253509135815,624.655753474732,13428.857575803597,2728.647696806328,49325.76683841414,9305.094012833662,eval,154.91235182122978,353.59388495970944
2025-05-06,12,31946.946086398973,3013.5656753192916,16135.24317819193,2910.5910875114605,51095.75493991019,9242.85059982218,eval,151.76663041970878,425.71099191200074
2025-05-07,12,36234.91588193907,2482.495552331643,4042.82263857886,847.6474804839465,42760.23407284958,9502.560892096273,eval,260.506179382804,562.6419509391988
2025-05-08,12,37039.13112265533,1060.9297079558871,556.5828538579217,125.230952604057,38656.64368446914,10120.244396517595,eval,593.8181922958089,1374.3836419415247
2025-05-09,12,15797.711900580412,139.08346408401385,785.5801048530057,266.21971038688497,16722.375469517432,10702.667681364757,eval,69.778172229136,194.55114269109046
2025-05-10,12,16200.729197396653,34.378804579375654,0.0,0.0,16235.108001976028,10756.821308022712,eval,158.9972059001992,750.860184270012
2025-05-11,12,37357.4192705288,1404.2178779184765,0.0,0.0,38761.63714844728,9962.242584113199,eval,443.81266080626267,1315.2633867962788
2025-05-12,12,32753.854004627192,4807.192282243344,2.6363355942748966e-13,1.163513729807164e-13,37561.046286870536,10695.030669457701,eval,220.1830447466597,538.2185636412196
2025-05-13,12,37156.14044188152,1304.6610162185589,5.34583932676469e-13,2.2737367544323206e-13,38460.80145810008,10594.839191020304,eval,410.2745791204599,968.8095537954374
2025-05-14,12,36418.00900410063,-644.9967508506581,2337.3997011649635,668.2796955153499,38110.411954414936,9773.834083116448,eval,521.265045149329,1367.2041118895902
2025-05-15,12,36722.24301628496,-15.974261803722367,0.0,0.0,36706.26875448124,9526.923088952326,eval,407.33782991987334,1045.0240930563011
2025-05-16,12,15111.664057925635,-339.843575566762,157.97135253134888,38.75543955635922,14929.791834890222,9846.703995998465,eval,37.63261092870685,100.23286193183444
2025-05-17,12,14716.646566790969,0.0,1901.6619854206194,309.0558421753451,16618.308552211587,9630.227965255419,eval,54.8467512221279,217.76821593780218
2025-05-18,12,36824.01396770119,-578.1051122780498,1708.5845561210606,736.3363842992817,37954.4934115442,10271.535212834955,eval,252.29001733295127,580.2800832650491
2025-05-19,12,34172.46533333356,-292.9905915720575,451.90398166666745,67.00333333333344,34331.37872342817,9443.216570704324,eval,387.2964568892103,824.7770150145809
2025-05-20,12,34119.295668457904,2354.71169692959,2188.3609442165885,339.5754541244088,38662.368309604084,9238.492391803076,eval,702.2361421771584,1781.0765271354583
2025-05-21,12,33044.311583722665,2498.4898272893047,3579.4166252486175,739.5952581713984,39122.21803626059,9352.276217837105,eval,56.07956375826527,197.02052023425176
2025-05-22,12,34368.14355941136,2165.5310923828574,1635.7248260354927,318.3520502024519,38169.399477829706,9979.368092090346,eval,186.22461734509494,451.7745660576079
2025-05-23,12,14178.96362839022,1167.5998517003795,0.0,0.0,15346.5634800906,10370.506800684503,eval,211.25555627496956,1135.4345673202242
2025-05-24,12,15028.884716482744,-112.50708138789463,265.19000721496946,62.150052753161134,15181.56764230982,10737.440208982789,eval,180.34784458181173,908.9524642256176
2025-05-25,12,35334.03508220223,-218.59707595780213,1339.2197237280807,260.54995194389784,36454.6577299725,10100.041786030275,eval,186.95882452534235,438.857697293616
2025-05-26,12,33802.65298469688,4351.835898597651,4798.183576616954,1195.5275818870407,42952.67245991148,10800.0,eval,121.53224639993591,403.892929006122
2025-05-27,12,33036.09483032668,1829.911456601931,0.0,0.0,34866.00628692861,10056.241990889923,eval,315.1964415552249,910.5181512617012
2025-05-28,12,35417.37436001119,-48.53793344835708,0.0,0.0,35368.83642656283,10011.762031172295,eval,370.1632044515965,943.8989267381937
2025-05-29,12,33717.44641165134,1789.4429192284563,5741.564252949578,1059.8002742069943,41248.45358382938,10051.564894854464,eval,311.0132021888029,737.1094949418001
2025-05-30,12,14518.336640820176,210.47550918493135,184.85265238493164,37.861139102850814,14913.66480239004,10100.26880542977,eval,36.043597350164134,154.70709975458334
2025-05-31,12,15833.751731957496,-657.3917896320238,26.55321643367786,11.963602808595567,15202.913158759151,10205.099970886597,eval,68.21113284428077,239.86509044898867
2025-06-01,12,46209.68533035751,-1511.352619153949,30372.262841866283,6078.021810876866,75070.59555306984,8613.29646834674,eval,134.89914921465729,350.3953028157419
2025-06-02,12,48174.57445246268,-2368.2523376785653,20899.047749058816,3916.1891174610982,66705.36986384293,7390.0306497255015,eval,217.18342115958043,492.0903292699554
2025-06-03,12,43311.33725055896,-223.68563273984768,17876.02099907083,3215.2426730298357,60963.67261688994,6823.505018447501,eval,460.36423105581616,1322.9930941680798
2025-06-04,12,56149.73298442975,-1342.9537672933884,795.2232583086044,316.6630983001844,55602.00247544497,10051.507112241865,eval,478.86212898821975,1298.365762683725
2025-06-05,12,47563.84206023569,2722.174361137013,2790.7179306339212,485.01081555370604,53076.73435200663,9667.388957266618,eval,174.8970296736728,573.7690235385165
2025-06-06,12,18469.700714956954,-100.8229923368771,16584.987640114025,3315.4947782176796,34953.8653627341,8421.319376862466,eval,207.543138108405,614.0602065077409
2025-06-07,12,21463.66654989248,445.2429770513325,8203.125639219172,1324.8874337899301,30112.035166162987,9094.012876188966,eval,403.27015252006106,895.9534128381247
2025-06-08,12,46511.223850460876,4678.544738025788,0.0,0.0,51189.768588486666,10671.058682992325,eval,125.74544437950166,284.96477572163155
2025-06-09,12,51213.760093600424,-707.8196774054663,0.0,0.0,50505.94041619496,10415.767840010181,eval,189.1579600786044,428.156860322685
2025-06-10,12,48572.0973154137,1000.812526498858,1.036291052969318e-13,2.4868995751603507e-14,49572.90984191256,10051.66859734015,eval,199.72086996929764,483.0818300399504
2025-06-11,12,50268.12602040556,291.43937400501403,9598.125693128066,3249.362528850498,60157.69108753864,10314.525405900678,eval,417.2004314548123,1469.0066637922992
2025-06-12,12,49701.98988721096,58.036668060016545,0.0,0.0,49760.02655527098,9977.38149534591,eval,162.6388235024217,516.7367618136616
2025-06-13,12,25082.53406024685,-489.0536887069717,6.201616997714154e-14,2.842170943040401e-14,24593.480371539878,10788.547254549501,eval,79.60258718279078,308.6340009272716
2025-06-14,12,24021.19840119997,-269.99356756077043,0.0,0.0,23751.2048336392,10800.0,eval,99.02328769238048,513.7602459383723
2025-06-15,12,45680.19097950669,1650.21565681943,5478.128933739237,2295.4677989245306,52808.53557006536,10469.210487951968,eval,219.84175622461757,521.6286190510025
2025-06-16,12,48716.20549035381,-87.62645148507687,5495.629776625246,1120.621570450498,54124.20881549398,9818.54213388129,eval,207.3452553262814,519.5388099819074
2025-06-17,12,49123.07043935725,1058.200119009794,3179.2221808426825,1051.0535852046394,53360.49273920973,7630.546081459081,eval,349.58685691563204,896.8492817384853
2025-06-18,12,50553.68255504101,-288.16104701306665,0.0,0.0,50265.52150802794,10712.805509667198,eval,823.9900118484559,2611.195490919673
2025-06-19,12,47763.48167526661,2192.1632643149815,38.30725441499448,5.682304296520726,49993.95219399658,10034.925330959388,eval,258.56899557792224,594.8957640420117
2025-06-20,12,20940.388367871983,-415.2129632317101,0.0,0.0,20525.17540464027,10269.59669585933,eval,61.85592753773331,150.38551736349135
2025-06-21,12,20044.041382338815,1075.7865509456478,0.0,0.0,21119.82793328446,10800.0,eval,148.9885773568864,463.44853874668826
2025-06-22,12,44544.711365971336,4553.432253298719,1.0685852203096148e-13,4.263256414560601e-14,49098.14361927006,10790.275648974288,eval,238.93586232768925,584.808188888969
2025-06-23,12,46919.04872383989,745.2069847580918,1176.3055304461423,301.42889103980457,48840.56123904413,9800.81714173511,eval,368.5136220186329,1157.995295652791
2025-06-24,12,53550.17006804297,-1011.4715867122115,4072.3640012704464,888.3615901034821,56611.062482601206,10439.261953895286,eval,774.8666898126929,2692.2959498105865
2025-06-25,12,46284.251325125726,2777.4416977856827,0.0,0.0,49061.69302291141,9425.271869554048,eval,496.99423908768114,1397.7366318056995
2025-06-26,12,46315.02976177861,2585.764497065439,422.26768458182335,62.582802246652136,49323.06194342587,9933.472852827108,eval,543.6589645077578,1458.2596204589452
2025-06-27,12,19978.584746660556,-359.5733706063219,2489.262666308736,466.0129082769322,22108.27404236297,9960.51239734312,eval,147.85332589268722,499.39740301101153
2025-06-28,12,19343.249365826126,1006.9869394537201,1.7827517240220914e-13,2.842170943040401e-14,20350.236305279846,10255.948913744598,eval,81.69900618250142,256.655366520922
2025-06-29,12,45074.056609843814,5511.691778523516,0.0,0.0,50585.74838836733,9242.705388536595,eval,379.8250923357091,1161.5816506294755
2025-06-30,12,47398.71579523563,460.35554282104374,4.274340881238459e-13,1.7053025658242404e-13,47859.071338056674,10218.667408149737,eval,709.2404325570457,1907.975874374653
2025-07-01,12,39823.01285380413,4073.3603713894727,45695.4204165651,12535.4336403042,89591.7936417587,6194.485287737944,eval,493.6710335301159,1272.241852469876
2025-07-02,12,51743.571374112274,-174.52033971943433,3.8406255953304935e-13,5.684341886080802e-14,51569.05103439284,8953.414185508986,eval,154.08507955990473,426.10037785665247
2025-07-03,12,55236.6738109947,71.51033740344559,2954.647988875783,601.7686758580471,58262.83213727392,10102.374612487678,eval,532.1857946023013,1630.5895883058813
2025-07-04,12,21989.245149928083,1112.8135865675963,14087.558696467902,4209.700116353228,37189.61743296358,7371.698438576901,eval,151.74996777980238,766.4488493921406
2025-07-05,12,24099.828154502058,0.0,16274.37696028527,4637.166612660807,40374.20511478733,8634.313706347024,eval,339.2903673481352,886.4403015345797
2025-07-06,12,54502.11839252161,3093.1892559657226,8446.347228725679,2350.8283259804443,66041.654877213,10582.104373129689,eval,1342.4633277501982,4436.25260722565
2025-07-07,12,55973.101854695095,-28.885759723779245,0.0,0.0,55944.216094971314,10800.0,eval,198.88921799746885,470.17042522719714
2025-07-08,12,60639.487344574314,-287.8165468000675,0.0,0.0,60351.67079777425,10800.0,eval,305.22385859778535,844.8176324422427
2025-07-09,12,55334.44509534926,-1481.7059510859535,246.7648886842229,36.603855029922556,54099.50403294753,8808.356936012398,eval,212.70274358828834,482.97591854143747
2025-07-10,12,53162.10508054182,-561.0170965959941,3240.1120239837646,849.1752611834604,55841.20000792959,9241.603404701951,eval,1197.485701973615,3478.6884642894997
2025-07-11,12,31538.29032014472,-533.2197594312947,0.0,0.0,31005.070560713422,10800.0,eval,69.24771590724853,174.41005073299453
2025-07-12,12,28237.15738999166,2384.453279128992,0.0,0.0,30621.61066912065,10051.136033416531,eval,177.20172239777534,776.0914983450001
2025-07-13,12,54379.13653595503,-1066.9679004305283,540.4754974927149,80.66798470040521,53852.64413301722,9708.87680158264,eval,401.5748750154763,1017.4010623238664
2025-07-14,12,48478.21601030835,683.791193116347,1551.5788398081183,279.8100994079933,50713.58604323282,9825.871898929128,eval,146.64466065144796,334.78156275761074
2025-07-15,12,52849.382685737735,-583.3415730692543,1.2934719961776864e-13,5.684341886080802e-14,52266.04111266848,9912.67983647692,eval,179.514253195745,482.04289464856083
2025-07-16,12,48091.67173583803,603.7522380109632,191.7832306853158,28.38499677130409,48887.20720453431,5210.628255941269,eval,397.2102119399379,987.1203744154598
2025-07-17,12,50448.75477925756,4514.784564458866,1163.3326425615858,524.1791644202019,56126.87198627801,9852.126676946998,eval,204.7378858869747,524.4354076187249
2025-07-18,12,24879.34355045535,-913.5671924399838,2522.5537550775925,523.1965405165329,26488.330113092958,5577.471288354913,eval,101.79809564528497,338.05396959763164
2025-07-19,12,29941.350756777658,-744.8719270723495,328.67323260202625,157.4005042993415,29525.152062307334,10634.713479856093,eval,380.1830146077984,1431.7947052040654
2025-07-20,12,49645.722654436155,368.97938692695004,0.0,0.0,50014.7020413631,10359.657510068984,eval,514.327996529134,1283.36941172712
2025-07-21,12,52409.86573867838,-40.65928650241044,692.3982877750354,204.10398590551543,53061.604739951006,10477.966344497461,eval,1437.141291375726,4509.967688053912
2025-07-22,12,48874.456872640105,568.060124300537,590.7846759222491,132.20385006101648,50033.30167286289,8265.937982200287,eval,220.4510946237504,512.4696578977058
2025-07-23,12,57641.73574965265,-1774.2724879782872,679.8981650054363,259.01143156247724,56547.361426679796,9953.15690860106,eval,94.09228234085917,206.84059021744707
2025-07-24,12,54265.81963586683,-903.5018490272448,364.0768635210907,154.6402714173397,53726.39465036068,6510.239111729629,eval,700.8321326194814,2082.134900002674
2025-07-25,12,26741.392118993528,75.54095582537315,1.3383072428041487e-14,3.552713678800501e-15,26816.933074818902,10156.312048297159,eval,161.28905416656852,660.5749080781704
2025-07-26,12,25300.135721162966,3.9551737853762035,0.0,0.0,25304.090894948342,10329.83037288723,eval,324.28612131876866,940.6230324866059
2025-07-27,12,49925.236638096976,977.194333016379,0.0,0.0,50902.430971113354,8297.336807136875,eval,528.7808287440082,1270.6218449934818
2025-07-28,12,52474.33223323621,1039.6420529850925,4455.230275920638,1170.7907063928535,57969.20456214194,9625.899332229077,eval,127.74715406321062,292.4640398802722
2025-07-29,12,51856.114512368,1579.835985477291,2223.997162800526,459.98715843852415,55659.94766064582,9472.040527529496,eval,437.87390822993,1229.8212874041662
2025-07-30,12,45721.081420399685,8024.89612223725,4236.188166741506,1146.1479992836917,57982.165709378445,9969.727637139678,eval,123.9142959377371,264.99163881894424
2025-07-31,12,48886.308149351484,3272.6821680166604,3325.36344345838,612.6214450190132,55484.353760826525,9743.961200689251,eval,565.9088823283321,1572.9155425331744
2025-08-01,12,25288.901786072936,-1058.7591524839902,3302.781929015205,709.4089720683958,27532.92456260415,9782.141770830447,eval,137.0657496263681,680.9341281583872
2025-08-02,12,24969.885061364508,-218.37699275005343,0.0,0.0,24751.508068614454,10295.443088321865,eval,120.89870177772468,389.6377023807112
2025-08-03,12,42450.28211547023,323.22117869401984,6841.291672329186,1369.9741530372012,49614.794966493435,9567.141367171773,eval,301.66459647327156,643.2465808348088
2025-08-04,12,46372.462647574575,-581.7771037232437,5346.412789046546,1127.2035040072005,51137.09833289788,9546.502620044485,eval,197.32712295155937,433.6646627850838
2025-08-05,12,44532.467239292106,1291.436951051904,1635.8712082100928,717.6767330910911,47459.7753985541,10017.101498057695,eval,401.2675761001008,1096.6157406673453
2025-08-06,12,49798.14187118942,-424.69687367562045,0.0,0.0,49373.444997513805,10104.40123107818,eval,350.4832120277998,787.8129842745241
2025-08-07,12,50337.17474762165,-888.943159236582,895.3873496203656,249.0848375975681,50343.618938005435,9810.00380316037,eval,50.156952185640826,148.41373972860202
2025-08-08,12,23967.3396017908,-42.5009295903199,0.0,0.0,23924.838672200483,9948.482209143922,eval,126.0699402950896,636.695260446245
2025-08-09,12,23708.493862879677,32.39484373538177,0.0,0.0,23740.88870661506,9971.720820704482,eval,110.56435234801361,397.0227510817515
2025-08-10,12,47570.86958925384,-993.811344328995,122.92417314134889,17.621011058106205,46699.98241806619,9826.091676216569,eval,624.9726941900158,1547.6828407871192
2025-08-11,12,42276.39563777275,1707.456540521172,1373.4280134805438,674.5660842842797,45357.280191774465,8173.0653854606835,eval,922.0778511573022,2564.6387590762392
2025-08-12,12,50610.84421893688,-1397.5088048745213,288.7041339621775,42.83810744669631,49502.039548024535,8271.652147022554,eval,76.19353126224107,306.279896256105
2025-08-13,12,44857.54111973437,3484.546033734091,1689.2137177769728,501.1470045551529,50031.30087124543,10174.291515994382,eval,230.25068868912618,598.3822246537295
2025-08-14,12,46225.15578769812,377.41577947432575,1692.0134437656639,327.2587165057975,48294.585010938106,9942.963611709067,eval,345.67969721358077,836.9976137513324
2025-08-15,12,24913.635657498005,-335.48717967811797,0.0,0.0,24578.148477819886,9637.704716382294,eval,113.5294486354702,502.33077874561167
2025-08-16,12,26374.22250327001,-1280.5232701128311,1550.1440686544058,417.5915322596805,26643.843301811587,9892.019258156804,eval,90.85684354513714,275.41111445740137
2025-08-17,12,47739.882065983154,-533.7621564229978,0.0,0.0,47206.119909560155,8194.618998623764,eval,444.7346877684522,1051.0310674064103
2025-08-18,12,46039.80987676832,112.47905960954338,1074.8150803145973,477.35086868508813,47227.10401669246,8436.478965439082,eval,125.71887345421666,427.0142573308973
2025-08-19,12,44716.80245032728,1187.4623485529762,1013.2859550141095,276.6184294591872,46917.550753894364,10045.988396819954,eval,466.55365226422043,1201.4535652327604
2025-08-20,12,50921.637816319184,-1367.6013024610288,619.9022759586469,118.72259218847479,50173.9387898168,8386.615591658785,eval,196.36256794885963,425.06212537398153
2025-08-21,12,48201.441642023,-257.99925195624434,1808.098638242012,575.1744585331777,49751.54102830876,9851.828737357828,eval,585.1552279317436,1602.2734929014628
2025-08-22,12,24954.515757293797,-706.6555095821643,3821.2562016397364,874.683702814968,28069.116449351368,8834.244333241215,eval,858.8159508865789,2993.688906653414
2025-08-23,12,23613.62455424059,213.59337443019984,0.0,0.0,23827.217928670787,7806.10433946426,eval,223.51493007575476,774.560853392405
2025-08-24,12,46595.15136392994,386.68072928165793,2641.3138639031495,809.3406154368365,49623.14595711474,9091.283235813864,eval,165.00460418649828,431.28384881409045
2025-08-25,12,59696.62635188467,-3266.2881322229255,554.5060920820713,200.17095241522492,56984.844311743815,10029.647649344046,eval,291.79719788103966,826.6577897401543
2025-08-26,12,46797.90272035646,555.2210696867372,433.14610872723495,116.28296356094579,47786.269898770435,10721.509673497478,eval,50.97351837378001,193.41137900112327
2025-08-27,12,46593.96719710481,3864.4223347960356,0.0,0.0,50458.389531900844,10194.665229500284,eval,290.6148327241243,708.4389481333076
2025-08-28,12,45577.647324215504,4813.507562673655,3523.7342273212507,823.4552316302222,53914.88911421041,10026.1784457387,eval,613.2142932080963,1796.7524797885296
2025-08-29,12,26367.74663781142,-967.0970263571172,84.89547779082,24.610951671494423,25485.54508924512,9464.884593025947,eval,176.0370963186262,558.8468099244599
2025-08-30,12,25595.374684179646,-233.4372988321121,61.676252418410655,31.349353589189263,25423.613637765946,9913.470295418989,eval,94.19240586926516,316.43059398914636
2025-08-31,12,46802.685270579066,-11.367936972240539,2486.974082944777,465.83516312275344,49278.291416551605,9128.74023912383,eval,465.43044013923156,1203.0441939391897
2025-09-01,12,51223.68524310869,-693.6919790122577,0.0,0.0,50529.99326409643,10800.0,eval,668.1760170256496,1983.3580656627341
2025-09-02,12,42614.944250189204,2078.3228877470215,0.0,0.0,44693.26713793623,10800.0,eval,397.2178281724052,1045.2120141649848
2025-09-03,12,37920.505105807744,-88.50436767026031,0.0,0.0,37832.00073813748,8500.513393644733,eval,152.68492202253748,504.2552390442978
2025-09-04,12,39894.1189933258,-471.3517195099435,6507.548083313067,1428.997414277953,45930.31535712892,10033.823195793477,eval,503.9240405976857,1353.8340433233586
2025-09-05,12,23020.18677062336,-224.3699547955523,0.0,0.0,22795.81681582781,10800.0,eval,274.3476521804679,1035.6748995287667
2025-09-06,12,23330.512643378923,-1204.2743489778877,0.0,0.0,22126.238294401035,9904.404540853246,eval,121.10368576612004,383.6623854569863
2025-09-07,12,37765.02054735936,155.46136386183838,3263.2819291722003,617.4986335555719,41183.763840393396,8822.257859813946,eval,206.19002189888903,886.0548084129471
2025-09-08,12,40757.670217196726,2019.3180615112642,6414.982314919617,1233.5975682234844,49191.97059362761,9658.15550732773,eval,24.503209090766312,51.745879182093844
2025-09-09,12,35883.17175953016,3314.8452945994673,6274.343212477825,1208.145381533826,45472.36026660745,9774.473769580763,eval,124.75712367462029,453.7140572800903
2025-09-10,12,40490.4027930867,1927.8283710686037,948.5657308005901,232.34201870697612,43366.79689495589,6610.181967155195,eval,397.747364779381,1029.8991274046416
2025-09-11,12,44209.10008275683,-2707.4834305604827,1189.6338322013771,233.53224286308404,42691.25048439772,8648.778926850942,eval,295.0108103811759,676.3175922295696
2025-09-12,12,20349.131279870784,448.71479715227906,0.0,0.0,20797.846077023063,10800.0,eval,52.16761026163543,155.26053104498345
2025-09-13,12,18939.334153326876,0.0,0.0,0.0,18939.334153326876,10506.371970611837,eval,343.72510642519035,1368.8996733230642
2025-09-14,12,43716.5797056111,-296.7649360007799,2088.359359908188,566.73798754721,45508.174129518506,9207.773163091422,eval,532.7938184981638,1243.0526248942376
2025-09-15,12,38618.97578887321,1865.503088277708,4496.747981201434,1083.2916157270183,44981.226858352355,10260.809398554633,eval,238.58177145101666,766.9163167590386
2025-09-16,12,45085.70528461735,-1156.146408907539,847.1694881621058,357.7434498136628,44776.72836387192,9688.35314459526,eval,188.60334188107532,420.78738568218193
2025-09-17,12,41125.66060039871,-432.03569065801344,318.5585877634941,131.92732968885684,41012.18349750419,6172.120586935543,eval,45.98448115325793,129.90016263425278
2025-09-18,12,40296.79651237037,3056.8519171168728,4388.174998617724,918.9821266727461,47741.823428104966,8523.4165658323,eval,439.2928921100405,1060.2307470693192
2025-09-19,12,17733.894469313524,-138.9312760347766,1190.8861338913284,330.37151408674833,18785.84932717007,6470.314183642679,eval,71.66536032499864,239.81259814891496
2025-09-20,12,20662.804350189814,-486.96469422944404,2253.6158107291894,530.776885017655,22429.455466689556,10248.114959245879,eval,49.70323442991634,131.09083640579087
2025-09-21,12,42804.565633934995,-117.71543270740982,1.2536816029751207e-13,5.684341886080802e-14,42686.850201227586,10223.494127747257,eval,354.9139863634791,877.3116365693908
2025-09-22,12,43440.10013240507,-1874.0095207585355,1244.3423255059934,247.5532425633809,42810.432937152524,6740.396605030917,eval,481.1510732914645,1117.322060266415
2025-09-23,12,44992.3042205629,-320.8247451861172,1024.5791250414213,182.70816846558415,45696.058600418204,10062.919351992938,eval,284.55872893375454,819.5169984283675
2025-09-24,12,38443.194101016205,3567.189490871835,3054.147132668059,1137.7835246440754,45064.5307245561,6610.7986276402935,eval,254.3798227556925,632.4297717475272
2025-09-25,12,41758.76086016171,1584.6089485293478,745.6614839157642,340.9097811272647,44089.03129260682,8154.22809398189,eval,271.0128858664446,599.7270946502537
2025-09-26,12,19692.350407398746,-147.51151775195882,383.08536182438786,125.56558996242259,19927.924251471177,10249.10460495576,eval,73.11972955652004,206.4527577849106
2025-09-27,12,16893.32739608664,795.9198165289336,2169.7261794141505,551.5356150398566,19858.973392029722,5455.716697616532,eval,110.71205341722575,363.87510925967456
2025-09-28,12,45162.656628855475,664.9159155159097,1829.3543019159881,448.8220158841347,47656.92684628737,6420.595916153393,eval,175.43445150413856,474.1297968202101
2025-09-29,12,45190.477555942365,-995.2102176378703,786.9476882294889,185.37825117449057,44982.21502653399,6346.706603806883,eval,554.2698528488257,1342.4895794891986
2025-09-30,12,46226.35856510517,-303.0073078520524,8131.12293295691,1936.7688856167922,54054.47419021003,8261.599886608805,eval,328.55217717642074,800.760021612364
2025-10-01,12,40905.083535643644,-1152.3052006315377,0.0,0.0,39752.7783350121,10653.218928765134,eval,769.1899107348816,1991.7778875337813
2025-10-02,12,44926.293097226575,-1836.6567952712637,1.268460891878931e-13,5.684341886080802e-14,43089.63630195531,10800.0,eval,180.8916840028928,509.93847013641937
2025-10-03,12,16441.536389185836,-0.904345259098093,150.52314503776358,45.61307425386775,16591.1551889645,10395.529979284498,eval,69.10393978818777,160.19539617911641
2025-10-04,12,19068.618586721866,-79.70741390821797,0.0,0.0,18988.91117281365,10800.0,eval,44.432611588778876,95.22987370216649
2025-10-05,12,41399.86651526237,-320.3857919532155,654.5887957809433,303.4123291035612,41734.0695190901,10800.0,eval,346.96748116309067,901.2465368525033
2025-10-06,12,37977.5485869539,2085.3582926158056,2473.5836482298328,503.23636540373957,42536.490527799535,8866.260509768825,eval,101.69288075573334,246.33327646931002
2025-10-07,12,40007.160376855216,1864.9516892726206,3170.1672026802253,678.3167131245506,45042.279268808066,9990.260667003253,eval,517.8924174095089,1351.828424464195
2025-10-08,12,35419.50040751244,88.48474577744022,10915.928809590087,2207.5292363660647,46423.91396287996,9552.070384772283,eval,106.10066688938454,329.2383503571626
2025-10-09,12,42594.99943668564,-947.6163500893995,3117.6299717459437,518.4453240835438,44765.013058342185,8654.450238081221,eval,535.4375914456893,1718.6239925472444
2025-10-10,12,18038.51383836257,-896.5494208425348,2592.2278348246446,587.1634977678001,19734.19225234468,8761.296262543445,eval,162.0112833578465,508.2334107949999
2025-10-11,12,16628.213040339942,-458.18971238826106,0.0,0.0,16170.023327951681,6207.912194243629,eval,213.2903931011674,707.1477917243199
2025-10-12,12,37923.037137883264,259.1418887973293,9525.582607772232,1767.880671984769,47707.76163445282,6557.1494171248605,eval,333.97343993840724,778.0472834324872
2025-10-13,12,39530.73043317409,-1440.543135947345,9555.742856236542,2051.009388654933,47645.93015346328,6139.106622397096,eval,208.21566885816065,493.6829454387973
2025-10-14,12,44383.55999654153,-1300.7335000592414,6893.768550818605,1572.1199572348442,49976.59504730089,8458.75967875882,eval,178.83940235758692,489.15264817208606
2025-10-15,12,48301.78290886271,-1882.3836233116115,1072.7683939188855,266.90252616344617,47492.16767946999,10330.641806221298,eval,1140.7139094398385,3513.51515000026
2025-10-16,12,43200.3747868288,-636.5352084615831,4532.6665663967,973.1720039234581,47096.50614476392,9697.637005068329,eval,122.2224879271027,388.12766279129
2025-10-17,12,14083.811166457937,1302.3493398616024,0.0,0.0,15386.16050631954,5776.08336349655,eval,65.4330494176985,228.0396209888051
2025-10-18,12,18482.842728274612,-188.52449807733768,1029.7655041805697,261.118550332512,19324.083734377844,8469.984939913476,eval,98.42820817064089,268.26126073528053
2025-10-19,12,42686.36376540696,-358.6082426027745,4300.926768282325,1055.3140241994872,46628.682291086516,5881.013325974497,eval,597.8278566488701,1762.1357859004515
2025-10-20,12,48288.37480016627,-850.3932128172803,2.9654279032342856e-13,1.234568003383174e-13,47437.981587348986,9783.175946471787,eval,372.67501784260804,928.731762774309
2025-10-21,12,45395.131714954594,-706.6651448181566,189.256381914916,85.40450447424007,44877.72295205135,7377.714001148394,eval,127.87358161211978,419.36476472372635
2025-10-22,12,46143.21464850167,188.3398606063182,4734.813770231585,1226.5278798092338,51066.36827933958,9708.90816712148,eval,64.6649815127559,178.33260126576408
2025-10-23,12,50831.772208350245,-1023.4689552476367,0.0,0.0,49808.30325310261,9861.306789133369,eval,449.4207304074871,1488.6169929326431
2025-10-24,12,16241.658642218215,75.2949109043197,2.8617108682738034e-14,7.105427357601002e-15,16316.953553122536,6186.112483405361,eval,332.07235113577497,1284.9884146509917
2025-10-25,12,18496.70994231195,-218.24784474158162,418.45098996918637,126.83757069680803,18696.913087539557,7623.672046429023,eval,400.6849937891146,1323.80462783706
2025-10-26,12,50292.39936748234,-657.2193402515895,994.3806007197843,289.0017551888558,50629.56062795054,7709.476221194015,eval,1112.9318497236495,3590.1504332768536
2025-10-27,12,43780.3305123294,1966.6188904278904,92.48526773333361,19.744933333333393,45839.43467049062,9874.507404873964,eval,218.10299817689284,544.8460737116119
2025-10-28,12,42698.881571556885,4781.004180272534,3.2298430596711116e-13,1.1368683772161603e-13,47479.88575182942,9995.066832956772,eval,178.22941144606926,646.7377804086507
2025-10-29,12,45613.522600006225,-119.26997840058102,629.5441237943523,260.7191379885322,46123.796745399995,7746.018438855733,eval,421.7860196515897,1355.8672372286437
2025-10-30,12,42826.22491111925,1558.476934329727,457.1651041536525,83.8155956232954,44841.866949602634,6493.037215428263,eval,170.37629223161977,474.5531347483936
2025-10-31,12,20133.147742578134,-158.85922191485594,812.1229268541157,232.66705672748537,20786.411447517396,9998.24998713603,eval,87.81739872700852,259.2400592864593
2025-11-01,12,18460.084139512226,38.48756791841968,0.0,0.0,18498.571707430645,9531.453778900452,eval,88.1642552096115,288.96371497379516
2025-11-02,12,45985.33425721228,198.46960342351403,6773.621078106244,1622.301636911472,52957.42493874204,8173.7333738129555,eval,634.7776475330908,2014.933025364079
2025-11-03,12,50756.09690723265,-1170.0621770848297,0.0,0.0,49586.03473014782,9400.241016592749,eval,293.3845295203234,1344.2795465904846
2025-11-04,12,46339.77525654982,83.13312345086122,505.19179104751925,128.08132437250447,46928.1001710482,7905.6551158623615,eval,461.6305388190337,1158.1990757683348
2025-11-05,12,51283.529328096796,-1467.2622559701015,3459.5625632370975,824.993355896721,53275.829635363785,8313.362304963313,eval,396.4253560589743,1075.0817892966647
2025-11-06,12,49410.60089941515,1472.3149743664949,3553.6323136864758,786.9239074875729,54436.54818746812,10287.845339045267,eval,190.3421959342527,468.2232690498128
2025-11-07,12,16965.297005187178,115.25846716085348,1278.5540627521038,368.5479656791083,18359.109535100135,7786.44587884769,eval,257.93864706620707,899.0914217697078
2025-11-08,12,19204.64656346953,2275.6069740501644,107.79772001336114,31.25024496691148,21588.051257533058,10748.24844293437,eval,79.52344739570935,199.43467324928383
2025-11-09,12,49532.22500244035,881.9384918898121,1.4054535313334782e-13,4.263256414560601e-14,50414.16349433016,9801.798922419925,eval,159.54388763319886,500.4638461387643
2025-11-10,12,51165.62978150284,-741.5074933021556,5946.980499554697,1198.8235437411533,56371.10278775538,9663.486895403319,eval,463.4352331598949,1234.6570986343606
2025-11-11,12,49335.2129494227,-309.07145940810494,627.5540288892968,293.18827967252355,49653.695518903885,8039.988456243772,eval,320.6426492238585,996.8485802474518
2025-11-12,12,50675.489177553,-462.8464776589172,3276.18615347566,760.7582940876607,53488.82885336974,6516.4164602165765,eval,300.07909928433577,828.3834303290289
2025-11-13,12,49539.200576174924,2197.903067650171,3687.9015723747725,871.3297829234657,55425.00521619987,9188.191141818003,eval,523.8742007524405,1410.9978849028262
2025-11-14,12,18024.272125492593,1012.5205786180642,787.084426581951,341.88272679337535,19823.877130692606,8731.00072348812,eval,81.73713245029433,220.3210969897102
2025-11-15,12,20105.163383597293,-143.12584705262333,454.60929481429076,137.95135606066887,20416.64683135896,8944.528157496296,eval,606.8175342809848,1307.1837518307298
2025-11-16,12,50006.95787466283,1068.945170939199,0.0,0.0,51075.903045602034,6865.387516198278,eval,285.73156924581014,701.3436747784386
2025-11-17,12,48316.4694424403,3520.752478467476,3437.3888742725185,1481.73655703297,55274.61079518029,8299.296950954933,eval,154.59906903267986,353.5731489233653
2025-11-18,12,50869.81592469345,390.70310572780795,3603.267082249767,1117.7232740165068,54863.78611267103,9716.650600675717,eval,21.288121909526684,53.24853174770389
2025-11-19,12,49843.706887937726,1285.4929313337148,5266.517827813726,1413.998363510199,56395.71764708516,8525.772659674521,eval,483.1455068000003,1431.7736117447753
2025-11-20,12,49600.57233960908,1829.1930363635392,805.050074374923,171.48513475455536,52234.815450347545,8850.05109516143,eval,322.60307861616513,911.3220401924191
2025-11-21,12,18922.62815933147,1113.119750858429,1600.8017387059608,580.7624358812354,21636.54964889586,8838.170564097269,eval,103.18209564816911,279.05675245709676
2025-11-22,12,20061.75750840243,-327.66304537366045,757.9880085398049,241.08994097826303,20492.08247156857,8821.013217719823,eval,396.00720830143894,807.8177829624077
2025-11-23,12,50343.38420231742,360.0074551674253,7190.423062327995,1554.2904341296417,57893.81471981284,7954.899944799286,eval,123.79273317034726,567.7919759473856
2025-11-24,12,49675.28474099382,917.4801484214063,3852.078226994923,842.2263757498811,54444.84311641015,6629.016699718991,eval,510.89098842516415,1492.26847136024
2025-11-25,12,59407.46797920803,-1402.8584764503837,543.0765893131027,221.44223710614028,58547.68609207075,8771.693614377691,eval,411.20851044605587,1281.0076461014567
2025-11-26,12,52553.125387829,-54.14102983318002,927.5886235524669,357.6620599415861,53426.572981548285,9249.867016828883,eval,218.7532620018344,583.0373767369939
2025-11-27,12,52277.99013707027,223.3362272274755,634.7412460390987,129.67728858254748,53136.067610336846,10095.035666190657,eval,811.3837163234793,2503.815757599646
2025-11-28,12,18502.15633730946,747.2493095970527,2272.247045505775,565.441101093633,21521.652692412288,8053.451264358105,eval,501.7776815737974,1195.3753432415037
2025-11-29,12,24721.291599467015,-433.4094582843392,2.536921783757862e-13,1.1368683772161603e-13,24287.882141182676,8655.026998079022,eval,270.70265673383767,667.9516829829587
2025-11-30,12,54142.36379900655,1725.5106262945562,2823.4233998582595,595.3083455264612,58691.29782515936,10200.820256430885,eval,771.0772850977968,2427.967661732552
2025-12-01,12,55207.84815146112,-157.79896261374267,12715.341936108078,3361.805920456204,67765.39112495545,6115.836797492173,eval,606.6184558692996,1971.214941340082
2025-12-02,12,62237.34984351267,-675.313789569851,13304.372391562909,3610.977623536054,74866.40844550572,7773.122099457824,eval,172.40205982805224,409.12814309934345
2025-12-03,12,55519.95927031587,5238.874649882002,8760.725528171579,3307.763289809369,69519.55944836946,10010.183601393324,eval,163.2851127284742,440.67010407085746
2025-12-04,12,62747.54082630291,-1265.5263979465171,7299.637005102964,1561.1874056422894,68781.65143345935,9998.135426603092,eval,309.7869983458042,903.7659283783739
2025-12-05,12,22933.04168701155,195.17031570444587,6062.431953781566,1926.802055196457,29190.643956497566,9971.574486822405,eval,321.10502219886735,809.4477607428496
2025-12-06,12,24810.787833188395,-74.88604701403165,3082.735624749336,998.5675600142856,27818.6374109237,9598.510857615724,eval,427.2239145435398,1202.7286299101186
2025-12-07,12,64276.69989876279,-1188.2754499271077,698.5010526494458,120.05169073977584,63786.92550148512,9356.310295060515,eval,572.5472557510868,1565.2466462399098
2025-12-08,12,65037.31713386979,0.0,154.99207140998814,26.683665560814006,65192.30920527977,10800.0,eval,170.54178861224167,475.9755110850234
2025-12-09,12,61265.80811313796,-44.7022567651137,475.8004474146473,82.02872276113658,61696.90630378749,8945.123629901502,eval,177.48695407912507,688.38323164264
2025-12-10,12,60788.00694174733,37.85891906407665,4847.416386639934,1028.84355598494,65673.28224745134,9765.9747034799,eval,445.7582246068911,1617.8903325953931
2025-12-11,12,62788.48550098127,-958.4996362044077,1.9042545318370685e-13,2.842170943040401e-14,61829.985864776856,9726.456047576887,eval,597.7147274079471,1474.2696522411143
2025-12-12,12,25197.06949061028,820.7033458344047,0.0,0.0,26017.772836444685,8269.017047156738,eval,241.18704767608762,730.1150480827203
2025-12-13,12,27138.59564806734,498.90004186107797,0.0,0.0,27637.49568992842,7906.248062795466,eval,165.47538910945417,385.0405067827961
2025-12-14,12,59531.36023291286,2888.6845099124757,4184.69372935326,1598.1483295397334,66604.7384721786,9613.71041944527,eval,562.8573540574657,1391.958740827084
2025-12-15,12,58091.639857820715,2023.7851050955096,7880.703755106564,2322.661189085063,67996.12871802278,8471.98344083352,eval,63.43041060451676,142.06391711856503
2025-12-16,12,64173.71660159434,-309.7050198514359,726.3752235213243,271.9370221537599,64590.38680526423,9788.624779491285,eval,171.79547205105263,429.8110199006197
2025-12-17,12,63404.2869840722,-175.30742863253369,0.0,0.0,63228.97955543966,9736.46842895511,eval,226.80222203562153,561.5374460809576
2025-12-18,12,62133.92490178259,252.0218387370004,309.04497094650003,79.69220396668851,62694.99171146609,9929.841181904334,eval,313.1741149047984,738.3333021276196
2025-12-19,12,25115.5447864878,822.7773897545364,2467.8633155200305,714.3496915121711,28406.185491762368,9832.041229623104,eval,36.56330758908788,78.82988143838341
2025-12-20,12,29023.6067738803,-1664.5496702473397,0.0,0.0,27359.05710363296,7990.8138312494775,eval,267.8363766449704,719.7542976724351
2025-12-21,12,63981.63537997461,-283.94350371151114,1012.36187978602,365.2768667594373,64710.053756049114,8729.545670401534,eval,367.201310925556,852.8744508039736
2025-12-22,12,59597.63162632861,1088.3094223362798,3648.7754415729487,1065.93508640633,64334.71649023784,9541.87410176718,eval,228.9537585699142,788.1315614430962
2025-12-23,12,62160.81289085976,-225.21501297186995,0.0,0.0,61935.597877887885,8919.589275656112,eval,281.91939125124173,937.229288329896
2025-12-24,12,61713.00763435162,0.0,115.3700582114121,19.862280831783096,61828.37769256303,10200.075533146575,eval,171.60593585610383,533.9120338495695
2025-12-25,12,57637.35361309275,1821.8075381166832,846.6953068328621,197.9917360100231,60305.8564580423,6893.604187043827,eval,127.09035438394616,451.72625686750024
2025-12-26,12,26800.335300734754,527.2471701138717,3574.972765123363,874.6630081582412,30902.555235971988,10169.72939009518,eval,266.0710646278536,812.4569819499304
2025-12-27,12,25160.978277159877,480.20898748314556,4.1985082077644623e-13,1.8118839761882555e-13,25641.187264643024,8485.83594316056,eval,457.5009112979052,1051.631527488419
2025-12-28,12,58376.993924448965,2042.6759913378244,1305.7560872546214,595.597659341013,61725.426003041415,8571.618172033674,eval,530.5306200121801,1718.8635105979502
2025-12-29,12,58491.2442637223,1990.2727301332577,2718.207200515697,1042.0434914085963,63199.72419437125,10416.686587074539,eval,312.3374234075865,1332.3776296191577
2025-12-30,12,58060.90127444,-239.89210707082955,2889.113493568618,1164.646326978629,60710.12266093779,8538.32327071798,eval,291.53608076260474,956.1955386477551
2025-12-31,12,62274.7019296687,585.9339892550867,454.5484617870409,142.2389177642715,63315.18438071082,9549.159359557645,eval,287.5086229361194,908.347610394221
2025-01-01,18,0.0,0.0,366613.56615685835,92035.17001666666,366613.56615685835,6000.0,init,0.0,0.0
2025-01-02,18,65502.51677395027,0.0,7481.679815828535,2057.4883987654293,72984.1965897788,10025.448671111111,init,0.0,0.0
2025-01-03,18,61859.710766730685,0.0,0.0,0.0,61859.710766730685,10800.0,init,0.0,0.0
2025-01-04,18,25007.79001585185,0.0,5021.16841520446,1596.7768648148153,30028.958431056308,9958.349187037036,init,0.0,0.0
2025-01-05,18,25500.224771155554,473.46407599999884,182481.5505370589,45120.88554557614,208455.23938421445,8558.511815185186,init,0.0,0.0
2025-01-06,18,62419.43830792399,0.0,3678.061097769442,1038.398127777778,66097.49940569344,10116.492809259258,init,0.0,0.0
2025-01-07,18,59530.17537370636,1.4236832157621393e-12,16797.798608191973,4834.037227503428,76327.97398189834,10232.597833333331,init,0.0,0.0
2025-01-08,18,65247.11393611398,3.8037839544813326e-12,3577.9118155027645,1168.5437166666625,68825.02575161675,10227.11604,init,0.0,0.0
2025-01-09,18,60094.50479259694,1.2918164316033645e-13,9478.485987201813,2717.215797467076,69572.99077979875,10003.817253888888,init,0.0,0.0
2025-01-10,18,65050.279006997676,0.0,0.0,0.0,65050.279006997676,10800.0,init,0.0,0.0
2025-01-11,18,25143.325270030557,-5.611013875750359e-14,6397.590327044764,1973.0507524691457,31540.91559707532,9832.336335,init,0.0,0.0
2025-01-12,18,26585.210097493815,539.2338429999996,174331.55771916098,42692.01869409911,201456.00165965478,8455.086756666667,init,0.0,0.0
2025-01-13,18,62492.28934012931,0.0,2914.5000075395324,890.4238951666682,65406.78934766884,9989.435511666667,init,0.0,0.0
2025-01-14,18,60824.87127011575,0.0,4592.069938237491,1202.7305527777767,65416.94120835324,10265.803453703702,init,0.0,0.0
2025-01-15,18,58178.358866013456,3.208765519957524e-12,17831.318885641384,4773.0831067558365,76009.67775165485,10146.49893,init,0.0,0.0
2025-01-16,18,60439.95500175298,6.703150996592822,13935.94530530613,3474.445435718808,74382.6034580557,9999.412269074073,init,1.8189894035458565e-12,7.929224921099375e-12
2025-01-17,18,27534.963136870963,-27.88153316176573,20.138140681581234,6.51969593868921,27527.21974439078,10139.658659475628,init,-1.8132162438178057e-13,-3.955406002731365e-13
2025-01-18,18,29164.395933934138,-12.215226350558748,67.49041376600064,13.855556100595493,29219.67112134958,9916.56052088981,init,2.5861623953460365e-11,6.10677194146092e-11
2025-01-19,18,59092.13243892061,224.98329778834682,11651.795293219751,2828.4221806910746,70968.91102992871,9924.607389633815,init,-2.0463630789890886e-13,-7.594508133479393e-13
2025-01-20,18,60704.57363094207,41.27924938194469,6434.367881726579,1706.0171424847267,67180.2207620506,10056.004852631006,init,26.22554236276836,116.72214098388235
2025-01-21,18,60698.56900370814,1.8851249898461249,230.24281450636477,64.1437484775912,60930.69694320435,10244.117481992009,init,26.20529480946634,113.28281800622054
2025-01-22,18,61144.98315667369,1.5012443068295895,4319.538417712126,902.7488227761855,65466.02281869264,9529.427366119306,init,153.04087659505072,445.6496686036069
2025-01-23,18,60458.38247504282,0.0,10380.764008070853,2522.1504027642936,70839.14648311367,9822.285730210997,init,3.831202255066978,7.3049714396303544
2025-01-24,18,23352.149396827997,0.0,5742.425927645021,1623.3582778831571,29094.57532447302,9902.78026798299,init,54.73649502891874,176.67564108205903
2025-01-25,18,23318.017475255918,6.491003051459572,3314.079316526529,975.5178193872788,26638.587794833904,9852.758905747858,init,90.69327554663583,221.04030159792472
2025-01-26,18,64093.6483779832,0.0,2037.1531409513964,499.5246685546389,66130.80151893459,9785.488186300729,init,148.82604285032912,506.08130967471396
2025-01-27,18,57404.317324865595,53.850662316639955,10654.572632015756,2636.724076900792,68112.74061919798,9742.056618957506,init,153.71420589273944,512.6563522985628
2025-01-28,18,60649.95032729409,111.65958591996049,3061.47815152356,651.5827761797104,63823.08806473761,9830.473318386054,init,158.50321112913602,673.8992130542234
2025-01-29,18,55454.57957137462,52.06325567739484,6428.560331046058,1592.0800553032261,61935.20315809807,10179.955465524085,init,159.93688649958102,504.5803391135745
2025-01-30,18,55643.762156253026,30.159776890251873,10898.459408610108,2666.735323109961,66572.38134175338,9995.422819888123,init,174.64852841055603,587.6465668912673
2025-01-31,18,22560.080049479082,147.3954028216135,5571.86909869281,1655.7543673490982,28279.344550993505,10130.291290303427,init,107.1898592195148,292.3654480476388
2025-02-01,18,24087.48773202733,-81.74136588747128,0.0,0.0,24005.746366139858,10563.645529876394,calibration,96.52732600811605,214.87440338320184
2025-02-02,18,57521.18586393707,-49.15155142574136,0.0,0.0,57472.03431251133,10724.965255388232,calibration,69.52485435886466,180.62427702909164
2025-02-03,18,58396.525171623936,212.7566692863027,485.57808686216094,110.09711621487611,59094.8599277724,10479.433095890756,calibration,247.28287219848198,893.9279576286292
2025-02-04,18,61540.12144380628,-32.337757015869954,0.0,0.0,61507.78368679041,10489.903849551614,calibration,155.06592538019407,522.9780969834758
2025-02-05,18,54483.92190402816,-11.06248595640275,4444.253296257895,1009.8176498805465,58917.11271432965,9861.644157635847,calibration,115.16256407475025,366.53367987616355
2025-02-06,18,58631.64909077666,-1.6154989429714863,116.74023802829977,28.629543391746893,58746.77382986199,9631.024411054357,calibration,166.50358200076434,608.2361802168182
2025-02-07,18,22461.537012465884,-45.1445600096163,0.0,0.0,22416.392452456268,10029.353707986422,calibration,181.4040708944121,517.0551614270959
2025-02-08,18,18263.323202782616,159.33485953814733,10891.515065855183,3046.3641528290505,29314.173128175946,9831.054638661022,calibration,51.051173840568794,115.855843235156
2025-02-09,18,54957.959585273595,346.8897827137107,5264.208085388568,1200.6402495024286,60569.05745337588,9665.795298986024,calibration,313.702467154803,914.993805593542
2025-02-10,18,50986.34301785165,38.74802957736924,537.0599352329364,182.25744292851493,51562.15098266196,9535.218550674943,calibration,326.75415263943387,1126.3893282611139
2025-02-11,18,52988.54236153947,-51.40970417072565,6085.628332340975,1254.1450248391147,59022.76098970971,9663.702174359425,calibration,122.5457173833845,369.26385729338983
2025-02-12,18,53617.66485149738,95.99472608167099,605.9648212013719,147.425411999571,54319.62439878042,9801.176968008178,calibration,160.4842990077098,606.3083710337271
2025-02-13,18,49765.55808042609,0.0,1464.4786319618065,380.4896260622428,51230.0367123879,9765.376356323564,calibration,260.84634645401445,810.5961618876029
2025-02-14,18,18483.88926343587,131.90816531713423,5532.1237038550325,1402.7442078371778,24147.921132608037,9584.313223798843,calibration,113.00953289456827,296.73805048877296
2025-02-15,18,18990.411593537043,-15.25441922945385,1062.4692981000576,271.15906076046514,20037.626472407646,9590.608765416662,calibration,274.6825746191083,583.6584605708122
2025-02-16,18,54210.01173679458,0.0,971.6827460218867,227.4349285255936,55181.69448281646,9743.271981066622,calibration,308.5169299581682,986.3677160484428
2025-02-17,18,53235.70059546092,0.0,384.2827076678461,91.46551278020297,53619.98330312876,9645.682728377258,calibration,187.58139082638644,658.9853019116732
2025-02-18,18,47646.91374038103,449.94126917386757,7866.706344377146,2132.608194146842,55963.56135393205,10019.110399778183,calibration,52.170292464393,124.82252600140274
2025-02-19,18,47521.105078809036,186.37619772482924,4685.818795300625,1215.590190618341,52393.30007183449,9526.426178586706,calibration,203.1106154529864,622.2841541365912
2025-02-20,18,50488.62786042162,-65.31115443317523,699.918576558331,175.87662922169363,51123.235282546775,9693.951971107963,calibration,142.7508373142318,504.39855054908367
2025-02-21,18,17932.490872652677,286.23111042655324,4667.00598551871,1172.9551446236187,22885.72796859794,9803.257325416223,calibration,48.358700116068405,110.71747929493222
2025-02-22,18,18646.37867715196,0.0,0.0,0.0,18646.37867715196,9907.887415108373,calibration,71.18175346719194,215.02200890379177
2025-02-23,18,49453.460147892736,127.93355602852284,3517.045668945187,751.4591230236244,53098.43937286645,9686.676244904307,calibration,259.8508926857434,842.2652084888334
2025-02-24,18,47583.90091989858,0.0,342.1609401588939,81.05621690807095,47926.061860057474,9818.178243803592,calibration,333.2640721554241,952.6713703021093
2025-02-25,18,48939.34094485997,-83.5759598514478,827.1546775037942,195.012582664773,49682.919662512315,9654.50624057529,calibration,117.3118971516434,337.4873606572538
2025-02-26,18,44264.035053440595,192.14753387304827,8183.454959370767,2383.273018598387,52639.637546684404,10168.413325478896,calibration,37.77916433231346,90.13294544587656
2025-02-27,18,44498.21397697336,342.4811228044725,2642.9567206723937,663.9748208715077,47483.65182045023,9813.235029457355,calibration,298.71855952925966,714.992702837263
2025-02-28,18,17806.696887245893,54.42728796506479,928.6727401151959,262.1384342217894,18789.79691532615,9763.611253717132,calibration,30.456294703536173,75.21128185846142
2025-03-01,18,19800.13286046796,-31.457158940295116,0.0,0.0,19768.675701527663,9986.081989450895,calibration,72.62677512872834,156.7091771426534
2025-03-02,18,51070.06403048272,0.0,0.0,0.0,51070.06403048272,9872.247091333978,calibration,284.57195349430765,772.2617468690553
2025-03-03,18,52808.77242843516,144.1141893069963,2615.4231099002927,559.1587874161175,55568.309727642445,9737.605690430022,calibration,106.04502311254812,271.7023609810788
2025-03-04,18,46890.52658736582,-125.61687881162649,4506.001406526292,1335.9689555921495,51270.91111508049,9628.31560087198,calibration,195.06881101245762,571.3797584355577
2025-03-05,18,47011.72314333964,0.0,1273.2802574350555,320.9061897362928,48285.003400774694,9714.343773588436,calibration,174.3674255072069,609.282155791024
2025-03-06,18,43410.25609927347,258.84749646066757,3169.071197650739,752.5263838624747,46838.174793384875,9932.661906213967,calibration,366.7723067031631,1133.800586709684
2025-03-07,18,18111.592544267056,-16.87840011421258,4.67785810087662e-14,2.1316282072803006e-14,18094.714144152844,10510.596642349334,calibration,63.35956773325281,203.2645164696839
2025-03-08,18,16334.81207177205,-4.34600809388949,1811.7108986866308,481.34312039995484,18142.176962364792,10416.666897110714,calibration,10.942481680482382,27.737097965932406
2025-03-09,18,43465.52167264677,169.14905525162507,4780.773738118447,1257.956659360327,48415.444466016845,10172.006652543945,calibration,281.1447639801637,681.9752556154705
2025-03-10,18,42839.31032833908,75.15467327395146,10356.441771989694,2596.217616576491,53270.90677360273,9755.127811681672,calibration,57.62278064179651,144.32790435087082
2025-03-11,18,38321.650641635475,249.7925141973864,22354.951392268773,7206.403611702397,60926.39454810163,10005.167974319738,calibration,133.07321389907665,353.7498092880262
2025-03-12,18,44844.138984649304,147.37146573811026,291.2148683230448,73.00934110131573,45282.725318710465,9871.27008270252,calibration,349.0523542659387,951.0385394077479
2025-03-13,18,44421.34157021922,145.35357874369376,6748.299004841381,1701.3731134826887,51314.99415380429,9744.15678338509,calibration,117.25303722239444,258.4162359687342
2025-03-14,18,16090.76471516887,399.8136678488187,3948.2171934271096,1026.991575420966,20438.795576444798,9926.793239285656,calibration,112.8047170037916,289.8890029257649
2025-03-15,18,15870.258423737587,163.1983695006642,2541.779509882009,489.38677359944944,18575.23630312026,9646.54826601441,calibration,171.8210400314038,414.6424805390372
2025-03-16,18,42577.65970432875,81.42065301902865,2357.076245122612,806.8725840754238,45016.156602470386,10036.742607997421,calibration,330.32189695824974,899.7592086952515
2025-03-17,18,39810.539471020995,469.27716238106314,1736.9285961864014,384.3814168816278,42016.74522958846,10087.905305943743,calibration,194.42847587038514,461.53980870858084
2025-03-18,18,47174.33040068892,-39.63305977238619,0.0,0.0,47134.69734091654,10051.867701549914,calibration,237.94885594564803,579.2615224066005
2025-03-19,18,36737.663690234454,223.03821226500918,11992.24994458971,4412.743468932211,48952.95184708918,10019.131318884101,calibration,207.35643454935925,520.0332942174404
2025-03-20,18,42826.27719342745,-32.61526136677689,5680.175370713562,1307.2560030290813,48473.837302774235,9993.012218836207,calibration,276.1940761114759,667.9348167811279
2025-03-21,18,15613.20881188443,-100.13259610815112,1521.9408967552808,466.0272599148764,17035.01711253156,10052.206565529366,calibration,76.59669451386313,235.730447923968
2025-03-22,18,16458.534569178322,-125.06526318926362,0.0,0.0,16333.469305989058,10364.118567553505,calibration,37.939599137851935,132.61733652578636
2025-03-23,18,42191.39790658753,-110.3981781635103,630.8943856082129,280.13963197213445,42711.894114032235,9976.96022517664,calibration,44.62394771957332,102.38043369439974
2025-03-24,18,39318.206377303024,29.709971592712215,494.36324403937016,209.1777390889568,39842.279592935105,9646.44212109692,calibration,133.02181678247035,296.96674915814555
2025-03-25,18,45273.40412236671,-80.73467723783487,762.7151663819952,246.4712418613567,45955.38461151087,9690.905469582043,calibration,326.400257568678,1108.5092585847106
2025-03-26,18,38694.53851201977,0.0,3919.8805937728484,1008.2089121999268,42614.419105792615,10251.514203586412,calibration,180.4921150547626,409.01869806293473
2025-03-27,18,41445.851773761744,-53.469982949278545,0.0,0.0,41392.38179081246,10186.1410137105,calibration,152.55830676910296,382.50817442879264
2025-03-28,18,15533.058905835222,-2.734828934674158,396.3545684540776,91.5136995079993,15926.678645354625,10159.364081332951,calibration,95.9813936875615,239.4009124800072
2025-03-29,18,15234.715142924535,302.51232635909514,1602.6248997343455,358.94157614476774,17139.852369017975,9956.911002697132,calibration,43.74132534362091,92.41524748771225
2025-03-30,18,39939.892057187855,-142.9922979687462,1.4230749911803288e-13,5.684341886080802e-14,39796.89975921911,10221.379740700842,calibration,260.5705352739344,668.4539735018891
2025-03-31,18,34648.27572283788,391.6606878729682,13290.190558286515,4751.403852708381,48330.12696899736,10383.534538431179,calibration,229.79828699787655,620.2896782287742
2025-04-01,18,42407.39624783027,331.09608551954784,1583.0009322549022,409.35223173781463,44321.49326560472,10046.819727982342,eval,366.2790165064896,1100.947479692572
2025-04-02,18,41421.646268508906,544.7027371685675,1365.6464448134195,352.75095034819526,43331.9954504909,9948.058879300599,eval,113.4564080726434,272.77973420158503
2025-04-03,18,42644.521401918944,0.0,0.0,0.0,42644.521401918944,10015.960255365168,eval,330.56096290971317,842.4604072467115
2025-04-04,18,14301.349287554145,0.0,0.0,0.0,14301.349287554145,9849.704021374766,eval,65.4233833867824,151.66811573289232
2025-04-05,18,14451.697902498723,386.5770700539571,11541.599356751138,3117.1009479653076,26379.87432930382,9719.10014659516,eval,68.73117276954925,187.75154319425616
2025-04-06,18,39662.821060175906,228.10083968988434,46.64028144971703,16.342074789669596,39937.56218131551,10001.439041842734,eval,182.52737926344128,438.7769551428103
2025-04-07,18,33628.47666904944,404.80417504831337,11835.459272535609,3411.136184356105,45868.74011663336,9970.340805098833,eval,133.08091998882728,291.66741281192435
2025-04-08,18,39806.76441741068,561.8888517843191,213.04509631601036,66.99773854927975,40581.698365511016,9842.72199248172,eval,730.0095970252589,2193.8426319763703
2025-04-09,18,38365.59184871674,40.2511973978088,3186.8654150133802,1329.5748475976675,41592.70846112793,9909.365616073646,eval,206.25216280387593,545.3362151479444
2025-04-10,18,38681.130131237376,0.0,1086.1111710167504,298.91808953098405,39767.24130225413,10159.345837062328,eval,581.1562402155593,1580.7614732291638
2025-04-11,18,13278.32336295238,438.7728290183722,5749.1438923213445,1342.6200300487512,19466.240084292098,9574.511596876657,eval,74.15890876693236,162.99877530599625
2025-04-12,18,14946.178669503399,-33.829849599010515,0.0,0.0,14912.348819904388,10399.781345279058,eval,45.156700395968535,124.68277660486714
2025-04-13,18,34524.38490078943,480.17082411949576,6028.577790036225,1748.6354892280913,41033.13351494515,10085.407212158127,eval,176.1701998564202,396.56002572871336
2025-04-14,18,38045.26466320326,-23.312776652865285,0.0,0.0,38021.9518865504,10143.238776684671,eval,421.80487621064805,1204.0840497136483
2025-04-15,18,32754.977350873174,969.8056055082886,8418.092001956522,2219.4214664847964,42142.87495833798,10262.559869860434,eval,291.92061675860566,652.978110418178
2025-04-16,18,36303.52955959474,736.4492556307971,3203.524901752986,791.625367485108,40243.50371697852,9708.315045913734,eval,263.8401160625775,703.8489541092462
2025-04-17,18,34281.09931132026,0.0,9101.826838536595,2831.4661924536495,43382.92614985685,9972.229921084101,eval,534.4485468782519,1313.4990424107605
2025-04-18,18,13155.69492857183,558.8693429082921,6339.55128304567,1953.1533766495227,20054.115554525793,10282.044277128498,eval,70.79651196497045,192.63492708972072
2025-04-19,18,13055.711138635403,866.9169327457308,5652.869426223367,1404.6349303334857,19575.4974976045,10248.472126881392,eval,67.30132301087806,156.5608370441959
2025-04-20,18,33985.51277089058,501.1757443295551,8906.637046344727,2560.5396480699255,43393.32556156487,10162.287973392487,eval,24.667390892458943,56.70809739840856
2025-04-21,18,35537.9380145748,49.30706531583627,0.0,0.0,35587.245079890636,9789.140145598722,eval,38.14069577883838,137.99707749970264
2025-04-22,18,31803.285567628784,916.3986123022131,15944.642251340483,5175.4916105840175,48664.326431271475,9931.683870288554,eval,354.4342879156019,1142.9784532218844
2025-04-23,18,31178.84401306873,683.1686533698253,16919.88743052191,5331.689479468805,48781.90009696047,10153.855928321464,eval,195.1505706219977,403.04891742574364
2025-04-24,18,31431.605290611828,1020.472676340642,2441.4310753953605,816.1186943433689,34893.50904234783,9843.786249914128,eval,84.90105225814251,218.97675773046836
2025-04-25,18,13054.167233408849,-2.3463908692174207,0.0,0.0,13051.820842539631,10226.691957833957,eval,35.17346223106219,137.77513126950504
2025-04-26,18,12991.153252611713,895.4014714847219,3539.1033073732406,923.0946898103674,17425.658031469677,10008.226215972652,eval,50.3818500946495,107.09208628601576
2025-04-27,18,31501.829065991446,829.8706279067115,3074.233923200485,633.4067273671535,35405.93361709864,10028.198077677407,eval,85.18982691770321,181.19856984527698
2025-04-28,18,37223.29876640439,0.0,0.0,0.0,37223.29876640439,9853.300897887215,eval,133.47555563074422,405.7208872491964
2025-04-29,18,31061.472739167162,827.4464914588211,3673.7425417110417,907.8406258140836,35562.66177233702,10192.550186219605,eval,90.4039263559707,253.36061690160597
2025-04-30,18,30709.947012511577,-2.309592286247532,9216.9605675897,3249.6083543606874,39924.597987815025,9887.461215916213,eval,64.66389475454243,186.21764155318408
2025-05-01,18,32548.4581412041,871.1493366564463,11944.795340884868,2054.37285675404,45364.40281874542,8935.202542676121,eval,226.54163273986168,447.0634241072979
2025-05-02,18,14327.931152002264,514.6788709536685,11631.662336783047,2381.4342176181076,26474.272359738978,9266.661655490541,eval,38.63847248085488,120.70881313060895
2025-05-03,18,13403.787045243986,676.8645329684431,9801.192482128428,1672.575381725706,23881.844060340856,9532.378539482403,eval,131.2090243752922,332.69577867717396
2025-05-04,18,33900.643192036165,597.8159454591089,7691.447263360366,1302.1644979326538,42189.90640085564,9108.116082603592,eval,185.25473696732973,412.6035692962934
2025-05-05,18,35272.253509135815,23.62569148983211,12204.822797644372,3193.533160333542,47500.70199827002,9305.094012833662,eval,154.91235182122978,353.59388495970944
2025-05-06,18,31946.946086398973,1208.1799778465065,20689.50467771465,4589.768004648566,53844.63074196013,9242.85059982218,eval,151.76663041970878,425.71099191200074
2025-05-07,18,36234.91588193907,1069.7199407843832,10047.528087176366,3041.9480355163146,47352.16390989982,9704.368983353823,eval,260.506179382804,562.6419509391988
2025-05-08,18,36943.94497294552,1203.7610707986132,2051.6904356774567,541.4297490187523,40199.39647942159,10190.218705399171,eval,593.8181922958088,1374.3836419415245
2025-05-09,18,15770.27917252648,589.6240183288775,254.4275931772735,108.21869091589208,16614.33078403263,10800.0,eval,69.77817222913586,194.55046789659897
2025-05-10,18,16162.825571035855,638.9034994954226,754.41706572714,163.4111868389932,17556.146136258416,10756.821308022712,eval,158.99720590019882,750.7468864723319
2025-05-11,18,37357.4192705288,0.0,0.0,0.0,37357.4192705288,9446.29066129448,eval,443.81266080626267,1315.2633867962788
2025-05-12,18,32960.107006398655,1103.2718337036295,11930.257379931638,3664.420299478971,45993.63622003392,10377.62512690252,eval,230.72445630977464,548.2880947498666
2025-05-13,18,37287.563167841814,1234.6420772315184,1926.359088332693,418.2084878217717,40448.56433340602,10490.140511363228,eval,410.2745791204605,968.334247780409
2025-05-14,18,36614.644485322235,437.9311911479234,1401.6022095299068,600.1649069299506,38454.17788600006,10110.057461719274,eval,448.9148459670725,1213.762652619854
2025-05-15,18,36669.13085691841,96.94867507073847,1516.9151789610132,680.4246193403296,38282.99471095016,10312.617850906492,eval,359.8030589541653,953.2884092974087
2025-05-16,18,14803.873739054623,-3.946026194492115,75.03529252849832,18.545549315002056,14874.96300538863,10029.333377458006,eval,37.63261092870645,100.23286193183357
2025-05-17,18,14645.078661132746,510.38744955285864,0.0,0.0,15155.466110685604,9787.696604301336,eval,54.846751222127565,217.76821593780147
2025-05-18,18,36739.5895445567,515.767927006544,1628.8829924145782,713.6779099459857,38884.24046397782,10375.459775298928,eval,257.65045173753094,590.4475390493401
2025-05-19,18,34168.29457841275,-620.8441185834766,451.90398166666745,67.00333333333344,33999.35444149595,8626.384073212157,eval,366.11743835851826,786.0731143321901
2025-05-20,18,34491.64189678263,779.3649959835661,10498.23480136813,2989.308244589919,45769.241694134325,9290.061066634582,eval,706.2618886461133,1788.2666670867925
2025-05-21,18,33024.01963331977,822.585690063499,11165.058324633263,3093.2700676891195,45011.663648016525,9634.33089052851,eval,56.07956375826522,197.01504716340634
2025-05-22,18,34255.45989712441,855.770841935198,7657.013126258895,2795.884355542941,42768.24386531851,10496.893512758412,eval,180.27012981049862,449.934786106458
2025-05-23,18,13976.201318224073,1355.3330707150633,2521.9492073060796,547.9747180387999,17853.483596245216,10691.235769767181,eval,211.25555627496973,1135.4345673202247
2025-05-24,18,14897.684443472517,0.0,1608.119976638251,467.2216155783632,16505.80442011077,10737.440208982789,eval,183.23706006312574,915.1592938829672
2025-05-25,18,35334.03508220223,1067.5140438875396,2315.8151519584335,500.34449828720346,38717.364278048204,10394.013820910643,eval,186.95882452534235,438.857697293616
2025-05-26,18,33686.21360140111,929.3613896096863,14606.922256176123,4829.157020862974,49222.497247186926,10230.4812186323,eval,121.53224639993641,403.8929290061236
2025-05-27,18,33259.6661051097,913.4637668444486,1419.4468544519789,401.25973946959607,35592.57672640613,9465.554414345756,eval,316.0758585686583,913.4629974858071
2025-05-28,18,35687.116266854326,-14.35758729032818,0.0,0.0,35672.758679563995,9836.207223153151,eval,372.84719257356755,947.7307618386913
2025-05-29,18,33757.38516008775,1241.3219240634892,8621.160478832928,2275.160566745998,43619.86756298417,10299.537960324653,eval,331.279675522646,779.9727547118764
2025-05-30,18,14421.188232960922,1008.6525748719048,781.8333745998326,164.13592825920477,16211.67418243266,10657.768174354058,eval,36.0435973501643,154.70709975458368
2025-05-31,18,15615.192995413312,98.21559895830137,26.55321643367786,11.963602808595567,15739.961810805291,10373.56177617254,eval,68.21113284428077,239.86509044898867
2025-06-01,18,46175.02631386816,1056.502171829777,15094.629919572533,2767.6316158255777,62326.15840527047,8613.29646834674,eval,121.76447325159059,320.708905390806
2025-06-02,18,48174.57445246268,582.4173027899017,8089.449882928966,1305.5901973895006,56846.441638181546,7390.0306497255015,eval,217.18342115958043,492.0903292699554
2025-06-03,18,43311.33725055896,1279.2376550901054,11677.114287984432,2126.1146688983126,56267.689193633494,6823.505018447501,eval,460.36423105581616,1322.9930941680798
2025-06-04,18,56149.73298442975,267.67826769401984,793.5662582948356,316.44283787201505,57210.977510418605,10045.972485672506,eval,478.86212898821975,1298.365762683725
2025-06-05,18,47565.781821578916,1098.1767647522686,9277.946948095992,2232.545143554372,57941.90553442718,9924.347904396187,eval,175.04127920017382,574.1314504738527
2025-06-06,18,18368.777518882343,949.9960853320033,12055.366121132312,2587.1670917209512,31374.13972534666,8421.319376862466,eval,207.543138108405,613.9792644393951
2025-06-07,18,21463.66654989248,1038.8450951249238,7092.3828983922485,1231.949568104831,29594.894543409653,9094.012876188966,eval,403.27015252006106,895.9534128381247
2025-06-08,18,46511.223850460876,1007.9504116952054,10145.222871893006,2754.4608624368625,57664.39713404909,10778.268519390012,eval,125.74544437950166,284.96477572163155
2025-06-09,18,51169.530079984346,-68.2928116266551,0.0,0.0,51101.23726835769,10693.592002999821,eval,189.15796007860615,428.1568603226889
2025-06-10,18,48459.777033711325,449.85930936995277,8.882494739737012e-14,2.1316282072803006e-14,48909.63634308128,9384.425128898794,eval,199.4835129976651,482.3418571884129
2025-06-11,18,50555.44648879199,-146.64705746392434,11720.158730862047,4199.706815458148,62128.958162190116,10410.804189353847,eval,423.311590615804,1488.848808237412
2025-06-12,18,49662.32314521902,37.71899048659617,0.0,0.0,49700.04213570562,9954.613767130424,eval,162.6085066933533,516.6708530707451
2025-06-13,18,25091.476313180763,0.0,6.201616997714154e-14,2.842170943040401e-14,25091.476313180763,10788.547254549501,eval,79.60258718279061,308.63400092727125
2025-06-14,18,24021.19840119997,0.0,0.0,0.0,24021.19840119997,10800.0,eval,99.02328769238048,513.7602459383723
2025-06-15,18,45680.19097950669,599.5284494422751,9794.567931808424,3620.56288728849,56074.287360757386,10626.447658548892,eval,219.84175622461757,521.6286190510025
2025-06-16,18,48651.33642208419,0.0,5495.629776625315,1120.6215704505112,54146.9661987095,9855.841110025558,eval,207.34525532628226,519.5388099819096
2025-06-17,18,49103.504243159565,433.6266549158779,3693.6570936593534,1183.844667851325,53230.7879917348,7259.72336939107,eval,349.8199512898009,898.7872736319972
2025-06-18,18,50729.658533179056,-376.666020546665,0.0,0.0,50352.992512632394,10044.293170662777,eval,823.9900118484559,2611.195490919673
2025-06-19,18,48038.34394470475,1251.0458688323392,3528.510014042928,802.4543002571156,52817.89982758002,9522.272305188415,eval,260.31358989152653,597.7312428410153
2025-06-20,18,21141.41613427075,222.03079885877952,0.0,0.0,21363.44693312953,10437.367339487251,eval,61.85592753773293,150.3964133514248
2025-06-21,18,19978.268579210926,76.2667240364268,423.12444967552904,127.93806592317534,20477.659752922882,10800.0,eval,148.98857735688634,463.44269185035336
2025-06-22,18,44544.711365971336,1198.9985642798729,7333.6780350768295,1897.2644379793976,53077.38796532804,10778.49421665623,eval,238.93586232768925,584.808188888969
2025-06-23,18,46921.941719998,200.3896003638032,5040.175427109149,1341.160123994141,52162.50674747095,10225.068426748257,eval,370.63427983588315,1159.7426303493598
2025-06-24,18,53215.72208918202,21.06244763571842,3139.713006960031,670.6346984992329,56376.49754377777,10442.08210343532,eval,836.0452294384943,2840.5280210129176
2025-06-25,18,46283.08785676549,1121.2453853069155,6294.685294932584,1585.5914654175385,53699.01853700499,9130.184546104969,eval,496.99423908768114,1397.7366318056995
2025-06-26,18,46442.74648051801,401.5205058557074,10210.05134824392,2861.5327572650635,57054.31833461764,10119.752639963075,eval,548.2226005226496,1469.7257559463608
2025-06-27,18,19902.603440164654,399.5312772714551,749.7072580450969,358.5937122466638,21051.841975481206,10336.1818558139,eval,149.18565941637286,502.29656075855144
2025-06-28,18,19195.96418257619,75.12640299493853,639.5038182134996,157.1816530451193,19910.594403784628,10134.463429345788,eval,81.69900618250149,256.64617882467627
2025-06-29,18,45131.03139922793,1507.7346253131172,15112.399140504578,4122.531436662946,61751.16516504563,8762.843208225055,eval,378.05178394966515,1157.650181355013
2025-06-30,18,47643.19201186512,0.0,4.274340881238459e-13,1.7053025658242404e-13,47643.19201186512,9630.543616324747,eval,701.1261421588302,1889.9946068522077
2025-07-01,18,40075.56462397607,1401.1955481516316,53763.328746678926,16413.761475622094,95240.08891880664,6194.485287737957,eval,493.4388758157137,1274.0352224342957
2025-07-02,18,51743.571374112274,367.19334414365807,0.0,0.0,52110.76471825593,9412.27559859399,eval,154.08507955990473,426.10037785665247
2025-07-03,18,55020.24417782294,936.0267023397079,2174.5609875062737,610.8551655424484,58130.83186766892,10489.88380196006,eval,532.1857946023013,1630.5895883058813
2025-07-04,18,21837.302914340507,1180.48271901365,18350.316492847407,5926.53086625945,41368.102126201564,7371.698438576901,eval,151.74996777980255,766.4488493921408
2025-07-05,18,24099.828154502058,1063.4507472891469,16242.327055833175,5083.512575473959,41405.60595762438,8724.800367800002,eval,339.2903673481352,886.4403015345797
2025-07-06,18,54425.84878598862,1258.2597433489445,14134.577359544826,3676.2850994963896,69818.68588888239,10351.699593146139,eval,1356.4904551596755,4469.812509552825
2025-07-07,18,56067.71529254922,-170.8320123627791,0.0,0.0,55896.88328018644,10800.0,eval,198.88921799746848,470.61175938184533
2025-07-08,18,60639.487344574314,0.0,0.0,0.0,60639.487344574314,10800.0,eval,305.22385859778535,844.8176324422427
2025-07-09,18,55334.44509534926,0.0,0.0,0.0,55334.44509534926,10085.351506900795,eval,212.70274358828834,482.97591854143747
2025-07-10,18,52377.30426357138,0.0,1402.6918252981968,285.9836280391308,53779.99608886958,9892.397656872157,eval,1291.5933834807854,3663.0992944886107
2025-07-11,18,31280.493291908497,68.63014712215673,0.0,0.0,31349.123439030653,10800.0,eval,69.85589416278043,175.62945270842627
2025-07-12,18,28237.15738999166,0.0,904.2361435475057,231.33769603170185,29141.393533539165,9468.85646259316,eval,177.20172239777534,776.0914983450001
2025-07-13,18,54644.41473512612,27.072560676649,103.14083009435612,15.300523675175214,54774.62812589713,10187.983520921223,eval,401.4639030487055,1016.1049735361582
2025-07-14,18,48280.15516921173,1189.8854170017412,4352.028125484233,964.3988258212489,53822.068711697706,9944.593819599333,eval,143.42494279658905,327.91633445363857
2025-07-15,18,52798.51875316551,1.4488250599242747e-13,0.0,0.0,52798.51875316551,10800.0,eval,180.1517837628914,482.91312858376824
2025-07-16,18,47721.14172877393,-177.06514782410844,3314.561501442643,961.6365490125206,50858.63808239247,5047.652269955635,eval,395.30545218474106,982.463880418293
2025-07-17,18,50526.3494570296,766.2864360797053,12786.889173542233,3565.557305475488,64079.525066651535,9819.217574672457,eval,204.7378858869751,524.4354076187258
2025-07-18,18,24892.277814922312,563.6044197619208,0.0,0.0,25455.88223468423,6063.223383132141,eval,101.79809564528496,338.0539695976316
2025-07-19,18,29749.205704043387,0.0,327.06354108549607,156.66279049708203,30076.269245128882,10626.895765737336,eval,380.2176234034599,1431.849917308387
2025-07-20,18,49754.66205154066,1081.1796259286166,1703.3406937512304,337.2027473727649,52539.18237122051,10288.030771444457,eval,471.5787435359745,1177.6552560140512
2025-07-21,18,52439.41574762429,-494.3806197092688,692.3982877750402,204.10398590550997,52637.43341569006,9463.411776557465,eval,1437.1412913757279,4509.967688053919
2025-07-22,18,49342.96836379389,577.166646248721,5335.090544762779,1256.146023060663,55255.22555480539,8596.740525593457,eval,214.62390330441258,498.07273597696303
2025-07-23,18,57485.59694917107,0.0,291.40207202879435,138.49467012256287,57776.99902119987,10200.33380812845,eval,94.09228234085919,206.84059021744707
2025-07-24,18,54161.81768035125,-391.38359156807564,357.4214272481777,151.82286904108162,54127.85551603135,5942.64579983857,eval,698.8408854740668,2078.4381496772116
2025-07-25,18,26965.879975702774,0.0,0.0,0.0,26965.879975702774,10123.143285169215,eval,161.28905416656858,660.5749080781707
2025-07-26,18,25313.172040135145,134.43348332601508,0.0,0.0,25447.60552346116,10266.518468276834,eval,324.2861213187686,940.6290028639689
2025-07-27,18,49951.35631607681,1211.4938309066476,4198.054834781378,975.2091165361593,55360.904981764834,8638.371268085239,eval,528.7808287440076,1270.6218449934806
2025-07-28,18,52313.814568402464,935.525221869549,7094.1850779546485,1735.985976067533,60343.52486822666,9889.838384792467,eval,127.50443888201816,292.0134391463884
2025-07-29,18,51731.62325924227,0.0,4497.828858262796,1149.0270661543634,56229.45211750506,8709.667505447216,eval,437.87390822993,1229.8212874041662
2025-07-30,18,46080.70865860357,1023.746753059983,25804.675901963208,7846.767088896299,72909.13131362677,10161.909228051793,eval,123.9142959377375,264.99163881894503
2025-07-31,18,48785.596904819075,869.1301600635553,12966.028671752605,3249.3797742392853,62620.755736635234,9960.644043013152,eval,574.2073500825707,1591.7655856430047
2025-08-01,18,25203.797432921805,-195.4409265005418,320.1621075754356,143.8758044152999,25328.518613996697,10321.68878629626,eval,137.065749626368,680.9341281583869
2025-08-02,18,24757.935540408143,85.2462235223645,0.0,0.0,24843.181763930508,10383.173145447545,eval,120.89870177772545,389.63640497926724
2025-08-03,18,42415.36730733536,887.1558394466865,5291.103443861116,1368.8275161982328,48593.62659064316,9567.141367171773,eval,299.8125174895072,642.607223674045
2025-08-04,18,46372.462647574575,-122.01377204100784,1045.436417894604,316.7989145135163,47295.885293428175,9882.58118789175,eval,197.32712295155937,433.6646627850838
2025-08-05,18,44344.17274851581,404.0628447468239,4881.615399442247,2077.258797178957,49629.85099270489,10117.132231098954,eval,414.76901928380886,1126.3931736090133
2025-08-06,18,49773.32159336558,121.41373874978346,673.2145110014579,304.215933237902,50567.949843116825,10007.39874375153,eval,344.09461873315684,769.4203604521997
2025-08-07,18,50372.71270487283,-295.34395494444345,1076.257151249856,287.85601196037106,51153.62590117824,8917.36579595817,eval,51.53874368023859,153.96303336810516
2025-08-08,18,24318.356044428,-152.85741760832843,0.0,0.0,24165.498626819674,9774.763161580746,eval,126.06994029508976,636.6952604462454
2025-08-09,18,23776.770660143433,66.20944534291019,0.0,0.0,23842.980105486342,9996.473755176692,eval,110.56435234801361,397.02275108175155
2025-08-10,18,47560.32914335806,-33.238031707264035,0.0,0.0,47527.09111165079,10800.0,eval,625.55109044898,1541.2483002060621
2025-08-11,18,41874.22947271132,953.7343254180902,2631.8693278025025,1006.8039676170263,45459.83312593191,7587.141828836779,eval,914.4138622871908,2564.636437284506
2025-08-12,18,50888.37014051352,-790.1542087816348,231.78022910902558,34.369736519780304,50329.996160840914,7837.152630673789,eval,76.19353126224107,306.26105703587893
2025-08-13,18,45083.53734636186,775.0002734412415,10539.86156709367,3009.657237268736,56398.39918689677,10232.497847531806,eval,227.82697423393932,587.1486971451476
2025-08-14,18,46202.25563514442,139.9980407705683,2142.043876633174,500.35698663705966,48484.29755254816,10089.770123835417,eval,344.72317036262285,834.9189573374088
2025-08-15,18,24855.936294036987,-319.5217530818054,0.0,0.0,24536.414540955182,9551.177887430436,eval,113.5294486354702,502.33077874561167
2025-08-16,18,26408.21306716915,-74.96661940810444,1550.144068654406,417.59153225968055,27883.39051641545,9759.073622283138,eval,90.85684354513712,275.4111144574013
2025-08-17,18,47802.58809090358,0.0,0.0,0.0,47802.58809090358,7945.621228039302,eval,444.7346877684522,1051.0310674064103
2025-08-18,18,46157.25382522732,-115.38105721392432,1488.0482728220659,551.9221436645003,47529.92104083546,8564.49526616237,eval,125.7188734542165,427.0142573308967
2025-08-19,18,44658.06310891315,19.15124167216252,1795.2977778531283,528.5700971777668,46472.51212843844,9931.453000670626,eval,466.55365226422043,1199.7692127054966
2025-08-20,18,50978.27424423678,-424.38165919529825,471.6614833221988,92.79859335887917,51025.55406836368,8875.80995924113,eval,192.86971846646549,417.4327106717862
2025-08-21,18,47974.838224981395,450.0146836542252,824.549773714795,379.70797905459574,49249.40268235042,9904.0718866595,eval,583.1357276726278,1597.9085280328418
2025-08-22,18,24933.99673797407,0.0,1214.6959918149973,451.3705476638925,26148.69272978907,9433.419424415397,eval,858.8159508865789,2993.672450061384
2025-08-23,18,23390.74269706637,797.5533855551006,2443.4028634652345,506.20448398196925,26631.698946086704,7740.255056240414,eval,217.58231770309482,761.5691051141719
2025-08-24,18,46626.399150593286,462.25412470988533,2802.6958733498823,884.0444881920906,49891.349148653055,9174.763615693983,eval,165.0046041864983,431.28384881409045
2025-08-25,18,59657.22589072739,-81.73720821765583,384.4911359583443,121.15407155571785,59959.97981846808,10197.518274237218,eval,291.7971978810396,826.6577897401542
2025-08-26,18,46728.646761442214,-349.5458830242143,2795.369360642494,830.6797086460895,49174.470239060494,10074.597541874322,eval,50.97351837377978,193.41137900112238
2025-08-27,18,46862.95564684269,488.61361263242827,10307.047267059435,2852.297550863604,57658.61652653455,9404.880352388242,eval,289.26343778595736,706.7582472604896
2025-08-28,18,46053.1711951764,559.5709985152525,15752.496793935887,4152.623128225006,62365.23898762754,9143.529899274157,eval,562.7476973683413,1685.1924867439097
2025-08-29,18,26717.80906829723,-47.72216227581375,524.1368582086669,144.18262070429512,27194.22376423008,10475.603662294494,eval,174.71702210472745,556.0058087232167
2025-08-30,18,25194.233132465255,-429.9416873772191,0.0,0.0,24764.291445088034,9192.465492974108,eval,95.9543462896826,320.2385977809545
2025-08-31,18,47212.21027418056,-288.50270103610745,4642.079901594584,994.3037167543082,51565.78747473903,8770.079596919237,eval,430.6759400631663,1129.4470920211882
2025-09-01,18,51404.936603702714,12.361674190250193,0.0,0.0,51417.298277892965,10800.0,eval,661.7228474969427,1971.386142310984
2025-09-02,18,42614.944250189204,4.619538788589915,0.0,0.0,42619.56378897779,10800.0,eval,397.2178281724052,1045.2120141649848
2025-09-03,18,37920.505105807744,0.0,0.0,0.0,37920.505105807744,8236.973496294888,eval,152.68492202253748,504.2552390442978
2025-09-04,18,40195.49348567173,81.93481779276749,5066.837939325981,1119.410149552995,45344.26624279048,10008.44991102192,eval,408.9233757069456,1177.4653089536996
2025-09-05,18,23030.152381950236,-394.5475524783236,0.0,0.0,22635.60482947191,10800.0,eval,274.3476521804679,1035.678324922211
2025-09-06,18,23330.512643378923,-358.8674667418809,0.0,0.0,22971.64517663704,10761.055272021309,eval,121.10368576612004,383.6623854569863
2025-09-07,18,37417.32161402702,-243.8090781347148,124.90264220401215,18.519184847507177,37298.41517809632,8309.282805538916,eval,206.19002189888852,886.0548084129459
2025-09-08,18,40999.79994881731,384.72605421484724,11795.858253060283,2787.34299311702,53180.38425609244,9658.15550732773,eval,24.53419461278345,51.81266847480178
2025-09-09,18,35883.17175953016,261.2204509482229,16840.015958813063,4222.451321755328,52984.40816929145,9774.473769580763,eval,124.75712367462029,453.7140572800903
2025-09-10,18,40490.4027930867,199.5669415233869,5471.711354840695,1304.508123711348,46161.68108945078,6235.198832426369,eval,397.747364779381,1029.8991274046416
2025-09-11,18,44387.14247828288,-994.7911743494426,1231.2738487601982,239.3382274007724,44623.62515269364,8632.415916224782,eval,295.0108103811759,676.3175922295696
2025-09-12,18,20355.572742633878,0.0,1315.5827547726806,388.626757105641,21671.15549740656,10800.0,eval,52.16761026163543,155.26053104498345
2025-09-13,18,18939.334153326876,0.0,0.0,0.0,18939.334153326876,10566.176548916073,eval,343.72510642519035,1368.8996733230642
2025-09-14,18,43864.792595123654,233.83660111832734,170.31686920518888,79.55013557760105,44268.94606544717,9388.701684840298,eval,452.8667629017673,1070.1670243546048
2025-09-15,18,38533.637836115,263.6534573610856,9435.326179585358,2612.589945845508,48232.617473061444,9875.55334863835,eval,238.5817714510168,766.9163167590389
2025-09-16,18,45240.166806061985,-573.937209168907,851.0582639374751,359.85803517405907,45517.287860830555,8781.33233523183,eval,191.81435248933877,428.2843407322727
2025-09-17,18,41554.045042369326,-31.12209285566165,450.7474923750291,190.52517999251745,41973.67044188869,6307.887976127822,eval,45.56309702806108,130.82457951757198
2025-09-18,18,40232.35225830044,64.16334187029992,9271.698454957277,2315.1582334953328,49568.21405512802,7095.535968805326,eval,439.2928921100405,1060.2307470693192
2025-09-19,18,18301.057675203163,0.0,1155.4715592690181,321.2735338760854,19456.529234472182,6681.110567267355,eval,69.8745429011332,235.9806965661989
2025-09-20,18,20579.310010599915,-158.48779207537154,1094.0046524825284,289.5649064390019,21514.82687100707,10451.307876613057,eval,49.70323442991626,131.0908364057907
2025-09-21,18,42720.73726702564,-857.2045107227445,0.0,0.0,41863.53275630289,8869.676442988384,eval,354.9139863634779,877.311636569388
2025-09-22,18,44271.99863050252,-80.94195169011307,1980.27504079093,455.9546050800981,46171.331719603346,6839.513115925314,eval,390.83904090210456,913.8622473368341
2025-09-23,18,44945.26792967068,132.59446748378866,140.97096282558556,30.21237951684219,45218.83335998005,10022.35581718669,eval,284.55872893375454,819.5169984283675
2025-09-24,18,38461.851036467924,-9.90094401005475,15034.16140766,4862.612273687936,53486.11150011787,6490.66887426172,eval,253.75773088073993,631.2831061057852
2025-09-25,18,41815.78244976541,104.43479005736944,3035.7965426501933,1027.431467384024,44956.01378247297,8122.63602094206,eval,271.01288586644466,599.7270946502539
2025-09-26,18,19704.82959217021,0.0,383.0853618243879,125.56558996242262,20087.914953994597,10361.48890497689,eval,73.11972955652004,206.4527577849106
2025-09-27,18,16847.581136899284,212.30570806574488,11643.117012941053,3102.0303666639343,28703.003857906082,5455.716697616532,eval,111.44728972575017,365.46275569856437
2025-09-28,18,45162.656628855475,0.0,1829.3543019159881,448.8220158841347,46992.01093077147,5905.7974910408275,eval,175.43445150413856,474.1297968202101
2025-09-29,18,45435.067512259906,-644.1059860394156,826.1554823628226,190.99863450782397,45617.117008583315,5633.635937125378,eval,554.2698528488254,1342.3947576329215
2025-09-30,18,46564.38535145934,18.97751225229552,8227.476755696338,1980.4505051168135,54810.83961940798,8309.959703817542,eval,328.80670629031573,801.5206021264374
2025-10-01,18,40882.25770192112,0.0,0.0,0.0,40882.25770192112,10653.218928765134,eval,769.1899107348816,1991.7214677470377
2025-10-02,18,44926.293097226575,-109.78252724068113,0.0,0.0,44816.51056998589,10800.0,eval,180.8916840028928,509.93847013641937
2025-10-03,18,16441.536389185836,-278.1199360066764,0.0,0.0,16163.41645317916,9967.252409818951,eval,69.10393978818777,160.19539617911641
2025-10-04,18,19239.729590144038,0.0,0.0,0.0,19239.729590144038,10800.0,eval,43.27859256731583,92.76095963111602
2025-10-05,18,41399.86651526237,-122.9021477287677,654.5887957809433,303.4123291035612,41931.55316331455,10800.0,eval,346.96748116309067,901.2465368525033
2025-10-06,18,37977.5485869539,61.66790291226277,8796.958776517426,2560.822690228837,46836.17526638358,8489.986131879792,eval,101.69288075573334,246.33327646931002
2025-10-07,18,40184.761883218845,34.74851062194182,5630.634558556119,1238.253070060637,45850.144952396906,9548.44967492379,eval,517.8924174095089,1351.8919864367977
2025-10-08,18,35612.83308346516,0.0,11340.696331438307,2377.796836154996,46953.52941490346,9552.070384772283,eval,107.1502210607214,331.7569803954961
2025-10-09,18,42594.99943668564,-308.8448665774018,3750.742468989745,616.2656433577715,46036.89703909798,8654.450238081221,eval,535.4375914456893,1718.6239925472444
2025-10-10,18,18038.51383836257,0.0,642.5617946515698,173.35886752831934,18681.07563301414,10195.675153244243,eval,162.0112833578465,508.2334107949999
2025-10-11,18,16079.639968481888,-127.85287325520649,0.0,0.0,15951.787095226682,6889.567831753942,eval,205.11810450533594,688.9082326124911
2025-10-12,18,37599.49428052589,0.0,10414.915760052349,1979.9040396367104,48014.41004057824,6557.1494171248605,eval,333.97343993840707,778.0395373829718
2025-10-13,18,39530.73043317409,280.66331786317875,4255.634433081534,764.2429745593329,44067.028184118804,6139.106622397096,eval,208.21566885816065,493.6829454387973
2025-10-14,18,44383.55999654153,-672.671515524656,9690.929538622484,1997.6215944502603,53401.81801963936,8244.81180564969,eval,178.83940235758692,489.15264817208606
2025-10-15,18,48402.766304970224,-1052.7619118151345,1072.7683939188855,266.90252616344617,48422.772787073976,8786.280760320886,eval,1140.7139094398385,3513.76475585222
2025-10-16,18,43853.4132253282,0.0,4865.839135595765,1129.653730058157,48719.252360923965,10290.047034121875,eval,146.87311737638925,439.0398166689671
2025-10-17,18,13850.386589782727,0.0,14817.347758000009,3906.750583447464,28667.734347782738,5630.401877010516,eval,65.47992352579743,228.14028313594758
2025-10-18,18,18542.944434866014,0.0,1029.7655041805697,261.118550332512,19572.709939046585,8785.403071777322,eval,98.42820817064106,268.26126073528087
2025-10-19,18,42537.48640716722,-28.38273014710575,2078.8538728577305,589.3384378667553,44587.95754987785,5881.013325974497,eval,597.8278566488701,1762.1357859004515
2025-10-20,18,48288.37480016627,0.0,2.9654279032342856e-13,1.234568003383174e-13,48288.37480016627,9909.74303480811,eval,372.67501784260804,928.731762774309
2025-10-21,18,45333.18618028692,-45.12981434289972,514.0083270836633,234.54280448017778,45802.06469302768,8277.348317697228,eval,130.32670032038357,427.53440939360496
2025-10-22,18,45724.81476453939,334.7255092690227,4708.919094901545,1525.2764064980238,50768.45936870996,9730.239470535602,eval,60.1347852492288,170.36834454391877
2025-10-23,18,50819.55235821792,267.1691030599687,984.6656444114125,197.51115630700735,52071.387105689304,9882.640913829491,eval,450.0384055984041,1491.044200642409
2025-10-24,18,16233.231449622,15.775628944661849,6424.590060409884,1617.8911386341606,22673.597138976547,6015.924616982724,eval,332.07235113577497,1284.9845745085465
2025-10-25,18,18566.92189209276,-245.99595647075844,418.45098996918637,126.83757069680803,18739.37692559119,7465.289308825233,eval,400.6849937891146,1328.834624777996
2025-10-26,18,50367.56077551632,-1068.0856192921965,994.3806007197841,289.00175518885567,50293.855756943914,6715.983350884411,eval,1112.9318497236495,3590.1504332768536
2025-10-27,18,44251.82772847439,160.12417844017455,3607.836667728837,914.9983303150655,48019.7885746434,9322.996397969164,eval,218.10299817689292,544.846073711612
2025-10-28,18,42948.77551765446,271.0508951825011,13882.274288056102,3971.62442845212,57102.10070089306,9978.97596438189,eval,179.98036567403355,647.4129381842116
2025-10-29,18,45621.15861108215,0.0,629.5441237943523,260.7191379885322,46250.702734876504,7720.761717620201,eval,421.4463235372311,1355.251153628397
2025-10-30,18,42838.14608354242,230.8203707083069,7543.503034878596,1977.4573294773322,50612.469489129326,6750.557235585404,eval,170.3762922316198,474.5531347483936
2025-10-31,18,20021.39962241021,-22.131693387615833,812.1229268541157,232.66705672748537,20811.39085587671,10160.075889410728,eval,87.99207859734656,259.18070965872215
2025-11-01,18,18396.161289854695,-78.27865169529589,0.0,0.0,18317.8826381594,9333.027686747006,eval,88.1642552096115,288.96371497379516
2025-11-02,18,46078.92523067799,0.0,6966.0368646724155,1796.9007937932847,53044.962095350405,8173.7333738129555,eval,634.7776475330909,2014.933025364079
2025-11-03,18,50756.09690723265,-276.60147319773785,0.0,0.0,50479.49543403491,9991.413281683368,eval,293.3845295203234,1344.2795465904846
2025-11-04,18,46077.558619935764,-283.16810810256675,300.96207143559155,64.89474797947855,46095.35258326879,7402.711702231989,eval,457.4914590688516,1151.0357496188415
2025-11-05,18,51522.098101949974,88.8460198708155,2437.5401308143764,604.4318730801187,54048.484252635164,8392.030705024163,eval,396.42535605897376,1075.084182922748
2025-11-06,18,49373.28585498629,304.716930491552,4362.498411978807,951.9063978137265,54040.501197456644,9845.498502953744,eval,190.3421959342527,468.2232690498128
2025-11-07,18,17140.187673772685,270.388106353769,1644.6433378953927,400.1546742740332,19055.219118021847,7889.624316213552,eval,257.9386470662072,899.147998933606
2025-11-08,18,19162.079725920703,-258.09902433867336,0.0,0.0,18903.98070158203,8940.040736185138,eval,79.52344739570935,199.43467324928383
2025-11-09,18,50280.17279924094,57.8529878866608,1734.1283997788255,361.90879124446246,52072.15418690643,9704.227986894663,eval,174.07740584079093,551.0526335900769
2025-11-10,18,51200.103389128104,0.0,4413.575976322424,918.7917123319933,55613.67936545053,9871.337475082306,eval,466.64258381336947,1246.2044489318462
2025-11-11,18,49247.48102716046,0.0,570.0938441438047,264.61087935866215,49817.57487130426,8197.988556567027,eval,321.9311358011501,990.532522680526
2025-11-12,18,50600.544463299666,-873.3317182671956,3111.4106040494335,685.2708308707647,52838.6233490819,5190.815899218651,eval,300.07909928433554,828.3834303290284
2025-11-13,18,50169.521130607514,-63.53252356607314,12196.100541301712,3224.9791826744954,62302.089148343155,9105.970042245059,eval,523.8742007524405,1410.997884902826
2025-11-14,18,18056.83908082244,0.0,4113.722676251026,1359.6857352230827,22170.561757073465,8659.654712571006,eval,81.73713245029433,220.3210969897102
2025-11-15,18,20132.977071231668,-446.0737923313351,461.8085459752595,141.73812303548792,20148.71182487559,8506.092714606842,eval,608.3237278447907,1310.3401493673612
2025-11-16,18,50203.54047761437,141.7564459271027,1774.0954194949582,360.1568561730149,52119.39234303643,6283.689654432132,eval,289.4952404802842,708.7017373959791
2025-11-17,18,48592.58202749197,0.0,11692.77594237038,4170.440545875202,60285.35796986235,7444.288520951853,eval,154.59906903267947,353.5731489233645
2025-11-18,18,51274.99045782947,0.0,4700.840826269568,1592.334341853924,55975.83128409904,9711.809582819415,eval,21.288121909526602,53.248531747703716
2025-11-19,18,49845.99023469328,143.8383355515017,9723.313339128195,2556.0596498222876,59713.14190937298,8572.271441187768,eval,483.14550680000036,1431.7736117447753
2025-11-20,18,49578.624914734835,601.1076954671319,6657.583410918539,1750.0249279300763,56837.3160211205,8977.13794342701,eval,322.60307861616513,911.3220401924191
2025-11-21,18,18871.85569258089,342.5172356341354,6652.955657128681,1977.8793670354182,25867.32858534371,9035.580736492417,eval,103.18209564816911,279.05675245709676
2025-11-22,18,19968.645710422716,7.214637521174343,757.9880085398049,241.08994097826303,20733.848356483693,8857.45142265384,eval,396.00720830143894,807.7848812670085
2025-11-23,18,50326.21065596345,-301.4908372389428,7471.827844613071,1610.712893603094,57496.54766333758,7123.470272638695,eval,123.93322580512032,569.3549510052173
2025-11-24,18,50090.201675566816,216.58232786993636,7032.339001501097,1786.877540605417,57339.12300493785,6642.289652364846,eval,501.35908314133,1471.7583805746867
2025-11-25,18,59401.16775101879,-566.8724179740834,543.0765893131027,221.44223710614028,59377.37192235781,7813.439371923257,eval,411.2085104460563,1281.0076461014573
2025-11-26,18,53089.35122002764,-194.73210317544553,1254.50416789546,464.560208729686,54149.12328474765,8856.445619195601,eval,186.5177289482768,499.5998011800255
2025-11-27,18,52463.5538962873,0.0,2021.4951878654342,476.51653624044445,54485.049084152735,10195.444515629195,eval,811.3837163234793,2503.8813278325847
2025-11-28,18,18462.195623409913,141.8864789515635,4285.708436527876,1242.5149702146607,22889.790538889352,8063.251397466528,eval,499.65793919676145,1194.6435858598732
2025-11-29,18,24716.643069662587,-387.03729554783024,0.0,0.0,24329.605774114756,7912.078482271445,eval,270.70265673383767,667.9516829829587
2025-11-30,18,54497.19323916407,0.0,7725.921240461907,1915.6654749871059,62223.114479625976,9972.410986444414,eval,769.470584342825,2425.297957416829
2025-12-01,18,55306.78954293582,0.0,12695.943610702718,3353.410343559259,68002.73315363853,6283.894095054759,eval,606.659897150801,1970.7836064678856
2025-12-02,18,62157.57864626963,-295.5370124596909,12714.89440385639,3517.1782230987606,74576.93603766632,7773.122099457824,eval,172.40205982805224,409.12814309934345
2025-12-03,18,55519.95927031587,342.1917989922104,22194.908931972233,7212.902761321808,78057.0600012803,9893.491180309624,eval,163.2851127284742,440.67010407085746
2025-12-04,18,62808.98545281911,0.0,7286.763220412608,1558.0297767152865,70095.74867323172,9913.238638795254,eval,306.01704739813715,892.5672755446518
2025-12-05,18,22971.806840670928,238.68321395496136,6193.679787884368,1819.8838568028227,29404.16984251026,9867.595770728263,eval,321.68440612843267,810.7255919995059
2025-12-06,18,24856.58059786782,-60.14832868168725,3395.625412766772,1087.5910522006297,28192.057681952905,9541.995046305827,eval,427.14782380536343,1202.400964038915
2025-12-07,18,64303.35652309729,-55.761930347810605,698.5010526494458,120.05169073977584,64946.09564539892,10107.381000821078,eval,572.5472557510868,1565.2466462399098
2025-12-08,18,64617.32598499488,0.0,154.99207140998814,26.683665560814006,64772.31805640487,10800.0,eval,186.42232593092862,558.5080668673852
2025-12-09,18,61265.80811313796,0.0,475.8004474146473,82.02872276113658,61741.6085605526,8857.689430674443,eval,177.48695407912507,688.38323164264
2025-12-10,18,60829.2758837825,-281.83026426742714,5741.673012775929,1319.8931307437474,66289.118632291,9484.356543482269,eval,445.7582246068911,1617.8903325953931
2025-12-11,18,62910.18875004524,0.0,1.9042545318370685e-13,2.842170943040401e-14,62910.18875004524,10259.471650428855,eval,603.7080749624365,1485.3963019760238
2025-12-12,18,24864.757392081454,-175.22432732293476,840.9272883330623,189.73991037118748,25530.46035309158,7277.707669331691,eval,283.34078494094695,822.8217340044708
2025-12-13,18,27609.009067273786,-265.78364067465475,1.7688250864011933e-13,2.842170943040401e-14,27343.225426599132,6890.0784573532155,eval,165.4753891094545,384.8092702183174
2025-12-14,18,60013.422646264866,202.04763613140216,10902.57305902698,3572.416201569439,71118.04334142324,8983.386871273728,eval,562.8573540574655,1391.9960100691064
2025-12-15,18,58388.94246470829,57.92957612430865,14435.300809952583,4325.49526046002,72882.1728507852,8391.402109895533,eval,63.43041060451674,142.06391711856497
2025-12-16,18,64211.75098979707,0.0,726.3752235213199,271.9370221537579,64938.126213318385,9895.547671139748,eval,171.79547205105223,429.8110199006187
2025-12-17,18,63355.86570498062,0.0,0.0,0.0,63355.86570498062,9865.651624934599,eval,226.19833995991402,560.393177602728
2025-12-18,18,62072.9934943456,565.5053017147233,1508.9009088590303,373.6567112360228,64147.39970491936,10281.596308074237,eval,313.1741149047984,738.3333021276196
2025-12-19,18,24969.368511963607,67.2913623901961,5284.401755554444,1820.6845806946033,30321.061629908247,9823.173276612855,eval,37.151267350119035,80.08575941694153
2025-12-20,18,29028.372451727715,-1378.130980409359,0.0,0.0,27650.241471318357,8013.52435340196,eval,267.649164303643,718.9117820436115
2025-12-21,18,63970.91601351863,-1213.52544409355,1899.799048207541,500.9983625797281,64657.18961763262,7162.069995552565,eval,367.20131092555596,852.8479551947952
2025-12-22,18,60337.46753024834,41.694247665631266,6667.860290181927,2042.9563273245494,67047.0220680959,9541.874101767182,eval,230.16228055525931,790.8822480731345
2025-12-23,18,62160.81289085976,-460.7117102391645,0.0,0.0,61700.10118062059,8608.874708113304,eval,281.91939125124145,937.229288329896
2025-12-24,18,61859.84765092862,-427.0124310606671,115.3700582114121,19.862280831783096,61548.20527807936,9649.069158160817,eval,171.60593585610383,533.9120338495701
2025-12-25,18,57876.12581863977,165.13137421757784,5979.95887902034,1527.7335753469984,64021.21607187769,6684.40569863447,eval,125.9036847020789,449.65570710333475
2025-12-26,18,26899.61160562324,-0.477048285525673,5624.329086538335,1498.0094964342118,32523.463643876046,10172.118356372304,eval,266.07106462785407,812.4569819499318
2025-12-27,18,25159.828122617786,-238.5665270394045,28.835419407853202,4.4772019886428325,24950.097014986233,7412.501493627716,eval,457.551345030424,1051.7382120863433
2025-12-28,18,58885.36369913939,134.04308787613908,2265.6796246823747,1016.0557111806683,61285.0864116979,7597.867783481345,eval,530.5306200121809,1718.8062871063303
2025-12-29,18,58955.55686872141,0.0,5509.601331748764,1943.1857504230793,64465.15820047018,9997.488988497398,eval,310.30521953272665,1329.0686362189226
2025-12-30,18,58227.70558757443,-195.99824784148262,3252.391319787062,1274.2953762325585,61284.098659520016,8256.548488811333,eval,297.72995876055455,970.2030715011672
2025-12-31,18,62407.69962672864,118.04854521057277,2672.3649026835133,691.3764265452602,65198.11307462272,9529.77232549587,eval,287.5086229361194,908.347610394221
2025-01-01,6+12,0.0,0.0,366613.56615685835,92035.17001666666,366613.56615685835,6000.0,init,0.0,0.0
2025-01-02,6+12,65502.51677395027,823.7597364375727,5373.198788735221,1608.4473593621367,71699.47529912306,10025.448671111111,init,0.0,0.0
2025-01-03,6+12,61859.710766730685,-340.13322734029316,0.0,0.0,61519.57753939039,10800.0,init,0.0,0.0
2025-01-04,6+12,25007.79001585185,1623.9315139674195,4789.909244046324,1290.3700662894416,31421.630773865592,9958.349187037036,init,0.0,0.0
2025-01-05,6+12,25500.224771155554,1314.2302093039327,180374.33285840417,44083.69399022634,207188.78783886367,8558.511815185186,init,0.0,0.0
2025-01-06,6+12,62419.43830792399,1646.4761197328094,2606.426840227353,777.9120677688593,66672.34126788416,10116.492809259258,init,0.0,0.0
2025-01-07,6+12,59530.17537370636,4877.778046638609,3701.512430668044,1033.2099194444409,68109.46585101301,10232.597833333331,init,0.0,0.0
2025-01-08,6+12,65247.11393611398,-2140.95572940939,4667.804660926373,1453.5241333333286,67773.96286763097,10227.11604,init,0.0,0.0
2025-01-09,6+12,60094.50479259694,2014.4408642921305,5233.698633286301,1719.7451053888803,67342.64429017538,10003.817253888888,init,0.0,0.0
2025-01-10,6+12,65050.279006997676,-3025.44051989046,0.0,0.0,62024.83848710722,10800.0,init,0.0,0.0
2025-01-11,6+12,25143.325270030557,794.5708638559554,3659.1196488555524,1167.0249037037092,29597.015782742063,9832.336335,init,0.0,0.0
2025-01-12,6+12,26585.210097493815,2140.142234316586,170781.65840752493,41319.65615589848,199507.01073933532,8455.086756666667,init,0.0,0.0
2025-01-13,6+12,62492.28934012931,-916.5062147836367,2757.5615008339655,809.4236784999989,64333.34462617964,9989.435511666667,init,0.0,0.0
2025-01-14,6+12,60824.87127011575,-50.103009781473645,4355.990997939429,1206.3690116666635,65130.759258273705,10265.803453703702,init,0.0,0.0
2025-01-15,6+12,58178.358866013456,4707.452239302451,5150.995664257292,1273.5641969135927,68036.8067695732,10146.49893,init,0.0,0.0
2025-01-16,6+12,60439.95500175298,526.8427842785667,8212.79118716022,2350.723565208852,69179.58897319177,9999.412269074071,init,1.8189894035458565e-12,7.929224921099375e-12
2025-01-17,6+12,27534.963136870967,158.508527351098,9.604994842587677,3.3654501901148137,27703.076659064653,10190.792873156523,init,-2.1085355683680974e-13,-4.600235747886926e-13
2025-01-18,6+12,29142.36289553749,-1687.5606383275808,1584.5527524535614,394.00148901511153,29039.35500966347,9926.177841453433,init,2.2187052195477024e-12,4.806824858150097e-12
2025-01-19,6+12,59087.5962693881,2910.712804263357,3420.0973406156922,917.5625843049366,65418.40641426715,9902.983443996076,init,-2.0179413695586844e-13,-7.53418305521336e-13
2025-01-20,6+12,60701.58743086609,1043.3655336778543,1979.4118043449157,456.9892733735547,63724.36476888886,10029.574856228097,init,27.653626080913796,123.46638659410512
2025-01-21,6+12,60709.472845557466,269.75164817516884,84.5487893583748,29.624663405176875,61063.77328309101,10287.109366322846,init,26.205294809467848,113.28281800622544
2025-01-22,6+12,61128.34238684467,492.76649460845846,3294.2130232290906,674.5228210761705,64915.32190468221,9529.427366119306,init,152.30571537299585,444.0481198813635
2025-01-23,6+12,60458.38247504282,3137.795086326668,1465.3683321890487,466.26922759469176,65061.545893558534,9843.478288667788,init,3.831202255066978,7.3049714396303544
2025-01-24,6+12,23343.214539773187,1899.8442785187547,0.0,0.0,25243.058818291942,10158.682913869021,init,54.73649502891882,176.6756410820591
2025-01-25,6+12,23216.165046718663,1743.917995015384,1.9484502900013468e-13,8.526512829121202e-14,24960.083041734048,10227.097005031217,init,86.85707258811576,212.3666988281205
2025-01-26,6+12,63941.42456947346,-1000.7432005936785,310.6133903711377,82.04371725626311,63251.29475925092,9785.488186300729,init,146.10157793249135,498.08016928397
2025-01-27,6+12,57404.317324865595,2371.561026460518,0.0,0.0,59775.878351326115,9738.69989845617,init,153.71420589273944,512.6563522985628
2025-01-28,6+12,60651.58621198955,-76.31896873591924,2534.0341248022487,533.2714433415213,63109.30136805588,9830.473318386054,init,158.43234702966336,673.7438040081555
2025-01-29,6+12,55454.57957137462,1903.39574077159,1364.876865955542,374.6822307076626,58722.852178101755,10162.383064072403,init,159.93688649958102,504.5803391135745
2025-01-30,6+12,55650.59751134408,3137.040591367649,844.1066150488651,145.4847894161902,59631.74471776059,9995.422819888128,init,174.91179030660365,588.1973115167879
2025-01-31,6+12,22560.08004947908,1559.5188735639529,0.0,0.0,24119.59892304303,10192.974902438833,init,107.1898592195148,292.3654480476388
2025-02-01,6+12,24063.063140794686,134.56082248671692,1.7374190974805968e-13,2.842170943040401e-14,24197.623963281403,10711.644272117286,calibration,95.35904699599084,212.31844855156606
2025-02-02,6+12,57459.103863883734,-590.2328574592905,0.0,0.0,56868.871006424444,10800.0,calibration,70.03590955468039,181.69211674012877
2025-02-03,6+12,58365.56917087466,-1377.5026908139755,296.4781424117193,61.0779926392421,57284.5446224724,10358.816983402327,calibration,247.28287219848258,893.9279576286308
2025-02-04,6+12,61595.40605435741,-1571.339024110074,21.648682010255843,5.034577211687406,60045.715712257595,10440.227047500295,calibration,153.59645745365953,517.5429449402009
2025-02-05,6+12,54504.41634469667,869.6326221704884,2263.7380899039936,433.6629821267476,57637.78705677115,9861.644157635847,calibration,115.16256407475052,366.5336798761655
2025-02-06,6+12,58631.64909077666,-2459.947423105477,2521.5056991289393,568.1708745064955,58693.20736680012,9590.685068120065,calibration,166.50358200076434,608.2361802168182
2025-02-07,6+12,22480.826610216973,-817.4332816451574,1.2536816029751207e-13,5.684341886080802e-14,21663.393328571816,10102.829030787649,calibration,181.20540734378446,517.0930538853835
2025-02-08,6+12,18234.081493814185,766.7644807056743,3321.5849690931495,690.2172787059488,22322.43094361301,9806.467391137385,calibration,51.051173840568815,115.85584323515604
2025-02-09,6+12,54974.93946710948,-315.41081033917897,2521.5914474418587,486.8264017899963,57181.12010421216,9665.795298986024,calibration,311.1452748538153,909.5885368871668
2025-02-10,6+12,50986.34301785165,1247.028017991409,577.7567072289531,198.80389854367792,52811.127743072015,9585.83294827284,calibration,326.75415263943387,1126.3893282611139
2025-02-11,6+12,52961.278136509995,-1672.7872967186959,7402.040333834497,1476.7304926989605,58690.53117362579,9663.702174359425,calibration,123.14466783827004,372.7268385591991
2025-02-12,6+12,53617.66485149738,-1272.5324827644108,2247.3181644192546,469.8402492187097,54592.45053315222,9572.94013645591,calibration,160.4842990077098,606.3083710337271
2025-02-13,6+12,49869.298782972866,123.71353821832633,523.8815356530546,138.87491292402694,50516.893856844246,10113.741276289247,calibration,260.3316282398099,808.7345547863785
2025-02-14,6+12,18345.14304762872,751.2645776261733,0.0,0.0,19096.407625254895,9830.376294777408,calibration,112.97032266859102,296.64129446992854
2025-02-15,6+12,18892.986664290005,1055.103289950591,212.8430607228364,57.90415592578677,20160.933014963433,9381.547706146754,calibration,269.4879097873388,581.6135817196988
2025-02-16,6+12,54308.61886975022,-2025.4706145542568,5548.1851032437635,1305.1043998478294,57831.333358439726,9528.926457215077,calibration,308.5169299581682,986.3677160484428
2025-02-17,6+12,53336.800234210896,-2680.252428425915,2140.932561729447,415.9996464785982,52797.48036751443,9452.746709516632,calibration,187.5813908263864,658.9853019116732
2025-02-18,6+12,47737.906673667094,2323.635596461012,2979.7542273032777,646.076954273929,53041.29649743138,9838.463918931473,calibration,49.099327098176865,118.61906423985351
2025-02-19,6+12,47594.84922112428,2310.972519630131,3094.6890146012074,782.466049068863,53000.510755355615,9530.871360986523,calibration,205.96279192212356,627.7029222840165
2025-02-20,6+12,50486.223782302506,-1425.0871343991928,3676.0580576156117,966.160305834474,52737.19470551893,9840.973676839018,calibration,142.84468005378375,504.7592375880971
2025-02-21,6+12,17869.618801802033,270.6224670115281,0.0,0.0,18140.241268813563,9660.098091717047,calibration,50.401243989114064,115.13680054288379
2025-02-22,6+12,18703.21135553262,-20.175069461578474,72.78339029261176,13.286489648158408,18755.81967636365,9888.698789724705,calibration,70.8241614697195,214.86713907276953
2025-02-23,6+12,49461.19464484,-593.0149129368242,1659.48659821815,350.89097572385197,50527.66633012133,9589.590347791045,calibration,260.44602961293765,843.0114276765493
2025-02-24,6+12,47625.54558223378,-152.60961261746763,0.1588898134576121,0.03392182183131354,47473.09485942977,9634.67029606417,calibration,334.7111951678304,955.4242633601655
2025-02-25,6+12,49015.08682249471,-1868.1186432148788,711.9805150834708,152.42561698958895,47858.94869436331,9449.8819104715,calibration,119.39063908432479,342.0434711578546
2025-02-26,6+12,44357.3612443296,2289.8541499485427,1125.096655281958,431.873272877984,47772.3120495601,10376.409459140212,calibration,38.84120317798316,93.16400431141803
2025-02-27,6+12,44396.93821207783,631.686644708265,140.4392801341332,22.430806601842107,45169.06413692023,9768.555941685749,calibration,305.3074529350173,727.9371783086223
2025-02-28,6+12,17824.361658178153,76.09566367926074,0.0,0.0,17900.457321857415,9738.932454074013,calibration,30.456294703536333,75.21128185846177
2025-03-01,6+12,19809.32859923951,-397.2186800860819,0.0,0.0,19412.109919153427,9701.36889765613,calibration,73.26998115509241,158.0319303358711
2025-03-02,6+12,51108.323988147255,1770.1742795745965,23.69724336828204,4.801386560284072,52902.19551109013,9854.167885993338,calibration,287.2094281318476,864.104635101716
2025-03-03,6+12,52817.939368975094,-1186.2375547113584,0.0,0.0,51631.70181426374,9781.073910483561,calibration,105.59083329837908,270.458413322853
2025-03-04,6+12,46869.0187609987,1683.699947365506,905.4276153601772,212.709630980292,49458.14632372438,9652.883345973582,calibration,198.00187379614403,575.5508524823197
2025-03-05,6+12,46997.5901677142,-1722.29519909589,4732.09528984311,1098.022523439629,50007.390258461426,9701.414563517763,calibration,174.70721526435688,611.9523322464795
2025-03-06,6+12,43415.921547652804,1346.2342635365208,2634.3409942070657,806.7877947787281,47396.49680539639,9785.88711940397,calibration,366.92310780282116,1134.0414109114638
2025-03-07,6+12,18169.57005280487,133.64646044883898,325.77706610643673,80.78323736687403,18628.993579360143,9893.345094604094,calibration,63.35956773325281,203.2645164696839
2025-03-08,6+12,16577.617808328716,1352.012921029787,1628.3412912161346,441.8934755044736,19557.972020574634,10386.208580527986,calibration,10.94248168048271,27.737097965933106
2025-03-09,6+12,43478.08742036583,307.64693311765404,5602.998221713566,1536.665887505899,49388.73257519705,10045.832066377661,calibration,281.14476398016666,681.9752556154797
2025-03-10,6+12,42898.47175697032,2353.4420021894534,5111.247183765002,1134.7918496807354,50363.16094292478,9788.324125818617,calibration,55.75189107311801,138.8172815557469
2025-03-11,6+12,38306.95720491969,6509.15058773151,4576.831540208396,986.7203843054776,49392.93933285959,9977.002675999986,calibration,132.96155485841948,353.9274037245615
2025-03-12,6+12,44854.592214118005,-67.99285304703699,2036.2932482346393,557.4530530843515,46822.89260930561,9774.877586116736,calibration,350.8904980101326,953.3069189585198
2025-03-13,6+12,44442.51749697873,1073.661404340216,1208.551877007339,185.03128821795292,46724.73077832629,9758.742094475287,calibration,130.33636649618043,282.7054367655179
2025-03-14,6+12,16085.023061605103,511.869389319118,0.0,0.0,16596.89245092422,10089.987894933573,calibration,112.8047170037916,289.88900292576494
2025-03-15,6+12,15806.018924175783,553.2011999875292,0.0,0.0,16359.220124163312,9694.622668879912,calibration,171.82104003140404,414.5304698561966
2025-03-16,6+12,42554.98461097718,1592.7162932631988,929.5266768971211,234.6457322961595,45077.2275811375,10010.445866914322,calibration,330.32189695824974,899.7592086952515
2025-03-17,6+12,39821.3449964616,1705.1586100027066,614.1578794325189,269.3081986279643,42140.661485896824,9832.80968038375,calibration,194.98362929325052,462.06902863250014
2025-03-18,6+12,47277.278532943696,-1889.2650443374932,0.0,0.0,45388.0134886062,9938.984408603848,calibration,242.64023655173224,588.8999911804219
2025-03-19,6+12,36783.03401224312,4460.001864114916,2204.9216776508265,942.3563010223136,43447.95755400886,10086.743827494054,calibration,208.91715928585285,523.4411810330602
2025-03-20,6+12,42801.27614178103,559.6511349647249,7595.3869057032625,1741.7148806923908,50956.31418244902,9834.97925838476,calibration,274.61146059607387,663.9029718131982
2025-03-21,6+12,15675.320506330661,308.4094290328517,1521.9408967552808,466.0272599148764,17505.670832118794,9944.376442072287,calibration,76.59669451386313,235.730447923968
2025-03-22,6+12,16500.9538614451,-86.75692930353074,0.0,0.0,16414.19693214157,10597.913050970958,calibration,37.939599137851935,132.61733652578636
2025-03-23,6+12,42099.916897026575,-1219.8439252643652,526.3305233539228,231.51302661426138,41406.40349511613,10015.730922453653,calibration,41.45501599459473,95.36263107373114
2025-03-24,6+12,39302.75140311545,-2.393949471627863,494.2829653276387,209.1404954277499,39794.64041897147,9851.154043053097,calibration,132.54691582860372,295.92315431202366
2025-03-25,6+12,45180.96990326242,-1345.3014626791664,2531.7074342176857,601.7933692208242,46367.375874800935,9659.203480453334,calibration,328.9689636318959,1109.5758414483269
2025-03-26,6+12,38709.491283558804,1202.9274095915935,0.0,0.0,39912.418693150394,10283.29736637963,calibration,180.4921150547626,409.01869806293473
2025-03-27,6+12,41433.632667466125,-759.2527243028655,48.4070193086481,10.231878949196414,40722.7869624719,9888.354437740338,calibration,152.55830676909832,381.35778044408636
2025-03-28,6+12,15650.27904582931,41.52065403100697,0.0,0.0,15691.799699860316,10284.054903544336,calibration,95.98139368756127,239.43414972903383
2025-03-29,6+12,15185.707909070794,252.54839936315943,0.0,0.0,15438.256308433953,10106.151134576194,calibration,43.74132534362091,92.41524748771225
2025-03-30,6+12,39882.10293607624,-2087.5185381858173,3942.5325746071458,1064.718058931879,41737.11697249757,9947.678796200526,calibration,258.0185290188013,662.5290513612717
2025-03-31,6+12,34774.52697533961,5898.877977323364,1708.6885445744206,402.89663226813695,42382.093497237394,10182.36112608006,calibration,226.52609138843255,608.1498437975495
2025-04-01,6+12,42478.6154861418,-1075.429450319797,68.1760671143469,11.15263653105626,41471.36210293636,9960.148235153876,eval,371.61272948810927,1112.7433109560593
2025-04-02,6+12,41458.02147192585,568.0004751659399,2.8386182293616003e-14,7.105427357601002e-15,42026.021947091795,9998.534167871665,eval,113.94719741586391,274.28384557514426
2025-04-03,6+12,42624.69040906436,-822.2417791145333,0.0,0.0,41802.448629949824,9977.575253016426,eval,329.5894904679944,840.4536832689689
2025-04-04,6+12,14316.425677514886,15.336283870645019,0.0,0.0,14331.761961385531,9629.928038488486,eval,65.42338338678226,151.67314948908418
2025-04-05,6+12,14516.525849523683,-19.586971914515644,6295.057626141997,1524.7592393110979,20791.996503751165,9667.074141047116,eval,78.60040115501491,209.29360145263126
2025-04-06,6+12,39687.359992792735,533.4360759467984,46.64028144971703,16.342074789669596,40267.43635018925,10094.435759028847,eval,182.52737926344128,438.7769551428103
2025-04-07,6+12,33587.915461868426,3322.4507895530423,0.0,0.0,36910.36625142147,10053.25640839621,eval,133.39753102194143,291.97078587330526
2025-04-08,6+12,39770.94852711947,-552.2928380342546,1754.7562008347609,306.82234404496126,40973.411889919975,9676.767721420723,eval,729.3250786984195,2194.1249001210936
2025-04-09,6+12,38429.74786476795,973.3634544307647,766.3311232748719,326.2524394402345,40169.44244247359,9944.099671742646,eval,209.94208635768638,554.2976909485765
2025-04-10,6+12,38656.08599029457,-538.7535133952638,1937.671628790857,388.0351502602857,40055.00410569016,9897.953673590855,eval,581.1562402155595,1589.42271791476
2025-04-11,6+12,13382.289828473075,691.6418551665879,2476.0223022082455,508.6473638038639,16549.953985847907,9425.260344935481,eval,73.49718877988946,161.58007195286234
2025-04-12,6+12,15004.798591215816,-264.95276659209594,0.0,0.0,14739.84582462372,10024.873232417169,eval,45.156700395968535,124.68277660486714
2025-04-13,6+12,34734.822748404884,1083.952816777849,1502.5519340462,329.5155764598865,37321.32749922893,9932.85229211754,eval,151.6766785662794,342.65809416576
2025-04-14,6+12,38112.117418873466,-767.6637397114473,5084.55387752653,1038.6700205117636,42429.00755668855,9935.324885472133,eval,421.21143871271977,1203.1459452133013
2025-04-15,6+12,32887.60539795233,2256.0053810561867,2564.380322084584,472.8806411351392,37707.991101093095,10011.472324370214,eval,268.9231220338948,611.8018968524324
2025-04-16,6+12,36402.45807590535,120.1269440338765,1149.9314965547578,473.3909522826417,37672.51651649399,9639.275644332023,eval,267.75199220946854,712.4047728125117
2025-04-17,6+12,34319.410821361795,2651.966997146789,144.06646917811017,49.172473646665196,37115.444287686696,9845.954460558236,eval,532.7885642896492,1307.4320857297532
2025-04-18,6+12,13205.21132490784,477.5792424913782,3237.2588179627883,953.4246838636892,16920.049385362006,10072.652414734168,eval,70.79651196497045,192.63492708972072
2025-04-19,6+12,13137.81996963609,450.6288772302677,91.35969514301104,35.58018830452306,13679.808542009368,10248.0262527089,eval,67.30132301087812,156.56774709928985
2025-04-20,6+12,33985.67469653672,2296.609995387325,573.0179551232717,135.59127434959032,36855.30264704732,10193.38028019441,eval,24.679011755665137,56.733849231273645
2025-04-21,6+12,35523.531480602076,-801.4758782525842,0.0,0.0,34722.055602349494,9680.347307965585,eval,38.62772662415095,139.50582793680687
2025-04-22,6+12,31854.599522712415,3324.3508723747586,2672.178443113726,978.4444719675027,37851.1288382009,9773.974111354713,eval,354.4342879156019,1142.9784532218844
2025-04-23,6+12,31245.05353541187,3053.260636490193,2109.7062029474882,662.7122914513754,36408.020374849555,10052.707347733854,eval,196.29599572161118,404.6578927460235
2025-04-24,6+12,31473.334699469808,2987.9913160549695,72.30981315625804,25.336304539683965,34533.635828681035,9781.119810935814,eval,84.90105225814251,218.9767577304684
2025-04-25,6+12,13078.736422805305,86.49998414731543,0.0,0.0,13165.23640695262,10055.333829549645,eval,35.17346223106235,137.77513126950538
2025-04-26,6+12,13058.332493224294,174.8232726044096,0.0,0.0,13233.155765828704,9973.06411362038,eval,50.381850094649586,107.09208628601593
2025-04-27,6+12,31516.33538666189,2440.7394393553996,2126.0953083623886,399.0698864178001,36083.17013437968,9875.99385306583,eval,85.18982691770321,181.19856984527695
2025-04-28,6+12,37288.30983832786,611.4534653159889,1.3468692827700577e-13,6.394884621840902e-14,37899.76330364385,9942.294774869402,eval,133.70310827018739,406.0914515472831
2025-04-29,6+12,31026.223154433283,1516.3165899698674,1355.170277913182,321.7123490053861,33897.710022316336,10065.968541898337,eval,90.40392635597073,253.27651768785782
2025-04-30,6+12,30760.016381922855,924.7499262377739,2637.543414375343,810.5489383223114,34322.309722535974,9739.64863293781,eval,64.66389475454187,186.21764155318317
2025-05-01,6+12,32610.079202186702,2352.6897081073366,12754.393447413451,2109.0694707984812,47717.162357707486,8936.777177049806,eval,227.2249695873756,451.8718517565274
2025-05-02,6+12,14327.312698605656,278.24265427856915,9089.814184884855,1539.997015157619,23695.369537769082,9266.661655490541,eval,38.63847248085488,120.70881313060895
2025-05-03,6+12,13403.787045243986,-31.660388014359448,12079.132360054966,2074.7409248667936,25451.259017284592,9529.881924187326,eval,131.2090243752922,332.69577867717396
2025-05-04,6+12,33901.82076225034,-615.8438786737812,14417.904144388907,2557.5055828781574,47703.881027965464,9108.116082603592,eval,185.25473696732973,412.6035692962934
2025-05-05,6+12,35272.253509135815,731.4945804682811,12833.988288519498,2460.204877634804,48837.73637812359,9305.094012833662,eval,154.91235182122978,353.59388495970944
2025-05-06,6+12,31946.946086398973,3892.6687754038244,9033.963251436788,1500.650878382501,44873.57811323958,9242.85059982218,eval,151.76663041970878,425.71099191200074
2025-05-07,6+12,36234.91588193907,3012.287357712818,76.09464018248704,16.24045249866333,39323.297879834376,9513.760438873998,eval,260.506179382804,562.6419509391988
2025-05-08,6+12,37033.8486697585,2335.155819393103,402.7945432097391,102.42891974051145,39771.79903236135,10208.472446912967,eval,593.8181922958088,1374.3836419415245
2025-05-09,6+12,15763.122975703413,640.6937308569295,449.10555674889304,167.47892533132733,16852.922263309236,10695.1090906374,eval,69.77817222913586,194.55046789659897
2025-05-10,6+12,16203.690426485911,441.817188505505,0.0,0.0,16645.507614991417,10756.821308022712,eval,158.99720590019902,750.8601842700116
2025-05-11,6+12,37357.4192705288,1013.5624834867467,0.0,0.0,38370.98175401555,10120.238751390798,eval,443.81266080626267,1315.2633867962788
2025-05-12,6+12,32690.763186872555,5306.545001042711,0.0,0.0,37997.30818791527,10427.949032672092,eval,216.8475701041326,537.1728742351085
2025-05-13,6+12,37273.45971315855,-206.1361014358955,2.561932888056617e-13,1.1368683772161603e-13,37067.32361172265,10592.396435023406,eval,410.2745791204605,961.6762955611888
2025-05-14,6+12,36418.00900410063,657.3208438069508,1481.7157791663972,311.4417938566347,38557.04562707398,9773.834083116448,eval,521.8078798153066,1368.2118844469774
2025-05-15,6+12,36722.24301628496,1540.316090759085,1.1890932682945277e-14,3.552713678800501e-15,38262.55910704405,8985.288586088467,eval,407.33782991987334,1045.0240930563011
2025-05-16,6+12,15324.028868740392,-339.843575566762,167.79552721478592,41.113052871318914,15151.980820388417,9846.703995998465,eval,37.63261092870653,100.23286193183374
2025-05-17,6+12,14716.646566790969,-42.944282978786894,1975.6860305260739,320.8788808441607,16649.388314338255,9630.227965255419,eval,54.8467512221279,217.76821593780218
2025-05-18,6+12,36824.01396770119,-130.40841269945565,1645.0033882991108,713.677909945985,38338.608943300846,10233.857555749817,eval,252.29001733295127,580.2800832650491
2025-05-19,6+12,34189.14659577414,-576.1966291968562,451.90398166666745,67.00333333333344,34064.85394824395,8969.20300308145,eval,387.2964568892111,823.6398793247905
2025-05-20,6+12,34329.945634860946,4020.0095543318153,2.3379698177450334e-13,1.1368683772161603e-13,38349.95518919276,9849.107359791891,eval,706.2618886461133,1788.2666670867925
2025-05-21,6+12,32802.8888720614,5252.643377219696,1.1689849088725167e-13,5.684341886080802e-14,38055.532249281096,9722.743288248868,eval,56.07956375826507,197.015047163406
2025-05-22,6+12,34196.55226572715,1493.8249949821898,1024.8430809076517,217.91305072160287,36715.220341616994,9988.862058005083,eval,184.43355622140447,472.94408606734197
2025-05-23,6+12,14175.241613993006,1215.4885420531982,0.0,0.0,15390.730156046204,10480.838777139128,eval,211.25555627496973,1135.4345673202247
2025-05-24,6+12,14983.763368777922,-112.50708138789463,177.27317295483272,41.70665448316073,15048.52946034486,10737.440208982789,eval,181.30691758707079,911.0199449575439
2025-05-25,6+12,35334.03508220223,-119.72903379845167,229.2738208400464,50.84295589609587,35443.579869243826,10100.041786030275,eval,186.95882452534235,438.857697293616
2025-05-26,6+12,33802.65298469688,6969.555897463186,0.0,0.0,40772.20888216006,10800.0,eval,121.53224639993591,403.892929006122
2025-05-27,6+12,33036.09483032668,3234.7381331766296,0.0,0.0,36270.83296350331,9801.164948870688,eval,315.1964415552249,910.5181512617012
2025-05-28,6+12,35524.87963362477,-55.71942273970879,0.0,0.0,35469.16021088506,10257.977423715443,eval,373.5713958905256,950.5519559118711
2025-05-29,6+12,33585.77836926297,3972.6330720049054,4153.766682952198,696.7696122939237,41712.178124220074,10065.249643653033,eval,325.7450333661026,765.0011110370563
2025-05-30,6+12,14512.975366783361,867.2978308372791,0.0,0.0,15380.27319762064,10372.751195295967,eval,36.043597350164134,154.70709975458334
2025-05-31,6+12,15726.922879573556,-665.0354381209738,26.55321643367786,11.963602808595567,15088.44065788626,10085.424962123656,eval,68.21113284428077,239.86509044898867
2025-06-01,6+12,46256.497165586814,88.2224147498381,26192.836643516523,5152.6237840255835,72537.55622385317,8613.29646834674,eval,136.94559186450314,354.9175753973639
2025-06-02,6+12,48174.57445246268,-2913.789434680566,21544.64308256515,4090.9298032745724,66805.42810034726,7390.0306497255015,eval,217.18342115958043,492.0903292699554
2025-06-03,6+12,43311.33725055896,3085.45526114996,17907.98715730002,3222.1460888711918,64304.77966900894,6823.505018447501,eval,460.36423105581616,1322.9930941680798
2025-06-04,6+12,56149.73298442975,551.7575663412626,795.2232583086044,316.6630983001844,57496.71380907962,10115.292349989273,eval,478.86212898821975,1298.365762683725
2025-06-05,6+12,47533.793655458896,2081.4282512652762,2406.800600133332,389.524312162219,52022.02250685751,9666.80467146714,eval,176.06612422407565,577.3168361156071
2025-06-06,6+12,18469.930199047558,741.4240462302964,17003.026351960943,3402.8348288287843,36214.38059723879,8421.319376862466,eval,207.543138108405,614.0603905577677
2025-06-07,6+12,21463.66654989248,1784.2418441423245,8258.495924535946,1335.8262603389333,31506.404318570752,9094.012876188966,eval,403.27015252006106,895.9534128381247
2025-06-08,6+12,46511.223850460876,2113.754814477336,0.0,0.0,48624.978664938215,10664.352483329727,eval,125.74544437950166,284.96477572163155
2025-06-09,6+12,51216.52677352789,-1279.1956395220286,1.2934719961776864e-13,5.684341886080802e-14,49937.331134005864,10245.781285896022,eval,189.15796007860394,428.15686032268366
2025-06-10,6+12,48642.22621268325,937.7087711296169,2.5073632059502413e-13,1.1368683772161603e-13,49579.93498381287,10043.678587228183,eval,199.72086996929505,483.08183003994435
2025-06-11,6+12,50271.28646890535,4514.084592595361,116.49859004310528,54.08334052245493,54901.86965154382,10302.072015567643,eval,417.33706062772717,1469.305266849704
2025-06-12,6+12,49706.75106740308,62.92015916244912,0.0,0.0,49769.67122656553,10245.885377624403,eval,162.85177647711802,517.1999263491891
2025-06-13,6+12,24977.153983533666,289.24892771478744,1.2536816029751207e-13,5.684341886080802e-14,25266.402911248453,10788.547254549501,eval,79.60258718279061,308.63400092727125
2025-06-14,6+12,24021.19840119997,-269.99356756077043,0.0,0.0,23751.2048336392,10800.0,eval,99.02328769238048,513.7602459383723
2025-06-15,6+12,45680.19097950669,6652.583207659544,1.9203127976652467e-13,2.842170943040401e-14,52332.77418716624,10800.0,eval,219.84175622461757,521.6286190510025
2025-06-16,6+12,48581.95676576735,3225.626956915954,0.0,0.0,51807.5837226833,10174.800024573378,eval,207.3452553262811,519.1806465026248
2025-06-17,6+12,48966.79253785743,3145.8425228343644,332.43352638414746,49.01247273981937,52445.06858707594,8480.87520048663,eval,348.63564246515267,897.3453113653638
2025-06-18,6+12,50150.30545315593,1862.6697729507637,0.0,0.0,52012.9752261067,10712.805509667198,eval,823.9900118484559,2611.195490919673
2025-06-19,6+12,47763.48167526661,645.9821752547333,38.30725441499448,5.682304296520726,48447.771104936335,9788.253015202015,eval,258.56899557792224,594.8957640420117
2025-06-20,6+12,21037.115697939866,-395.05166364155497,0.0,0.0,20642.06403429831,10265.538121926758,eval,61.85592753773356,150.3856599185181
2025-06-21,6+12,20045.632505663343,296.0930928009842,0.0,0.0,20341.725598464327,10800.0,eval,148.9885773568864,463.4487213825152
2025-06-22,6+12,44544.711365971336,3870.307448370855,1.0685852203096148e-13,4.263256414560601e-14,48415.01881434219,10800.0,eval,238.93586232768925,584.808188888969
2025-06-23,6+12,46916.66085542136,267.8500250210733,1425.0023333932293,378.1044201316798,48609.51321383566,9799.982741082995,eval,366.7632388340048,1156.5542008549533
2025-06-24,6+12,53550.563627017225,760.6294543734081,1369.5242800794344,329.01306578204503,55680.71736147007,10479.513737877322,eval,774.8666898126929,2692.2959498105865
2025-06-25,6+12,46267.64522802291,1585.8444102579367,0.0,0.0,47853.48963828085,9725.221561137887,eval,496.99423908767966,1397.736631805695
2025-06-26,6+12,46165.0668229495,2075.3640806195485,228.97057892398163,33.863873241733586,48469.40148249303,9953.156657543734,eval,545.8263198916827,1467.5340560367042
2025-06-27,6+12,19970.86082168975,-337.58996468932366,2592.2598674083665,490.9185305957885,22225.530724408793,9960.51239734312,eval,147.85332589268722,499.39740301101153
2025-06-28,6+12,19343.249365826126,-12.334531973317842,2.085407402319106e-13,3.552713678800501e-14,19330.91483385281,10255.948913744598,eval,81.69900618250142,256.655366520922
2025-06-29,6+12,45074.056609843814,2941.4329822013415,0.0,0.0,48015.48959204515,9266.562029355382,eval,379.8250923357091,1161.5816506294755
2025-06-30,6+12,47387.45546076916,950.5624041007754,4.274340881238459e-13,1.7053025658242404e-13,48338.01786486994,10234.005063848883,eval,709.2404325570457,1907.975874374653
2025-07-01,6+12,39815.6377420612,4927.673642641804,40929.59157486103,10784.615724015091,85672.90295956403,6194.136401194228,eval,493.9948284837634,1272.9077367920577
2025-07-02,6+12,51743.73697892503,-267.2973301167498,0.0,0.0,51476.43964880828,8957.119879897435,eval,154.08507955990467,426.10037785665247
2025-07-03,6+12,55234.925958474814,3457.125815356786,1992.2748752908074,373.1890253016136,60684.326649122406,10113.179208137917,eval,532.1857946023013,1630.5895883058813
2025-07-04,6+12,21985.008343835754,-150.4284823434714,14656.939534099234,4352.944244341656,36491.51939559152,7371.698438576901,eval,151.74996777980238,766.4488493921406
2025-07-05,6+12,24099.828154502058,-124.19998817133819,13656.545950093016,3831.6019166272495,37632.17411642373,8634.313706347024,eval,339.2903673481352,886.4403015345797
2025-07-06,6+12,54502.11839252161,6160.305799011142,1.1029843705046005e-14,2.6645352591003757e-15,60662.42419153275,10552.159028385402,eval,1342.4633277501982,4436.25260722565
2025-07-07,6+12,55985.455973032374,1815.8632272595667,0.0,0.0,57801.31920029194,10800.0,eval,198.88921799746956,470.17042522719856
2025-07-08,6+12,60639.487344574314,-228.48052979814497,0.0,0.0,60411.00681477617,10800.0,eval,305.22385859778535,844.8176324422427
2025-07-09,6+12,55334.44509534926,-1852.860541917326,246.7648886842229,36.603855029922556,53728.34944211616,8821.402355533797,eval,212.70274358828834,482.97591854143747
2025-07-10,6+12,53156.71877177054,539.377735656913,456.94481240432833,210.47737042112448,54153.04131983178,9239.502229567202,eval,1197.485701973615,3477.9173350466795
2025-07-11,6+12,31539.120305334694,-758.0075314411217,0.0,0.0,30781.112773893572,10800.0,eval,69.24771590724836,174.4100507329942
2025-07-12,6+12,28237.15738999166,1910.9685264552782,0.0,0.0,30148.125916446937,10051.136033416531,eval,177.20172239777534,776.0914983450001
2025-07-13,6+12,54379.13653595503,-1376.831181689905,1.3250200936454348e-13,5.684341886080802e-14,53002.305354265125,9764.83489834307,eval,401.5748750154763,1017.4010623238664
2025-07-14,6+12,48452.411199267124,1275.5068863200106,212.8959637787524,71.53367100249875,49940.814049365894,9817.43919490274,eval,147.22159475548193,336.0885676324809
2025-07-15,6+12,52853.41458640486,-1411.6512154987486,343.51421950180804,51.458159494264805,51785.27759040792,9069.102579322294,eval,179.3362294440768,481.66284673259827
2025-07-16,6+12,48522.565322638635,956.0592009194556,191.7832306853158,28.38499677130409,49670.40775424341,5175.506537689463,eval,380.1103463907907,948.2541819558985
2025-07-17,6+12,50465.476619558554,4189.078308674353,1176.7858689628029,526.1076659112094,55831.34079719571,9693.29404412467,eval,204.7378858869749,524.4354076187252
2025-07-18,6+12,24941.769540133508,-869.3541282500918,2518.784716100222,522.4227694269475,26591.200127983637,5577.471288354913,eval,101.79809564528496,338.0539695976316
2025-07-19,6+12,29941.350756777658,-1195.2573797388563,328.67323260202625,157.4005042993415,29074.766609640825,9676.950228567695,eval,380.1830146077984,1431.7947052040654
2025-07-20,6+12,50155.7017201788,1796.9526888840323,168.903807833904,78.13177934263183,52121.55821689674,10543.344696405373,eval,472.82956396686643,1190.5722826995666
2025-07-21,6+12,52336.76984542665,2150.428834709186,0.0,0.0,54487.198680135836,10466.526470551324,eval,1433.496999085314,4508.625050076042
2025-07-22,6+12,48879.17645619144,5835.589657610089,639.6881462548355,170.79475227566863,55354.45426005636,8238.764941009274,eval,220.45109462375007,512.4696578977051
2025-07-23,6+12,57654.561425094806,-2669.2938820104728,1441.1951783985717,488.39242297856856,56426.4627214829,9946.801185622351,eval,94.09228234085917,206.84059021744707
2025-07-24,6+12,54268.817418538456,-908.149884265269,364.0768635210907,154.6402714173397,53724.74439779428,6513.297500870468,eval,700.8321326194814,2082.134900002674
2025-07-25,6+12,26740.182923678913,355.2245478687055,0.0,0.0,27095.407471547616,10369.566832768644,eval,161.28905416656852,660.5749080781704
2025-07-26,6+12,25216.320193222142,20.011276649225152,0.0,0.0,25236.331469871366,10344.575027473551,eval,324.28612131876866,940.6064109108349
2025-07-27,6+12,49919.15364893265,870.1609201559654,0.0,0.0,50789.314569088616,8421.57370123558,eval,528.7808287440068,1270.621844993478
2025-07-28,6+12,52415.57105160423,1973.731850856437,3355.938899722518,1163.4011059766851,57745.24180218318,9861.964802761811,eval,127.81252848679637,292.58540749765916
2025-07-29,6+12,51744.77029876673,2707.529807316269,72.87832075811225,10.824048827879437,54525.178426841114,9810.86650142578,eval,437.87390822993,1229.8212874041662
2025-07-30,6+12,45537.96727896022,9597.837094186856,0.0,0.0,55135.804373147075,9988.743565208024,eval,135.4882495251579,296.72624452105504
2025-07-31,6+12,48876.91485136356,2957.2476880749173,1984.7762488386165,332.980258209256,53818.93878827709,9729.429781864785,eval,566.3866046990269,1574.0759382005394
2025-08-01,6+12,25294.60914613044,-1015.2523019067486,3302.7819290151992,709.4089720683944,27582.13877323889,9779.624178894945,eval,137.0657496263681,680.9341281583872
2025-08-02,6+12,24970.874550522916,-311.59151735527735,2812.786406669804,842.8575090229913,27472.06943983744,10237.460439875205,eval,120.89870177772468,389.6377023807112
2025-08-03,6+12,42473.358049899034,1531.4785020494621,5893.787472852382,1085.6627404510164,49898.624024800876,9567.141367171773,eval,302.88867460714545,643.6691454916552
2025-08-04,6+12,46372.462647574575,411.4108569966347,5571.439900686091,1173.5851542359449,52355.3134052573,9565.725799180866,eval,197.32712295155937,433.6646627850838
2025-08-05,6+12,44493.62287352445,3230.935067253471,81.10621232453289,28.41843459163732,47805.66415310246,10372.010267511461,eval,414.76901928380886,1126.3931736090133
2025-08-06,6+12,49641.79893711693,87.30976053536688,0.0,0.0,49729.1086976523,10312.431626578858,eval,348.0637988034748,795.7916667897814
2025-08-07,6+12,50257.75059072916,-2275.0716955522703,0.0,0.0,47982.67889517689,9810.003803160373,eval,48.47778224794604,141.84092586539745
2025-08-08,6+12,23967.3396017908,-141.66710903765085,0.0,0.0,23825.67249275315,9760.072326840926,eval,126.06994029508928,636.6952604462443
2025-08-09,6+12,23782.544598921224,32.39484373538177,0.0,0.0,23814.939442656607,9971.720820704482,eval,110.56435234801363,397.02275108175155
2025-08-10,6+12,47570.86958925384,-837.4887082929216,122.92417314134889,17.621011058106205,46856.30505410227,9777.146095747938,eval,624.9726941900158,1547.6828407871192
2025-08-11,6+12,42296.58840891498,2931.7639689200864,1373.428013480544,674.5660842842798,46601.78039131561,8402.383911351902,eval,922.0778511573022,2566.0853728989787
2025-08-12,6+12,50502.60587471623,-1582.6109387943814,288.7041339621775,42.83810744669631,49208.69906988403,8238.107603032899,eval,76.19353126224107,306.279896256105
2025-08-13,6+12,44873.37414449749,1847.8460386008755,2873.1513083166656,1005.5045611578962,49594.371491415026,10174.291515994382,eval,230.2506886891265,598.3822246537311
2025-08-14,6+12,46225.15578769812,1313.2893469165144,52.637646609931174,7.545534204405271,47591.08278122456,9960.00321563086,eval,345.67969721358077,836.9976137513324
2025-08-15,6+12,24906.93858196862,-325.6582998988814,0.0,0.0,24581.28028206974,9637.704716382295,eval,113.5294486354702,502.33077874561167
2025-08-16,6+12,26374.22250327001,-1103.6049358700175,990.516914696191,282.30483249242013,26261.134482096186,9892.019258156804,eval,90.85684354513707,275.41111445740114
2025-08-17,6+12,47739.882065983154,-1075.7372906797573,0.0,0.0,46664.1447753034,8194.618998623764,eval,444.7346877684522,1051.0310674064103
2025-08-18,6+12,46039.80987676832,216.5372854387826,1074.8150803145973,477.35086868508813,47331.1622425217,8436.361761849428,eval,125.71887345421666,427.0142573308973
2025-08-19,6+12,44716.8577704216,1761.5688701136532,1013.2859550141097,276.61842945918727,47491.71259554936,10063.173025277916,eval,466.55365226422043,1201.4535652327604
2025-08-20,6+12,50914.548202378704,-177.4217049672448,1.268460891878931e-13,5.684341886080802e-14,50737.12649741146,8289.07091763108,eval,196.36256794885998,425.06212537398204
2025-08-21,6+12,48247.71033240347,558.8003212041966,2727.6075942975745,936.8271903146075,51534.11824790524,9849.56565695094,eval,585.1552279317436,1602.2734929014628
2025-08-22,6+12,24955.404604754407,-716.7098853500689,4062.4344938887575,922.1388449198087,28301.129213293098,8834.244333241215,eval,858.8159508865789,2993.689619523742
2025-08-23,6+12,23613.62455424059,400.64748423546547,0.0,0.0,24014.272038476054,7952.354356596745,eval,223.51493007575476,774.560853392405
2025-08-24,6+12,46525.78010580343,4460.763332896105,1012.7496506720651,398.87812639609217,51999.2930893716,9285.57569655937,eval,165.0046041864983,431.28384881409045
2025-08-25,6+12,59585.16035099994,-4035.26792229893,14.985414912294898,5.250670957356306,55564.87784361331,10089.49154177848,eval,299.6774665056309,846.4569646594398
2025-08-26,6+12,46773.213790066555,859.268738752319,1.1689849088725167e-13,5.684341886080802e-14,47632.48252881887,10800.0,eval,50.973518373780436,193.41137900112477
2025-08-27,6+12,46570.856656397125,4395.831633075739,0.0,0.0,50966.68828947286,10120.522908835394,eval,288.56913148468965,700.234429053119
2025-08-28,6+12,45608.23515050759,5957.48246736991,1763.8783683632469,372.2348932260574,53329.595986240754,9892.34782913964,eval,613.2142932080949,1796.7524797885249
2025-08-29,6+12,26422.60492290566,-268.9765260941117,0.0,0.0,26153.628396811546,9263.349087071903,eval,174.98997301719822,556.590850460642
2025-08-30,6+12,25674.656736866906,-336.6215325018029,61.676252418410655,31.349353589189263,25399.711456783516,9760.61175830984,eval,94.19240586926547,316.4305939891471
2025-08-31,6+12,46871.28819319637,638.252211476911,165.9146552172191,38.584803538888195,47675.4550598905,9128.74023912383,eval,465.7280655195553,1202.9419799732163
2025-09-01,6+12,51223.68524310869,-64.78367034677285,0.0,0.0,51158.90157276191,10800.0,eval,668.1760170256496,1983.3580656627341
2025-09-02,6+12,42614.944250189204,5920.328086320541,0.0,0.0,48535.27233650975,10800.0,eval,397.2178281724052,1045.2120141649848
2025-09-03,6+12,37920.505105807744,-163.72345670274723,0.0,0.0,37756.781649104996,8306.073640499839,eval,152.68492202253748,504.2552390442978
2025-09-04,6+12,40162.716983937185,173.64180231840535,3988.7518898425456,796.94457056741,44325.11067609814,10033.823195793477,eval,408.9233757069456,1177.4653089536996
2025-09-05,6+12,23020.18677062336,-420.3016425161458,0.0,0.0,22599.885128107217,10800.0,eval,274.3476521804679,1035.6748995287667
2025-09-06,6+12,23330.512643378923,-1203.1759293630348,0.0,0.0,22127.336714015888,10037.667336524753,eval,121.10368576612004,383.6623854569863
2025-09-07,6+12,37710.042240656214,2751.938190468778,0.0,0.0,40461.98043112499,8847.034141913284,eval,206.19002189888903,886.0548084129471
2025-09-08,6+12,40745.98407080654,1176.4125356911545,5911.626395585087,1094.885258336096,47834.02300208278,9658.15550732773,eval,24.503209090766312,51.745879182093844
2025-09-09,6+12,35883.17175953016,2481.0744090211374,5537.495248201731,1004.1459067415115,43901.74141675303,9774.117330740639,eval,124.75712367462029,453.7140572800903
2025-09-10,6+12,40490.74592976623,3464.2920364730444,351.07281344261736,73.05763508438845,44306.11077968189,6546.295564594968,eval,397.66815614824225,1029.7275590648842
2025-09-11,6+12,44239.42482850542,-2865.15764637784,1767.1923962818646,415.0208717278549,43141.45957840944,8632.415916224782,eval,295.0108103811759,676.3175922295696
2025-09-12,6+12,20355.572742633878,1023.699539449675,0.0,0.0,21379.27228208355,10800.0,eval,52.16761026163543,155.26053104498345
2025-09-13,6+12,18939.334153326876,0.0,0.0,0.0,18939.334153326876,10506.371970611837,eval,343.72510642519035,1368.8996733230642
2025-09-14,6+12,43716.5797056111,-230.80677177648226,2043.3125776366323,559.556356256408,45529.08551147125,9207.773163091422,eval,532.7938184981638,1243.0526248942376
2025-09-15,6+12,38618.97578887321,781.5447926174529,2803.713724640569,720.1550121965904,42204.234306131235,10267.270295881182,eval,238.58177145101666,766.9163167590386
2025-09-16,6+12,45083.039805531414,-1490.4396332759877,737.3414819749323,331.8547194376285,44329.94165423036,9632.692284980874,eval,188.60334188107512,420.78738568218176
2025-09-17,6+12,41151.51084877018,158.22534542349592,34.70889375000082,7.629166666666848,41344.44508794368,6188.758209375755,eval,46.17133050836046,130.30123477498037
2025-09-18,6+12,40288.89918758541,5853.3103731777555,148.54500665433713,69.90013504806075,46290.7545674175,8609.323337076587,eval,439.2928921100405,1060.2307470693192
2025-09-19,6+12,17700.0764097455,1036.7709908289733,324.8479568183645,106.68541797308777,19061.695357392837,6651.372270964535,eval,71.66536032499832,239.81259814891433
2025-09-20,6+12,20591.089052382496,-254.9122518887212,1486.7837099390536,333.2418480734194,21822.96051043283,10248.114959245879,eval,49.70323442991626,131.0908364057907
2025-09-21,6+12,42804.565633934995,-241.6176730216843,1.1689849088725167e-13,5.684341886080802e-14,42562.94796091331,10207.621190267057,eval,354.9139863634791,877.3116365693908
2025-09-22,6+12,43548.34940447752,-1310.681417565068,1423.0490169304157,461.4054937909841,43660.717003842874,6760.492291667237,eval,436.8674355589539,1015.6212567344015
2025-09-23,6+12,44982.76770082693,-220.01279873460595,956.0133801655536,164.8098753569151,45718.76828225788,10064.396281298987,eval,284.55872893375454,819.5169984283675
2025-09-24,6+12,38442.63906125836,2024.3970801555852,983.0733113740293,427.8409157047269,41450.10945278797,6614.765750512111,eval,254.34132939929341,632.3480695985702
2025-09-25,6+12,41756.87779917189,3326.5333139005406,811.0646352630251,350.6236013184522,45894.475748335455,8172.158824139438,eval,271.01288586644466,599.7270946502539
2025-09-26,6+12,19685.267589679213,-204.69921048477454,487.2635824504954,134.31104336635912,19967.831961644933,10110.935333734915,eval,73.11972955652004,206.4527577849106
2025-09-27,6+12,16947.63206475457,873.9246861014408,374.26105610513014,148.02169789344438,18195.81780696114,5479.528262570316,eval,110.71205341722575,363.87510925967456
2025-09-28,6+12,45151.33555258467,4417.3865484188545,113.13399276879491,50.73123388825627,49681.85609377232,7432.046134568384,eval,175.43445150413874,474.12979682021086
2025-09-29,6+12,44710.44547070457,278.94931632542466,4087.3482849557995,1036.25180998113,49076.743071985795,6186.222632557534,eval,554.2698528488256,1342.4895794891981
2025-09-30,6+12,46302.534956791525,2585.887653216497,1261.4498290811448,420.6084341492768,50149.872439089166,8285.418335842553,eval,328.55217717642097,800.760021612365
2025-10-01,6+12,40893.84122760531,2257.4788736816463,0.0,0.0,43151.32010128696,10800.0,eval,769.1899107348816,1991.7500993430083
2025-10-02,6+12,44864.23273023497,-3279.6314447170225,0.0,0.0,41584.60128551795,10800.0,eval,182.0940755249265,511.9849398608045
2025-10-03,6+12,16441.536389185836,320.22556212782285,177.6636848565264,53.837480259553445,16939.425636170185,10400.619658791724,eval,69.10393978818777,160.19539617911641
2025-10-04,6+12,19066.614983487052,-78.789472707307,0.0,0.0,18987.825510779745,10800.0,eval,44.432611588778876,95.22987370216649
2025-10-05,6+12,41399.86651526237,-598.6545181547496,654.5887957809433,303.4123291035612,41455.80079288857,10800.0,eval,346.96748116309067,901.2465368525033
2025-10-06,6+12,37977.5485869539,1348.6578053413505,450.2558650918354,152.78719473740313,39776.46225738709,8871.057699737084,eval,101.69288075573334,246.33327646931002
2025-10-07,6+12,40004.8961031902,3143.9547578354823,55.81535022312617,19.556885151761094,43204.66621124881,10006.758366344684,eval,517.8924174095089,1351.828424464195
2025-10-08,6+12,35411.631004926574,1065.0236337410975,8663.74288242501,1700.4391565582382,45140.39752109268,9552.070384772283,eval,106.4489516532592,329.97258046635295
2025-10-09,6+12,42594.99943668564,-2663.260557905008,7867.588086123016,1421.2799962213749,47799.32696490365,8654.450238081221,eval,535.4375914456893,1718.6239925472444
2025-10-10,6+12,18038.51383836257,-808.5129977120594,2186.0788702031023,476.16303275692906,19416.079710853614,8758.310073062803,eval,162.0112833578465,508.2334107949999
2025-10-11,6+12,16629.394227589008,-458.18971238826106,0.0,0.0,16171.204515200747,6207.912194243629,eval,213.2903931011674,707.1485979954795
2025-10-12,6+12,37923.037137883264,765.2720144412789,8718.079149267276,1588.8967461108969,47406.388301591825,6557.1494171248605,eval,333.97343993840724,778.0472834324872
2025-10-13,6+12,39530.73043317409,820.9752414903865,9311.562986913093,2156.0275021077887,49663.26866157757,6139.106622397096,eval,208.21566885816065,493.6829454387973
2025-10-14,6+12,44383.55999654153,1610.6882170472393,4264.49800328126,887.9489517739182,50258.74621687003,8244.81180564969,eval,178.83940235758692,489.15264817208606
2025-10-15,6+12,48402.766304970224,-1661.385309240904,390.1192169274265,94.07060942967735,47131.50021265675,8547.065293314092,eval,1140.7139094398385,3513.76475585222
2025-10-16,6+12,44008.87091806876,1630.3408061212674,362.6832694222153,166.82184534393076,46001.894993612244,9536.088482894256,eval,126.18360008324271,396.4918243556112
2025-10-17,6+12,14147.692138516177,1973.0069400923346,0.0,0.0,16120.699078608512,6235.41353486306,eval,65.33090668874262,227.82026947837238
2025-10-18,6+12,18294.379560114605,93.33860212507562,0.0,0.0,18387.718162239682,8469.984939913476,eval,97.97617630641184,267.27922151024296
2025-10-19,6+12,42686.36376540696,652.5541511483702,2873.213300470121,708.1934942390237,46212.13121702545,5881.013325974497,eval,597.8278566488701,1762.1357859004515
2025-10-20,6+12,48288.37480016627,-199.7551957635772,0.0,0.0,48088.61960440269,9794.098808408951,eval,372.67501784260804,928.731762774309
2025-10-21,6+12,45389.979765074226,34.14384413094194,249.13253099120556,50.4988230835143,45673.256140196376,7149.710689716036,eval,128.10417536412655,419.8527253759992
2025-10-22,6+12,46252.48930396995,3123.1848910274225,1755.3972830729836,354.8898235184772,51131.07147807036,9710.407703033634,eval,64.07753548925635,177.24200772313714
2025-10-23,6+12,50830.895477691665,-2054.678892630741,1759.2171445122121,594.0022390211107,50535.43372957314,9842.777367933299,eval,449.46898047494176,1488.8048374415034
2025-10-24,6+12,16249.071845340663,75.2949109043197,2.8617108682738034e-14,7.105427357601002e-15,16324.366756244983,6186.112483405361,eval,332.0287802273732,1284.8991789152285
2025-10-25,6+12,18496.70994231195,267.001814718059,730.7511424612087,167.27310098659382,19494.46289949122,7451.853854862977,eval,400.6849937891146,1323.80462783706
2025-10-26,6+12,50373.936644835514,-2345.353798520577,1391.9652738358327,360.96844516539403,49420.54812015077,6605.670170925006,eval,1112.9318497236495,3590.1504332768536
2025-10-27,6+12,44304.18971789512,3844.6540549014003,80.42861310719915,17.170925086934062,48229.27238590372,9928.856063362273,eval,218.10299817689275,544.8460737116117
2025-10-28,6+12,42674.11396583129,2797.9488446359665,1602.4705568199956,668.7546866529432,47074.53336728725,9983.342211970285,eval,178.86049315532577,647.9308457194373
2025-10-29,6+12,45619.08658403214,850.8968915892074,63.83406985802819,14.845132525122835,46533.81754547938,7750.796265846525,eval,421.53849987520823,1355.4183275457842
2025-10-30,6+12,42823.9697767796,1484.0056080781055,250.0559151996052,43.96740975705853,44558.031300057315,6437.655041210855,eval,170.3762922316198,474.5531347483936
2025-10-31,6+12,20163.03381968783,34.95077222319905,0.0,0.0,20197.984591911027,10009.041457086983,eval,85.9003201696405,255.20427160444925
2025-11-01,6+12,18455.8214009669,236.6039528118182,0.0,0.0,18692.42535377872,9243.820930566439,eval,88.1642552096115,288.96371497379516
2025-11-02,6+12,45924.78728478136,3748.06363530345,913.0913700092331,163.12371514674567,50585.94229009405,8190.681932148925,eval,716.0760934533133,2211.146824592536
2025-11-03,6+12,50748.10283721751,-1581.7304053137464,2608.6144260982023,542.6470965097142,51774.98685800197,9404.643617675321,eval,293.3845295203234,1344.2795465904846
2025-11-04,6+12,46337.698696372536,1289.8716126610063,120.65788916567587,25.975827148798942,47748.22819819922,8493.005985576163,eval,461.6305388190337,1158.1990757683348
2025-11-05,6+12,50982.26299075266,-29.101598687882415,2267.350264392073,551.260057828099,53220.511656456845,8421.756269856727,eval,407.8165799451362,1098.454163489146
2025-11-06,6+12,49359.18602873404,2022.4497626222314,1672.575735561285,354.0477653181034,53054.211526917556,10181.676929858064,eval,190.3421959342527,468.2232690498128
2025-11-07,6+12,17007.27280912752,372.31191398058843,152.96396865611868,55.86894080550662,17532.54869176423,7836.6216551241105,eval,257.93864706620707,899.1009769265347
2025-11-08,6+12,19183.946268212378,3524.1413032452224,0.0,0.0,22708.0875714576,10788.484642322986,eval,79.52344739570935,199.43467324928383
2025-11-09,6+12,49519.19019182959,1048.5939005681767,2.7791635659468734e-13,1.2434497875801753e-13,50567.78409239777,9851.6624634749,eval,158.49520753939353,497.35960154493506
2025-11-10,6+12,51140.42106350479,1044.0709955771276,1618.6731673037846,309.5558193591655,53803.16522638571,9663.486895403319,eval,463.4352331598951,1236.3468464348146
2025-11-11,6+12,49335.2129494227,-365.14775939465017,739.1486470668553,311.1252699914112,49709.2138370949,8089.70849444404,eval,320.6426492238585,996.8485802474518
2025-11-12,6+12,50651.9053061,2086.5133809086724,126.47624979014032,57.974619033964245,52864.89493679881,6501.827541812512,eval,300.07909928433554,828.3834303290284
2025-11-13,6+12,49546.12544944405,756.3311839953756,3405.1674501877014,790.6193992686204,53707.624083627124,9168.957260560052,eval,523.8742007524405,1410.9978849028262
2025-11-14,6+12,18031.890473520056,2773.1664742448406,639.8265398610404,299.1930944637882,21444.88348762594,8800.728032460622,eval,81.73713245029433,220.3210969897102
2025-11-15,6+12,20077.306626389687,-489.77708832248464,33.10163546455533,15.757513663295697,19620.631173531758,8179.5463678240085,eval,605.3455133137874,1304.656485517021
2025-11-16,6+12,50357.56150451361,2136.6860356476695,0.0,0.0,52494.247540161276,7823.186312435942,eval,289.49524048028434,708.715062969854
2025-11-17,6+12,47861.35950476111,4601.7672831274185,284.5308287942487,131.52693588094382,52747.65761668277,8419.184796303258,eval,154.89470397265228,354.20427506113845
2025-11-18,6+12,50813.228861689044,2770.157326574783,1422.8852954294373,304.7656052145962,55006.271483693265,9657.72689265301,eval,21.288121909526684,53.24853174770389
2025-11-19,6+12,49871.499236888434,4758.371607883224,369.0370987026432,80.43182277164397,54998.907943474296,8547.404530109936,eval,483.1455068000003,1431.7736117447753
2025-11-20,6+12,49590.36209676357,1800.5798846959262,43.553097303239696,8.878028419212342,51434.49507876274,8850.05109516143,eval,322.60307861616513,911.3220401924191
2025-11-21,6+12,18922.62815933147,391.21434373912086,274.09267684870974,79.45866845882296,19587.935179919303,9204.078811229529,eval,103.18209564816911,279.05675245709676
2025-11-22,6+12,19889.17078517171,-81.46831047216142,141.62418387506534,64.97530024291905,19949.326658574613,8913.630218314272,eval,396.00720830143894,807.7567982545522
2025-11-23,6+12,50300.289398320834,3597.8539780215574,2.519300323911011e-13,1.1368683772161603e-13,53898.14337634239,8326.946153337185,eval,123.83810289658352,571.6984354097224
2025-11-24,6+12,49478.612988084526,1036.5496394507645,2151.830356915033,550.450602318203,52666.99298445032,6597.711558357808,eval,520.7102912027586,1513.1777489479325
2025-11-25,6+12,59422.32748630746,-1171.0431677568417,580.356884590883,230.11207321725203,58831.6412031415,8762.711944868395,eval,411.20851044605587,1281.0076461014567
2025-11-26,6+12,52562.376507423585,1353.3698140053086,186.71889944257936,48.62771890395777,54102.465220871476,9263.160686629655,eval,216.757335444213,578.0226112609702
2025-11-27,6+12,52271.71995614757,3641.782874142646,0.0,0.0,55913.50283029022,10218.015972053292,eval,811.3837163234796,2503.8148543509333
2025-11-28,6+12,18453.212635182248,223.54545247308022,116.28619025760521,19.022769549747295,18793.044277912933,8028.568350316132,eval,499.1814306722528,1194.4790901013334
2025-11-29,6+12,24733.09439502759,-183.80122158998404,0.0,0.0,24549.293173437607,8666.09948214854,eval,270.70265673383767,667.9516829829587
2025-11-30,6+12,54137.13758652574,3861.521471799224,0.0,0.0,57998.65905832496,10451.624021420375,eval,771.0772850977968,2427.967661732552
2025-12-01,6+12,55108.02719395132,-238.8081468543436,13787.484518139277,3464.775885813359,68656.70356523625,6096.328474258451,eval,603.6341627572829,1966.3890662064437
2025-12-02,6+12,62246.60979427428,118.40323510325311,11688.131034815706,3159.393654607187,74053.14406419324,7773.122099457824,eval,172.40205982805224,409.12814309934345
2025-12-03,6+12,55519.95927031587,7694.4678819740775,635.8008937798309,286.6654784286311,63850.22804606978,9999.407019585877,eval,163.2851127284742,440.67010407085746
2025-12-04,6+12,62751.690400421845,-643.8144684211926,4998.420942206334,1024.2057235540374,67106.29687420698,10049.765872271568,eval,309.9712778947116,904.2370263300669
2025-12-05,6+12,22909.14458175963,1402.8020942208443,5376.899319817337,1671.3581551896523,29688.845995797812,9966.212993045969,eval,320.8598000307869,808.9925057878083
2025-12-06,6+12,24813.33953499244,849.874308443097,836.4129675727532,371.27316280570477,26499.62681100829,9592.797308684356,eval,427.11072745270394,1202.5117008364102
2025-12-07,6+12,64279.394789342085,-1146.5062549667132,2917.9271902146634,586.0425698913645,66050.81572459004,9908.197247827135,eval,572.5472557510868,1565.2466462399098
2025-12-08,6+12,64765.965891761836,-249.90699104218618,154.99207140998814,26.683665560814006,64671.05097212963,10800.0,eval,172.4842865911212,497.31901762118866
2025-12-09,6+12,61265.80811313796,521.467047911343,1394.375926018502,259.9722264387473,63181.6510870678,9003.698341977946,eval,177.48695407912507,688.38323164264
2025-12-10,6+12,60760.35967764725,3342.494573535058,0.0,0.0,64102.8542511823,10374.601132993486,eval,445.7582246068911,1617.8903325953931
2025-12-11,6+12,62516.08084476257,-1068.5934363356153,486.8790392188249,110.11081065704116,61934.36644764578,9455.973832575735,eval,602.7867738082443,1479.6428879760854
2025-12-12,6+12,25338.259517798095,1396.032642095959,3.2984814879455374e-13,1.4210854715202004e-13,26734.292159894052,8078.117921886614,eval,236.09569000033235,715.9850480728289
2025-12-13,6+12,27229.311228882303,1264.7259132422648,0.0,0.0,28494.03714212457,8708.873535475268,eval,165.47538910945462,384.8092702183177
2025-12-14,6+12,59151.877256166255,3718.308178680578,262.3453806536204,54.947194607523386,63132.53081550045,9830.386847283364,eval,562.8573540574654,1392.1749253540206
2025-12-15,6+12,57990.68369333602,4813.114642798621,0.0,0.0,62803.79833613464,8494.392190176632,eval,63.717574461903936,142.80740266720306
2025-12-16,6+12,64163.139671904384,507.4672343184533,509.65671671580844,221.5085653714541,65180.26362293864,9820.64654093446,eval,171.79547205105263,429.8110199006197
2025-12-17,6+12,63389.1833865915,-839.2824677621379,522.7487947456852,109.09695730744562,63072.64971357505,9538.78786380857,eval,226.80222203562153,561.5374460809576
2025-12-18,6+12,62227.164235010045,2125.1995228076894,79.77659743994128,27.952556916587696,64432.14035525768,10016.616539483679,eval,313.1741149047984,738.3333021276196
2025-12-19,6+12,25078.687387605463,1655.6031583235654,815.7744147522483,176.70934785799608,27550.064960681277,9832.041229623104,eval,37.151267350119575,80.08575941694265
2025-12-20,6+12,29023.6067738803,-1752.8166122325147,0.0,0.0,27270.790161647783,7990.595538600604,eval,267.8363766449704,719.7542976724351
2025-12-21,6+12,63981.738414104875,-291.4139067083731,511.93070658551665,238.8012541483572,64202.25521398202,8658.160975483132,eval,367.201310925556,852.8747054787306
2025-12-22,6+12,59631.3252023301,1467.9816132463689,2707.8874600760128,695.9366842124801,63807.19427565248,9527.557641257441,eval,228.9537585699142,788.1315614430962
2025-12-23,6+12,62167.56548806686,-1095.1771775140992,0.0,0.0,61072.38831055276,8964.86353865128,eval,281.91939125124094,937.2292883298936
2025-12-24,6+12,61691.6532736389,-134.2243953513142,115.3700582114121,19.862280831783096,61672.79893649899,10104.319624304573,eval,171.60593585610383,533.9120338495695
2025-12-25,6+12,57679.78236148244,1938.7004450096365,531.396964528626,133.01551052030686,60149.8797710207,6833.391515631119,eval,126.34653426346354,450.25108193052404
2025-12-26,6+12,26828.9095584685,2077.330377164971,691.9977850697359,226.37228571716318,29598.237720703204,10253.352231293764,eval,266.0710646278536,812.4569819499304
2025-12-27,6+12,25124.39417688686,581.6482677963616,4.623501581590971e-13,1.9895196601282805e-13,25706.042444683222,8412.867922065412,eval,458.0575206693584,1052.7730638267572
2025-12-28,6+12,58411.43483040587,2221.25870458053,824.1578067907778,383.39556979191025,61456.851341777176,8571.618172033677,eval,530.5306200121801,1718.8635105979502
2025-12-29,6+12,58491.2442637223,3761.915865049305,595.76983616707,277.87129856863453,62848.929964938674,10651.2375032677,eval,312.3374234075865,1332.3776296191577
2025-12-30,6+12,57974.75373794162,1745.9215769451155,1625.4327974179814,445.213096002743,61346.10811230472,8533.966454428039,eval,284.3132851479866,943.1421737041804
2025-12-31,6+12,62276.758346957555,675.4586356659747,1149.3678744556273,276.0055459903024,64101.58485707916,9633.286707577146,eval,287.5086229361194,908.347610394221
2025-01-01,6+18,0.0,0.0,366613.56615685835,92035.17001666666,366613.56615685835,6000.0,init,0.0,0.0
2025-01-02,6+18,65502.51677395027,-953.8185553399055,10577.692107387807,3050.8608571131663,75126.39032599817,10025.448671111111,init,0.0,0.0
2025-01-03,6+18,61859.710766730685,79.38842066813663,0.0,0.0,61939.099187398824,10800.0,init,0.0,0.0
2025-01-04,6+18,25007.79001585185,823.5246206746114,6687.451173721272,1843.9567400891676,32518.765810247736,9958.349187037036,init,0.0,0.0
2025-01-05,6+18,25500.224771155554,1725.3216722307398,177640.10369646337,43575.39707109053,204865.65013984966,8558.511815185186,init,0.0,0.0
2025-01-06,6+18,62419.43830792399,123.6195938470069,4926.405018154354,1417.9775690034257,67469.46291992535,10116.492809259258,init,0.0,0.0
2025-01-07,6+18,59530.17537370636,4619.576275433262,4232.113524430544,1253.2188638888854,68381.86517357017,10232.597833333331,init,0.0,0.0
2025-01-08,6+18,65247.11393611398,-2539.2267924042358,5081.295134651371,1556.270644444439,67789.18227836111,10227.11604,init,0.0,0.0
2025-01-09,6+18,60094.50479259694,637.2377897227506,7365.332030749693,2379.811884932093,68097.07461306939,10003.817253888888,init,0.0,0.0
2025-01-10,6+18,65050.279006997676,-2771.594695752931,0.0,0.0,62278.684311244746,10800.0,init,0.0,0.0
2025-01-11,6+18,25143.325270030557,1199.0906723799255,2905.4840979805704,950.404888888899,29247.900040391054,9832.336335,init,0.0,0.0
2025-01-12,6+18,26585.210097493815,3016.492950376822,165314.79310249392,39854.94317907784,194916.49615036455,8455.086756666667,init,0.0,0.0
2025-01-13,6+18,62492.28934012931,-222.07300748781662,3022.857166911751,861.5804951666672,65293.07349955325,9989.435511666667,init,0.0,0.0
2025-01-14,6+18,60824.87127011575,131.73447147405307,4338.02194751304,1211.679819999997,65294.62768910284,10265.803453703702,init,0.0,0.0
2025-01-15,6+18,58178.358866013456,5131.458814277742,3714.1363952014262,908.4461638889005,67023.95407549263,10146.49893,init,0.0,0.0
2025-01-16,6+18,60439.95500175298,121.03672503728517,6871.487897940979,2049.6157678738005,67432.47962473125,9999.412269074073,init,1.8189894035458565e-12,7.929224921099375e-12
2025-01-17,6+18,27534.963136870963,-884.9870172798171,1137.3633247913438,365.15041661398465,27787.339444382487,10139.658659475628,init,-1.8132162438178057e-13,-3.955406002731365e-13
2025-01-18,6+18,29164.395933934138,-995.9507936359117,4.073115178471198e-13,1.7053025658242404e-13,28168.445140298227,9922.94305408462,init,2.5861623953460365e-11,6.10677194146092e-11
2025-01-19,6+18,59089.12201076373,299.4994742116855,8556.653414004155,2268.7294924676644,67945.27489897957,9924.607389633815,init,-2.0179413695586844e-13,-7.53418305521336e-13
2025-01-20,6+18,60704.57363094207,457.6569472890884,2778.3270106175346,872.4251684308823,63940.55758884869,10056.004852631006,init,26.22554236276836,116.72214098388235
2025-01-21,6+18,60698.56900370814,-1190.52351577991,3299.780235648372,864.3645042557246,62807.8257235766,10235.620675739226,init,26.20529480946634,113.28281800622054
2025-01-22,6+18,61148.2798325317,475.31881454791807,3007.6553509960313,613.4940278608601,64631.25399807565,9529.427366119306,init,153.186171981973,445.9661946040168
2025-01-23,6+18,60458.38247504282,1485.1139344032822,7013.382399355376,2067.777514636068,68956.87880880148,9843.285528667788,init,3.831202255066978,7.3049714396303544
2025-01-24,6+18,23343.29580806599,-238.87616128823524,6613.131919340052,2090.199889811789,29717.551566117807,9902.78026798299,init,54.73649502891882,176.6756410820591
2025-01-25,6+18,23318.017475255918,1930.8233782243758,0.0,0.0,25248.840853480295,10122.940545505418,init,90.69327554663583,221.04030159792472
2025-01-26,6+18,63980.46643015249,-1637.2619118757584,2083.6744563539132,430.74679261123237,64426.87897463064,9785.488186300729,init,146.7694177070352,502.41827709424035
2025-01-27,6+18,57404.317324865595,2453.9022493718267,0.0,0.0,59858.219574237424,9902.678077191378,init,153.71420589273944,512.6563522985628
2025-01-28,6+18,60573.12232783589,356.764508307775,400.18540047359284,65.24319096801491,61330.072236617256,9830.473318386054,init,161.50698842100857,680.3490723164624
2025-01-29,6+18,55454.57957137462,2655.9697678633415,61.4780590782222,13.843659127276965,58172.02739831618,10406.615345838583,init,159.93688649958102,504.5803391135745
2025-01-30,6+18,55538.56062116593,3246.273492124942,742.113368078297,121.67561873536536,59526.94748136917,9995.422819888128,init,178.62515705091695,598.9302154696484
2025-01-31,6+18,22560.08004947908,1562.8449128088778,0.0,0.0,24122.924962287958,10228.165251074457,init,107.1898592195148,292.3654480476388
2025-02-01,6+18,24049.705469834786,-1043.669055507231,2.3781865365890553e-14,7.105427357601002e-15,23006.036414327555,10380.132304221846,calibration,94.62719238100377,210.70774364784862
2025-02-02,6+18,57596.89526469876,-608.2115142403349,0.0,0.0,56988.683750458425,10721.474952663399,calibration,69.52485435886891,180.62427702910495
2025-02-03,6+18,58397.96511540363,-892.7413161463535,362.0506441415619,77.2046291517637,57867.27444339884,10479.433095890756,calibration,247.28287219848198,893.9279576286292
2025-02-04,6+18,61540.12144380628,-1531.0800374860487,21.648682010255843,5.034577211687406,60030.69008833049,10438.991731808725,calibration,155.06592538019407,522.9780969834758
2025-02-05,6+18,54504.92598104809,1142.6053153401497,2345.4092408299075,451.7115689473131,57992.94053721815,9861.644157635847,calibration,115.16256407475153,366.53367987616696
2025-02-06,6+18,58631.64909077666,-1764.5270537230438,365.4408736609589,78.53920468796167,57232.56291071457,9596.886734794001,calibration,166.50358200076434,608.2361802168182
2025-02-07,6+18,22477.858769197304,-228.18347158625994,1.2934719961776864e-13,5.684341886080802e-14,22249.675297611044,10029.483512820378,calibration,181.2361179290971,517.0871962453218
2025-02-08,6+18,18263.271543054798,910.5542472107396,2215.2714848807327,472.66530681688187,21389.097275146272,9831.054638661022,calibration,51.051173840568794,115.855843235156
2025-02-09,6+18,54957.959585273595,13.00456331058723,1638.0088197614705,328.2067744790512,56608.972968345646,9665.795298986024,calibration,313.702467154803,914.993805593542
2025-02-10,6+18,50986.34301785165,-1443.0437587552415,9567.665800391165,2647.082932610978,59110.96505948757,9535.218550674943,calibration,326.75415263943387,1126.3893282611139
2025-02-11,6+18,52988.54236153947,-1489.746372000327,6462.926992833252,1340.7570610518612,57961.72298237239,9663.702174359425,calibration,122.5457173833845,369.26385729338983
2025-02-12,6+18,53617.66485149738,-1228.1877693650358,3348.17787466042,827.4476415454491,55737.65495679276,9805.441179449874,calibration,160.4842990077098,606.3083710337271
2025-02-13,6+18,49763.60547851045,-917.1304691818002,523.8815356530546,138.87491292402694,49370.3565449817,9640.390910451346,calibration,260.8416971595116,810.6689742239844
2025-02-14,6+18,18533.82219891628,686.102563894506,0.0,0.0,19219.924762810788,9819.006298169017,calibration,113.00953289456827,296.73805048877296
2025-02-15,6+18,18897.484066448455,121.53118126524092,4364.371735181359,1150.7250840408428,23383.386982895056,9347.576060746962,calibration,269.72794304907154,581.710258274194
2025-02-16,6+18,54324.642162497126,-1874.1648654968894,5345.275949909308,1369.3547626495401,57795.753246909546,9609.022829402877,calibration,308.516929958168,986.3677160484424
2025-02-17,6+18,53299.02144532898,-2144.809677211959,135.10874725495907,31.420638896502112,51289.32051537198,9740.283830179551,calibration,187.58139082638644,658.9853019116732
2025-02-18,6+18,47604.1482560509,1539.8055515881392,6172.238167199812,1598.0305787924126,55316.19197483886,10049.840642333382,calibration,52.960158408094614,126.45514849702154
2025-02-19,6+18,47508.04445692852,178.67406079510886,5161.144626755713,1247.5248981769562,52847.863144479335,9526.426178586706,calibration,203.55943061007352,622.5361095624601
2025-02-20,6+18,50488.62786042162,-1395.647108335903,4867.68967355684,1397.335367570417,53960.67042564255,9693.951971107963,calibration,142.7508373142318,504.39855054908367
2025-02-21,6+18,17932.490872652677,442.4074950388135,168.84271095450012,31.435991613200542,18543.74107864599,9803.257325416223,calibration,48.358700116068405,110.71747929493222
2025-02-22,6+18,18646.37867715196,88.92889129382233,0.0,0.0,18735.30756844578,10070.530008340238,calibration,71.18175346719194,215.02200890379177
2025-02-23,6+18,49385.23180268122,406.6543571637592,1304.9696658223213,274.72489112163,51096.8558256673,9689.318613661533,calibration,259.0918260197273,840.3398446539195
2025-02-24,6+18,47582.76662101931,318.46012358856046,0.1588898134576121,0.03392182183131354,47901.385634421335,9656.803961975651,calibration,333.2771571365127,952.5995068972873
2025-02-25,6+18,49005.4148721767,-511.9442796352739,224.44810498596757,49.62542483497293,48717.91869752739,9653.38201492625,calibration,118.99377787280068,341.604063620295
2025-02-26,6+18,44264.565313205065,905.8968280985684,4911.996087307052,1477.1498410718918,50082.45822861069,10168.413325478896,calibration,37.77916433231346,90.13294544587656
2025-02-27,6+18,44498.21397697336,781.175780555488,1.3719159142056014e-13,5.684341886080802e-14,45279.38975752885,9855.459847244187,calibration,298.71855952925966,714.992702837263
2025-02-28,6+18,17790.00246103751,232.55924603033583,518.0366288192358,106.0105183120395,18540.59833588708,9763.611253717132,calibration,30.456294703536173,75.21128185846142
2025-03-01,6+18,19800.13286046796,-404.017862198193,0.0,0.0,19396.114998269764,9696.131727804297,calibration,72.62677512872834,156.7091771426534
2025-03-02,6+18,51109.283389386364,1912.5048351943387,0.0,0.0,53021.788224580705,9861.178364570418,calibration,287.34381581598007,865.5985748880563
2025-03-03,6+18,52814.384752549115,-1891.8494240634088,2413.754108530206,686.0804470470154,53336.28943701591,9737.605690430022,calibration,105.76695209907648,270.9407723781698
2025-03-04,6+18,46890.52658736582,1295.119498294891,2093.144368405073,548.7105583762567,50278.79045406579,9619.698550011371,calibration,195.06881101245762,571.3797584355577
2025-03-05,6+18,47014.12208774588,-1057.9739699738468,157.9719278119829,51.262261905623404,46114.120045584015,9794.509343805834,calibration,174.8165996261409,610.6977280268446
2025-03-06,6+18,43375.27907300535,-389.9914815232805,7009.107330483461,1937.2071552636196,49994.39492196553,9932.661906213967,calibration,365.83728777490603,1132.3122952120386
2025-03-07,6+18,18111.592544267056,-258.2580832471024,3116.65223559945,891.687379142291,20969.986696619402,10137.338636124272,calibration,63.35956773325281,203.2645164696839
2025-03-08,6+18,16481.610868361433,152.23991513821719,3053.3030743034647,796.2005592583354,19687.153857803114,10011.49859024023,calibration,10.942481680482544,27.737097965932755
2025-03-09,6+18,43646.129039345455,-1963.1618566133666,14032.551942876835,3813.8459770221584,55715.51912560892,10172.006652543945,calibration,278.75303389818686,670.70982997715
2025-03-10,6+18,42839.31032833908,946.9307213278303,8845.410563726842,2016.722559476729,52631.651613393755,9755.127811681672,calibration,57.62278064179651,144.32790435087082
2025-03-11,6+18,38321.650641635475,7008.930863546435,3063.4376498653687,708.0781603895634,48394.019155047274,10138.454391355708,calibration,133.07321389907665,353.7498092880262
2025-03-12,6+18,44793.79198196885,-2313.9826647562077,10504.934255454624,2925.920328208295,52984.74357266726,9869.181383666486,calibration,346.58229475649335,944.4624800693421
2025-03-13,6+18,44421.69161545149,601.2793919030585,842.6399651488509,131.5812123949072,45865.610972503404,9758.742094475287,calibration,117.59514574904685,259.0513604484644
2025-03-14,6+18,16085.023061605103,310.22372968152325,0.0,0.0,16395.246791286627,9925.835163580567,calibration,112.8047170037916,289.88900292576494
2025-03-15,6+18,15870.635579819653,611.7400575285275,0.0,0.0,16482.37563734818,9684.51915635967,calibration,171.8210400314038,414.64312724013814
2025-03-16,6+18,42559.75010104923,2125.9355817064506,927.1777256401609,233.56823171957228,45612.86340839584,10041.603396109136,calibration,330.32189695824974,899.7592086952515
2025-03-17,6+18,39808.63516006247,-921.4839806285797,10811.170205032457,3063.9962471879294,49698.32138446634,10087.905305943743,calibration,194.3258592324711,461.34930092029356
2025-03-18,6+18,47174.33040068892,-1413.1188713802676,0.0,0.0,45761.21152930865,10051.867701549916,calibration,237.94885594564803,579.2615224066005
2025-03-19,6+18,36737.663690234454,4054.5386513595,3291.9702381338843,1460.127296489532,44084.17257972784,10203.615584198422,calibration,207.35643454935925,520.0332942174404
2025-03-20,6+18,42757.4672719799,-2017.9076712485787,16151.907903288538,4345.290106271132,56891.46750401986,9834.979258384757,calibration,272.20088443000816,657.8682905299745
2025-03-21,6+18,15675.320506330661,-249.90617343719947,4154.812878870471,996.0749549863906,19580.227211763933,9842.588861791932,calibration,76.59669451386313,235.730447923968
2025-03-22,6+18,16540.996077651595,116.62236610755656,3862.9845091792977,1156.554456637766,20520.602952938447,10214.123534431268,calibration,37.939599137851935,132.61733652578636
2025-03-23,6+18,42246.90817702556,-1112.6352295068707,632.3268656203581,281.2904320093601,41766.599813139044,9976.960225176637,calibration,48.871538055735726,110.96306552899038
2025-03-24,6+18,39318.206377303024,26.2309750958904,494.36324403937044,209.1777390889569,39838.80059643828,9831.219873049582,calibration,133.02181678247035,296.96674915814555
2025-03-25,6+18,45190.52194099017,-2879.2038446535007,8864.865948838127,2382.203399131159,51176.1840451748,9665.459482905737,calibration,328.5481311540438,1108.7082156261881
2025-03-26,6+18,38706.540535735425,1349.692471377718,0.0,0.0,40056.233007113144,10248.988621086413,calibration,180.49211505476256,409.0186980629346
2025-03-27,6+18,41446.933796107565,-517.1706132567742,0.0,0.0,40929.76318285079,10186.141013710496,calibration,152.55830676910256,382.49065951415434
2025-03-28,6+18,15533.058905835223,-2.734828934674158,0.0,0.0,15530.32407690055,10097.766938347018,calibration,95.9813936875615,239.4009124800072
2025-03-29,6+18,15258.924668032296,310.49512072968116,357.96090253956754,82.75244211531239,15927.380691301545,9959.553211089857,calibration,43.74132534362091,92.41524748771225
2025-03-30,6+18,39938.86690675356,-1610.3297763685941,1758.720145158959,519.8785129472091,40087.257275543925,10053.408380456112,calibration,260.52535351041877,668.3449344496069
2025-03-31,6+18,34717.46633371061,6818.929046513535,188.81615013638734,78.902622334484,41725.21153036053,10558.827736674597,calibration,229.85821408858527,620.4221770263309
2025-04-01,6+18,42335.07806504384,-495.4935450059338,0.0,0.0,41839.584520037904,10053.239572719862,eval,366.2790165064896,1100.9474796925722
2025-04-02,6+18,41419.14156608455,1076.5313529158768,0.0,0.0,42495.672919000426,10126.122761120921,eval,113.3208780170738,272.52812265341856
2025-04-03,6+18,42381.65955927064,-1208.3140436356823,0.0,0.0,41173.34551563496,9881.135002263423,eval,422.34168025663996,1030.1993678954525
2025-04-04,6+18,14354.329589268338,483.97450399128707,312.1953484973407,60.80044765929051,15150.499441756965,9652.348865671951,eval,65.42338338678226,151.67314948908418
2025-04-05,6+18,14507.713791815764,435.93179989885846,6195.433281539554,1624.972886512869,21139.078873254177,9717.386064057777,eval,78.60040115501491,209.29360145263126
2025-04-06,6+18,39663.62953577271,-1298.3246745376268,2327.9801573945892,638.4902826508937,40693.28501862967,9996.132445576035,eval,182.52737926344128,438.7769551428103
2025-04-07,6+18,33628.217616813155,3798.6213901429137,0.0,0.0,37426.83900695607,10065.452508551381,eval,134.33663437809133,294.2542650469282
2025-04-08,6+18,39766.392305024514,-228.96651548645127,290.2559239041978,91.38219434004276,39827.68171344226,9845.505327997871,eval,728.9930438011568,2193.499661770524
2025-04-09,6+18,38364.25182729546,706.7077019941478,768.8895852922797,327.3500207432837,39839.84911458189,9909.40054233115,eval,206.31092210921688,545.4635171829656
2025-04-10,6+18,38681.11365768592,337.2719844614958,41.51482150083571,14.5461883324582,39059.90046364826,10128.199812574025,eval,581.1562402155593,1580.7614732291638
2025-04-11,6+18,13290.536653534979,822.7278577268286,1008.0004379999788,241.4456398825925,15121.264949261786,9619.157993326411,eval,74.15890876693268,163.00298001930284
2025-04-12,6+18,14927.154734291784,73.25160149448004,382.27361128717394,73.20170323536652,15382.679947073437,10159.057065678728,eval,45.8523498203923,126.17546635732444
2025-04-13,6+18,34679.77591347253,660.7842842356191,5240.065153098952,1296.0451692273439,40580.625350807095,10085.407212158127,eval,150.863848874076,340.48115195183857
2025-04-14,6+18,38045.26466320326,-1449.7602328280323,7171.203428667841,2003.9917995823284,43766.70785904307,9935.324885472133,eval,421.80487621064805,1204.0840497136483
2025-04-15,6+18,32887.60539795233,3096.9040540807136,0.0,0.0,35984.50945203304,10314.201734712771,eval,268.9231220338948,611.8018968524324
2025-04-16,6+18,36283.56370667272,616.9849545819422,1149.9314965547724,473.3909522826478,38050.48015780944,9766.38789906626,eval,262.95704017360276,701.9255220971163
2025-04-17,6+18,34249.67769770113,3104.937332631839,134.5285937703472,47.136858363821716,37489.143624103315,10061.692773612687,eval,535.7077579272482,1318.3633982694912
2025-04-18,6+18,13120.616647046094,950.1791793917027,3181.5851772957544,971.7865217906218,17252.38100373355,10282.044277128498,eval,70.79651196497014,192.63353367157143
2025-04-19,6+18,13055.711138635403,993.3038139187813,4504.654348610052,1064.2386611952845,18553.669301164235,10234.626133707734,eval,67.30132301087806,156.5608370441959
2025-04-20,6+18,33990.54407111436,1801.8253952853158,573.0179551232678,135.59127434958896,36365.387421522944,10197.316159243039,eval,25.02826039904345,57.50778422499985
2025-04-21,6+18,35522.12880133668,-967.4253427055197,1694.5059353935617,401.7602709863694,36249.20939402472,9779.44680643117,eval,38.525145414379715,139.27958507865736
2025-04-22,6+18,31807.857592602813,3883.473624937762,950.6975390107207,442.0243066706372,36642.02875655129,9949.307400239319,eval,354.4342879156019,1142.9784532218844
2025-04-23,6+18,31171.803236618107,2704.247425036363,3725.950457877757,1126.6346835509767,37602.00111953223,10165.451171587882,eval,194.77851832303708,402.54232905730896
2025-04-24,6+18,31426.82160858425,1183.502967034104,1502.5483056247213,596.6072409164747,34112.87288124308,9858.41294601797,eval,84.90105225814251,218.97675773046836
2025-04-25,6+18,13048.432983468298,84.15359327809801,0.0,0.0,13132.586576746395,10226.691957833957,eval,35.17346223106219,137.77513126950504
2025-04-26,6+18,12991.153252611713,1019.6901875979848,3969.2265250870823,1016.6711392198981,17980.06996529678,10008.226215972652,eval,50.3818500946495,107.09208628601576
2025-04-27,6+18,31501.829065991446,2060.764251837678,4864.7191755678805,1214.3031581753621,38427.312493397,10032.756755904866,eval,85.18982691770321,181.19856984527698
2025-04-28,6+18,37221.36178828031,1038.9567502807708,1.778843738975411e-14,7.105427357601002e-15,38260.31853856108,9921.574170218155,eval,133.47555563074425,405.7208872491964
2025-04-29,6+18,31034.430378729598,1466.6603469369734,2887.2077082061646,808.2219279163184,35388.29843387273,10203.475468403365,eval,90.40392635597073,253.29609865925326
2025-04-30,6+18,30705.625517143788,1096.661284656385,2897.468584286404,1199.5871579542775,34699.755386086574,9886.912878412788,eval,64.66389475454275,186.2176415531848
2025-05-01,6+18,32548.684360887455,1777.067708008622,14661.038352448995,3126.923126963402,48986.790421345075,8935.202542676121,eval,226.54163273986129,447.0756093851511
2025-05-02,6+18,14327.931152002264,555.7917496982479,7587.992035874771,1303.2302529262843,22471.714937575285,9266.661655490541,eval,38.63847248085488,120.70881313060895
2025-05-03,6+18,13403.787045243986,642.3366504617899,10231.787084672018,1760.070187574973,24277.910780377795,9532.378539482403,eval,131.2090243752922,332.69577867717396
2025-05-04,6+18,33900.643192036165,311.5916022235308,9701.654086423521,2188.6739424400266,43913.88888068322,9108.116082603592,eval,185.25473696732973,412.6035692962934
2025-05-05,6+18,35272.253509135815,1310.037566981347,9927.83234440076,1968.5747884814568,46510.12342051792,9305.094012833662,eval,154.91235182122978,353.59388495970944
2025-05-06,6+18,31946.946086398973,4841.549445852374,8114.218078394708,1468.6388013360993,44902.71361064605,9242.85059982218,eval,151.76663041970878,425.71099191200074
2025-05-07,6+18,36234.91588193907,3059.456313718842,0.0,0.0,39294.37219565792,9733.505652505077,eval,260.506179382804,562.6419509391988
2025-05-08,6+18,36930.20217732918,949.5420905681099,5821.857775572746,1636.601701834753,43701.60204347003,10074.66566105195,eval,593.8181922958088,1374.3836419415245
2025-05-09,6+18,15815.580588032364,1297.3233081753433,3401.1916906348815,1046.1902458794514,20514.095586842588,10800.0,eval,69.778172229136,194.55319373418644
2025-05-10,6+18,16162.825571035855,504.17332573284546,0.0,0.0,16666.998896768702,10756.821308022712,eval,158.99720590019882,750.7468864723319
2025-05-11,6+18,37357.4192705288,-145.04999175526484,185.80697583333372,27.561666666666724,37398.17625460687,9582.531450524193,eval,443.81266080626267,1315.2633867962788
2025-05-12,6+18,32905.55239960733,5789.408815992784,0.0,0.0,38694.96121560012,10443.615917358504,eval,228.19916867798293,544.2169727287348
2025-05-13,6+18,37259.86299460868,-422.58269582252325,1.8529533463151892e-13,8.526512829121202e-14,36837.28029878616,10543.60686620555,eval,410.2745791204552,968.8095537954212
2025-05-14,6+18,36418.00900410063,2229.03720697291,0.0,0.0,38647.046211073546,10110.057461719274,eval,532.6500062192746,1388.340292115944
2025-05-15,6+18,36669.13085691841,3200.7541295548504,0.0,0.0,39869.88498647326,10312.617850906492,eval,359.8030589541653,953.2884092974087
2025-05-16,6+18,14803.873739054623,-24.540654586885164,75.03529252849832,18.545549315002056,14854.368376996237,9983.01585714092,eval,37.63261092870645,100.23286193183357
2025-05-17,6+18,14663.224476067371,1076.0005862834762,44.43931790495936,9.106417603475279,15783.664380255808,9785.300287701402,eval,54.846751222127565,217.76821593780147
2025-05-18,6+18,36741.84657566516,653.4470690493863,1630.6722421425266,713.6779099459849,39025.96588685707,10361.49390143196,eval,257.05548149804116,589.3190234951131
2025-05-19,6+18,34168.29457841275,-781.4218935444378,451.90398166666745,67.00333333333344,33838.776666534985,8626.647472862542,eval,369.22096588451103,791.8348131841958
2025-05-20,6+18,34491.51765994753,3836.3089137717343,2.3379698177450334e-13,1.1368683772161603e-13,38327.82657371926,9383.467423043714,eval,706.2618886461133,1788.2666670867925
2025-05-21,6+18,32987.07274904214,5864.573802277075,0.0,0.0,38851.646551319216,10270.647562187627,eval,56.07956375826522,197.01504716340634
2025-05-22,6+18,33978.25972538021,1352.1969530995968,2496.607849439105,795.5055139893034,37827.06452791891,10531.031814067788,eval,181.59892784182207,471.7679124263673
2025-05-23,6+18,13962.35375999306,1695.7341406054466,217.0504923202992,38.034111411458724,15875.138392918807,10691.235769767181,eval,211.4800532530854,1135.9133071260562
2025-05-24,6+18,14897.684443472517,-22.75646286119031,218.77606154620787,51.35736686343631,15093.704042157535,10719.508896596837,eval,183.23706006312574,915.1592938829672
2025-05-25,6+18,35334.03508220223,621.1649250389396,0.0,0.0,35955.20000724117,10417.757909903228,eval,190.94356061110972,446.2553598368431
2025-05-26,6+18,33676.808805192035,6512.873819409039,728.3069396025242,160.1653328269539,40917.9895642036,10225.004680722343,eval,121.53224639993603,403.8929290061228
2025-05-27,6+18,33261.83530701046,4089.4515840721233,0.0,0.0,37351.28689108258,9760.671854427475,eval,316.07585856865825,913.472362365633
2025-05-28,6+18,35543.38777700387,-294.0343348584637,1.2536816029751207e-13,5.684341886080802e-14,35249.3534421454,9834.175057158194,eval,373.8694440363177,950.9946505411848
2025-05-29,6+18,33758.34366504871,5249.781772371231,44.07667188514788,6.556589346991132,39052.202109305086,10330.135591148857,eval,331.27967552264596,779.9727547118762
2025-05-30,6+18,14409.200999132921,904.4318111636924,0.0,0.0,15313.632810296614,10682.264348043513,eval,36.0435973501643,154.70709975458368
2025-05-31,6+18,15605.596129446994,-174.68434469859892,26.55321643367786,11.963602808595567,15457.465001182074,10373.56177617254,eval,68.21113284428077,239.86509044898867
2025-06-01,6+18,46175.02631386816,1648.3116543691983,15685.692725536459,2942.3142205762697,63509.03069377382,8613.29646834674,eval,121.76447325159059,320.708905390806
2025-06-02,6+18,48174.57445246268,-1774.5328403174963,17688.76361444635,3533.031165437998,64088.80522659153,7390.0306497255015,eval,217.18342115958043,492.0903292699554
2025-06-03,6+18,43311.33725055896,4641.280292494927,4569.825251465372,1018.504015464472,52522.44279451926,6823.505018447501,eval,460.36423105581616,1322.9930941680798
2025-06-04,6+18,56149.73298442975,-4374.724186475919,13926.481627675252,4078.2545077497316,65701.49042562908,10024.814221682294,eval,478.86212898821975,1298.365762683725
2025-06-05,6+18,47574.831494943006,2724.4641551112627,1446.819935005035,283.17440368650546,51746.115585059306,9897.901162962195,eval,174.95396744677538,573.9158013441483
2025-06-06,6+18,18379.164741047964,1087.309104730615,16660.326439541936,3769.3311151570542,36126.80028532051,8421.319376862466,eval,207.543138108405,613.9875951629467
2025-06-07,6+18,21463.66654989248,673.6340563784918,13180.52491639673,2787.405447862412,35317.8255226677,9094.012876188966,eval,403.27015252006106,895.9534128381247
2025-06-08,6+18,46511.223850460876,915.8463883778538,0.0,0.0,47427.07023883873,10798.590680374467,eval,125.74544437950166,284.96477572163155
2025-06-09,6+18,51160.79042915747,-1334.845836385267,1.2934719961776864e-13,5.684341886080802e-14,49825.9445927722,10169.556235752798,eval,189.30368142499827,428.51582584785604
2025-06-10,6+18,48673.67328059233,501.0739199133983,2.5073632059502413e-13,1.1368683772161603e-13,49174.74720050573,9371.59403836398,eval,199.72086996929724,483.0818300399487
2025-06-11,6+18,50561.49848649424,4008.024829372322,4849.2400317993815,1107.0892262329871,59418.76334766594,10209.448827738475,eval,423.311590615804,1488.848808237412
2025-06-12,6+18,49742.46344211082,71.47012445849585,3.827267391898204e-13,5.684341886080802e-14,49813.933566569314,10252.851785719133,eval,164.43563298899568,520.64719004729
2025-06-13,6+18,24974.420364997295,96.6621312451058,1418.2139860772722,335.75334263663484,26489.296482319674,10788.547254549501,eval,79.60258718279061,308.63400092727125
2025-06-14,6+18,24021.19840119997,0.0,0.0,0.0,24021.19840119997,10800.0,eval,99.02328769238048,513.7602459383723
2025-06-15,6+18,45680.19097950669,6299.157762622227,1.9203127976652467e-13,2.842170943040401e-14,51979.34874212892,10778.43489905095,eval,219.84175622461757,521.6286190510025
2025-06-16,6+18,48590.04140082795,3508.226155493905,3.827267391898204e-13,5.684341886080802e-14,52098.26755632185,10558.514828755258,eval,207.34525532627836,519.313778086579
2025-06-17,6+18,48817.34895276582,3073.8064312695956,379.0013883797238,55.83259614186636,52270.15677241513,8597.79896503725,eval,346.53659932057303,887.846396699322
2025-06-18,6+18,50082.88780248362,2671.7210697206133,0.0,0.0,52754.60887220423,10044.293170662782,eval,829.129826872512,2623.2638335252223
2025-06-19,6+18,48038.34394470475,107.69538353778921,38.3072544149941,5.68230429652067,48184.34658265753,9632.46158525752,eval,260.3135898915263,597.7312428410148
2025-06-20,6+18,21098.206191364003,43.21604708795712,2.6766144856082973e-14,7.105427357601002e-15,21141.42223845196,10436.395732997717,eval,61.85592753773324,150.3856599185174
2025-06-21,6+18,19978.649487819086,69.72889791367626,0.0,0.0,20048.37838573276,10800.0,eval,148.98857735688634,463.44269185035336
2025-06-22,6+18,44544.711365971336,3218.9520509362064,1.0685852203096148e-13,4.263256414560601e-14,47763.66341690754,10790.275648974288,eval,238.93586232768925,584.808188888969
2025-06-23,6+18,46919.04872383989,853.0197115789423,0.0,0.0,47772.068435418834,10275.271401219989,eval,368.5136220186329,1157.995295652791
2025-06-24,6+18,53328.32933350373,824.7253941480187,1974.4663827322972,481.4716394232334,56127.52111038404,10534.510827738935,eval,781.3768710938359,2707.206730128338
2025-06-25,6+18,46244.95587306111,1124.490332431756,0.0,0.0,47369.446205492866,9146.217053053691,eval,496.9942390876801,1397.7366318056957
2025-06-26,6+18,46435.184481407196,3402.438242596427,684.0588203247188,129.2704268038965,50521.68154432834,10100.172840118836,eval,548.2226005226496,1469.7257559463608
2025-06-27,6+18,19910.281267077575,213.7271018909536,0.0,0.0,20124.008368968527,10336.1818558139,eval,149.18565941637286,502.29656075855144
2025-06-28,6+18,19195.96418257619,0.0,2.085407402319106e-13,3.552713678800501e-14,19195.96418257619,10279.282394741082,eval,81.69900618250149,256.64617882467627
2025-06-29,6+18,45065.05805289752,1918.5761943760733,3139.237668269993,984.4721181451812,50122.87191554358,8800.165025995126,eval,379.426089810669,1160.7118251248871
2025-06-30,6+18,47625.57611387764,349.16015219163586,4.274340881238459e-13,1.7053025658242404e-13,47974.73626606928,9734.151537490337,eval,701.1261421588302,1889.9946068522077
2025-07-01,6+18,40035.30113385652,4655.932979599962,41390.373111766,11779.885354272503,86081.60722522248,6194.136401194224,eval,491.7681598356239,1269.841621475219
2025-07-02,6+18,51743.73697892503,90.63582898543979,0.0,0.0,51834.37280791047,9422.88038063353,eval,154.08507955990467,426.10037785665247
2025-07-03,6+18,55015.24225562762,4105.5564862160845,0.0,0.0,59120.798741843704,10557.678676830506,eval,532.1857946023013,1630.5895883058813
2025-07-04,6+18,21810.7246115963,392.07169492937794,7574.668289169524,3066.127415513521,29777.4645956952,7371.698438576901,eval,151.74996777980255,766.4488493921408
2025-07-05,6+18,24099.828154502058,1114.7387352454512,9089.905357934433,3005.1984732838073,34304.472247681944,8678.238362008806,eval,339.2903673481352,886.4403015345797
2025-07-06,6+18,54447.82605272207,5863.063947435865,1.1029843705046005e-14,2.6645352591003757e-15,60310.89000015793,10447.063730313701,eval,1356.4904551596755,4469.812509552825
2025-07-07,6+18,56028.81362211462,-994.5373518466616,0.0,0.0,55034.27627026796,10800.0,eval,198.88921799746916,470.1704252271987
2025-07-08,6+18,60639.487344574314,-1505.0170977591222,2112.645549968448,453.16999992784883,61247.11579678364,10800.0,eval,305.22385859778535,844.8176324422427
2025-07-09,6+18,55334.44509534926,-742.1998882530528,0.0,0.0,54592.24520709621,9785.956761232199,eval,212.70274358828834,482.97591854143747
2025-07-10,6+18,52655.96101724338,548.9830775677227,3.822435701295035e-13,1.7053025658242404e-13,53204.94409481111,9372.580940104626,eval,1223.70504179003,3523.5673956712753
2025-07-11,6+18,31485.311474649243,-118.57622105328811,0.0,0.0,31366.735253595954,10800.0,eval,69.85589416278037,175.684851064852
2025-07-12,6+18,28237.15738999166,891.3612817139201,0.0,0.0,29128.518671705577,10051.136033416531,eval,177.20172239777534,776.0914983450001
2025-07-13,6+18,54379.13653595503,-2357.1924308004095,86.69556673616702,12.860935578722376,52108.63967189079,10053.664483767881,eval,401.5748750154763,1017.4010623238664
2025-07-14,6+18,48334.73866535236,1952.839112597646,67.94197507894029,32.010353394082586,50355.519753028944,9994.469517322465,eval,144.11909531885456,329.4422626738202
2025-07-15,6+18,52777.94225698262,-949.3964141776912,1075.8731374938598,308.7494200364085,52904.41898029879,9576.701154383114,eval,180.1517837628914,482.91312858376824
2025-07-16,6+18,48302.47029076325,-297.96557966664284,6003.475111810546,1553.3121940725737,54007.97982290716,5027.3177863762285,eval,370.7146274370829,928.9318859275985
2025-07-17,6+18,50536.03093060047,4393.167342907973,2011.9159004633302,699.9063879519515,56941.11417397178,9827.963390887719,eval,204.7378858869749,524.4354076187252
2025-07-18,6+18,24888.840446775226,-35.163760128359286,9.308820381193072e-14,4.263256414560601e-14,24853.676686646868,6063.223383132141,eval,101.79809564528497,338.0539695976316
2025-07-19,6+18,29749.205704043387,-235.26261986153645,7098.447860952653,1981.4539173336325,36612.3909451345,9592.765941266744,eval,380.2176234034599,1431.849917308387
2025-07-20,6+18,50267.24602426221,2493.455701938636,201.50522995601253,92.82041287365615,52962.20695615686,10440.238589347282,eval,451.10536088659757,1118.7349007931039
2025-07-21,6+18,52377.39129821656,262.5077092989868,2097.099454121047,462.20636395336135,54736.99846163659,9390.991600217934,eval,1436.0872536192976,4509.582822320359
2025-07-22,6+18,49377.12654696737,8793.773694388854,570.945622468174,153.44453505981042,58741.84586382439,8699.409512674298,eval,214.62390330441266,498.0727359769633
2025-07-23,6+18,57437.13718726892,-2091.924300869301,1526.7129476553805,479.00353570277105,56871.925834055,10096.862580401474,eval,94.09228234085919,206.84059021744707
2025-07-24,6+18,54203.02054170448,-1194.6418106888987,368.03651299554673,156.82055536281837,53376.41524401113,5942.645799838569,eval,700.074882096718,2079.92291816289
2025-07-25,6+18,26965.879975702774,-281.1573439200293,0.0,0.0,26684.722631782744,10092.280446242949,eval,161.28905416656858,660.5749080781707
2025-07-26,6+18,25325.302061718336,-96.27065051521659,0.0,0.0,25229.03141120312,10266.51846827683,eval,324.2861213187686,940.6345581749756
2025-07-27,6+18,49951.35631607681,1101.6902061454746,286.6784992482942,63.28911649806821,51339.72502147058,8638.371268085239,eval,528.7808287440074,1270.62184499348
2025-07-28,6+18,52313.814568402464,1784.5847931230132,4124.358646645359,1499.759667044958,58222.75800817084,9988.315048868806,eval,127.50443888201816,292.0134391463884
2025-07-29,6+18,51685.17509935293,2572.509720882971,72.87832075811225,10.824048827879437,54330.56314099401,9354.941819851167,eval,437.87390822993,1229.8212874041662
2025-07-30,6+18,45776.3129775213,8981.969903359473,0.0,0.0,54758.282880880775,10181.383067782384,eval,123.91429593773731,264.9916388189446
2025-07-31,6+18,48777.45686308666,2606.6307735708833,4364.878280066714,1024.3727621949952,55748.965916724264,9951.982825108546,eval,573.8743474231767,1591.6981371190427
2025-08-01,6+18,25207.199212866017,403.8436196531046,4403.776363292236,1206.093456754856,30014.819195811357,10045.7312247712,eval,137.065749626368,680.9341281583869
2025-08-02,6+18,24866.320632272727,411.1587320753672,655.6408836272809,191.19986391982263,25933.120247975377,10379.368526199174,eval,120.89870177772505,389.63640497926633
2025-08-03,6+18,42416.88146970382,2391.9662353593862,885.1986441580706,152.55640304929557,45694.04634922128,9567.141367171773,eval,299.892837229195,642.6349508936563
2025-08-04,6+18,46372.462647574575,1555.3843638207563,0.0,0.0,47927.84701139533,9882.581187891747,eval,197.32712295155937,433.6646627850838
2025-08-05,6+18,44344.17274851582,3967.7303046792986,81.10621232453289,28.41843459163732,48393.00926551965,10520.225785794113,eval,414.76901928380886,1126.3931736090133
2025-08-06,6+18,49584.730055345615,-198.79953314057184,0.0,0.0,49385.930522205046,9990.171980005653,eval,341.8789564251101,791.713413074043
2025-08-07,6+18,50379.52365045504,-2664.833049426885,75.25829975334324,11.138651632256824,47789.9489007815,8920.43308569083,eval,51.833321340293175,154.60418164521394
2025-08-08,6+18,24317.149403320072,-168.67002725645446,0.0,0.0,24148.479376063617,9774.763161580742,eval,126.06994029508976,636.6952604462454
2025-08-09,6+18,23776.770660143437,116.10358070566916,0.0,0.0,23892.874240849105,9984.996336252623,eval,110.56435234801359,397.02275108175144
2025-08-10,6+18,47565.15928758538,-798.9154776308342,50.31868328547275,7.21311400307809,46816.56249324002,9828.736241579942,eval,625.3087893828051,1544.3181973274013
2025-08-11,6+18,42275.31332351311,2802.778667437154,1373.615942748979,674.5660842842776,46451.70793369924,8228.344904137632,eval,922.0778511573023,2564.5525063417076
2025-08-12,6+18,50584.752286121366,-1193.151210446264,388.34698082315947,57.66665429935733,49779.94805649826,7863.03809487332,eval,76.19353126224107,306.279896256105
2025-08-13,6+18,45071.259007843226,684.8535352050665,6088.398746850412,2124.1538131053467,51844.511289898706,10232.562617715012,eval,227.82697423393932,587.1486971451476
2025-08-14,6+18,46202.23024264179,1939.3336001384557,52.637646609931174,7.545534204405271,48194.20148939017,10079.81659623331,eval,344.7220627924899,834.9165577867155
2025-08-15,6+18,24859.84832899044,-403.9050165219352,0.0,0.0,24455.943312468506,9547.86079032939,eval,113.5294486354702,502.33077874561167
2025-08-16,6+18,26409.516785842774,-822.7713405623575,1974.4797419925765,465.19372281013597,27561.225187272994,9737.932958481299,eval,90.85684354513712,275.4111144574013
2025-08-17,6+18,47812.55943733011,-472.91307240231265,0.0,0.0,47339.646364927794,8138.71154580599,eval,444.7346877684522,1051.0310674064103
2025-08-18,6+18,46066.179558680706,245.2845667484025,1519.9443504564822,556.653797370837,47831.40847588559,8569.752659169415,eval,125.71887345421655,427.01425733089684
2025-08-19,6+18,44653.32621283138,1105.0207192972828,2703.1154391825744,625.0367703312879,48461.46237131124,9851.966669293353,eval,467.6503731893084,1202.02461928794
2025-08-20,6+18,51024.06183423069,200.2512944139894,3.1174351988738637e-13,1.4210854715202004e-13,51224.31312864468,8448.816514009419,eval,187.43029771939808,405.90425964516646
2025-08-21,6+18,48176.37913113076,149.7504734473448,5744.2292158239825,1870.610511655429,54070.358820402085,10012.725348018283,eval,583.1357276726278,1597.9085280328418
2025-08-22,6+18,24891.322004490798,39.82450999583966,6521.805507920666,1722.0206614559195,31452.952022407306,8834.244333241215,eval,858.8159508865789,2993.6382242210557
2025-08-23,6+18,23613.62455424059,837.4107383207281,3739.504155514597,1074.168686676743,28190.539448075913,7772.955681667861,eval,223.51493007575476,774.560853392405
2025-08-24,6+18,46610.88088712655,1213.6728563496508,10514.100702393556,2789.832948312417,58338.65444586976,9213.503121462658,eval,165.00460418649828,431.28384881409045
2025-08-25,6+18,59638.95375717316,-3606.411442423623,31.004478431406113,10.863517320044172,56063.54679318095,10209.785446383898,eval,291.7971978810396,826.6577897401542
2025-08-26,6+18,46723.58587142213,729.157843551289,3.079634325331426e-13,8.526512829121202e-14,47452.74371497342,10074.597541874302,eval,50.9735183737805,193.41137900112528
2025-08-27,6+18,46862.9556468427,5502.981795499173,48.97302484492709,7.264410716446946,52414.910467186804,9613.428455256215,eval,289.2634377859577,706.7582472604904
2025-08-28,6+18,45954.806006657,5492.048116378253,2568.467750309834,675.5514150591728,54015.32187334509,9275.142135407337,eval,562.7476973683413,1685.1924867439097
2025-08-29,6+18,26665.998595421042,-888.0810000574515,2874.943965454935,672.3565106667477,28652.861560818525,9078.124040105742,eval,174.71702210472745,556.0058087232167
2025-08-30,6+18,25747.551309401424,-672.1953322189396,144.8429606161158,74.07309771078837,25220.1989377986,9192.465492974108,eval,94.19240586926499,316.430593989146
2025-08-31,6+18,47212.21027418056,828.3180984431326,452.11560932290496,80.25656077444049,48492.643981946596,8770.079596919237,eval,430.6759400631663,1129.4470920211882
2025-09-01,6+18,51404.936603702714,-2235.4822168582236,0.0,0.0,49169.45438684449,10800.0,eval,661.7228474969427,1971.386142310984
2025-09-02,6+18,42614.944250189204,7071.330535070644,0.0,0.0,49686.27478525985,10800.0,eval,397.2178281724052,1045.2120141649848
2025-09-03,6+18,37920.505105807744,-163.72345670274723,0.0,0.0,37756.781649104996,8219.835578109001,eval,152.68492202253748,504.2552390442978
2025-09-04,6+18,40203.62257153124,102.86560364158599,3817.072079535227,1388.518489704033,44123.56025470805,10031.958717859408,eval,408.9233757069456,1177.4653089536996
2025-09-05,6+18,23020.919062976747,-710.2065446079871,0.0,0.0,22310.71251836876,10800.0,eval,274.3476521804679,1035.675151233288
2025-09-06,6+18,23330.512643378923,-1098.2018508167982,0.0,0.0,22232.310792562126,10194.68157514222,eval,121.10368576612004,383.6623854569863
2025-09-07,6+18,37645.26514421325,2816.5398185611493,18.504631550536324,3.2731990991538282,40480.309594324935,8267.479049007025,eval,206.19002189888903,886.0548084129471
2025-09-08,6+18,41019.53132190036,321.4519984245345,8459.97295936297,1842.56059149622,49800.95627968786,9658.15550732773,eval,24.53419461278345,51.81266847480178
2025-09-09,6+18,35883.17175953016,3339.0701173505154,3879.3464978111087,740.9875524069889,43101.58837469178,9774.117330740639,eval,124.75712367462029,453.7140572800903
2025-09-10,6+18,40490.74592976623,-210.1479584948102,10897.786464765017,2844.7630850439778,51178.38443603643,6235.198832426369,eval,397.66815614824225,1029.7275590648842
2025-09-11,6+18,44387.14247828288,-2800.593055827909,1231.2738487602055,239.33822740077397,42817.82327121518,8632.415916224782,eval,295.0108103811759,676.3175922295696
2025-09-12,6+18,20355.572742633878,-95.5961718538016,5299.891392169524,1416.0440370098709,25559.8679629496,10800.0,eval,52.16761026163543,155.26053104498345
2025-09-13,6+18,18939.334153326876,94.7313178076683,0.0,0.0,19034.065471134545,10520.498845184069,eval,343.72510642519035,1368.8996733230642
2025-09-14,6+18,43880.4023256973,-1770.0183314577932,4642.940934852872,1204.6894681280528,46753.32492909238,9207.773163091422,eval,452.86676290176695,1073.4018842206226
2025-09-15,6+18,38618.97578887321,238.69543675117177,3499.9083094820553,925.9003394210622,42357.57953510644,9946.773684742657,eval,238.58177145101666,766.9163167590386
2025-09-16,6+18,45214.70311121097,-1785.865994868523,738.7495094296079,332.8164715862505,44167.586625772055,8789.863741379051,eval,189.95812973764913,424.1359660757879
2025-09-17,6+18,41549.18026886093,133.9731645701894,34.70889375000076,7.629166666666833,41717.86232718112,6307.887976127813,eval,46.014457010233,131.66252932447415
2025-09-18,6+18,40232.35225830044,5339.093103712423,1007.178969582156,238.25262325417566,46578.62433159502,7095.535968805326,eval,439.2928921100407,1060.23074706932
2025-09-19,6+18,18301.057675203163,1603.6536767154494,318.5393062904758,103.77350912107356,20223.25065820909,7158.1384375907455,eval,69.8745429011332,235.9806965661989
2025-09-20,6+18,20390.539761524968,39.68564857101448,327.17255169239223,92.02986949476633,20757.397961788374,10451.307876613057,eval,49.70323442991618,131.09083640579053
2025-09-21,6+18,42720.73726702564,-829.6432079814432,2.6500401872908696e-13,1.1368683772161603e-13,41891.0940590442,8869.48358474888,eval,354.9139863634779,877.311636569388
2025-09-22,6+18,44272.17779580702,-1205.286913567363,1591.149097344693,529.3469356727192,44658.039979584355,6840.922935911556,eval,390.7961835155479,913.7741111213803
2025-09-23,6+18,44944.598891763875,38.075894759376226,0.0,0.0,44982.674786523254,10070.955776309362,eval,284.55872893375437,819.5169984283672
2025-09-24,6+18,38440.13211032021,632.7210534676381,6528.942649002175,2016.419393348198,45601.79581279003,6490.668874261717,eval,254.1909634137944,632.0271889818156
2025-09-25,6+18,41815.78244976541,3381.928017126301,811.0646352630224,350.62360131845094,46008.77510215473,8145.548621266684,eval,271.0128858664446,599.7270946502537
2025-09-26,6+18,19695.778885915977,-204.69921048477454,278.5221033644981,86.30472477479093,19769.601778795703,10113.27257274726,eval,73.11972955652004,206.4527577849106
2025-09-27,6+18,16946.71345970555,887.5969726397193,374.26105610513014,148.02169789344438,18208.571488450398,5460.509240223415,eval,110.71205341722575,363.87510925967456
2025-09-28,6+18,45160.37804109827,4740.804854935979,113.13399276879531,50.73123388825633,50014.31688880305,7158.354476233197,eval,175.43445150413856,474.1297968202101
2025-09-29,6+18,44840.32736767675,-2051.3164912966495,9772.01179383913,2938.7148806900836,52561.02267021923,5538.342121878072,eval,554.2698528488257,1342.4895794891986
2025-09-30,6+18,46609.69226650859,1712.6008538633887,1260.9020016348472,420.3536899287246,49583.19512200682,8281.659379462659,eval,328.80670629031613,801.5206021264387
2025-10-01,6+18,40895.615455016625,3883.699162086285,0.0,0.0,44779.31461710291,10800.0,eval,769.1899107348816,1991.7544847921185
2025-10-02,6+18,44864.23273023497,-2893.1588819341723,0.0,0.0,41971.0738483008,10800.0,eval,182.0940755249265,511.9849398608045
2025-10-03,6+18,16441.536389185836,94.39469143816306,3474.3279790662746,1025.9357130162132,20010.259059690274,9967.252409818951,eval,69.10393978818777,160.19539617911641
2025-10-04,6+18,19239.729590144038,0.9179412009109679,0.0,0.0,19240.64753134495,10800.0,eval,43.27859256731583,92.76095963111602
2025-10-05,6+18,41399.86651526237,-1727.4134649355608,2170.2577302072214,757.110806620329,41842.710780534035,10800.0,eval,346.96748116309067,901.2465368525033
2025-10-06,6+18,37977.5485869539,595.9724649236675,2108.048426999241,818.8229990443037,40681.5694788768,8493.214781340663,eval,101.69288075573334,246.33327646931002
2025-10-07,6+18,40183.23796067331,1426.3213179918816,1267.479230949014,277.7505212978217,42877.038509614205,9545.147925493444,eval,517.8924174095089,1351.8882196790933
2025-10-08,6+18,35614.57878838607,600.0209203407206,11163.668590203273,2436.0054197552827,47378.26829893007,9552.070384772283,eval,107.0937611454622,331.50760461719267
2025-10-09,6+18,42594.99943668564,-2627.771145656743,8268.692175142847,1532.550620134873,48235.920466171745,8654.450238081221,eval,535.4375914456893,1718.6239925472444
2025-10-10,6+18,18038.51383836257,-390.2304939199642,248.60570899721125,65.0459730500291,17896.88905343982,9467.90507546983,eval,162.0112833578465,508.2334107949999
2025-10-11,6+18,16366.820004308342,-131.05974567155204,0.0,0.0,16235.76025863679,6889.567831753942,eval,205.11810450533594,689.1261041134071
2025-10-12,6+18,37599.49428052589,926.4734409253685,7722.812616870625,1361.2709933629558,46248.78033832188,6557.1494171248605,eval,333.97343993840707,778.0395373829718
2025-10-13,6+18,39530.73043317409,1068.364778431201,8680.353069518014,1895.4754129945568,49279.4482811233,6139.106622397096,eval,208.21566885816065,493.6829454387973
2025-10-14,6+18,44383.55999654153,-1221.9051406421559,15530.425171642848,4027.825841904342,58692.08002754222,8244.81180564969,eval,178.83940235758692,489.15264817208606
2025-10-15,6+18,48402.766304970224,-2272.9046622032624,4317.33132698746,1122.452006226249,50447.192969754426,8640.666607675737,eval,1140.7139094398385,3513.76475585222
2025-10-16,6+18,43922.14310537671,1374.9218041899787,820.4316562856366,260.13451091876726,46117.49656585233,9470.384272211204,eval,146.87311737638925,439.0398166689671
2025-10-17,6+18,14173.645958778088,1947.2598066572218,1154.054798251552,349.71357522774304,17274.960563686862,5711.32583372723,eval,65.33090668874262,227.82026947837238
2025-10-18,6+18,18509.558806945,212.93355668705735,0.0,0.0,18722.492363632056,8770.494471097763,eval,98.42820817064089,268.26126073528053
2025-10-19,6+18,42544.523266687975,891.2407963275211,651.1404050455185,242.21790790629007,44086.90446806101,5881.013325974497,eval,597.8278566488701,1762.1357859004515
2025-10-20,6+18,48288.37480016627,-59.80657198131054,0.0,0.0,48228.56822818496,9832.42554599989,eval,372.67501784260804,928.731762774309
2025-10-21,6+18,45369.58405886052,1040.3929741538504,249.13253099120556,50.4988230835143,46659.10956400558,8278.892976547024,eval,129.38888409248386,423.9331368107866
2025-10-22,6+18,45724.0856855623,589.3920969948326,10408.230230718702,2669.6262525841553,56721.70801327583,9730.239470535602,eval,60.134785249228955,170.3683445439191
2025-10-23,6+18,50819.55235821792,-4565.824896689292,10517.634997117348,3402.4912615501557,56771.36245864598,9882.640913829491,eval,450.0384055984041,1491.044200642409
2025-10-24,6+18,16233.231449622,-36.799580592091544,2.8617108682738034e-14,7.105427357601002e-15,16196.43186902991,6093.785983549746,eval,332.07235113577497,1284.9845745085465
2025-10-25,6+18,18534.799752752384,300.6202798719731,1785.8580761265798,420.74873908972216,20621.278108750936,7459.517498549292,eval,400.6849937891146,1326.5333888327928
2025-10-26,6+18,50370.29982014838,-2476.770251662976,1391.965273835833,360.96844516539414,49285.49484232124,6416.285631316173,eval,1112.9318497236495,3590.1504332768536
2025-10-27,6+18,44394.08424602945,4282.298617851607,80.42861310719915,17.170925086934062,48756.81147698826,9869.147285712344,eval,218.10299817689275,544.8460737116117
2025-10-28,6+18,42701.43358384661,2058.081802572715,2648.2433593438163,1067.850882326583,47407.75874576314,9978.97596438189,eval,178.11625337487948,646.5134296432971
2025-10-29,6+18,45621.15861108215,563.3100529316345,63.83406985802819,14.845132525122835,46248.30273387182,7764.038567669589,eval,421.4463235372311,1355.251153628397
2025-10-30,6+18,42817.719410319114,1190.8151736414427,2206.3781644077885,560.5772177130534,46214.91274836835,6562.887676187156,eval,170.3762922316198,474.5531347483936
2025-10-31,6+18,20100.502816031527,39.52298866666777,0.0,0.0,20140.025804698194,9909.460879687915,eval,88.82797387978785,261.26200497939044
2025-11-01,6+18,18495.156724845307,-228.77426134716072,2908.3984820585492,685.1890593251162,21174.780945556697,9246.757089402525,eval,88.1642552096115,288.96371497379516
2025-11-02,6+18,45923.40239653035,4276.337975141237,571.7980905293671,112.24008705643553,50771.53846220095,8190.681932148925,eval,716.076093453313,2211.146824592535
2025-11-03,6+18,50748.10283721751,-1025.5448465675381,2608.6144260982023,542.6470965097142,52331.17241674818,9991.413281683368,eval,293.3845295203234,1344.2795465904846
2025-11-04,6+18,46077.558619935764,166.90557526286364,300.9620714355935,64.89474797947895,46545.42626663422,7402.711702231989,eval,457.4914590688516,1151.0357496188415
2025-11-05,6+18,51522.098101949974,-2273.7201066060297,8314.894639641465,2169.3600498222377,57563.272634985406,8393.024587602931,eval,396.42535605897376,1075.084182922748
2025-11-06,6+18,49372.81442334976,1707.5875841866218,1672.575735561285,354.0477653181034,52752.97774309767,10007.1645620575,eval,190.3421959342527,468.2232690498128
2025-11-07,6+18,17076.26976398483,516.3536018419027,91.22847521026722,42.25281962203695,17683.851841037,7889.624316213552,eval,257.93864706620707,899.1166830396367
2025-11-08,6+18,19162.079725920703,136.78303633355077,1654.3748981890317,416.75291935327414,20953.237660443287,8940.040736185138,eval,79.52344739570935,199.43467324928383
2025-11-09,6+18,50280.17279924094,-248.9552273362703,4279.141456563251,1112.1113193512062,54310.35902846792,9707.194248008276,eval,174.07740584079093,551.0526335900769
2025-11-10,6+18,51211.96287639334,1694.3811597994481,6.173616387779032,1.4357247413439609,52912.51765258057,9716.528534859439,eval,462.52986597964775,1232.9458751746836
2025-11-11,6+18,49312.74558863421,140.23979038986897,604.6069299366511,282.35265171214087,50057.592308960724,8541.711339614298,eval,320.9669228244896,995.1922248294917
2025-11-12,6+18,50448.69994813852,2107.1525792199054,0.0,0.0,52555.852527358424,5190.815899218651,eval,295.0683136707047,817.6122585451926
2025-11-13,6+18,50169.521130607514,221.16828904293482,5478.8976838928975,1376.6149933419101,55869.58710354335,9105.970042245059,eval,523.8742007524405,1410.997884902826
2025-11-14,6+18,18056.83908082244,314.2441164876332,9424.530572617768,2867.2616529512875,27795.61376992784,8659.654712571006,eval,81.73713245029433,220.3210969897102
2025-11-15,6+18,20132.977071231668,-760.249384058986,40.30088662552787,19.54428063811679,19413.028573798212,8090.04014541974,eval,608.3237278447907,1310.3401493673612
2025-11-16,6+18,50399.799133861714,1182.9133585796642,0.0,0.0,51582.71249244138,6376.976385446878,eval,289.49524048028434,708.7197167832078
2025-11-17,6+18,48548.30192583697,4064.71332630841,280.62666638609767,129.76790798810714,52893.64191853147,7514.97120820765,eval,154.5990690326795,353.5731489233645
2025-11-18,6+18,51241.463303174474,1016.381498520172,8354.95183357038,1946.0679300019287,60612.796635265026,9636.828514385177,eval,21.288121909526602,53.248531747703716
2025-11-19,6+18,49881.35630530476,5134.38133741216,205.27896495178615,43.926990600211866,55221.01660766871,8525.772659674521,eval,483.14550680000036,1431.7736117447753
2025-11-20,6+18,49600.57233960908,1744.3592743847266,1640.0264048414074,439.93271817204686,52984.95801883522,8977.13794342701,eval,322.60307861616513,911.3220401924191
2025-11-21,6+18,18871.85569258089,258.01958599583827,274.09267684870974,79.45866845882296,19403.96795542544,9035.580736492417,eval,103.18209564816911,279.05675245709676
2025-11-22,6+18,19968.645710422716,34.29849499113763,549.3223715629167,150.93570102183656,20552.26657697677,8765.532941827372,eval,396.00720830143894,807.7848812670085
2025-11-23,6+18,50368.77309075568,3051.3654131349576,269.4974314025202,53.43516622644995,53689.63593529316,7109.809326072076,eval,124.12486609680298,565.7239519993593
2025-11-24,6+18,50096.68455365415,767.9552243257615,2971.8449010412605,1028.231731412734,53836.484679021174,6605.735454392531,eval,501.35908314133,1471.7583805746867
2025-11-25,6+18,59418.51881032299,-1406.7564845657948,580.356884590883,230.11207321725203,58592.11921034807,7813.43937192326,eval,411.20851044605587,1281.0076461014567
2025-11-26,6+18,53089.35122002763,1411.902122461338,186.7188994425818,48.62771890395834,54687.97224193155,8856.445619195603,eval,186.5177289482768,499.5998011800255
2025-11-27,6+18,52463.5538962873,4169.464416384562,0.0,0.0,56633.01831267186,10368.288334740915,eval,811.3837163234793,2503.8813278325847
2025-11-28,6+18,18393.407240279827,223.54545247308022,0.0,0.0,18616.952692752908,8165.748699270226,eval,496.0090141266252,1193.3839385159245
2025-11-29,6+18,24668.025182840367,-937.5087607621339,0.0,0.0,23730.51642207823,7911.809257035794,eval,270.70265673383767,667.9516829829587
2025-11-30,6+18,54497.320941667516,3977.435553584069,0.0,0.0,58474.75649525158,10108.240862551036,eval,769.470584342825,2425.297957416829
2025-12-01,6+18,55246.467133217884,-8.904341916818368,13858.348905955852,3497.170012624121,69095.91169725692,6474.95400010295,eval,607.2680093632566,1972.1873850252268
2025-12-02,6+18,62066.88887800675,323.16473980482033,10988.712243549393,3048.6792844980555,73378.76586136097,7773.122099457824,eval,172.40205982805224,409.12814309934345
2025-12-03,6+18,55519.95927031587,6611.945793622413,1013.4880421736702,443.113674782306,63145.39310611195,9911.603631782551,eval,163.2851127284742,440.67010407085746
2025-12-04,6+18,62792.191463271534,-707.3239483924492,4998.783984532324,1024.2057235540362,67083.65149941141,9826.169246384805,eval,309.223710235212,901.5370123389497
2025-12-05,6+18,23014.99719590404,1670.0548947041937,5245.906614300673,1596.3234039540775,29930.95870490891,10024.065887135828,eval,321.68440612843244,808.6029668533213
2025-12-06,6+18,24785.90605736497,450.23903180995677,2378.183806938632,691.4973522552199,27614.32889611356,9541.995046305827,eval,428.499164541307,1204.7930913956257
2025-12-07,6+18,64303.35652309729,-1442.5026137180985,2917.9271902146634,586.0425698913645,65778.78109959385,9533.26060531054,eval,572.5472557510868,1565.2466462399098
2025-12-08,6+18,64949.2179139879,443.1221055764213,154.99207140998814,26.683665560814006,65547.3320909743,10800.0,eval,171.8238778674992,480.18115927522575
2025-12-09,6+18,61265.80811313796,509.53274835911907,1394.375926018502,259.9722264387473,63169.71678751558,8927.916012906504,eval,177.48695407912507,688.38323164264
2025-12-10,6+18,60796.12893696897,3292.2207137805185,0.0,0.0,64088.349650749486,9493.395664818863,eval,445.7582246068911,1617.8903325953931
2025-12-11,6+18,62905.925297814814,-675.5920372995132,1.9042545318370685e-13,2.842170943040401e-14,62230.333260515305,9519.18089222221,eval,603.7080749624362,1485.396301976023
2025-12-12,6+18,25306.200022493576,1083.8921094866623,7.115374955901644e-14,2.842170943040401e-14,26390.09213198024,7365.091055679916,eval,236.97128529342422,718.5945727008173
2025-12-13,6+18,27567.54079581898,688.1716391604574,0.0,0.0,28255.712434979436,7572.5608721176495,eval,165.4753891094545,384.8092702183174
2025-12-14,6+18,59689.51856269857,3119.0882048016574,318.905713027627,66.79353084671212,63127.512480527854,9233.40016544896,eval,562.8573540574655,1392.0233564605928
2025-12-15,6+18,58271.01952762231,4799.029397409841,0.0,0.0,63070.04892503215,8611.3428065957,eval,63.43041060451672,142.06391711856492
2025-12-16,6+18,64107.93898095458,148.61066817001515,1457.9032868757586,410.22644327438474,65714.45293600037,9744.666864592453,eval,171.79547205105263,429.8110199006197
2025-12-17,6+18,63425.02046726615,-584.2596896712773,684.948918486778,144.343556413523,63525.70969608165,9718.393370892638,eval,226.80222203562153,561.5374460809576
2025-12-18,6+18,62142.45030416873,2631.231152046944,0.0,0.0,64773.68145621567,10500.691411334752,eval,313.1741149047984,738.3333021276196
2025-12-19,6+18,24878.97960991846,1697.723252622156,5.749711817770731e-14,1.4210854715202004e-14,26576.702862540616,9897.81482510285,eval,37.151267350119475,80.08575941694241
2025-12-20,6+18,28990.082917076004,-1937.7745629735928,0.0,0.0,27052.30835410241,7659.262682031396,eval,269.17178563696206,724.4487900651123
2025-12-21,6+18,64138.12752240554,-1438.3254066150682,1399.3678750070244,374.52274996864594,64099.1699907975,7162.069995552565,eval,367.20131092555596,853.2723713291473
2025-12-22,6+18,60337.46753024834,438.2130863745662,6289.433788707072,1667.4530298774503,67065.11440532998,9527.557641257443,eval,230.16228055525931,790.8822480731345
2025-12-23,6+18,62167.56548806685,-1322.2532039683417,0.0,0.0,60845.31228409851,8608.874708113304,eval,281.91939125124145,937.229288329896
2025-12-24,6+18,61859.84765092862,-474.7893301041654,115.3700582114121,19.862280831783096,61500.42837903587,9637.919053148222,eval,171.60593585610383,533.9120338495701
2025-12-25,6+18,57880.51516897902,227.1762368555402,5609.231660406089,1485.3363672769635,63716.923066240655,6497.174243512675,eval,126.09435149779429,450.0730767191559
2025-12-26,6+18,26988.46333282604,1334.0574909142692,3424.6063330734446,1019.5214930301091,31747.127156813753,10202.40131877139,eval,266.0710646278536,812.4569819499304
2025-12-27,6+18,25146.256686900462,-176.5213963979565,5.327702723434413e-13,2.3803181647963356e-13,24969.735290502507,7410.936818650177,eval,457.79025563201503,1052.2225568523604
2025-12-28,6+18,58886.105876637055,134.58557278575438,823.309780576759,383.39556979191514,59844.00122999957,7597.867783481345,eval,530.530620012181,1718.8062871063303
2025-12-29,6+18,58955.55686872141,3757.3996941123582,585.9975636605047,273.3974417653673,63298.95412649427,10535.285798315177,eval,310.30521953272665,1329.0686362189226
2025-12-30,6+18,58015.08492997514,2105.41749051526,1718.300833024972,449.0657087457569,61838.803253515376,8252.82908762075,eval,289.5080342503899,951.6637129768362
2025-12-31,6+18,62409.45518409059,596.2492736709444,1452.677221022204,374.280093777827,64458.38167878374,9511.327707042417,eval,287.5086229361194,908.347610394221
2025-01-01,12+18,0.0,0.0,366613.56615685835,92035.17001666666,366613.56615685835,6000.0,init,0.0,0.0
2025-01-02,12+18,65502.51677395027,865.4226634292932,4839.498083568553,1397.036903806581,71207.43752094812,10025.448671111111,init,0.0,0.0
2025-01-03,12+18,61859.710766730685,-437.1439592009295,0.0,0.0,61422.56680752976,10800.0,init,0.0,0.0
2025-01-04,12+18,25007.79001585185,-72.34335323929356,6740.1490256845045,2078.901367352539,31675.595688297064,9958.349187037036,init,0.0,0.0
2025-01-05,12+18,25500.224771155554,806.4159243627738,182389.3354555636,45006.67725637861,208695.9761510819,8558.511815185186,init,0.0,0.0
2025-01-06,12+18,62419.43830792399,-75.85560721430268,3842.831538293053,1064.091566666667,66186.41423900274,10116.492809259258,init,0.0,0.0
2025-01-07,12+18,59530.17537370636,4101.962629724338,4721.089437579162,1459.347677777776,68353.22744100986,10232.597833333331,init,0.0,0.0
2025-01-08,12+18,65247.11393611398,-1754.5826329255817,3824.3779989860964,1239.6805583333287,67316.90930217449,10227.11604,init,0.0,0.0
2025-01-09,12+18,60094.50479259694,2254.36717844676,4324.2213439654715,1343.9107637222141,66673.09331500917,10003.817253888888,init,0.0,0.0
2025-01-10,12+18,65050.279006997676,-1832.0512927006318,0.0,0.0,63218.22771429704,10800.0,init,0.0,0.0
2025-01-11,12+18,25143.325270030557,839.0179384167423,3475.373687841956,1089.728741759269,29457.716896289254,9832.336335,init,0.0,0.0
2025-01-12,12+18,26585.210097493815,308.9313893521505,177765.9782768627,43513.89246347737,204660.11976370867,8455.086756666667,init,0.0,0.0
2025-01-13,12+18,62492.28934012931,-821.1731925181534,3429.220308025757,1018.4620064835435,65100.33645563692,9989.435511666667,init,0.0,0.0
2025-01-14,12+18,60824.87127011575,139.62874669622795,4611.374956458046,1209.9443686111097,65575.87497327002,10265.803453703702,init,0.0,0.0
2025-01-15,12+18,58178.358866013456,3875.3537589818384,5353.762258378121,1386.781069135813,67407.47488337342,10146.49893,init,0.0,0.0
2025-01-16,12+18,60439.95500175298,1741.1720180505704,10496.636139848208,2668.356285410166,72677.76315965176,9999.412269074073,init,1.8189894035458565e-12,7.929224921099375e-12
2025-01-17,12+18,27534.963136870963,407.36504158376766,9.604994842587516,3.365450190114757,27951.93317329732,10140.114840617915,init,-1.8132162438178057e-13,-3.955406002731365e-13
2025-01-18,12+18,29164.198973239283,-1041.0743529521299,1593.6534753229835,392.27213431296025,29716.778095610134,9913.929795137106,init,4.547473508864641e-13,1.4441184248425998e-12
2025-01-19,12+18,59093.3732645673,3653.0324968731375,3725.2914282339793,875.5871874807303,66471.69718967442,9925.05909937124,init,-2.0747847884194925e-13,-7.654833211745426e-13
2025-01-20,12+18,60704.7273839025,973.7745493344629,4221.159697330284,1016.9214606369025,65899.66163056725,10056.004852631006,init,26.184888486399785,116.53165724615789
2025-01-21,12+18,60698.56900370814,-156.01100330279993,230.24281450636477,64.1437484775912,60772.8008149117,10244.400604270806,init,26.20529480946634,113.28281800622054
2025-01-22,12+18,61144.873308060734,-118.93533125276238,4709.869217100803,985.222990562191,65735.80719390878,9529.427366119306,init,153.0360352040839,445.6391216333862
2025-01-23,12+18,60458.38247504282,324.4334338824803,8964.31650977935,2076.363851276854,69747.13241870464,9822.611609118714,init,3.831202255066978,7.3049714396303544
2025-01-24,12+18,23352.012005136305,1507.105510377521,828.9466921393528,187.81552602818664,25688.06420765318,9953.242891910324,init,54.73649502891868,176.6756410820589
2025-01-25,12+18,23296.87080617058,1292.286304282291,412.6183137003775,110.71694458449498,25001.77542415325,10122.940545505417,init,90.37009696360992,220.2282026911824
2025-01-26,12+18,63980.46643015249,-681.1843908030314,1801.4640996616283,464.10646230956286,65100.74613901109,9785.488186300729,init,146.76941770703434,502.4182770942378
2025-01-27,12+18,57404.317324865595,3288.046424743262,292.78185348134986,74.45032185733089,60985.145603090205,9752.54245551261,init,153.71420589273944,512.6563522985628
2025-01-28,12+18,60644.84955035651,-96.53060793707697,3256.360526914718,719.5287034730854,63804.67946933414,9830.473318386054,init,158.7245787897438,674.3837868632938
2025-01-29,12+18,55454.57957137462,673.4159404713921,3913.9691527587665,952.3256464846156,60041.96466460478,10179.955465524085,init,159.93688649958102,504.5803391135745
2025-01-30,12+18,55643.762156253026,3839.7878880075227,1155.238391557787,227.1573727173991,60638.78843581834,9995.422819888123,init,174.64852841055603,587.6465668912673
2025-01-31,12+18,22560.080049479082,2147.3362668417103,342.37750181958137,99.25424027238194,25049.793818140373,10137.194918850411,init,107.1898592195148,292.3654480476388
2025-02-01,12+18,24084.767564307254,-674.6063105561699,0.0,0.0,23410.161253751085,10559.49802384942,calibration,96.40927395996233,214.6177582305164
2025-02-02,12+18,57522.89694059019,-111.89228515396154,1.3312728697201238e-13,2.842170943040401e-14,57411.00465543623,10724.965255388232,calibration,69.52485435886724,180.62427702909835
2025-02-03,12+18,58396.525171623936,-506.67306463397404,593.086557111985,132.16184098236056,58482.93866410195,10479.433095890754,calibration,247.28287219848198,893.9279576286292
2025-02-04,12+18,61540.121443806274,-1136.0529104918005,0.0,0.0,60404.06853331447,10442.070387621261,calibration,155.06592538019558,522.978096983484
2025-02-05,12+18,54503.65586448899,-116.26498009810507,4389.6587066912625,913.3258252031413,58777.04959108215,9861.644157635847,calibration,115.16256407475073,366.5336798761662
2025-02-06,12+18,58631.64909077666,-1697.8321244083577,2018.6960319345371,476.9118366709255,58952.51299830284,9590.685068120065,calibration,166.50358200076434,608.2361802168182
2025-02-07,12+18,22480.826610216973,-917.0990946399234,0.0,0.0,21563.727515577048,9992.913395620133,calibration,181.20540734378446,517.0930538853835
2025-02-08,12+18,18277.82571829815,1878.5442063035978,4239.312058689829,1060.523209153127,24395.68198329158,9831.054638661022,calibration,51.051173840568794,115.855843235156
2025-02-09,12+18,54957.959585273595,1818.6472359550678,1469.0480943428781,296.8313112522468,58245.65491557154,9665.795298986024,calibration,313.702467154803,914.993805593542
2025-02-10,12+18,50986.34301785165,-303.76818058431917,532.0671007694849,181.191850256772,51214.64193803682,9535.218550674943,calibration,326.75415263943387,1126.3893282611139
2025-02-11,12+18,52988.54236153947,-1496.939845202484,6893.094589761487,1390.9714354046114,58384.69710609847,9663.702174359425,calibration,122.5457173833845,369.26385729338983
2025-02-12,12+18,53617.66485149738,26.019662163472333,1659.513085091466,360.7452260104534,55303.19759875232,9805.441179449874,calibration,160.4842990077098,606.3083710337271
2025-02-13,12+18,49763.60547851045,309.75222239223626,1464.4786319618063,380.4896260622428,51537.83633286449,9841.148414792502,calibration,260.8416971595116,810.6689742239844
2025-02-14,12+18,18453.617568356945,1489.06829745017,707.7522651830801,196.81623296719638,20650.438130990195,9673.026852038973,calibration,113.00953289456827,296.73805048877296
2025-02-15,12+18,18955.27301252741,-65.09933416056039,1062.4692981000576,271.15906076046514,19952.64297646691,9521.025047202873,calibration,272.8097313562611,582.9281009836508
2025-02-16,12+18,54242.83205721875,-1307.7917896244385,3705.9324691169886,820.2532191994172,56640.9727367113,9609.022829402877,calibration,308.516929958168,986.3677160484425
2025-02-17,12+18,53299.02144532898,-1183.1432671494858,1930.083296387426,416.23657487796333,54045.961474566924,9586.052808881324,calibration,187.58139082638644,658.9853019116732
2025-02-18,12+18,47675.70653619594,2106.41521375528,3452.5500390160255,776.7379905822717,53234.67178896724,10019.110399778183,calibration,50.911438608367675,122.11762797175666
2025-02-19,12+18,47521.105078809036,2504.825846483661,2066.1560437329954,577.9014526043943,52092.086969025695,9526.426178586706,calibration,203.1106154529864,622.2841541365912
2025-02-20,12+18,50488.62786042162,-375.47186939576767,699.918576558331,175.87662922169363,50813.07456758418,9693.951971107963,calibration,142.7508373142318,504.39855054908367
2025-02-21,12+18,17932.490872652677,1091.5971560493342,0.0,0.0,19024.08802870201,9802.802211248643,calibration,48.358700116068405,110.71747929493222
2025-02-22,12+18,18646.558697560944,-86.00718542029472,0.0,0.0,18560.55151214065,9888.698789724705,calibration,71.18175346719191,215.02200890379171
2025-02-23,12+18,49461.19464484,-581.8170048235318,3629.5433030100403,776.6247572595789,52508.920943026504,9673.657065681577,calibration,260.44602961293765,843.0114276765493
2025-02-24,12+18,47589.48606265035,-138.49520068676782,350.42907258206975,82.97881484393326,47801.41993454565,9661.261079334368,calibration,333.26995538011386,953.0295525144672
2025-02-25,12+18,49003.38822444326,-868.303844374305,970.9918911099655,222.73156438782752,49106.07627117892,9505.542394688317,calibration,118.94179185081468,341.6612605569595
2025-02-26,12+18,44331.108049274,2636.441414438274,515.663723381733,168.16275177847893,47483.21318709401,10259.709618679766,calibration,38.84120317798316,93.16400431141803
2025-02-27,12+18,44462.51214059538,869.0652739635655,424.8188740140019,83.94173604716661,45756.39628857295,9813.235029457352,calibration,297.15739291552853,711.5317383552023
2025-02-28,12+18,17806.696887245897,183.12302123156692,874.6699991613002,188.85100843317278,18864.489907638763,9762.733395364607,calibration,30.456294703536173,75.21128185846142
2025-03-01,12+18,19800.459347910797,-369.99429354529843,0.0,0.0,19430.465054365497,9799.36269604449,calibration,72.64965483887646,156.75622926657303
2025-03-02,12+18,51098.57103713394,-506.21616498881144,0.0,0.0,50592.35487214512,9861.178364570418,calibration,286.80960102931266,828.1513385509767
2025-03-03,12+18,52814.384752549115,-260.78309690390756,0.0,0.0,52553.60165564521,9789.295398972865,calibration,105.76695209907648,270.9407723781698
2025-03-04,12+18,46865.7136625635,786.8441557936796,1299.4096855496355,330.6878302582397,48951.967503906824,9622.32782738137,calibration,197.97737721669222,575.0968643769314
2025-03-05,12+18,47013.390109910164,-1167.0625002651404,5125.371416629713,1245.7654733018967,50971.699026274735,9697.454088571794,calibration,174.679545387375,610.2658015933739
2025-03-06,12+18,43417.65295351758,844.8697473648044,2790.058408181615,677.9349216469262,47052.581109064,9935.161577585748,calibration,366.9693011877034,1134.120354190612
2025-03-07,12+18,18110.60514907849,-236.64614751167517,1.55928603362554e-14,7.105427357601002e-15,17873.959001566815,10137.338636124272,calibration,63.35956773325281,203.2645164696839
2025-03-08,12+18,16481.610868361433,-4.34600809388949,1831.1887781765981,491.83484110556617,18308.45363844414,10412.003467944047,calibration,10.942481680482544,27.737097965932755
2025-03-09,12+18,43467.445596257414,-1003.2904417683785,4780.773738118438,1257.9566593603226,47244.92889260748,10172.006652543945,calibration,281.1447639801639,681.975255615471
2025-03-10,12+18,42839.31032833908,566.2387206230788,9848.713901625026,2373.280804867311,53254.26295058719,9781.827842888346,calibration,57.62278064179651,144.32790435087082
2025-03-11,12+18,38309.38239308701,3090.214047695959,13546.23766310756,4093.2654044534943,54945.834103890535,10005.167974319738,calibration,133.13086813095052,354.28677114550857
2025-03-12,12+18,44844.138984649304,-1023.362864209164,305.4052950185971,75.11334090790666,44126.181415458734,9868.744804955359,calibration,349.0523542659387,951.0385394077479
2025-03-13,12+18,44421.8975350769,2126.133110492624,1305.6382065112434,201.06080174147917,47853.668852080766,9721.737075824438,calibration,117.59514574904685,259.0513604484644
2025-03-14,12+18,16099.590457247195,1053.8839441078974,1.8758328224066646e-13,5.684341886080802e-14,17153.47440135509,10152.897528641042,calibration,112.8047170037916,289.88900292576494
2025-03-15,12+18,15781.270903371602,367.9047266863006,0.0,0.0,16149.175630057902,9693.872277922725,calibration,171.82104003140404,414.4977555452862
2025-03-16,12+18,42555.338545378654,-67.80177717201254,1339.339758672899,392.89734149037736,43826.87652687954,10039.101421638801,calibration,330.32189695824974,899.7592086952515
2025-03-17,12+18,39809.61535860071,323.109305041457,3.570477247194503e-14,1.4210854715202004e-14,40132.72466364217,10087.905305943743,calibration,194.37867869351157,461.4473602497152
2025-03-18,12+18,47174.33040068892,-787.0069075833335,0.0,0.0,46387.32349310559,9943.482242259235,calibration,237.94885594564803,579.2615224066005
2025-03-19,12+18,36781.05858797757,4841.2722350088225,2065.6586888398815,835.6202382659226,43687.98951182627,10090.533258687057,calibration,208.931808168347,523.468725111287
2025-03-20,12+18,42799.97413688735,-1481.5002374455437,7584.705356217554,1795.4882813423542,48903.179255659365,9834.97925838476,calibration,274.4939310497455,663.5814618900521
2025-03-21,12+18,15675.320506330661,-64.57454330028426,1521.9408967552808,466.0272599148764,17132.68685978566,10018.893872347158,calibration,76.59669451386313,235.730447923968
2025-03-22,12+18,16471.63944954927,-250.7427088323165,0.0,0.0,16220.896740716955,10364.118567553509,calibration,37.939599137851935,132.61733652578636
2025-03-23,12+18,42191.39790658753,-1186.9240892495134,630.8943856082129,280.13963197213445,41635.36820294623,9960.24223152084,calibration,44.62394771957332,102.38043369439974
2025-03-24,12+18,39324.84691284732,-23.828346791874296,489.50338110889106,206.92310539353622,39790.52194716434,9880.696474081733,calibration,133.2403549374764,297.4583438143049
2025-03-25,12+18,45166.8190787997,-1736.2970707894297,1845.8177247110057,454.04061233201554,45276.33973272128,9657.4954697227,calibration,329.5926371758338,1110.8591850312685
2025-03-26,12+18,38710.29689528675,-831.8886928460134,3675.829885520534,898.7770777234308,41554.238087961276,10279.397937443304,calibration,180.49211505476256,409.0186980629346
2025-03-27,12+18,41435.29941935361,-397.2529542585606,0.0,0.0,41038.046465095045,9953.495931805188,calibration,152.55830676909835,381.33073790441256
2025-03-28,12+18,15624.63544527574,37.262780264623956,0.0,0.0,15661.898225540364,10273.957857654812,calibration,95.98139368756127,239.42242426010216
2025-03-29,12+18,15189.676351016755,220.16360070835526,0.0,0.0,15409.83995172511,10085.697387680968,calibration,43.74132534362091,92.41524748771225
2025-03-30,12+18,39889.998804219125,-983.9028360261796,2924.198155114523,798.8377088841205,41830.29412330747,10059.08703493644,calibration,258.368288090711,663.3307668619325
2025-03-31,12+18,34715.23048022713,3809.657211208181,3074.0086190084694,961.5441728375313,41598.89631044378,10383.534538431179,calibration,229.79828699787714,620.2896782287754
2025-04-01,12+18,42407.39624783027,99.94073725080477,65.38387411195238,10.62029953901606,42572.72085919303,10048.972859580033,eval,366.2790165064896,1100.947479692572
2025-04-02,12+18,41420.80622421607,431.5530283384871,0.0,0.0,41852.359252554554,9951.274217992264,eval,113.41095307224778,272.6953469933506
2025-04-03,12+18,42643.292053116704,-1127.2532065739335,0.0,0.0,41516.03884654277,9953.55292594694,eval,330.4771612154174,842.2962551647403
2025-04-04,12+18,14325.867172723007,-87.53087379084273,0.0,0.0,14238.336298932163,9724.065213830394,eval,65.42338338678226,151.67314948908415
2025-04-05,12+18,14479.527115499051,448.8233713671007,5001.162845944302,1307.5095008225803,19929.513332810457,9709.482880083853,eval,78.60040115501491,209.29360145263126
2025-04-06,12+18,39667.35720421374,143.81418126686648,46.64028144971703,16.342074789669596,39857.81166693033,10095.510997724296,eval,182.52737926344128,438.7769551428103
2025-04-07,12+18,33587.49382851878,3589.466934813217,0.0,0.0,37176.960763332,9996.966567018362,eval,133.37914444024864,291.92957718901516
2025-04-08,12+18,39797.421056827865,-273.72269871649576,558.1923121933818,144.2553637670822,40081.89067030475,9842.72199248172,eval,729.2088482366446,2191.69455079845
2025-04-09,12+18,38365.59184871674,108.34029676997595,3026.0158327586296,1268.0515259456583,41499.94797824534,9909.365616073646,eval,206.25216280387593,545.3362151479444
2025-04-10,12+18,38681.130131237376,101.4710799997323,1289.5363198504624,303.43480656539157,40072.137531087574,10142.002658427316,eval,581.1562402155593,1580.7614732291638
2025-04-11,12+18,13285.124143590529,459.4114473763074,2698.3376909709978,614.0097576251102,16442.873281937835,9556.208755943513,eval,74.15890876693236,163.00111663511197
2025-04-12,12+18,14953.367293308302,-309.7603490677605,0.0,0.0,14643.60694424054,10124.009489095526,eval,45.1567003959682,124.68277660486642
2025-04-13,12+18,34695.07170976364,1724.150480650455,718.4404850401796,182.6211243863135,37137.66267545427,10085.407212158127,eval,150.61108004855583,339.9982640221382
2025-04-14,12+18,38045.26466320326,-979.8944616720175,3143.9779814399967,789.6162621537538,40209.34818297124,9935.324885472133,eval,421.80487621064805,1204.0840497136483
2025-04-15,12+18,32887.60539795233,2884.995490056803,1451.2220509662682,307.7035115878005,37223.8229389754,10270.191009391105,eval,268.9231220338948,611.8018968524324
2025-04-16,12+18,36300.57493499125,1550.848041802834,298.4349673521397,90.49043809822894,38149.85794414623,9710.603542481027,eval,263.7096235766031,703.5604558268336
2025-04-17,12+18,34279.81839402161,1587.9997973862432,4243.189378407009,1000.6550382501288,40111.00756981486,9966.647938063643,eval,534.5081921934483,1313.709446549714
2025-04-18,12+18,13157.883791573644,810.4697878913634,2478.2117451894837,829.255360655231,16446.56532465449,10282.044277128498,eval,70.79651196497045,192.63492708972072
2025-04-19,12+18,13055.711138635403,437.574886672429,91.35969514301104,35.58018830452306,13584.645720450844,10257.235873451269,eval,67.30132301087806,156.5608370441959
2025-04-20,12+18,33982.33008973628,3059.4788698618727,1196.8999288293744,332.10260582601086,38238.70888842753,10193.380280194408,eval,24.43898048803092,56.20193994219577
2025-04-21,12+18,35523.531480602076,-1011.8315300997133,0.0,0.0,34511.69995050236,9788.35459508226,eval,38.62772662415095,139.50582793680687
2025-04-22,12+18,31803.65608562238,4625.824345267943,2680.007609844813,941.6971224422987,39109.48804073514,9934.570521316762,eval,354.4342879156019,1142.9784532218844
2025-04-23,12+18,31177.69076711645,4985.534712874818,1321.7499220587608,449.8833715807381,37484.97540205003,10197.567857030464,eval,195.0896302114022,402.9659406419378
2025-04-24,12+18,31413.57169157888,3161.0824321725268,84.12333280312572,28.761009467026383,34658.777456554526,9872.574193954375,eval,84.90105225814251,218.97675773046836
2025-04-25,12+18,13042.881207827311,-2.3463908692174207,0.0,0.0,13040.534816958094,10050.80800061202,eval,35.17346223106219,137.77513126950504
2025-04-26,12+18,13060.106799201001,220.91857040510237,0.0,0.0,13281.025369606103,10010.11796476517,eval,50.38185009464958,107.09208628601591
2025-04-27,12+18,31501.048614517378,1807.6697588666616,1033.8200987997911,222.0729464103706,34342.538472183835,10032.756755904866,eval,85.18982691770321,181.19856984527698
2025-04-28,12+18,37221.36178828031,-117.62241518732402,1.1689849088725167e-13,5.684341886080802e-14,37103.73937309298,9942.294774869402,eval,133.47555563074425,405.7208872491964
2025-04-29,12+18,31026.223154433283,1501.7463127283975,301.7628619213545,145.7051027334686,32829.73232908304,10217.536284801232,eval,90.40392635597073,253.27651768785782
2025-04-30,12+18,30700.063761217614,1766.306603553015,3502.9371180055805,1036.3746277088137,35969.30748277621,9860.407644564571,eval,64.66389475454243,186.2176415531841
2025-05-01,12+18,32559.619242362838,889.7505086110674,11671.589410519871,1996.7125916050582,45120.95916149378,8935.202542676121,eval,226.54163273986123,447.6646145817781
2025-05-02,12+18,14327.931152002264,572.6493252382456,7686.772125175684,1303.2302529262843,22587.352602416195,9266.661655490541,eval,38.63847248085488,120.70881313060895
2025-05-03,12+18,13403.787045243986,654.0250502860206,9509.247598973241,1614.3123565181538,23567.059694503245,9529.881924187326,eval,131.2090243752922,332.69577867717396
2025-05-04,12+18,33901.82076225034,161.87132575532064,11564.260211558947,2098.7723872248007,45627.952299564604,9108.116082603592,eval,185.25473696732973,412.6035692962934
2025-05-05,12+18,35272.253509135815,1441.86138444867,10781.968467829494,2310.045046150013,47496.08336141398,9305.094012833662,eval,154.91235182122978,353.59388495970944
2025-05-06,12+18,31946.946086398973,4123.1525780013235,12597.351091992157,2354.4796413386566,48667.44975639245,9242.85059982218,eval,151.76663041970878,425.71099191200074
2025-05-07,12+18,36234.91588193907,3028.0610215504475,3470.4799255990883,746.8987629404149,42733.45682908861,9710.858536241853,eval,260.506179382804,562.6419509391988
2025-05-08,12+18,36940.88406716667,1540.7986047678532,402.7945432097392,102.4289197405115,38884.47721514427,10279.846662187632,eval,593.8181922958088,1374.3836419415245
2025-05-09,12+18,15735.141428347131,692.5503114614933,785.5801048530057,266.21971038688497,17213.27184466163,10800.0,eval,69.77817222913602,194.55046789659934
2025-05-10,12+18,16162.825571035855,34.378804579375654,0.0,0.0,16197.20437561523,10756.821308022712,eval,158.99720590019882,750.7468864723319
2025-05-11,12+18,37357.4192705288,1159.4788722427206,185.80697583333372,27.561666666666724,38702.705118604856,9576.294139158204,eval,443.81266080626267,1315.2633867962788
2025-05-12,12+18,32908.04426787116,4759.340826733751,2.6363355942748966e-13,1.163513729807164e-13,37667.38509460491,10615.265052021336,eval,228.33084525126486,544.3962642439501
2025-05-13,12+18,37189.52349651224,1303.8958611368146,3.730917796929134e-13,1.7053025658242404e-13,38493.41935764906,10596.483192068956,eval,410.2745791204605,968.334247780409
2025-05-14,12+18,36418.00900410063,492.7218231122872,1599.9963333112526,550.495907858593,38510.72716052418,10257.26329203236,eval,520.8997115829623,1366.52587012363
2025-05-15,12+18,36669.13085691841,1159.2218601606983,0.0,0.0,37828.352717079106,10349.940284470036,eval,327.0906522179242,892.5578261915771
2025-05-16,12+18,14789.268724352536,-187.5752843043561,75.03529252849832,18.545549315002056,14676.72873257668,9941.376624647168,eval,37.632610928706775,100.23286193183426
2025-05-17,12+18,14679.53747818145,816.3372797061477,0.0,0.0,15495.874757887597,9787.696604301336,eval,54.846751222127565,217.76821593780147
2025-05-18,12+18,36739.5895445567,-82.33842498418312,1628.8829924145784,713.6779099459857,38286.13411198709,10379.492805557511,eval,257.65045173753094,590.4475390493401
2025-05-19,12+18,34168.29457841275,-781.7107068954101,451.90398166666745,67.00333333333344,33838.487853184015,8635.439922094394,eval,365.22120941216656,784.4092652932883
2025-05-20,12+18,34487.37055472651,3162.0517664046365,2.3379698177450334e-13,1.1368683772161603e-13,37649.42232113115,9290.061066634582,eval,706.2618886461133,1788.2666670867925
2025-05-21,12+18,33024.01963331977,3275.8807274751334,2846.4346546663546,611.6867188563409,39146.335015461256,9634.33089052851,eval,56.07956375826522,197.01504716340634
2025-05-22,12+18,34255.45989712441,3468.8273342081416,506.49813888605206,136.2864679136569,38230.78537021861,10494.514860269815,eval,180.27012981049862,449.934786106458
2025-05-23,12+18,13977.133202909532,1729.6275913448644,0.0,0.0,15706.760794254396,10709.421765983527,eval,211.25555627496993,1135.434567320225
2025-05-24,12+18,14890.628458800536,-112.50708138789463,218.77606154620787,51.35736686343631,14996.897438958851,10737.440208982789,eval,183.23706006312574,915.1592938829672
2025-05-25,12+18,35334.03508220223,792.2510614990563,157.28672077846494,32.23088540542318,36283.57286447975,10394.013820910643,eval,186.95882452534235,438.857697293616
2025-05-26,12+18,33686.21360140111,4142.327857949392,4798.183576616954,1195.5275818870407,42626.72503596746,10462.386291007775,eval,121.53224639993641,403.8929290061236
2025-05-27,12+18,33167.8108249925,1656.0194193477475,0.0,0.0,34823.83024434025,9758.146129072602,eval,316.07585856865825,913.066439812045
2025-05-28,12+18,35544.611159787644,-159.03217154592346,0.0,0.0,35385.57898824172,9830.957742443356,eval,373.86944403631765,950.97860937882
2025-05-29,12+18,33759.861165155875,2983.3671942719575,2703.9809849393123,592.5323623146351,39447.20934436715,10279.740812176504,eval,331.279675522646,779.9727547118764
2025-05-30,12+18,14428.94416169092,1150.829649504026,184.85265238493167,37.86113910285083,15764.62646357988,10662.544793074014,eval,36.0435973501643,154.70709975458368
2025-05-31,12+18,15613.321659497395,-374.71775500316267,26.55321643367786,11.963602808595567,15265.15712092791,10375.98462667883,eval,68.21113284428077,239.86509044898867
2025-06-01,12+18,46175.20465720188,-128.17913761082377,25956.752699708595,5382.585891033458,72003.77821929965,8613.29646834674,eval,121.32836016045853,319.74215169603906
2025-06-02,12+18,48174.57445246268,-1191.0259108682387,17058.992734869706,3311.0404651305334,64042.54127646415,7390.0306497255015,eval,217.18342115958043,492.0903292699554
2025-06-03,12+18,43311.33725055896,1100.2883809115592,13551.779348985987,2531.1344483193843,57963.4049804565,6823.505018447501,eval,460.36423105581616,1322.9930941680798
2025-06-04,12+18,56149.73298442975,-1317.0063208876963,790.3717245218096,315.96763760827,55623.09838806386,10066.08268230019,eval,478.86212898821975,1298.365762683725
2025-06-05,12+18,47557.3544895979,3653.0828849305926,1383.3817181260345,266.3455085663546,52593.81909265452,9923.973538741962,eval,175.00099156185303,574.1941741592295
2025-06-06,12+18,18368.924554736703,966.4627273076288,13050.8959209206,2744.545493103117,32386.283202964933,8421.319376862466,eval,207.543138108405,613.9793823645762
2025-06-07,12+18,21463.66654989248,1352.339309841218,5166.524801067801,842.874380706183,27982.530660801498,9094.012876188966,eval,403.27015252006106,895.9534128381247
2025-06-08,12+18,46511.223850460876,5150.580054592986,0.0,0.0,51661.803905053865,10798.590680374467,eval,125.74544437950166,284.96477572163155
2025-06-09,12+18,51160.79042915747,-707.5935066642385,0.0,0.0,50453.196922493225,10415.767840010178,eval,189.30368142499827,428.51582584785604
2025-06-10,12+18,48572.0973154137,1000.812526498858,1.036291052969318e-13,2.4868995751603507e-14,49572.90984191256,10051.66859734015,eval,199.72086996929764,483.0818300399504
2025-06-11,12+18,50268.12602040556,282.7230633277226,9598.125693128066,3249.362528850498,60148.974776861345,10293.05158805756,eval,417.2004314548123,1469.0066637922992
2025-06-12,12+18,49710.20974327385,64.2184459432837,0.0,0.0,49774.428189217135,9980.776183409052,eval,163.00602578754444,517.5356499733342
2025-06-13,12+18,25081.20076256317,-489.0536887069717,0.0,0.0,24592.1470738562,10788.547254549501,eval,79.60258718279061,308.63400092727125
2025-06-14,12+18,24021.19840119997,-269.99356756077043,0.0,0.0,23751.2048336392,10800.0,eval,99.02328769238048,513.7602459383723
2025-06-15,12+18,45680.19097950669,2340.1761475044177,5478.128933739237,2295.4677989245306,53498.496060750345,10622.029136301375,eval,219.84175622461757,521.6286190510025
2025-06-16,12+18,48653.159307984766,-87.62645148507613,5495.629776625238,1120.6215704504964,54061.16263312493,9818.542133881296,eval,207.3452553262824,519.5388099819094
2025-06-17,12+18,49123.070439357245,1058.200119009794,3179.2221808426857,1051.053585204639,53360.49273920972,7630.546081459079,eval,349.58685691563204,896.8492817384856
2025-06-18,12+18,50553.68255504101,-715.7094947608583,0.0,0.0,49837.97306028015,10044.293170662788,eval,823.9900118484559,2611.195490919673
2025-06-19,12+18,48038.34394470474,2178.4838478775955,38.3072544149941,5.68230429652067,50255.135046997326,10022.76799806672,eval,260.3135898915263,597.7312428410148
2025-06-20,12+18,20945.155337709133,-127.8475005138659,0.0,0.0,20817.30783719527,10437.732424573202,eval,61.85592753773356,150.3856599185181
2025-06-21,12+18,19978.12545125383,1150.8688987094476,0.0,0.0,21128.994349963275,10800.0,eval,148.98857735688634,463.44269185035336
2025-06-22,12+18,44544.711365971336,4458.342320919681,1.0685852203096148e-13,4.263256414560601e-14,49003.05368689101,10790.275648974288,eval,238.93586232768925,584.808188888969
2025-06-23,12+18,46919.04872383989,1507.9968912363606,1171.4689687861824,300.67793045289983,49598.51458386244,10187.506173429863,eval,368.5136220186329,1157.995295652791
2025-06-24,12+18,53330.70490891166,-878.530920154007,3808.9954426596337,831.057754224232,56261.169431417286,10499.198404461338,eval,796.6426888732025,2741.311867422699
2025-06-25,12+18,46259.52420946441,2866.8128860856114,2.3379698177450334e-13,1.1368683772161603e-13,49126.33709555002,9474.269300264023,eval,496.9942390876816,1397.7366318057
2025-06-26,12+18,46280.45317147299,3094.043656610025,363.92297385657736,53.917102899787665,49738.41980193959,10141.900605541488,eval,548.2226005226496,1469.7257559463608
2025-06-27,12+18,19893.91855842239,599.1456245868013,1329.8883422547428,293.00290448022395,21822.952525263936,10336.1818558139,eval,149.18565941637286,502.29656075855144
2025-06-28,12+18,19195.96418257619,1006.9869394537201,1.7827517240220914e-13,2.842170943040401e-14,20202.95112202991,10255.948913744598,eval,81.69900618250149,256.64617882467627
2025-06-29,12+18,45074.056609843814,5511.691778523516,0.0,0.0,50585.74838836733,9242.705388536595,eval,379.8250923357091,1161.5816506294755
2025-06-30,12+18,47398.71579523563,460.35554282104425,4.274340881238459e-13,1.7053025658242404e-13,47859.071338056674,10218.667408149737,eval,709.2404325570457,1907.975874374653
2025-07-01,12+18,39823.01285380413,5453.300848491135,41237.365104542965,11817.377195180336,86513.67880683823,6194.485287737944,eval,493.6710335301159,1272.241852469876
2025-07-02,12+18,51743.571374112274,669.2019696735592,3.8406255953304935e-13,5.684341886080802e-14,52412.77334378583,9370.478868281478,eval,154.08507955990473,426.10037785665247
2025-07-03,12+18,55039.95830228701,1148.98130555759,1874.2395095653546,434.4682960218903,58063.17911740995,10463.305100537085,eval,532.1857946023013,1630.5895883058813
2025-07-04,12+18,21847.72282844637,2344.966391524341,10229.852961780129,3618.2050488858413,34422.54218175084,7371.698438576901,eval,151.74996777980255,766.4488493921408
2025-07-05,12+18,24099.828154502058,1202.9977408095917,12885.519912914782,4106.38103166849,38188.34580822643,8724.800367800002,eval,339.2903673481352,886.4403015345797
2025-07-06,12+18,54425.84878598862,2948.9966996873345,8317.883289127829,2364.154097019447,65692.72877480378,10543.314913204846,eval,1356.4904551596755,4469.812509552825
2025-07-07,12+18,55989.104661884085,-188.46083058045372,0.0,0.0,55800.643831303634,10800.0,eval,198.8892179974692,470.1704252271985
2025-07-08,12+18,60639.487344574314,-287.8165468000675,0.0,0.0,60351.67079777425,10800.0,eval,305.22385859778535,844.8176324422427
2025-07-09,12+18,55334.44509534926,-1438.9348257958134,246.7648886842229,36.603855029922556,54142.27515823767,8831.24124644435,eval,212.70274358828834,482.97591854143747
2025-07-10,12+18,53152.65640303459,-439.740279101105,3240.1120239837646,849.1752611834604,55953.02814791725,9307.596773589947,eval,1197.485701973615,3477.3357472728553
2025-07-11,12+18,31511.640404291065,-464.58961230913803,0.0,0.0,31047.05079198193,10800.0,eval,69.51954878892055,174.99334460183525
2025-07-12,12+18,28237.15738999166,2384.453279128992,0.0,0.0,30621.61066912065,10051.136033416531,eval,177.20172239777534,776.0914983450001
2025-07-13,12+18,54379.13653595503,-397.7608419324131,0.0,0.0,53981.37569402262,9973.184975758157,eval,401.5748750154763,1017.4010623238664
2025-07-14,12+18,48421.56818960041,1648.050643326199,24.948988588683314,3.703553564712138,50094.567821515295,10004.538390826829,eval,118.54553554038401,276.8282077697082
2025-07-15,12+18,52773.78828728021,-583.9309390919359,0.0,0.0,52189.85734818827,9912.213745664209,eval,180.1517837628914,482.91312858376824
2025-07-16,12+18,48091.90222240582,502.2947006158369,205.70093784327946,30.44489570684226,48799.897860864934,5046.536074561424,eval,397.1985027029655,987.0932510503799
2025-07-17,12+18,50526.880890058965,4533.2495842555445,1142.8328305876755,514.6686972553166,56202.96330490219,9863.049686403941,eval,204.7378858869747,524.4354076187249
2025-07-18,12+18,24875.050480048485,46.071162482661634,2156.670433744931,464.5430572285625,27077.792076276077,6049.557158469559,eval,101.79809564528493,338.0539695976316
2025-07-19,12+18,29754.608919288232,-744.8719270723495,327.06354108549607,156.66279049708203,29336.80053330138,10634.713479856093,eval,380.2176234034599,1431.849917308387
2025-07-20,12+18,49645.722654436155,505.74286046242617,0.0,0.0,50151.465514898584,10372.078451221656,eval,514.327996529134,1283.36941172712
2025-07-21,12+18,52404.741410400624,-640.8384870457566,692.3982877750468,204.1039859055202,52456.30121112991,9463.41177655736,eval,1437.1412913757254,4509.967688053907
2025-07-22,12+18,49342.968363793945,1218.6833195658105,3169.3043873986644,690.233766897343,53730.95607075842,8594.889549396474,eval,214.62390330441266,498.0727359769633
2025-07-23,12+18,57486.47060993605,-1466.2997677319959,656.277379690968,248.0973625169703,56676.44822189502,10131.931278429396,eval,94.09228234085919,206.84059021744707
2025-07-24,12+18,54188.552755506964,-1244.2279006048243,368.03651299553843,156.8205553628145,53312.361367897676,5940.448962447311,eval,700.0748820967162,2079.922918162886
2025-07-25,12+18,26966.74893473289,75.54095582537315,1.3383072428041487e-14,3.552713678800501e-15,27042.289890558262,10156.312048297159,eval,161.2890541665684,660.5749080781703
2025-07-26,12+18,25300.135721162966,3.9551737853762035,0.0,0.0,25304.090894948342,10329.83037288723,eval,324.28612131876866,940.6230324866059
2025-07-27,12+18,49925.236638096976,1596.5418507354343,0.0,0.0,51521.77848883241,8638.371268085239,eval,528.7808287440082,1270.6218449934818
2025-07-28,12+18,52313.814568402464,1631.0188154141003,3985.736970611463,1041.9344665549188,57930.570354428026,9897.199137541053,eval,127.50443888201816,292.0134391463884
2025-07-29,12+18,51728.15143752919,1493.6386846986663,2223.997162800526,459.98715843852415,55445.787285028375,9328.115146626456,eval,437.87390822993,1229.8212874041662
2025-07-30,12+18,45788.96622505895,8472.604571751206,4368.973788770654,1183.2868731924757,58630.54458558082,10181.37305144917,eval,123.91429593773731,264.9916388189446
2025-07-31,12+18,48777.460711462045,4179.365144076151,1909.6369294617998,394.6646687976497,54866.462784999996,9952.900309034985,eval,573.8745187024749,1591.698510250994
2025-08-01,12+18,25206.83886187907,-268.66004950726506,2225.970290521396,538.9837706273693,27164.149102893203,10030.402142139726,eval,137.065749626368,680.9341281583869
2025-08-02,12+18,24872.34128276706,-96.87071654109279,0.0,0.0,24775.47056622597,10382.290677349121,eval,120.89870177772505,389.63640497926633
2025-08-03,12+18,42415.718511989166,1208.636511939339,4071.202833745173,926.9659222082316,47695.55785767367,9567.141367171773,eval,299.831147371585,642.6136549054424
2025-08-04,12+18,46372.462647574575,170.1087432991792,4233.557368752592,951.016633701254,50776.12875962634,9744.477637249243,eval,197.32712295155937,433.6646627850838
2025-08-05,12+18,44478.589663173996,1426.5129914731592,1652.3560114188076,724.7487207396174,47557.45866606596,10120.866808980854,eval,383.357514739805,1057.1151003372129
2025-08-06,12+18,49799.88814090144,-252.76324766907598,3.965396899729967e-13,5.684341886080802e-14,49547.124893232365,10190.374343602247,eval,330.3463816177251,741.3130920635101
2025-08-07,12+18,50308.10600091718,-1434.9643584072542,887.4159150652822,238.44700196964018,49760.55755757521,8920.433085690827,eval,48.477782247948205,141.84092586540572
2025-08-08,12+18,24317.149403320072,-142.7418956808645,0.0,0.0,24174.407507639207,9775.299495325551,eval,126.06994029508944,636.6952604462447
2025-08-09,12+18,23776.55986489171,65.58925460087997,6.205880254128715e-14,2.842170943040401e-14,23842.14911949259,9996.630609472551,eval,110.5643523480135,397.02275108175127
2025-08-10,12+18,47560.263132970475,-1005.2461691018375,114.58588384504004,16.425728762190374,46669.60284771367,9802.245089040423,eval,625.5544018174481,1541.2063459518424
2025-08-11,12+18,42286.23367979331,1707.4565405211722,1373.4280134805435,674.5660842842796,45367.11823379502,8173.0653854606835,eval,922.0778511573022,2565.343558208334
2025-08-12,12+18,50610.84421893688,-1640.1900971676237,307.9384695591498,45.66185673406699,49278.59259132841,7838.594039915077,eval,76.19353126224107,306.279896256105
2025-08-13,12+18,45082.85363791174,3820.553246731801,815.6781362236467,379.7145221856092,49719.08502086719,10244.903193639138,eval,227.82697423393932,587.1486971451476
2025-08-14,12+18,46197.39494807506,615.1275737287509,1680.1031442895473,323.12085448999534,48492.62566609336,10092.022056430565,eval,344.5110389441876,834.4574046098469
2025-08-15,12+18,24855.051216969114,-395.8826465097054,0.0,0.0,24459.16857045941,9541.070799956877,eval,113.5294486354702,502.33077874561167
2025-08-16,12+18,26412.18545575888,-1355.4898895209355,1550.1440686544058,417.5915322596805,26606.83963489235,9759.073622283138,eval,90.85684354513712,275.4111144574013
2025-08-17,12+18,47802.58809090358,-533.7621564229978,0.0,0.0,47268.82593448058,8194.618998623764,eval,444.7346877684522,1051.0310674064103
2025-08-18,12+18,46039.80987676832,158.91083701923105,1074.8150803145973,477.35086868508813,47273.53579410215,8464.267182261907,eval,125.71887345421666,427.0142573308973
2025-08-19,12+18,44690.03897749502,1101.3895944102471,1578.9316077627304,364.12068595316947,47370.360179668,9985.53199870039,eval,474.00893406297973,1215.1009997246451
2025-08-20,12+18,50945.2900466647,-1200.7369901100778,658.5753092210563,130.4752363540127,50403.12836577568,8465.850062992815,eval,197.40839994805006,427.1158901265958
2025-08-21,12+18,48168.3392960106,47.41391713818467,1148.3879125885887,470.91469976587354,49364.14112573737,9906.956927524732,eval,583.1357276726278,1597.9085280328418
2025-08-22,12+18,24932.863609323846,-95.43269447564035,1763.9046700093684,551.282414084844,26601.335584857574,8834.244333241215,eval,858.8159508865789,2993.671541273511
2025-08-23,12+18,23613.62455424059,213.59337443019984,0.0,0.0,23827.217928670787,7806.10433946426,eval,223.51493007575476,774.560853392405
2025-08-24,12+18,46595.15136392994,589.8434070262883,2627.1793935895157,807.2413327525005,49812.174164545744,9208.455018582721,eval,165.00460418649828,431.28384881409045
2025-08-25,12+18,59641.334779031546,-3066.7688573761766,312.9935222461203,85.33194618145518,56887.55944390149,10143.285269203026,eval,291.7971978810396,826.6577897401542
2025-08-26,12+18,46751.02088896355,159.31533412263877,433.14610872723483,116.28296356094573,47343.482331813415,10074.597541874271,eval,50.97351837378071,193.41137900112605
2025-08-27,12+18,46862.95564684271,3510.0172590557117,48.97302484492709,7.264410716446946,50421.94593074335,9615.826591972469,eval,289.26343778595844,706.758247260492
2025-08-28,12+18,45953.67488550584,4255.632684182795,4696.528353487028,1222.179348398357,54905.83592317566,9275.142135407332,eval,562.7476973683413,1685.1924867439097
2025-08-29,12+18,26665.998595421042,-967.0970263571172,524.1368582086669,144.18262070429512,26223.03842727259,9464.884593025947,eval,174.71702210472745,556.0058087232167
2025-08-30,12+18,25595.374684179646,-653.0028074232114,61.676252418410655,31.349353589189263,25004.048129174847,9192.465492974108,eval,94.19240586926516,316.43059398914636
2025-08-31,12+18,47212.21027418056,-245.30888432103677,4642.079901594584,994.3037167543082,51608.9812914541,8770.079596919235,eval,430.6759400631663,1129.4470920211882
2025-09-01,12+18,51404.93660370272,-693.6919790122577,0.0,0.0,50711.244624690466,10800.0,eval,661.7228474969427,1971.386142310984
2025-09-02,12+18,42614.944250189204,2077.7419775775716,0.0,0.0,44692.686227766775,10800.0,eval,397.2178281724052,1045.2120141649848
2025-09-03,12+18,37920.505105807744,-88.50436767026092,0.0,0.0,37832.00073813748,8500.513393644702,eval,152.68492202253748,504.2552390442978
2025-09-04,12+18,39894.11899332583,-426.0575710355184,6323.102557337712,1400.0870046413888,45791.16397962802,10008.44991102192,eval,503.92404059767875,1353.834043323346
2025-09-05,12+18,23030.152381950236,-618.9175072738759,0.0,0.0,22411.23487467636,10800.0,eval,274.3476521804679,1035.678324922211
2025-09-06,12+18,23330.512643378923,-1204.2743489778877,0.0,0.0,22126.238294401035,9904.404540853246,eval,121.10368576612004,383.6623854569863
2025-09-07,12+18,37765.02054735936,-191.66200972203086,3332.250296657934,632.2181656195424,40905.608834295264,8263.348944542142,eval,206.19002189888903,886.0548084129471
2025-09-08,12+18,41021.48073120779,2396.673610472547,5307.704711145839,1070.7559991901105,48725.85905282618,9658.15550732773,eval,24.53419461278345,51.81266847480178
2025-09-09,12+18,35883.17175953016,3558.702732401248,5473.653788645934,1074.8628003029953,44915.52828057734,9774.473769580763,eval,124.75712367462029,453.7140572800903
2025-09-10,12+18,40490.4027930867,1927.8283710686037,948.5657308005901,232.34201870697612,43366.79689495589,6610.181967155195,eval,397.747364779381,1029.8991274046416
2025-09-11,12+18,44209.10008275683,-2747.040203177752,1450.8948554128917,289.973909867778,42912.95473499197,8632.415916224782,eval,295.0108103811759,676.3175922295696
2025-09-12,12+18,20355.572742633878,365.2202071912526,0.0,0.0,20720.792949825132,10800.0,eval,52.16761026163543,155.26053104498345
2025-09-13,12+18,18939.334153326876,21.638106116848455,0.0,0.0,18960.972259443723,10523.54752435511,eval,343.72510642519035,1368.8996733230642
2025-09-14,12+18,43882.3794360342,49.725400731808435,879.8435023197683,220.94921418977992,44811.94833908578,9207.773163091422,eval,452.86676290176985,1070.16702435461
2025-09-15,12+18,38618.97578887321,1686.2617607830737,4496.747981201434,1083.2916157270183,44801.985530857724,9959.26567326203,eval,238.58177145101666,766.9163167590386
2025-09-16,12+18,45210.246928433495,-1702.065923676605,859.5836216911163,363.6845579722642,44367.764626448006,8781.33233523183,eval,189.6939042019983,423.3834063580104
2025-09-17,12+18,41554.045042369326,-421.19525823099315,337.80448903369637,140.18382959027355,41470.65427317203,6179.709646013275,eval,45.56309702806108,130.82457951757198
2025-09-18,12+18,40293.19423899481,2094.324444146756,5147.025230677653,1078.6511825979364,47534.543913819216,7095.535968805326,eval,439.2928921100405,1060.2307470693192
2025-09-19,12+18,18301.057675203163,-12.157822419762539,1206.2348639977827,332.8123933302207,19495.134716781184,6543.837636377257,eval,69.8745429011332,235.9806965661989
2025-09-20,12+18,20633.682445796174,-279.7186420411782,2073.083580018423,494.78060054659977,22427.047383773417,10333.786888541523,eval,49.70323442991626,131.0908364057907
2025-09-21,12+18,42769.22120354892,-931.7934034013574,1.2536816029751207e-13,5.684341886080802e-14,41837.42780014756,8869.676442988377,eval,354.9139863634795,877.3116365693919
2025-09-22,12+18,44271.99863050252,-1864.029420731086,1980.27504079093,455.9546050800981,44388.24425056237,6740.844287057947,eval,390.8390409021029,913.8622473368308
2025-09-23,12+18,44992.09177056985,-207.76505477535068,669.4934716252426,126.77976446411054,45453.82018741974,10062.919351992938,eval,284.55872893375454,819.5169984283675
2025-09-24,12+18,38443.194101016205,3477.9646890424788,3277.058833167155,1173.449052995155,45198.217623225835,6493.487792225891,eval,254.3798227556925,632.4297717475272
2025-09-25,12+18,41814.444403371745,1601.178147707895,745.6614839157637,340.90978112726447,44161.284034995406,8163.211164331187,eval,271.0128858664446,599.7270946502537
2025-09-26,12+18,19688.802004780067,-147.51151775195882,383.08536182438786,125.56558996242259,19924.375848852498,10249.10460495576,eval,73.11972955652004,206.4527577849106
2025-09-27,12+18,16893.32739608664,794.6969389907773,2179.777263664131,553.64964941379,19867.80159874155,5455.716697616532,eval,110.71205341722575,363.87510925967456
2025-09-28,12+18,45162.656628855475,664.9159155159097,1829.3543019159881,448.8220158841347,47656.92684628737,6420.595916153393,eval,175.43445150413856,474.1297968202101
2025-09-29,12+18,45190.477555942365,-1417.488822560395,786.9476882294889,185.37825117449057,44559.93642161146,5634.113989235827,eval,554.2698528488257,1342.4895794891986
2025-09-30,12+18,46564.15806423927,-263.88807857905084,8130.575105510611,1936.51414139624,54430.84509117083,8284.669271459117,eval,328.80670629031613,801.5206021264387
2025-10-01,12+18,40894.19478599429,-1152.3052006315377,0.0,0.0,39741.88958536275,10653.218928765134,eval,769.1899107348816,1991.750973251456
2025-10-02,12+18,44926.293097226575,-1879.2171588752137,1.268460891878931e-13,5.684341886080802e-14,43047.07593835136,10800.0,eval,180.8916840028928,509.93847013641937
2025-10-03,12+18,16441.536389185836,-239.45531391002518,150.52314503776358,45.61307425386775,16352.604220313575,9967.252409818953,eval,69.10393978818777,160.19539617911641
2025-10-04,12+18,19239.729590144038,-79.70741390821797,0.0,0.0,19160.02217623582,10800.0,eval,43.27859256731583,92.76095963111602
2025-10-05,12+18,41399.86651526237,-531.3642459094697,654.5887957809433,303.4123291035612,41523.09106513385,10800.0,eval,346.96748116309067,901.2465368525033
2025-10-06,12+18,37977.5485869539,1925.329828487816,2473.5836482298328,503.23636540373957,42376.46206367155,8602.056387576537,eval,101.69288075573334,246.33327646931002
2025-10-07,12+18,40131.86472252998,1864.9516892726206,3170.1672026802253,678.3167131245506,45166.98361448283,9990.260667003253,eval,517.8924174095089,1351.828424464195
2025-10-08,12+18,35419.50040751244,88.48474577744022,10915.928809590087,2207.5292363660647,46423.91396287996,9552.070384772283,eval,106.10066688938454,329.2383503571626
2025-10-09,12+18,42594.99943668564,-1008.3365844060431,3751.9593538500358,616.2656433577712,45338.62220612963,8654.450238081221,eval,535.4375914456893,1718.6239925472444
2025-10-10,12+18,18038.51383836257,-768.3356551909442,2592.2278348246446,587.1634977678001,19862.40601799627,8856.828142715589,eval,162.0112833578465,508.2334107949999
2025-10-11,12+18,16605.70153967273,-444.459418761041,0.0,0.0,16161.242120911687,6216.231013049464,eval,206.3403786522209,691.8675943114041
2025-10-12,12+18,37919.08847189009,259.1418887973293,9525.582607772232,1767.880671984769,47703.81296845965,6557.1494171248605,eval,333.97343993840747,778.0472834324877
2025-10-13,12+18,39530.73043317409,-1159.8798180841663,8610.91264163618,1885.5826168804035,46981.7632567261,6139.106622397096,eval,208.21566885816065,493.6829454387973
2025-10-14,12+18,44383.55999654153,-1702.9737553299124,9701.16267632753,1999.8055956678566,52381.74891753915,8244.81180564969,eval,178.83940235758692,489.15264817208606
2025-10-15,12+18,48402.766304970224,-2825.7660606442173,1072.7683939188855,266.90252616344617,46649.768638244896,8763.48835863274,eval,1140.7139094398385,3513.76475585222
2025-10-16,12+18,43864.171238925,-613.4848932464017,4865.839135595765,1129.653730058157,48116.525481274366,9697.637005068329,eval,146.87311737638925,439.0398166689671
2025-10-17,12+18,14083.811166457937,1287.48753782434,0.0,0.0,15371.298704282277,5746.251762738839,eval,65.4330494176985,228.0396209888051
2025-10-18,12+18,18495.14992089832,-188.52449807733768,1029.7655041805697,261.118550332512,19336.39092700155,8469.984939913476,eval,98.42820817064106,268.26126073528087
2025-10-19,12+18,42686.36376540696,-358.6082426027745,4300.926768282325,1055.3140241994872,46628.682291086516,5881.013325974497,eval,597.8278566488701,1762.1357859004515
2025-10-20,12+18,48288.37480016627,-850.3932128172803,2.9654279032342856e-13,1.234568003383174e-13,47437.981587348986,9783.175946471787,eval,372.67501784260804,928.731762774309
2025-10-21,12+18,45395.131714954594,-706.6651448181566,189.256381914916,85.40450447424007,44877.72295205135,7377.714001148394,eval,127.87358161211978,419.36476472372635
2025-10-22,12+18,46143.21464850167,523.2332179223899,3796.830961720295,1069.3340538592079,50463.27882814436,9730.239470535602,eval,64.6649815127559,178.33260126576408
2025-10-23,12+18,50819.55235821792,-963.8486701435706,0.0,0.0,49855.703688074354,9890.67990710889,eval,450.0384055984041,1491.044200642409
2025-10-24,12+18,16230.055966886704,24.499640478755637,2.8617108682738034e-14,7.105427357601002e-15,16254.55560736546,6093.785983549746,eval,332.07235113577497,1284.9831274897563
2025-10-25,12+18,18534.799752752384,-305.38527548905853,418.45098996918637,126.83757069680803,18647.865467232514,7465.289308825233,eval,400.6849937891146,1326.5333888327928
2025-10-26,12+18,50367.56077551632,-1247.8377295258447,994.3806007197843,289.0017551888558,50114.10364671026,6715.319120176928,eval,1112.9318497236495,3590.1504332768536
2025-10-27,12+18,44252.14301665021,1966.3424716847628,92.48526773333361,19.744933333333393,46310.97075606831,9873.86655771061,eval,218.10299817689292,544.846073711612
2025-10-28,12+18,42699.18668601188,4781.004180272534,3.2298430596711116e-13,1.1368683772161603e-13,47480.190866284414,9995.066832956772,eval,178.21588245039842,646.7109573946022
2025-10-29,12+18,45613.522600006225,-119.26997840058102,629.5441237943523,260.7191379885322,46123.796745399995,7746.018438855733,eval,421.7860196515897,1355.8672372286437
2025-10-30,12+18,42826.22491111925,1789.297305038034,427.81984736144074,79.12860364242783,45043.34206351872,6612.639047593899,eval,170.37629223161977,474.5531347483936
2025-10-31,12+18,20079.155991731226,-158.85922191485594,812.1229268541157,232.66705672748537,20732.419696670488,9998.24998713603,eval,88.72545288003161,260.9911613186681
2025-11-01,12+18,18460.084139512226,-70.68051520164204,0.0,0.0,18389.403624310584,9333.027686747006,eval,88.1642552096115,288.96371497379516
2025-11-02,12+18,46078.92523067799,198.46960342351403,6773.621078106249,1622.301636911474,53051.01591220775,8173.7333738129555,eval,634.7776475330909,2014.933025364079
2025-11-03,12+18,50756.09690723265,-1170.0621770848297,0.0,0.0,49586.03473014782,9400.241016592749,eval,293.3845295203234,1344.2795465904846
2025-11-04,12+18,46339.77525654982,-236.26548395088133,685.4959733174348,167.00024520318402,46789.00574591637,7402.711702231989,eval,461.6305388190337,1158.1990757683348
2025-11-05,12+18,51522.098101949974,-1299.305617382909,3240.8521378376226,784.9437158403258,53463.64462240469,8393.024587602931,eval,396.42535605897376,1075.084182922748
2025-11-06,12+18,49372.81442334976,1307.542974759137,3553.6323136864758,786.9239074875729,54233.98971179537,9995.832375487296,eval,190.3421959342527,468.2232690498128
2025-11-07,12+18,17080.750170589094,324.55922083628064,1157.7977048670114,345.276869125241,18563.107096292384,7889.624316213552,eval,257.93864706620707,899.117702936428
2025-11-08,12+18,19162.079725920703,1530.9789815019606,0.0,0.0,20693.058707422664,9257.88274905782,eval,79.52344739570935,199.43467324928383
2025-11-09,12+18,50130.257316502655,971.5924810776072,5.979927664157003e-14,1.4210854715202004e-14,51101.84979758026,9801.977588487283,eval,174.07740584079093,551.0526335900769
2025-11-10,12+18,51163.85576287395,-737.3273677413131,5934.694719624183,1196.3342762038187,56361.223114756816,9663.486895403319,eval,463.4352331598951,1236.3468464348146
2025-11-11,12+18,49335.2129494227,-307.6243057351802,627.5540288892968,293.18827967252355,49655.14267257681,8041.369143626111,eval,320.6426492238585,996.8485802474518
2025-11-12,12+18,50674.834271504646,-1254.5974560572263,3276.18615347566,760.7582940876607,52696.42296892308,5196.646149167611,eval,300.07909928433554,828.3834303290284
2025-11-13,12+18,50166.745283826254,2127.4063140903013,3867.009210250428,909.2572563613389,56161.160808166984,9105.970042245059,eval,523.8742007524405,1410.997884902826
2025-11-14,12+18,18056.83908082244,1012.5205786180642,787.084426581951,341.88272679337535,19856.444086022453,8731.00072348812,eval,81.73713245029433,220.3210969897102
2025-11-15,12+18,20105.163383597293,-589.1996393839584,454.60929481429076,137.95135606066887,19970.573039027626,8136.211303794587,eval,606.8175342809848,1307.1837518307298
2025-11-16,12+18,50378.006347108785,768.9745811233067,0.0,0.0,51146.98092823209,6376.009651374357,eval,289.49524048028434,708.7197167832078
2025-11-17,12+18,48548.76080227672,3045.713589507178,3437.388874272514,1481.7365570329682,55031.86326605642,7514.9712082076485,eval,154.59906903267947,353.57314892336444
2025-11-18,12+18,51241.463303174474,390.70310572780795,3603.267082249767,1117.7232740165068,55235.43349115205,9716.650600675717,eval,21.288121909526602,53.248531747703716
2025-11-19,12+18,49843.706887937726,1285.4929313337148,5266.517827813726,1413.998363510199,56395.71764708516,8525.772659674521,eval,483.1455068000003,1431.7736117447753
2025-11-20,12+18,49600.57233960908,2320.282284506814,0.0,0.0,51920.8546241159,8977.13794342701,eval,322.60307861616513,911.3220401924191
2025-11-21,12+18,18871.85569258089,1438.9472144983424,1600.8017387059608,580.7624358812354,21911.60464578519,9035.580736492417,eval,103.18209564816911,279.05675245709676
2025-11-22,12+18,19968.645710422716,-320.4484078524861,757.9880085398049,241.08994097826303,20406.18531111003,8827.896494306133,eval,396.00720830143894,807.7848812670085
2025-11-23,12+18,50340.23548681649,-175.83373033926216,7465.7126944970605,1609.1787365243147,57630.11445097429,7120.194446758247,eval,123.75864726022853,568.0743436268093
2025-11-24,12+18,50091.75623693741,1100.3087935063836,3431.8948273486626,818.3554998400559,54623.959857792455,6637.040595753714,eval,501.35908314133,1471.7583805746867
2025-11-25,12+18,59403.65930322354,-1966.9309870956886,543.0765893131027,221.44223710614028,57979.80490544096,7813.4393719232585,eval,411.20851044605587,1281.0076461014567
2025-11-26,12+18,53089.35122002763,-263.3433997878367,750.0087669757438,286.9835100603033,53576.016587215534,8852.381648473023,eval,186.5177289482768,499.5998011800255
2025-11-27,12+18,52465.470735811454,251.15574876862564,634.7412460390987,129.67728858254748,53351.367730619175,10095.035666190657,eval,811.3837163234793,2503.882005161039
2025-11-28,12+18,18502.15633730946,854.3990142873417,1958.5840307797714,514.1302856632383,21315.139382376572,8062.987391275049,eval,501.7776815737974,1195.3753432415037
2025-11-29,12+18,24716.76829659941,-814.6795029677289,2.536921783757862e-13,1.1368683772161603e-13,23902.08879363168,7912.078482271445,eval,270.70265673383767,667.9516829829587
2025-11-30,12+18,54497.19323916407,1666.890833386465,2802.2867114203254,590.8906031421087,58966.370783970866,10102.75973341227,eval,769.470584342825,2425.297957416829
2025-12-01,12+18,55248.93344711566,-155.18004219706302,12705.946116482288,3357.7864449612143,67799.6995214009,6117.061887674044,eval,607.2899947812468,1972.0306122166112
2025-12-02,12+18,62236.768334039676,-675.313789569851,13304.372391562913,3610.977623536055,74865.82693603274,7773.122099457824,eval,172.40205982805205,409.12814309934305
2025-12-03,12+18,55519.95927031587,5189.065747313863,8760.725528171579,3307.763289809369,69469.75054580132,9921.820816176243,eval,163.2851127284742,440.67010407085746
2025-12-04,12+18,62786.49421003929,-1295.4393839486238,7295.958242941838,1560.2876112143258,68787.0130690325,9938.85593464997,eval,309.65510246516806,902.8229925764487
2025-12-05,12+18,22959.72401612612,197.63936032028906,6128.655701336642,1959.8161570181896,29286.01907778305,9971.574486822405,eval,321.68440612843267,810.725591999506
2025-12-06,12+18,24810.787833188395,-135.0343756957189,3306.2981517034946,1046.8544064263679,27982.05160919617,9541.995046305827,eval,427.2239145435398,1202.7286299101186
2025-12-07,12+18,64303.35652309729,-857.2796105211596,698.5010526494458,120.05169073977584,64144.57796522557,9533.260605310541,eval,572.5472557510868,1565.2466462399098
2025-12-08,12+18,64949.2179139879,0.0,154.99207140998814,26.683665560814006,65104.20998539789,10800.0,eval,171.8238778674992,480.18115927522575
2025-12-09,12+18,61265.80811313796,-60.40569486844352,475.8004474146473,82.02872276113658,61681.20286568416,8917.153509840282,eval,177.48695407912507,688.38323164264
2025-12-10,12+18,60801.20883841623,-114.28874990829581,4847.416386639934,1028.84355598494,65534.336475147866,9484.356543482267,eval,445.7582246068911,1617.8903325953931
2025-12-11,12+18,62910.18875004524,-958.4996362044077,1.9042545318370685e-13,2.842170943040401e-14,61951.68911384083,9726.456047576887,eval,603.7080749624365,1485.3963019760238
2025-12-12,12+18,25197.06949061028,431.5402347382835,0.0,0.0,25628.609725348564,7529.104300331369,eval,241.18704767608762,730.1150480827203
2025-12-13,12+18,27489.726690040006,-55.265172223820514,0.0,0.0,27434.461517816188,6890.0784573532155,eval,165.47538910945462,384.8092702183177
2025-12-14,12+18,60013.422646264866,2888.6845099124757,4181.2768133770915,1596.7325781512236,67083.38396955443,9613.71041944527,eval,562.8573540574655,1391.9960100691064
2025-12-15,12+18,58091.639857820715,2015.956599008166,7880.703755106564,2322.661189085063,67988.30021193545,8456.946293296203,eval,63.43041060451676,142.06391711856503
2025-12-16,12+18,64180.81413523195,-309.7050198514359,726.3752235213243,271.9370221537599,64597.48433890184,9788.624779491285,eval,171.79547205105263,429.8110199006197
2025-12-17,12+18,63404.2869840722,-175.30742863253369,0.0,0.0,63228.97955543966,9736.46842895511,eval,226.80222203562153,561.5374460809576
2025-12-18,12+18,62133.92490178259,816.3486771866783,309.04497094650003,79.69220396668851,63259.31854991578,10281.596308074239,eval,313.1741149047984,738.3333021276196
2025-12-19,12+18,24969.368511963603,983.5942972640153,1885.2175391537144,597.6315101135926,27838.18034838133,9823.173276612855,eval,37.15126735011902,80.0857594169415
2025-12-20,12+18,29028.372451727715,-1911.6315930344595,0.0,0.0,27116.740858693254,7540.580678032362,eval,267.649164303643,718.9117820436115
2025-12-21,12+18,64194.31470416559,-1307.127581637391,1899.7990482075402,500.998362579728,64786.98617073574,7162.069995552565,eval,367.20131092555596,853.3393826202264
2025-12-22,12+18,60337.46753024834,1149.2589624773836,3437.360779002894,1010.3514023107847,64924.08727172861,9541.874101767182,eval,230.16228055525931,790.8822480731345
2025-12-23,12+18,62160.81289085976,-404.7619183051726,0.0,0.0,61756.050972554585,8608.874708113306,eval,281.91939125124145,937.229288329896
2025-12-24,12+18,61859.84765092862,-333.300500340862,115.3700582114121,19.862280831783096,61641.91720879917,9649.069158160817,eval,171.60593585610383,533.9120338495701
2025-12-25,12+18,57876.12581863977,1821.8075381166857,825.5755293021482,193.5682827624131,60523.508886058604,6893.60418704383,eval,125.9036847020789,449.65570710333475
2025-12-26,12+18,26800.335300734754,526.770121828346,3574.9727651233666,874.6630081582427,30902.078187686468,10167.504236133154,eval,266.0710646278536,812.4569819499304
2025-12-27,12+18,25162.049565172918,-123.29802915040847,4.11350953299916e-13,1.7763568394002505e-13,25038.751536022508,7407.526824751453,eval,457.453935825377,1051.5321582934682
2025-12-28,12+18,58887.72335040969,1977.5986157318064,1306.8921394457698,596.4488298280052,62172.21410558726,8465.094589804858,eval,530.530620012181,1718.8062871063303
2025-12-29,12+18,58541.523394534306,1990.2727301332577,2718.207200515697,1042.0434914085963,63250.00332518326,10416.686587074539,eval,312.3374234075865,1332.3776296191577
2025-12-30,12+18,58060.90127444,-415.7159846032604,2998.8107507797185,1181.6787401780857,60643.99604061646,8252.829087620752,eval,291.53608076260474,956.1955386477551
2025-12-31,12+18,62409.45518409059,585.9339892550867,598.5054862990846,208.61185764578659,63593.894659644764,9549.159359557645,eval,287.5086229361194,908.347610394221
2025-01-01,6+12+18,0.0,0.0,366613.56615685835,92035.17001666666,366613.56615685835,6000.0,init,0.0,0.0
2025-01-02,6+12+18,65502.51677395027,823.7597364375727,5373.198788735221,1608.4473593621367,71699.47529912306,10025.448671111111,init,0.0,0.0
2025-01-03,6+12+18,61859.710766730685,-340.13322734029316,0.0,0.0,61519.57753939039,10800.0,init,0.0,0.0
2025-01-04,6+12+18,25007.79001585185,1623.9315139674195,4789.909244046324,1290.3700662894416,31421.630773865592,9958.349187037036,init,0.0,0.0
2025-01-05,6+12+18,25500.224771155554,1787.6942853039316,178796.11927173752,43825.52065689301,206084.038328197,8558.511815185186,init,0.0,0.0
2025-01-06,6+12+18,62419.43830792399,1646.4761197328094,2606.426840227353,777.9120677688593,66672.34126788416,10116.492809259258,init,0.0,0.0
2025-01-07,6+12+18,59530.17537370636,4877.778046638611,3701.5124306680455,1033.2099194444413,68109.46585101302,10232.597833333331,init,0.0,0.0
2025-01-08,6+12+18,65247.11393611398,-2140.95572940939,4667.804660926373,1453.5241333333286,67773.96286763097,10227.11604,init,0.0,0.0
2025-01-09,6+12+18,60094.50479259694,2014.4408642921308,5233.698633286304,1719.7451053888808,67342.64429017538,10003.817253888888,init,0.0,0.0
2025-01-10,6+12+18,65050.279006997676,-3025.44051989046,0.0,0.0,62024.83848710722,10800.0,init,0.0,0.0
2025-01-11,6+12+18,25143.325270030557,794.5708638559554,3659.1196488555524,1167.0249037037092,29597.015782742063,9832.336335,init,0.0,0.0
2025-01-12,6+12+18,26585.210097493815,2679.3760773165855,168984.21226419162,41025.619489231816,198248.798439002,8455.086756666667,init,0.0,0.0
2025-01-13,6+12+18,62492.28934012931,-916.5062147836367,2757.5615008339655,809.4236784999989,64333.34462617964,9989.435511666667,init,0.0,0.0
2025-01-14,6+12+18,60824.87127011575,-50.103009781473645,4355.990997939429,1206.3690116666635,65130.759258273705,10265.803453703702,init,0.0,0.0
2025-01-15,6+12+18,58178.358866013456,4707.452239302451,5150.995664257292,1273.5641969135927,68036.8067695732,10146.49893,init,0.0,0.0
2025-01-16,6+12+18,60439.95500175298,533.5459352751533,8191.200182203434,2347.254294708847,69164.70111923157,9999.412269074073,init,1.8189894035458565e-12,7.929224921099375e-12
2025-01-17,6+12+18,27534.963136870963,130.62699418933227,9.604994842587677,3.3654501901148137,27675.195125902883,10140.114840617915,init,-1.8132162438178057e-13,-3.955406002731365e-13
2025-01-18,6+12+18,29164.198973239283,-1648.3256268566772,1584.5527524535578,394.00148901510966,29100.426098836164,9913.929795137106,init,4.547473508864641e-13,1.4441184248425998e-12
2025-01-19,6+12+18,59093.3732645673,2972.206238987377,3393.6575695100923,913.3142078117094,65459.23707306477,9925.05909937124,init,-2.0747847884194925e-13,-7.654833211745426e-13
2025-01-20,6+12+18,60704.7273839025,1079.6329725820265,1909.5972204105965,434.76514831765047,63693.95757689512,10056.004852631006,init,26.184888486399785,116.53165724615789
2025-01-21,6+12+18,60698.56900370814,245.75754123477793,84.5487893583748,29.624663405176875,61028.875334301294,10245.304442136367,init,26.20529480946634,113.28281800622054
2025-01-22,6+12+18,61144.52262800728,492.76649460845664,3294.213023229077,674.5228210761684,64931.50214584482,9529.427366119306,init,153.02057957658215,445.60545154887313
2025-01-23,6+12+18,60458.38247504282,3137.795086326668,1465.3683321890487,466.26922759469176,65061.545893558534,9843.478288667788,init,3.831202255066978,7.3049714396303544
2025-01-24,6+12+18,23343.214539773187,1797.1198614526586,0.0,0.0,25140.334401225846,9958.860756316992,init,54.73649502891882,176.6756410820591
2025-01-25,6+12+18,23294.657255237064,1686.6142356780633,1.268460891878931e-13,5.684341886080802e-14,24981.271490915125,10122.940545505417,init,90.2740314822559,220.0073203411207
2025-01-26,6+12+18,63980.46643015249,-998.1137160899107,310.6133903711481,82.04371725626481,63292.966104433726,9785.488186300729,init,146.76941770703434,502.4182770942378
2025-01-27,6+12+18,57404.317324865595,2382.941471879649,0.0,0.0,59787.25879674524,9745.42365599641,init,153.71420589273944,512.6563522985628
2025-01-28,6+12+18,60648.31245083228,39.95200660179496,2137.7087586036528,473.094451214764,62825.973216037724,9830.473318386054,init,158.57429302217957,674.0548113180956
2025-01-29,6+12+18,55454.57957137462,1933.953004689968,1364.876865955542,374.6822307076626,58753.40944202013,10179.95546552408,init,159.93688649958102,504.5803391135745
2025-01-30,6+12+18,55643.76215625303,3137.0405913676436,843.7390754720802,145.35600890575847,59624.54182309276,9995.422819888125,init,174.648528410555,587.6465668912645
2025-01-31,6+12+18,22560.08004947908,1559.5188735639529,0.0,0.0,24119.59892304303,10192.974902438833,init,107.1898592195148,292.3654480476388
2025-02-01,6+12+18,24063.063140794686,52.81945659924018,0.0,0.0,24115.882597393927,10563.069529969447,calibration,95.35904699599084,212.31844855156606
2025-02-02,6+12+18,57521.42349589868,-596.6630534945032,0.0,0.0,56924.76044240418,10721.474952663399,calibration,69.5248543588657,180.624277029094
2025-02-03,6+12+18,58397.96511540363,-1146.2742945474438,314.81160982722827,67.50177239240122,57566.50243068342,10477.666588856437,calibration,247.28287219848198,893.9279576286292
2025-02-04,6+12+18,61540.8502260972,-1620.3520378685096,21.648682010255843,5.034577211687406,59942.146870238954,10440.227047500288,calibration,155.06592538019467,522.9780969834785
2025-02-05,6+12+18,54504.41634469667,858.5701362140857,2370.642575599287,456.49816016953434,57733.62905651004,9861.644157635847,calibration,115.16256407475052,366.5336798761655
2025-02-06,6+12+18,58631.64909077666,-2270.2215239572984,2063.2378333741135,469.8382592281259,58424.66540019347,9590.685068120065,calibration,166.50358200076434,608.2361802168182
2025-02-07,6+12+18,22480.826610216973,-851.651891868764,1.2536816029751207e-13,5.684341886080802e-14,21629.174718348208,10031.091410809178,calibration,181.20540734378446,517.0930538853835
2025-02-08,6+12+18,18262.631631813216,910.5542472107396,2966.857382263792,632.1888823654682,22140.04326128775,9831.054638661022,calibration,51.051173840568794,115.855843235156
2025-02-09,6+12+18,54957.959585273595,-59.377848441348476,1678.7647190657053,335.7949143606812,56577.346455897954,9665.795298986024,calibration,313.702467154803,914.993805593542
2025-02-10,6+12+18,50986.34301785165,1247.028017991409,577.7567072289531,198.80389854367792,52811.127743072015,9585.83294827284,calibration,326.75415263943387,1126.3893282611139
2025-02-11,6+12+18,52961.278136509995,-1592.1830070662297,7284.653272539972,1472.4630788752008,58653.748401983736,9663.702174359425,calibration,123.14466783827004,372.7268385591991
2025-02-12,6+12+18,53617.66485149738,-767.1127986192092,1947.1755378547105,414.28340188198536,54797.72759073288,9805.441179449874,calibration,160.4842990077098,606.3083710337271
2025-02-13,6+12+18,49763.60547851045,-34.90199228742989,523.8815356530546,138.87491292402694,50252.585021876075,9841.148414792502,calibration,260.8416971595116,810.6689742239844
2025-02-14,6+12+18,18453.617568356945,746.2556003779175,0.0,0.0,19199.873168734863,9819.006298169017,calibration,113.00953289456827,296.73805048877296
2025-02-15,6+12+18,18897.484066448455,1055.103289950591,212.8430607228364,57.90415592578677,20165.430417121883,9381.547706146754,calibration,269.72794304907154,581.710258274194
2025-02-16,6+12+18,54308.61886975022,-1737.8826658008186,5008.734967263956,1203.8224358154807,57579.47117121336,9609.022829402877,calibration,308.5169299581682,986.3677160484428
2025-02-17,6+12+18,53299.02144532898,-2299.1280382603763,1560.1270652775627,328.93561113493064,52560.02047234617,9586.052808881324,calibration,187.58139082638644,658.9853019116732
2025-02-18,6+12+18,47675.70653619594,2741.4658904550174,2837.2858547327123,624.7391115097445,53254.45828138367,10049.798623687846,calibration,50.911438608367675,122.11762797175666
2025-02-19,6+12+18,47508.062603507715,2273.4245185021405,3302.734538190532,800.7767030343916,53084.22166020039,9526.426178586706,calibration,203.5585435497789,622.53535785552
2025-02-20,6+12+18,50488.62786042162,-1510.3811418205244,3679.3269802973,966.9204320248446,52657.5736988984,9694.95829254275,calibration,142.7508373142318,504.39855054908367
2025-02-21,6+12+18,17932.090376848064,494.61247907802317,0.0,0.0,18426.702855926087,9803.257325416223,calibration,48.358700116068405,110.71747929493222
2025-02-22,6+12+18,18646.37867715196,-20.175069461578474,0.0,0.0,18626.20360769038,9888.698789724705,calibration,71.18175346719194,215.02200890379177
2025-02-23,6+12+18,49461.19464484,-360.48795384837865,1304.9696658223213,274.72489112163,50405.676356813936,9678.302419926826,calibration,260.44602961293765,843.0114276765493
2025-02-24,6+12+18,47587.495581037816,-127.77460734645541,0.1588898134576121,0.03392182183131354,47459.879863504815,9658.364654900788,calibration,333.2226050660294,952.8991097395432
2025-02-25,6+12+18,49004.705226339545,-1584.7284867317253,264.03341536767584,56.05526490347103,47684.01015497549,9505.542394688317,calibration,118.97557457901466,341.62409155476644
2025-02-26,6+12+18,44331.108049274,2184.0303294900727,1125.096655281958,431.873272877984,47640.23503404603,10259.709618679766,calibration,38.84120317798316,93.16400431141803
2025-02-27,6+12+18,44462.51214059538,781.1757805555012,1.3719159142056014e-13,5.684341886080802e-14,45243.687921150886,9855.459847244185,calibration,297.15739291552853,711.5317383552023
2025-02-28,6+12+18,17790.002461037515,113.77223672592447,0.0,0.0,17903.774697763438,9763.611253717132,calibration,30.456294703536333,75.21128185846177
2025-03-01,6+12+18,19800.13286046796,-398.5414332792996,0.0,0.0,19401.591427188658,9701.36889765613,calibration,72.62677512872834,156.7091771426534
2025-03-02,6+12+18,51108.323988147255,1791.0513898613876,0.0,0.0,52899.37537800864,9861.178364570418,calibration,287.2094281318476,864.104635101716
2025-03-03,6+12+18,52814.384752549115,-1185.8170895745675,0.0,0.0,51628.56766297455,9781.073910483561,calibration,105.76695209907648,270.9407723781698
2025-03-04,6+12+18,46869.0187609987,1668.5167239120167,905.4276153601772,212.709630980292,49442.96310027089,9623.481478915859,calibration,198.00187379614403,575.5508524823197
2025-03-05,6+12+18,47013.06893902001,-1524.887607660768,4047.7661434286433,995.1891578933795,49535.947474787885,9701.414563517763,calibration,174.61940991644138,610.0762846567264
2025-03-06,6+12+18,43415.921547652804,1611.6298954072417,2586.5946826622912,799.374346825188,47614.146125722335,9935.161577585748,calibration,366.92310780282116,1134.0414109114638
2025-03-07,6+12+18,18110.60514907849,492.2501170789939,325.77706610643673,80.78323736687403,18928.63233226392,10137.338636124272,calibration,63.35956773325281,203.2645164696839
2025-03-08,6+12+18,16481.610868361433,1347.6669129358977,1628.3412912161346,441.8934755044736,19457.619072513462,10375.90253446652,calibration,10.942481680482544,27.737097965932755
2025-03-09,6+12+18,43482.33923692431,595.7119379966917,5374.194549514734,1501.1401251894667,49452.245724435736,10172.006652543945,calibration,281.144763980165,681.9752556154747
2025-03-10,6+12+18,42839.31032833908,2343.3267832114857,5116.668918389683,1135.6010638038222,50299.30602994025,9787.849874977164,calibration,57.62278064179651,144.32790435087082
2025-03-11,6+12+18,38307.13385067241,6714.75631424351,4061.3313425051138,904.2698348648712,49083.22150742104,10002.374012769087,calibration,132.97391530559057,353.9536387736821
2025-03-12,6+12+18,44842.03284984565,358.6168652236173,1067.3131035410215,403.35742790554605,46267.962818610285,9867.036162544004,calibration,350.6598065371766,954.4066415465022
2025-03-13,6+12+18,44423.338569227315,1073.661404340216,1208.551877007339,185.03128821795292,46705.55185057487,9758.742094475287,calibration,117.25303722239444,258.4162359687342
2025-03-14,6+12+18,16085.023061605103,511.869389319118,0.0,0.0,16596.89245092422,10089.987894933573,calibration,112.8047170037916,289.88900292576494
2025-03-15,6+12+18,15806.018924175783,548.9405992753058,0.0,0.0,16354.959523451089,9684.51915635967,calibration,171.82104003140404,414.5304698561966
2025-03-16,6+12+18,42559.75010104923,1636.074147629874,927.1777256401609,233.56823171957228,45123.00197431926,10040.941644715502,calibration,330.32189695824974,899.7592086952515
2025-03-17,6+12+18,39808.89441440595,2127.5529679558385,601.7795494719718,266.11955103379967,42538.22693183376,10086.685421985008,calibration,194.33982953967006,461.3752367956084
2025-03-18,6+12+18,47175.000470748615,-1954.1346498421644,0.0,0.0,45220.86582090645,9938.984408603848,calibration,237.89734973405552,579.1133668220955
2025-03-19,6+12+18,36783.03401224312,4460.001864114916,2204.9216776508265,942.3563010223136,43447.95755400886,10086.743827494054,calibration,208.91715928585285,523.4411810330602
2025-03-20,6+12+18,42801.27614178103,757.8652564681286,6920.226001871431,1629.908987363016,50479.36740012059,9834.97925838476,calibration,274.61146059607387,663.9029718131982
2025-03-21,6+12+18,15675.320506330661,308.4094290328517,1521.9408967552808,466.0272599148764,17505.670832118794,9944.376442072287,calibration,76.59669451386313,235.730447923968
2025-03-22,6+12+18,16500.9538614451,-204.1326333076262,0.0,0.0,16296.821228137474,10364.118567553505,calibration,37.939599137851935,132.61733652578636
2025-03-23,6+12+18,42191.39790658753,-1247.1898847388636,630.894385608213,280.1396319721345,41575.10240745688,9967.076470472975,calibration,44.62394771957332,102.38043369439974
2025-03-24,6+12+18,39322.0411752905,-2.393949471627863,493.3926586897928,208.7274559297931,39813.03988450867,9851.154043053097,calibration,133.1908289879029,297.33815347958364
2025-03-25,6+12+18,45180.96990326242,-1247.6315710777071,2198.8847381277565,548.5371879717657,46132.22307031247,9659.203480453334,calibration,328.9689636318959,1109.5758414483269
2025-03-26,6+12+18,38709.491283558804,1196.3817457744678,0.0,0.0,39905.87302933327,10270.671782506048,calibration,180.4921150547626,409.01869806293473
2025-03-27,6+12+18,41437.65847200706,-652.1289018620282,48.407019308645815,10.231878949195902,40833.936589453675,9948.965661043201,calibration,152.55830676909898,382.64103223859047
2025-03-28,6+12+18,15626.418831663905,37.262780264623956,0.0,0.0,15663.681611928529,10273.957857654812,calibration,95.98139368756127,239.42323970883936
2025-03-29,6+12+18,15189.676351016755,252.54839936315943,0.0,0.0,15442.224750379914,10106.151134576194,calibration,43.74132534362091,92.41524748771225
2025-03-30,6+12+18,39882.10293607624,-1793.372646245988,3626.38676523508,1014.0718091152485,41715.11705506533,10053.408380456109,calibration,258.0185290188013,662.5290513612717
2025-03-31,6+12+18,34717.46633371061,6270.248672032863,1708.6885445744326,402.89663226814105,42696.40355031791,10386.584654184879,calibration,229.85821408858538,620.4221770263312
2025-04-01,6+12+18,42406.13790563099,-892.5547876151735,0.0,0.0,41513.58311801581,10046.257289437599,eval,366.2790165064896,1100.947479692572
2025-04-02,6+12+18,41421.86570390713,557.7327959039162,3.4297897855140036e-14,1.4210854715202004e-14,41979.59849981105,9995.040082604097,eval,113.46828177525462,272.8017777304826
2025-04-03,6+12+18,42626.018288409396,-820.9267911711249,0.0,0.0,41805.091497238274,9977.575253016426,eval,329.67931191301716,840.6342923426046
2025-04-04,6+12+18,14316.425677514886,66.96325301938279,0.0,0.0,14383.38893053427,9666.158611097919,eval,65.42338338678226,151.67314948908418
2025-04-05,6+12+18,14502.286147570998,448.8233713671007,5001.162845944302,1307.5095008225803,19952.272364882403,9709.482880083853,eval,78.60040115501491,209.29360145263126
2025-04-06,6+12+18,39667.35720421374,533.4360759467984,46.64028144971703,16.342074789669596,40247.433561610254,10094.435759028847,eval,182.52737926344128,438.7769551428103
2025-04-07,6+12+18,33587.915461868426,3319.9071636504495,0.0,0.0,36907.82262551888,10047.022947869344,eval,133.39753102194143,291.97078587330526
2025-04-08,6+12+18,39773.38653131298,231.95527648402094,179.76272072714323,45.808885498601626,40185.10452852414,9842.72199248172,eval,729.4394167827646,2194.335128424912
2025-04-09,6+12+18,38365.59184871674,973.5158900768022,768.8895852922797,327.3500207432837,40107.997324085816,9944.099671742646,eval,206.25216280387593,545.3362151479444
2025-04-10,6+12+18,38656.08599029457,127.3748686561421,1053.2156624126926,240.44110150104376,39836.676521363406,10120.772172091905,eval,581.1562402155595,1589.42271791476
2025-04-11,6+12+18,13293.449254197232,1207.3519111703345,1365.5794321296103,310.5836066924413,15866.380597497178,9556.208755943513,eval,74.15890876693236,163.00398275076722
2025-04-12,6+12+18,14953.367293308302,-62.93819249620728,0.0,0.0,14890.429100812094,10147.268476369576,eval,45.1567003959682,124.68277660486642
2025-04-13,6+12+18,34686.141654204075,1664.353536648723,719.3530163290156,182.39950884640422,37069.848207181814,10085.407212158128,eval,150.21335136616156,339.06334296229863
2025-04-14,6+12+18,38045.26466320326,-63.339540200992815,2775.0826607348645,671.5110971698684,40757.007783737135,9935.324885472133,eval,421.8048762106476,1204.0840497136473
2025-04-15,6+12+18,32887.60539795233,3214.3999903505864,853.4594162964896,176.60042401793078,36955.46480459941,10227.470976537998,eval,268.9231220338948,611.8018968524324
2025-04-16,6+12+18,36317.125900353574,220.31052818715762,1149.9314965547724,473.3909522826478,37687.36792509551,9698.07655178255,eval,264.4401361383916,705.1954876949534
2025-04-17,6+12+18,34286.82472662613,2841.0443032399007,134.5285937703473,47.13685836382177,37262.397623636374,9953.696050540831,eval,534.1816999804572,1312.5689249007871
2025-04-18,6+12+18,13162.962615227963,1050.8967271238348,2478.2117451894837,829.255360655231,16692.07108754128,10282.044277128498,eval,70.79651196497045,192.63492708972072
2025-04-19,6+12+18,13055.711138635403,450.6288772302677,91.35969514301104,35.58018830452306,13597.699711008681,10248.0262527089,eval,67.30132301087806,156.5608370441959
2025-04-20,6+12+18,33985.67469653672,2307.4586661718877,573.0179551232717,135.59127434959032,36866.15131783188,10199.953200555125,eval,24.679011755665137,56.733849231273645
2025-04-21,6+12+18,35521.18900539152,-621.0708308349015,0.0,0.0,34900.11817455662,9789.659051502813,eval,38.456415942620666,139.12800222871522
2025-04-22,6+12+18,31803.04081701069,3603.748531032865,2477.5888650871866,887.7916630091918,37884.37821313074,9948.775359916823,eval,354.4342879156019,1142.9784532218844
2025-04-23,6+12+18,31172.015792047343,3261.559504450145,2049.1660782261897,631.7642922061614,36482.74137472368,10177.029844504608,eval,194.78975028540088,402.55762255637904
2025-04-24,6+12+18,31422.044762746496,3122.8795013418044,72.30981315625804,25.336304539683965,34617.23407724456,9873.063236293734,eval,84.90105225814251,218.9767577304684
2025-04-25,6+12+18,13042.689483668588,84.15359327809801,0.0,0.0,13126.843076946687,10050.80800061202,eval,35.17346223106219,137.77513126950504
2025-04-26,6+12+18,13060.106799201001,220.91857040510237,0.0,0.0,13281.025369606103,10010.11796476517,eval,50.38185009464958,107.09208628601591
2025-04-27,6+12+18,31501.048614517378,3045.1913153663063,1006.6879942225496,215.8040618059648,35552.92792410623,10032.756755904866,eval,85.18982691770321,181.19856984527698
2025-04-28,6+12+18,37221.36178828031,610.5460332839274,1.3468692827700577e-13,6.394884621840902e-14,37831.90782156424,9942.294774869402,eval,133.47555563074425,405.7208872491964
2025-04-29,6+12+18,31026.223154433283,2018.5484508073575,506.31251055024364,191.76274052121113,33551.08411579088,10213.795474006607,eval,90.40392635597073,253.27651768785782
2025-04-30,6+12+18,30701.543438927423,1543.1560172899467,1675.6597930292896,621.4562387310998,33920.35924924666,9860.901949158457,eval,64.66389475454243,186.2176415531841
2025-05-01,6+12+18,32559.41531425649,3111.451572566009,9807.324892751876,1638.5618231378626,45478.19177957438,8935.202542676121,eval,226.54163273986123,447.65363003524726
2025-05-02,6+12+18,14327.931152002264,712.4492195346138,7642.458967364706,1303.2302529262843,22682.839338901584,9266.661655490541,eval,38.63847248085488,120.70881313060895
2025-05-03,6+12+18,13403.787045243986,624.9905833157533,9890.29578895459,1690.9450456436791,23919.07341751433,9529.881924187326,eval,131.2090243752922,332.69577867717396
2025-05-04,6+12+18,33901.82076225034,285.8461064851971,11496.75101368015,2089.790658776902,45684.417882415684,9108.116082603592,eval,185.25473696732973,412.6035692962934
2025-05-05,6+12+18,35272.253509135815,1548.700211442219,10187.099180545396,2041.602226978489,47008.05290112343,9305.094012833662,eval,154.91235182122978,353.59388495970944
2025-05-06,6+12+18,31946.946086398973,5072.58803732961,5272.966541658826,908.8865355843258,42292.50066538741,9242.85059982218,eval,151.76663041970878,425.71099191200074
2025-05-07,6+12+18,36234.91588193907,3385.648823504087,0.0,0.0,39620.56470544316,9711.606402721127,eval,260.506179382804,562.6419509391988
2025-05-08,6+12+18,36940.53132347728,2627.563588544902,402.7945432097391,102.42891974051145,39970.88945523192,10337.850089670263,eval,593.8181922958088,1374.3836419415245
2025-05-09,6+12+18,15712.401764636841,1206.7245925825732,449.10555674889304,167.47892533132733,17368.23191396831,10800.0,eval,69.77817222913602,194.55046789659934
2025-05-10,6+12+18,16162.825571035855,441.817188505505,0.0,0.0,16604.64275954136,10756.821308022712,eval,158.99720590019882,750.7468864723319
2025-05-11,6+12+18,37357.4192705288,673.2699750035754,185.80697583333372,27.561666666666724,38216.49622136571,9576.294139158206,eval,443.81266080626267,1315.2633867962788
2025-05-12,6+12+18,32908.04426787116,5467.948457558944,0.0,0.0,38375.99272543011,10519.691557417336,eval,228.33084525126486,544.3962642439501
2025-05-13,6+12+18,37228.47756665996,-235.20766799737672,1.268460891878931e-13,5.684341886080802e-14,36993.269898662584,10597.104388393544,eval,410.2745791204587,968.8095537954334
2025-05-14,6+12+18,36418.00900410063,1790.1104521443285,748.5703740286935,195.48467403171264,38956.68983027365,10257.26329203236,eval,520.7616679552759,1366.2695921288305
2025-05-15,6+12+18,36669.13085691841,3524.395220608692,1.1890932682945277e-14,3.552713678800501e-15,40193.5260775271,10317.76533511062,eval,327.0906522179242,892.5578261915771
2025-05-16,6+12+18,14801.859425535862,-187.5752843043561,75.03529252849832,18.545549315002056,14689.319433760005,9941.376624647168,eval,37.63261092870645,100.23286193183357
2025-05-17,6+12+18,14679.53747818145,795.4672010739731,0.0,0.0,15475.004679255422,9787.696604301336,eval,54.846751222127565,217.76821593780147
2025-05-18,6+12+18,36739.5895445567,377.85290588018324,1628.8829924145782,713.6779099459857,38746.325442851456,10361.49390143196,eval,257.65045173753094,590.4475390493401
2025-05-19,6+12+18,34168.29457841275,-782.8966376101109,451.90398166666745,67.00333333333344,33837.30192246931,8627.465363650452,eval,369.22096588451103,791.8348131841958
2025-05-20,6+12+18,34491.1318881259,3745.766174264472,2.3379698177450334e-13,1.1368683772161603e-13,38236.89806239037,9383.467423043712,eval,706.2618886461133,1788.2666670867925
2025-05-21,6+12+18,32987.07274904214,5295.570281651327,1.1689849088725167e-13,5.684341886080802e-14,38282.64303069347,9746.316352958182,eval,56.07956375826522,197.01504716340634
2025-05-22,6+12+18,34187.13459064512,2682.8530232974,210.61406800590623,87.78064681037336,37080.60168194842,10494.514860269815,eval,183.9359026330972,472.7903242047035
2025-05-23,6+12+18,13977.133202909532,1590.551946077882,0.0,0.0,15567.685148987413,10706.154692255892,eval,211.25555627496993,1135.434567320225
2025-05-24,6+12+18,14891.896050736123,-112.50708138789463,218.77606154620787,51.35736686343631,14998.165030894437,10737.440208982789,eval,183.23706006312574,915.1592938829672
2025-05-25,6+12+18,35334.03508220223,534.7291807130514,0.0,0.0,35868.76426291528,10392.097783842692,eval,186.95882452534235,438.857697293616
2025-05-26,6+12+18,33686.97252452336,6732.045563151528,1.2596501619555055e-13,5.684341886080802e-14,40419.018087674885,10462.386291007775,eval,121.53224639993644,403.89292900612367
2025-05-27,6+12+18,33167.8108249925,3222.08763398268,0.0,0.0,36389.89845897518,9771.500409188287,eval,316.07585856865825,913.066439812045
2025-05-28,6+12+18,35538.85838776274,-321.87865351955804,0.0,0.0,35216.97973424318,9818.40345095348,eval,373.6520801706144,950.5982995436489
2025-05-29,6+12+18,33765.78260597527,5386.535832545699,1104.959399236468,225.39447568144567,40257.277837757436,10305.610817337953,eval,331.27967552264596,779.9727547118762
2025-05-30,6+12+18,14418.80906976882,1386.4899541761743,4.639488793145574e-14,2.1316282072803006e-14,15805.299023944994,10682.264348043509,eval,36.0435973501643,154.70709975458368
2025-05-31,6+12+18,15605.596129446996,-173.78023470085242,26.55321643367786,11.963602808595567,15458.369111179822,10375.98462667883,eval,68.21113284428077,239.86509044898867
2025-06-01,6+12+18,46175.20465720188,1394.2479453897581,21880.521450052125,4487.901180842702,69449.97405264377,8613.29646834674,eval,121.32836016045853,319.74215169603906
2025-06-02,6+12+18,48174.57445246268,-1743.060369800065,17755.05075985661,3496.0902423850694,64186.56484251923,7390.0306497255015,eval,217.18342115958043,492.0903292699554
2025-06-03,6+12+18,43311.33725055896,4409.766196357226,13582.761415121797,2538.0378641607394,61303.86486203798,6823.505018447501,eval,460.36423105581616,1322.9930941680798
2025-06-04,6+12+18,56149.73298442975,553.213026477301,790.3717245218097,315.96763760827,57493.31773542886,10115.292349989273,eval,478.86212898821975,1298.365762683725
2025-06-05,6+12+18,47533.793655458896,3012.476533755796,838.1306415328478,146.70019838297043,51384.400830747545,9897.901162962191,eval,176.06612422407565,577.3168361156071
2025-06-06,6+12+18,18379.164741047964,1800.238861015529,13497.17098229843,2839.1592040776723,33676.57458436192,8421.319376862466,eval,207.543138108405,613.9875951629467
2025-06-07,6+12+18,21463.66654989248,2691.33817693221,5221.895086384575,853.8132072551862,29376.899813209267,9094.012876188966,eval,403.27015252006106,895.9534128381247
2025-06-08,6+12+18,46511.223850460876,2545.137842522916,0.0,0.0,49056.36169298379,10798.590680374467,eval,125.74544437950166,284.96477572163155
2025-06-09,6+12+18,51160.79042915747,-1278.8756761232814,1.2934719961776864e-13,5.684341886080802e-14,49881.91475303419,10245.781285896015,eval,189.30368142499827,428.51582584785604
2025-06-10,6+12+18,48642.22621268326,937.7087711296169,2.5073632059502413e-13,1.1368683772161603e-13,49579.93498381288,10043.678587228183,eval,199.72086996929505,483.08183003994435
2025-06-11,6+12+18,50271.28646890535,4514.084592595361,116.49859004310528,54.08334052245493,54901.86965154382,10302.072015567643,eval,417.33706062772717,1469.305266849704
2025-06-12,6+12+18,49706.75106740308,71.47012445850503,0.0,0.0,49778.22119186159,10252.851785719136,eval,162.85177647711802,517.1999263491891
2025-06-13,6+12+18,24974.42036499729,289.24892771478744,1.2536816029751207e-13,5.684341886080802e-14,25263.66929271208,10788.547254549501,eval,79.60258718279061,308.63400092727125
2025-06-14,6+12+18,24021.19840119997,-269.99356756077043,0.0,0.0,23751.2048336392,10800.0,eval,99.02328769238048,513.7602459383723
2025-06-15,6+12+18,45680.19097950669,6520.518547244131,3.8406255953304935e-13,5.684341886080802e-14,52200.70952675082,10775.698950698363,eval,219.84175622461757,521.6286190510025
2025-06-16,6+12+18,48591.06709247796,3225.626956915956,0.0,0.0,51816.69404939392,10174.800024573382,eval,207.34525532628314,519.3308017652283
2025-06-17,6+12+18,48966.792537857415,3145.842522834367,332.43352638414746,49.01247273981937,52445.06858707593,8480.875200486627,eval,348.63564246515296,897.3453113653644
2025-06-18,6+12+18,50150.30545315593,1391.5396357390623,0.0,0.0,51541.845088894996,10044.293170662786,eval,823.9900118484559,2611.195490919673
2025-06-19,6+12+18,48038.34394470475,795.8584328799571,38.3072544149941,5.68230429652067,48872.509631999696,9773.343549070225,eval,260.3135898915263,597.7312428410148
2025-06-20,6+12+18,21042.962146894126,-105.62515327038835,0.0,0.0,20937.336993623736,10436.395732997717,eval,61.855927537733564,150.38565991851812
2025-06-21,6+12+18,19978.649487819086,371.175440564784,0.0,0.0,20349.82492838387,10800.0,eval,148.98857735688634,463.44269185035336
2025-06-22,6+12+18,44544.711365971336,3649.9936547697152,2.982218916258717e-13,7.105427357601002e-14,48194.70502074105,10800.0,eval,238.93586232768925,584.808188888969
2025-06-23,6+12+18,46916.66085542136,1025.536203454612,1425.0023333932293,378.1044201316798,49367.1993922692,10187.506173429865,eval,366.7632388340048,1156.5542008549533
2025-06-24,6+12+18,53330.70490891166,812.1485709713023,1371.2734414388296,329.7969158198649,55514.1269213218,10548.99673775666,eval,796.6426888732025,2741.3118674226994
2025-06-25,6+12+18,46238.97963040602,1667.5470670035133,2.586943992355373e-13,1.1368683772161603e-13,47906.526697409536,9770.015340738582,eval,496.9942390876801,1397.7366318056957
2025-06-26,6+12+18,46145.62154535715,2433.2102010949375,228.97057892398163,33.863873241733586,48807.80232537607,10149.699850770214,eval,545.2115474435192,1466.47718058649
2025-06-27,6+12+18,19890.86024039085,621.3181003256981,1432.8855433543733,317.90852679908033,21945.06388407092,10336.1818558139,eval,149.18565941637286,502.29656075855144
2025-06-28,6+12+18,19195.96418257619,-12.334531973317842,2.085407402319106e-13,3.552713678800501e-14,19183.629650602874,10255.948913744598,eval,81.69900618250149,256.64617882467627
2025-06-29,6+12+18,45074.056609843814,2941.4329822013415,0.0,0.0,48015.48959204515,9266.562029355382,eval,379.8250923357091,1161.5816506294755
2025-06-30,6+12+18,47387.45546076916,950.5624041007793,4.274340881238459e-13,1.7053025658242404e-13,48338.01786486994,10234.005063848883,eval,709.2404325570457,1907.975874374653
2025-07-01,6+12+18,39815.6377420612,6307.61411974344,36471.536262838985,10066.559278891244,82594.78812464362,6194.136401194228,eval,493.9948284837634,1272.9077367920577
2025-07-02,6+12+18,51743.73697892503,543.5861643240073,0.0,0.0,52287.323143249036,9369.045584530146,eval,154.08507955990467,426.10037785665247
2025-07-03,6+12+18,55040.63433445639,4369.019533010401,1067.4805036364612,228.19571365010142,60477.13437110325,10488.75952370661,eval,532.1857946023013,1630.5895883058813
2025-07-04,6+12+18,21837.743676386992,1087.4551361942742,10572.8932193691,3721.2456754053756,33498.092031950364,7371.698438576901,eval,151.74996777980255,766.4488493921408
2025-07-05,6+12+18,24099.828154502058,1089.4984952454492,9971.466788394755,3246.785208781018,35160.79343814227,8678.238362008806,eval,339.2903673481352,886.4403015345797
2025-07-06,6+12+18,54447.82605272207,6132.513099228449,1.1029843705046005e-14,2.6645352591003757e-15,60580.33915195052,10543.314913204842,eval,1356.4904551596755,4469.812509552825
2025-07-07,6+12+18,55989.10466188409,1599.9617349883627,3.965396899729967e-13,5.684341886080802e-14,57589.066396872455,10800.0,eval,198.889217997469,470.1704252271982
2025-07-08,6+12+18,60639.487344574314,-228.4805297981451,0.0,0.0,60411.00681477617,10800.0,eval,305.22385859778535,844.8176324422427
2025-07-09,6+12+18,55334.44509534926,-1810.0894166271858,246.7648886842229,36.603855029922556,53771.1205674063,8844.286665965748,eval,212.70274358828834,482.97591854143747
2025-07-10,6+12+18,53147.27009426331,572.508195709624,456.94481240432833,210.47737042112448,54176.72310237726,9257.091880886386,eval,1197.485701973615,3476.5646180300355
2025-07-11,6+12+18,31532.172217167103,-708.3316687235242,0.0,0.0,30823.84054844358,10800.0,eval,69.24771590724836,174.4100507329942
2025-07-12,6+12+18,28237.15738999166,1910.9685264552782,0.0,0.0,30148.125916446937,10051.136033416531,eval,177.20172239777534,776.0914983450001
2025-07-13,6+12+18,54379.13653595503,-997.9748180010887,1.3250200936454348e-13,5.684341886080802e-14,53381.161717953946,9971.93040143908,eval,401.5748750154763,1017.4010623238664
2025-07-14,6+12+18,48422.057435947616,1651.7207531121912,0.0,0.0,50073.778189059805,10030.010672722565,eval,118.56698876123987,276.8754155822015
2025-07-15,6+12+18,52763.27955587144,-435.6067623296216,0.0,0.0,52327.672793541824,9554.155381488374,eval,180.1517837628914,482.91312858376824
2025-07-16,6+12+18,48313.10438031194,866.3122803770751,191.7832306853158,28.38499677130409,49371.19989137433,5044.2472979663835,eval,370.7146274370829,928.9318859275985
2025-07-17,6+12+18,50527.97060202671,4478.4367494248345,1156.2860569888926,516.597198746324,56162.69340844044,9846.545430811195,eval,204.7378858869749,524.4354076187252
2025-07-18,6+12+18,24881.537147624105,90.2842266725537,2152.9013947675608,463.7692861389771,27124.722769064218,6049.557158469559,eval,101.79809564528497,338.05396959763164
2025-07-19,6+12+18,29754.608919288232,-1195.2573797388563,327.06354108549607,156.66279049708203,28886.41508063487,9676.950228567695,eval,380.2176234034599,1431.849917308387
2025-07-20,6+12+18,50155.7017201788,1786.333664547579,168.903807833904,78.13177934263183,52110.93919256028,10515.091574421333,eval,472.82956396686643,1190.5722826995666
2025-07-21,6+12+18,52347.899868058026,1594.717263923965,18.873469179932588,6.6129885003267646,53961.490601161924,9463.411776557363,eval,1434.2067802942704,4508.888029978518
2025-07-22,6+12+18,49342.96836379394,7234.458396670951,603.1295971829071,158.21427803292895,57180.5563576478,8593.640476642175,eval,214.62390330441266,498.0727359769633
2025-07-23,6+12+18,57487.06017227608,-2356.4451219626358,1420.0110217595522,478.60251941193076,56550.62607207299,10130.792010243824,eval,94.09228234085919,206.84059021744707
2025-07-24,6+12+18,54189.022766926195,-1250.7292279105175,368.03651299553735,156.82055536281385,53306.33005201122,5940.448962447308,eval,700.0748820967161,2079.9229181628857
2025-07-25,6+12+18,26966.74893473289,355.2245478687055,0.0,0.0,27321.973482601592,10369.566832768644,eval,161.28905416656858,660.5749080781707
2025-07-26,6+12+18,25216.320193222142,20.011276649225152,0.0,0.0,25236.331469871366,10344.575027473551,eval,324.28612131876866,940.6064109108349
2025-07-27,6+12+18,49919.15364893265,1263.6569457240391,0.0,0.0,51182.810594656694,8638.371268085239,eval,528.7808287440068,1270.621844993478
2025-07-28,6+12+18,52313.814568402464,2110.9046251656273,3234.9629288683655,1107.9087104345167,57659.682122436454,9940.292438710121,eval,127.50443888201816,292.0134391463884
2025-07-29,6+12+18,51707.82576381111,2432.2435295634486,72.87832075811225,10.824048827879437,54212.947614132674,9354.941819851163,eval,437.87390822993,1229.8212874041662
2025-07-30,6+12+18,45776.3129775213,10058.947884589468,0.0,0.0,55835.26086211077,10189.63701181096,eval,123.91429593773731,264.9916388189446
2025-07-31,6+12+18,48774.19052896775,3790.6765230148244,532.2361418056362,108.30660667217478,53097.103193788214,9946.09094255457,eval,573.7658674201484,1591.489334562326
2025-08-01,6+12+18,25209.513308657915,-225.16599447217504,2225.970290521389,538.9837706273679,27210.31760470713,10027.726580548031,eval,137.065749626368,680.9341281583869
2025-08-02,6+12+18,24873.392136337818,-97.49220654697629,2812.786406669804,842.8575090229913,27588.686336460647,10381.308554704443,eval,120.89870177772505,389.63640497926633
2025-08-03,6+12+18,42416.1093771593,2416.5961150809344,3128.720129521631,643.3610047413115,47961.42562176186,9567.141367171773,eval,299.8518810718616,642.6208123970274
2025-08-04,6+12+18,46372.462647574575,1163.1156399016734,4339.63598934244,978.4984787442377,51875.21427681869,9744.475259600005,eval,197.32712295155937,433.6646627850838
2025-08-05,6+12+18,44478.59078463189,3127.01795734577,81.10621232453289,28.41843459163732,47686.714954302195,10372.010267511461,eval,383.357514739805,1057.1151003372129
2025-08-06,6+12+18,49641.79893711693,15.038377256598537,0.0,0.0,49656.83731437353,10190.37434360223,eval,348.0637988034748,795.7916667897814
2025-08-07,6+12+18,50308.10600091719,-2821.0928947229477,75.25829975334324,11.138651632256824,47562.27140594759,8920.433085690827,eval,48.477782247948994,141.84092586540777
2025-08-08,6+12+18,24317.149403320072,-141.66710903765085,0.0,0.0,24175.48229428242,9760.072326840926,eval,126.06994029508944,636.6952604462447
2025-08-09,6+12+18,23782.544598921224,65.58925460087997,0.0,0.0,23848.133853522104,9996.630609472551,eval,110.56435234801363,397.02275108175155
2025-08-10,6+12+18,47560.263132970475,-843.8827480057483,114.58588384504004,16.425728762190374,46830.96626880976,9752.51393614062,eval,625.5544018174481,1541.2063459518424
2025-08-11,6+12+18,42306.750543206304,2824.404595096574,1373.4280134805435,674.5660842842796,46504.58315178342,8228.344904137624,eval,922.0778511573022,2566.8133900607063
2025-08-12,6+12+18,50584.752286121366,-1804.9969433601477,307.9384695591498,45.66185673406699,49087.693812320365,7838.594039915069,eval,76.19353126224107,306.279896256105
2025-08-13,6+12+18,45082.85363791175,2247.0338813700655,1910.5235200408417,851.0658852438446,49240.41103932266,10241.601329091127,eval,227.82697423393975,587.1486971451488
2025-08-14,6+12+18,46198.68851954903,1504.9631821860073,52.637646609931174,7.545534204405271,47756.28934834497,10082.016193171505,eval,344.5675008279583,834.5803785926995
2025-08-15,6+12+18,24858.983821405825,-386.0537667304699,0.0,0.0,24472.930054675355,9541.070799956877,eval,113.5294486354702,502.33077874561167
2025-08-16,6+12+18,26412.18545575888,-1178.5715552781219,990.516914696191,282.30483249242013,26224.13081517695,9759.073622283138,eval,90.85684354513712,275.4111144574013
2025-08-17,6+12+18,47802.58809090358,-1040.3959091433408,0.0,0.0,46762.192181760234,8194.618998623764,eval,444.7346877684522,1051.0310674064103
2025-08-18,6+12+18,46039.80987676832,263.11671827478904,1074.8150803145973,477.35086868508813,47377.741675357705,8464.267182261909,eval,125.71887345421666,427.0142573308973
2025-08-19,6+12+18,44690.03897749502,1652.9954982555578,1578.9316077627307,364.1206859531696,47921.96608351331,9994.321071129896,eval,474.00893406297973,1215.1009997246451
2025-08-20,6+12+18,50941.75487827282,113.67284950174415,1.268460891878931e-13,5.684341886080802e-14,51055.427727774564,8417.579478149508,eval,197.2821538679385,426.86744150335727
2025-08-21,6+12+18,48189.345380785715,824.2958623296646,2199.0406396240323,854.0717618787069,51212.681882739416,9905.09724883776,eval,583.9679022319888,1599.7084762638183
2025-08-22,6+12+18,24933.59401672494,-97.91750228810486,1982.3885019817526,595.0514302242871,26818.065016418586,8834.244333241215,eval,858.8159508865789,2993.672127072298
2025-08-23,6+12+18,23613.62455424059,364.1087258152911,0.0,0.0,23977.73328005588,7894.134314671914,eval,223.51493007575476,774.560853392405
2025-08-24,6+12+18,46553.39581235644,4474.054783535439,1012.7496506720654,398.8781263960922,52040.20024656394,9292.88693757814,eval,165.0046041864983,431.28384881409045
2025-08-25,6+12+18,59577.6297727506,-3939.058053732706,14.985414912294898,5.250670957356306,55653.5571339302,10146.471957640355,eval,301.30218673202364,850.5390742282516
2025-08-26,6+12+18,46749.706202944915,336.2027893274591,1.1689849088725167e-13,5.684341886080802e-14,47085.90899227237,10076.055601749644,eval,50.97351837377498,193.41137900110306
2025-08-27,6+12+18,46862.411088778725,4679.7360777142085,48.97302484492747,7.264410716447003,51591.12019133786,9578.708654076116,eval,289.22942533951027,706.6839130587796
2025-08-28,6+12+18,45971.18217954695,5425.001461157651,2595.93751563535,688.2269329165613,53992.12115633995,9275.142135407335,eval,562.7476973683413,1685.1924867439097
2025-08-29,6+12+18,26665.998595421042,-213.16157661390207,29.667496617664288,12.37231858079889,26482.504515424807,9263.349087071903,eval,174.71702210472745,556.0058087232167
2025-08-30,6+12+18,25674.656736866906,-664.4413812286607,61.676252418410655,31.349353589189263,25071.891608056656,9192.465492974108,eval,94.19240586926547,316.4305939891471
2025-08-31,6+12+18,47212.21027418056,920.6761538951639,452.1156093229051,80.25656077444054,48585.002037398626,8770.079596919235,eval,430.6759400631663,1129.4470920211882
2025-09-01,6+12+18,51404.93660370272,-64.78367034677285,0.0,0.0,51340.152933355945,10800.0,eval,661.7228474969427,1971.386142310984
2025-09-02,6+12+18,42614.944250189204,5919.747176151091,0.0,0.0,48534.691426340294,10800.0,eval,397.2178281724052,1045.2120141649848
2025-09-03,6+12+18,37920.505105807744,-163.72345670274723,0.0,0.0,37756.781649104996,8306.073640499839,eval,152.68492202253748,504.2552390442978
2025-09-04,6+12+18,40162.716983937185,213.95321486254045,3848.3336649573143,775.1181731843039,44225.00386375705,10008.44991102192,eval,408.9233757069456,1177.4653089536996
2025-09-05,6+12+18,23030.152381950236,-710.2819246181239,0.0,0.0,22319.870457332112,10800.0,eval,274.3476521804679,1035.678324922211
2025-09-06,6+12+18,23330.512643378923,-1203.1759293630348,0.0,0.0,22127.336714015888,10037.667336524753,eval,121.10368576612004,383.6623854569863
2025-09-07,6+12+18,37710.042240656214,2393.2866275033252,84.26289355282223,17.983757027600518,40187.591761712356,8263.348944542142,eval,206.19002189888903,886.0548084129471
2025-09-08,6+12+18,41021.48073120779,1614.0932366174115,4667.146067634487,912.8369975895555,47302.720035459686,9658.15550732773,eval,24.53419461278345,51.81266847480178
2025-09-09,6+12+18,35883.17175953016,2678.0243013174745,4895.9432638914295,902.3013246923906,43457.139324739066,9774.117330740639,eval,124.75712367462029,453.7140572800903
2025-09-10,6+12+18,40490.74592976623,3464.2920364730444,351.07281344261736,73.05763508438845,44306.11077968189,6546.295564594968,eval,397.66815614824225,1029.7275590648842
2025-09-11,6+12+18,44239.42482850542,-2868.015762711487,1795.4356213446408,421.0486649330147,43166.84468713857,8632.415916224782,eval,295.0108103811759,676.3175922295696
2025-09-12,6+12+18,20355.572742633878,923.1267502743808,0.0,0.0,21278.699492908258,10800.0,eval,52.16761026163543,155.26053104498345
2025-09-13,6+12+18,18939.334153326876,21.638106116848455,0.0,0.0,18960.972259443723,10523.54752435511,eval,343.72510642519035,1368.8996733230642
2025-09-14,6+12+18,43882.3794360342,-58.8541427698579,962.9907812790561,234.20505778631843,44786.5160745434,9207.773163091422,eval,452.86676290176985,1070.16702435461
2025-09-15,6+12+18,38618.97578887321,598.8241918908275,2803.713724640569,720.1550121965904,42021.513705404606,9959.26567326203,eval,238.58177145101666,766.9163167590386
2025-09-16,6+12+18,45210.246928433495,-1997.5212224526335,749.7556155039074,337.79582759621354,43962.48132148477,8789.863741379051,eval,189.6939042019983,423.3834063580104
2025-09-17,6+12+18,41549.18026886093,165.9289050904392,34.70889375000076,7.629166666666833,41749.81806770137,6188.77763173609,eval,46.014457010233,131.66252932447415
2025-09-18,6+12+18,40288.88996843838,4835.445206551338,1007.1789695821474,238.2526232541743,46131.51414457187,7095.535968805326,eval,439.2928921100405,1060.2307470693192
2025-09-19,6+12+18,18301.057675203163,1043.2682050192768,318.5393062904758,103.77350912107356,19662.865186512918,6651.372270964535,eval,69.8745429011332,235.9806965661989
2025-09-20,6+12+18,20591.089052382496,-47.666199700455394,1306.251479228287,297.2455636023642,21849.674331910326,10333.786888541523,eval,49.70323442991626,131.0908364057907
2025-09-21,6+12+18,42769.22120354892,-1076.3821415367984,1.1689849088725167e-13,5.684341886080802e-14,41692.83906201212,8869.483584748868,eval,354.9139863634795,877.3116365693919
2025-09-22,6+12+18,44272.17779580703,-1287.1588838461366,1389.269543388795,450.75831276505534,44374.288455349684,6745.75831808795,eval,390.79618351554547,913.7741111213757
2025-09-23,6+12+18,44989.75978984439,-121.60711316711456,649.4905916501859,116.1363736948573,45517.64326832747,10064.396281298987,eval,284.55872893375437,819.5169984283672
2025-09-24,6+12+18,38442.63906125836,1932.929881958547,1205.9850118731256,463.5064440558064,41581.55395509003,6493.48779222589,eval,254.34132939929341,632.3480695985702
2025-09-25,6+12+18,41814.44440337175,3326.5333139005406,811.0646352630241,350.62360131845173,45952.04235253531,8172.158824139438,eval,271.01288586644466,599.7270946502538
2025-09-26,6+12+18,19685.267589679213,-204.69921048477454,487.2635824504954,134.31104336635912,19967.831961644933,10110.935333734915,eval,73.11972955652004,206.4527577849106
2025-09-27,6+12+18,16947.63206475457,865.7446824915387,374.26105610513014,148.02169789344438,18187.637803351237,5464.682553998395,eval,110.71205341722575,363.87510925967456
2025-09-28,6+12+18,45158.39386224903,4230.67152338274,113.13399276879491,50.73123388825627,49502.19937840057,7144.029763271,eval,175.43445150413856,474.1297968202101
2025-09-29,6+12+18,44847.125239794696,-50.202733556723274,4087.3482849557995,1036.25180998113,48884.27079119377,5639.464116372771,eval,554.2698528488256,1342.4895794891981
2025-09-30,6+12+18,46561.61437601494,2598.031369059166,1260.9020016348554,420.3536899287262,50420.547746708966,8293.700792609727,eval,328.80670629031573,801.5206021264374
2025-10-01,6+12+18,40889.9319080112,2278.58424832659,0.0,0.0,43168.51615633779,10800.0,eval,769.1899107348816,1991.7404364767801
2025-10-02,6+12+18,44864.23273023497,-3301.375546638538,0.0,0.0,41562.85718359643,10800.0,eval,182.0940755249265,511.9849398608045
2025-10-03,6+12+18,16441.536389185836,78.87440450240496,177.6636848565264,53.837480259553445,16698.074478544764,9967.252409818953,eval,69.10393978818777,160.19539617911641
2025-10-04,6+12+18,19239.729590144038,-78.789472707307,0.0,0.0,19160.94011743673,10800.0,eval,43.27859256731583,92.76095963111602
2025-10-05,6+12+18,41399.86651526237,-861.9709710412762,654.5887957809433,303.4123291035612,41192.48434000204,10800.0,eval,346.96748116309067,901.2465368525033
2025-10-06,6+12+18,37977.5485869539,1177.740156637153,450.2558650918354,152.78719473740313,39605.54460868289,8588.855669067945,eval,101.69288075573334,246.33327646931002
2025-10-07,6+12+18,40138.09546166603,3143.9547578354823,55.81535022312617,19.556885151761094,43337.86556972464,10006.758366344684,eval,517.8924174095089,1351.828424464195
2025-10-08,6+12+18,35411.631004926574,1065.0236337410975,8663.74288242501,1700.4391565582382,45140.39752109268,9552.070384772283,eval,106.4489516532592,329.97258046635295
2025-10-09,6+12+18,42594.99943668564,-2505.6504820975215,7349.787029828914,1338.4356174702161,47439.13598441703,8654.450238081221,eval,535.4375914456893,1718.6239925472444
2025-10-10,6+12+18,18038.51383836257,-675.3704964607739,2186.0788702031023,476.16303275692906,19549.222212104898,8856.82814271559,eval,162.0112833578465,508.2334107949999
2025-10-11,6+12+18,16605.701539672726,-444.459418761041,0.0,0.0,16161.242120911684,6216.231013049464,eval,206.3403786522209,691.8675943114041
2025-10-12,6+12+18,37919.08847189009,765.2720144412789,8718.079149267276,1588.8967461108969,47402.439635598654,6557.1494171248605,eval,333.97343993840747,778.0472834324877
2025-10-13,6+12+18,39530.73043317409,1000.819771640153,8700.982982038298,2060.9851201657693,49232.53318685254,6139.106622397096,eval,208.21566885816065,493.6829454387973
2025-10-14,6+12+18,44383.55999654153,1529.244468649131,5089.555758418076,1016.0158284374879,51002.36022360874,8244.81180564969,eval,178.83940235758692,489.15264817208606
2025-10-15,6+12+18,48402.766304970224,-1508.7288231819946,374.28230739985594,90.86183432531698,47268.31978918809,8640.666607675737,eval,1140.7139094398385,3513.76475585222
2025-10-16,6+12+18,43922.14310537671,1651.6148022779455,362.6832694222153,166.82184534393076,45936.44117707687,9536.088482894256,eval,146.87311737638925,439.0398166689671
2025-10-17,6+12+18,14147.692138516177,1778.0702817712895,0.0,0.0,15925.762420287467,5878.129706043589,eval,65.33090668874262,227.82026947837238
2025-10-18,6+12+18,18440.742942732704,179.2844131859144,0.0,0.0,18620.027355918617,8469.984939913476,eval,98.42820817064089,268.26126073528053
2025-10-19,6+12+18,42686.36376540696,652.5541511483702,2873.213300470121,708.1934942390237,46212.13121702545,5881.013325974497,eval,597.8278566488701,1762.1357859004515
2025-10-20,6+12+18,48288.37480016627,-199.7551957635772,0.0,0.0,48088.61960440269,9794.098808408951,eval,372.67501784260804,928.731762774309
2025-10-21,6+12+18,45389.979765074226,34.14384413094194,249.13253099120556,50.4988230835143,45673.256140196376,7149.710689716036,eval,128.10417536412655,419.8527253759992
2025-10-22,6+12+18,46252.48930396995,3453.7204626226417,882.9517777607728,215.5958253232456,50589.161544353374,9748.4094184823,eval,64.07753548925635,177.24200772313714
2025-10-23,6+12+18,50808.95319773894,-1972.2035642407936,1759.2171445122121,594.0022390211107,50595.96677801036,9887.159317080876,eval,450.6230539599128,1493.3203214877744
2025-10-24,6+12+18,16231.44663515367,24.499640478755637,2.8617108682738034e-14,7.105427357601002e-15,16255.946275632426,6093.785983549746,eval,332.07235113577497,1284.9837611959613
2025-10-25,6+12+18,18534.799752752384,400.5016755419769,415.78294950738155,102.45622797302036,19351.084377801744,7459.517498549292,eval,400.6849937891146,1326.5333888327928
2025-10-26,6+12+18,50370.29982014838,-2364.4509684769546,1391.9652738358327,360.96844516539403,49397.81412550726,6566.251943700964,eval,1112.9318497236495,3590.1504332768536
2025-10-27,6+12+18,44322.90023641747,3844.3776361582727,80.42861310719915,17.170925086934062,48247.70648568294,9928.215216198918,eval,218.10299817689275,544.8460737116117
2025-10-28,6+12+18,42674.41808341292,2810.4087493777397,1602.4705568199956,668.7546866529432,47087.297389610656,9993.19127724398,eval,178.84696415965496,647.9044057895823
2025-10-29,6+12+18,45614.41265538948,850.8968915892074,63.83406985802819,14.845132525122835,46529.14361683672,7750.796265846525,eval,421.7464245865419,1355.7954263683023
2025-10-30,6+12+18,42823.9697767796,1714.8259787864124,220.7106584073934,39.28041777619097,44759.50641397341,6557.256873376491,eval,170.3762922316198,474.5531347483936
2025-10-31,6+12+18,20102.985401714643,34.95077222319905,0.0,0.0,20137.93617393784,10009.041457086983,eval,88.81264481535591,261.23758839637566
2025-11-01,6+12+18,18455.8214009669,241.4501123323682,0.0,0.0,18697.271513299267,9246.757089402525,eval,88.1642552096115,288.96371497379516
2025-11-02,6+12+18,45923.40239653035,3748.06363530345,913.0913700092331,163.12371514674567,50584.557401843034,8190.681932148925,eval,716.076093453313,2211.146824592535
2025-11-03,6+12+18,50748.10283721751,-1581.7304053137464,2608.6144260982023,542.6470965097142,51774.98685800197,9404.643617675321,eval,293.3845295203234,1344.2795465904846
2025-11-04,6+12+18,46337.698696372536,616.2750728186977,300.9620714355935,64.89474797947895,47254.93584062682,7402.711702231989,eval,461.6305388190337,1158.1990757683348
2025-11-05,6+12+18,51522.098101949974,-40.70714720575097,2215.337697330845,527.8916809083827,53696.72865207507,8421.756269856727,eval,396.42535605897376,1075.084182922748
2025-11-06,6+12+18,49359.18602873404,1923.4333830090236,1672.575735561285,354.0477653181034,52955.19514730435,10002.636549317709,eval,190.3421959342527,468.2232690498128
2025-11-07,6+12+18,17078.06000438176,479.2737311035141,91.22847521026725,42.25281962203696,17648.56221069554,7889.624316213552,eval,257.93864706620707,899.1170905607833
2025-11-08,6+12+18,19162.079725920703,2734.050251930119,0.0,0.0,21896.129977850822,9256.355127947641,eval,79.52344739570935,199.43467324928383
2025-11-09,6+12+18,50130.97784445962,1725.9303368708968,2.3379698177450334e-13,1.1368683772161603e-13,51856.90818133052,9853.590235541711,eval,174.07740584079087,551.0526335900769
2025-11-10,6+12+18,51139.511797679945,1044.4431439683951,1610.8321984632419,307.8823653327985,53794.787140111584,9663.486895403319,eval,463.4352331598951,1236.3468464348146
2025-11-11,6+12+18,49335.2129494227,-365.14775939465017,739.1486470668553,311.1252699914112,49709.2138370949,8089.70849444404,eval,320.6426492238585,996.8485802474518
2025-11-12,6+12+18,50651.9053061,1303.9245960944,126.47624979014032,57.974619033964245,52082.30615198454,5198.311696788922,eval,300.07909928433554,828.3834303290284
2025-11-13,6+12+18,50165.95229809767,690.7725653953119,3617.340998046672,838.5668454287103,54474.06586153965,9105.970042245059,eval,523.8742007524405,1410.997884902826
2025-11-14,6+12+18,18056.83908082244,2773.1664742448406,639.8265398610404,299.1930944637882,21469.832094928322,8800.728032460622,eval,81.73713245029433,220.3210969897102
2025-11-15,6+12+18,20077.306626389687,-720.9469948626205,33.10163546455533,15.757513663295697,19389.46126699162,7758.464562740361,eval,605.3455133137874,1304.656485517021
2025-11-16,6+12+18,50556.30280888638,1262.145819754584,0.0,0.0,51818.44862864097,6376.009651374356,eval,289.4952404802844,708.7197167832078
2025-11-17,6+12+18,48548.76080227672,4057.4200176954623,280.62666638609767,129.76790798810714,52886.80748635828,7514.97120820765,eval,154.59906903267947,353.5731489233645
2025-11-18,6+12+18,51241.463303174474,2770.1573265747807,1422.8852954294373,304.7656052145962,55434.50592517869,9657.726892653012,eval,21.288121909526602,53.248531747703716
2025-11-19,6+12+18,49871.499236888434,4758.371607883224,369.0370987026432,80.43182277164397,54998.907943474296,8547.404530109936,eval,483.1455068000003,1431.7736117447753
2025-11-20,6+12+18,49590.36209676357,1968.7985777126914,0.0,0.0,51559.16067447626,8973.013005758596,eval,322.60307861616513,911.3220401924191
2025-11-21,6+12+18,18873.5036464288,391.21434373912086,274.09267684870974,79.45866845882296,19538.81066701663,9204.078811229529,eval,103.18209564816911,279.05675245709676
2025-11-22,6+12+18,19889.17078517171,-74.25367295098708,141.62418387506534,64.97530024291905,19956.541296095787,8920.513494900582,eval,396.00720830143894,807.7567982545522
2025-11-23,6+12+18,50297.14986052201,2853.6773858551082,269.4974314025302,53.43516622645154,53420.32467777965,7134.117457845465,eval,123.80401698646479,571.980803089146
2025-11-24,6+12+18,50085.14899467591,1195.3828485284187,1814.8544832108923,538.9987601310822,53095.38632641522,6605.735454392531,eval,501.35908314133,1471.7583805746867
2025-11-25,6+12+18,59418.51881032299,-1730.1378375674396,580.356884590883,230.11207321725203,58268.73785734643,7813.4393719232585,eval,411.20851044605587,1281.0076461014567
2025-11-26,6+12+18,53089.35122002763,1153.0238373833067,186.7188994425818,48.62771890395834,54429.09395685352,8853.857166044376,eval,186.5177289482768,499.5998011800255
2025-11-27,6+12+18,52464.77478335696,3678.934714166576,0.0,0.0,56143.70949752354,10218.015972053292,eval,811.3837163234793,2503.881759241444
2025-11-28,6+12+18,18453.212635182248,232.0998964180946,116.28619025760521,19.022769549747295,18801.598721857947,8034.509034185377,eval,499.1814306722528,1194.4790901013334
2025-11-29,6+12+18,24730.276530645613,-570.7803920010895,0.0,0.0,24159.496138644525,7912.078482271445,eval,270.70265673383767,667.9516829829587
2025-11-30,6+12+18,54497.19323916407,3659.3582909031084,0.0,0.0,58156.55153006718,10108.240862551036,eval,769.470584342825,2425.297957416829
2025-12-01,6+12+18,55246.467133217884,-217.80071170518306,13736.075151611567,3442.199364954743,68764.74157312427,6096.328474258448,eval,607.2680093632566,1972.1873850252268
2025-12-02,6+12+18,62246.60979427428,118.40323510325311,11688.131034815706,3159.393654607187,74053.14406419324,7773.122099457824,eval,172.40205982805224,409.12814309934345
2025-12-03,6+12+18,55519.95927031587,7650.736066233569,635.8008937798309,286.6654784286311,63806.49623032927,9921.820816176243,eval,163.2851127284742,440.67010407085746
2025-12-04,6+12+18,62786.49421003929,-680.7030254849135,4998.68614477457,1024.2057235540362,67104.47732932895,9962.925336319453,eval,309.65510246516806,902.8229925764487
2025-12-05,6+12+18,22948.371281672014,1411.5363187959795,5411.707880729423,1689.106625118255,29771.61548119742,9972.930721485836,eval,321.68440612843267,810.7255919995059
2025-12-06,6+12+18,24810.144073801486,789.7259797614097,1068.588835465002,417.917829743138,26668.458889027897,9541.995046305827,eval,427.2525461642123,1202.7826464763718
2025-12-07,6+12+18,64303.35652309729,-1131.8220446607434,2917.9271902146634,586.0425698913645,66089.4616686512,9908.197247827135,eval,572.5472557510868,1565.2466462399098
2025-12-08,6+12+18,64765.965891761836,-249.90699104218618,154.99207140998814,26.683665560814006,64671.05097212963,10800.0,eval,172.4842865911212,497.31901762118866
2025-12-09,6+12+18,61265.80811313796,478.9062939769487,1394.375926018502,259.9722264387473,63139.09033313341,8927.971033739837,eval,177.48695407912507,688.38323164264
2025-12-10,6+12+18,60796.10296713564,2797.9806988656974,0.0,0.0,63594.08366600134,9431.413318020692,eval,445.7582246068911,1617.8903325953931
2025-12-11,6+12+18,62946.2869544562,-798.5706013106916,267.53752050621074,61.10313896448693,62415.253873651716,9517.834282875028,eval,597.7147274079471,1474.2696522411143
2025-12-12,6+12+18,25306.906039134432,1084.2143219319287,3.2984814879455374e-13,1.4210854715202004e-13,26391.12036106636,7495.6749660078485,eval,236.94285687387247,718.5075264595065
2025-12-13,6+12+18,27505.583337620796,639.9023642330675,0.0,0.0,28145.485701853864,7572.5608721176495,eval,165.47538910945423,384.8092702183167
2025-12-14,6+12+18,59689.51856269857,3713.1207279922055,318.905713027627,66.79353084671212,63721.5450037184,9830.386847283364,eval,562.8573540574655,1392.0233564605928
2025-12-15,6+12+18,57990.68369333602,4798.468993751795,0.0,0.0,62789.152687087815,8466.260541169815,eval,63.717574461903936,142.80740266720306
2025-12-16,6+12+18,64176.41781023561,507.4672343184533,509.65671671580844,221.5085653714541,65193.541761269866,9820.64654093446,eval,171.79547205105263,429.8110199006197
2025-12-17,6+12+18,63389.1833865915,-567.7486614289197,522.7487947456852,109.09695730744562,63344.18351990826,9719.632410222355,eval,226.80222203562153,561.5374460809576
2025-12-18,6+12+18,62141.86589061821,2395.7444894615655,0.0,0.0,64537.61038007977,10287.17064795047,eval,313.1741149047984,738.3333021276196
2025-12-19,6+12+18,24967.06878707911,1536.4990161137034,590.6994302727318,128.02678027015838,27094.267233465547,9823.173276612855,eval,37.15126735011886,80.08575941694113
2025-12-20,6+12+18,29028.372451727715,-2118.0787447491493,0.0,0.0,26910.293706978566,7326.7925436851765,eval,267.649164303643,718.9117820436115
2025-12-21,6+12+18,64295.7215425576,-1278.738617188684,1399.367875007027,374.52274996864634,64416.35080037594,7162.069995552565,eval,367.201310925556,853.363136857376
2025-12-22,6+12+18,60337.46753024834,1535.5140647471499,2497.50470035087,640.6229903955618,64370.48629534636,9527.557641257443,eval,230.16228055525931,790.8822480731345
2025-12-23,6+12+18,62167.56548806685,-1302.2488523662123,0.0,0.0,60865.31663570064,8608.874708113304,eval,281.91939125124145,937.229288329896
2025-12-24,6+12+18,61859.84765092862,-416.472786130424,115.3700582114121,19.862280831783096,61558.7449230096,9637.919053148222,eval,171.60593585610383,533.9120338495701
2025-12-25,6+12+18,57880.51516897902,1933.4108796161279,531.396964528626,133.01551052030686,60345.32301312378,6833.391515631116,eval,126.09435149779429,450.0730767191559
2025-12-26,6+12+18,26828.909558468495,2052.453492394272,691.9977850697359,226.37228571716318,29573.360835932504,10202.40131877139,eval,266.0710646278544,812.4569819499328
2025-12-27,6+12+18,25146.256686900462,24.19555617209926,4.1985082077644623e-13,1.8118839761882555e-13,25170.452243072563,7410.936818650178,eval,457.79025563201503,1052.2225568523604
2025-12-28,6+12+18,58886.10587663706,2156.884388810929,823.3097805767566,383.395569791914,61866.30004602474,8465.094589804858,eval,530.530620012181,1718.8062871063303
2025-12-29,6+12+18,58541.523394534306,3695.200503158663,595.76983616707,277.87129856863453,62832.493733860036,10538.227944996712,eval,312.3374234075865,1332.3776296191577
2025-12-30,6+12+18,58013.95187986662,1555.0483686671698,1716.745859467996,448.4445888907651,61285.74610800179,8252.829087620752,eval,289.457723542136,951.5518961037757
2025-12-31,6+12+18,62409.45518409059,663.1199519868086,1284.8297607247296,338.45735121087057,64357.40489680213,9611.361955873579,eval,287.5086229361194,908.347610394221
2025-01-01,历史选型执行策略,0.0,0.0,366613.56615685835,92035.17001666666,366613.56615685835,6000.0,init,0.0,0.0
2025-01-02,历史选型执行策略,65502.51677395027,0.0,7481.679815828535,2057.4883987654293,72984.1965897788,10025.448671111111,init,0.0,0.0
2025-01-03,历史选型执行策略,61859.710766730685,-437.1439592009295,0.0,0.0,61422.56680752976,10800.0,init,0.0,0.0
2025-01-04,历史选型执行策略,25007.79001585185,-72.34335323929356,6740.1490256845045,2078.901367352539,31675.595688297064,9958.349187037036,init,0.0,0.0
2025-01-05,历史选型执行策略,25500.224771155554,332.95184836277497,183967.54904223024,45264.85058971194,209800.72566174855,8558.511815185186,init,0.0,0.0
2025-01-06,历史选型执行策略,62419.43830792399,1646.4761197328094,2606.426840227353,777.9120677688593,66672.34126788416,10116.492809259258,init,0.0,0.0
2025-01-07,历史选型执行策略,59530.17537370636,4877.778046638611,3701.5124306680455,1033.2099194444413,68109.46585101302,10232.597833333331,init,0.0,0.0
2025-01-08,历史选型执行策略,65247.11393611398,-2140.95572940939,4667.804660926373,1453.5241333333286,67773.96286763097,10227.11604,init,0.0,0.0
2025-01-09,历史选型执行策略,60094.50479259694,2014.4408642921308,5233.698633286304,1719.7451053888808,67342.64429017538,10003.817253888888,init,0.0,0.0
2025-01-10,历史选型执行策略,65050.279006997676,-3025.44051989046,0.0,0.0,62024.83848710722,10800.0,init,0.0,0.0
2025-01-11,历史选型执行策略,25143.325270030557,794.5708638559554,3659.1196488555524,1167.0249037037092,29597.015782742063,9832.336335,init,0.0,0.0
2025-01-12,历史选型执行策略,26585.210097493815,2679.3760773165855,168984.21226419162,41025.619489231816,198248.798439002,8455.086756666667,init,0.0,0.0
2025-01-13,历史选型执行策略,62492.28934012931,-916.5062147836367,2757.5615008339655,809.4236784999989,64333.34462617964,9989.435511666667,init,0.0,0.0
2025-01-14,历史选型执行策略,60824.87127011575,-50.103009781473645,4355.990997939429,1206.3690116666635,65130.759258273705,10265.803453703702,init,0.0,0.0
2025-01-15,历史选型执行策略,58178.358866013456,4707.452239302451,5150.995664257292,1273.5641969135927,68036.8067695732,10146.49893,init,0.0,0.0
2025-01-16,历史选型执行策略,60439.95500175298,533.5459352751533,8191.200182203434,2347.254294708847,69164.70111923157,9999.412269074073,init,1.8189894035458565e-12,7.929224921099375e-12
2025-01-17,历史选型执行策略,27534.963136870963,130.62699418933227,9.604994842587677,3.3654501901148137,27675.195125902883,10140.114840617915,init,-1.8132162438178057e-13,-3.955406002731365e-13
2025-01-18,历史选型执行策略,29164.198973239283,-1648.3256268566772,1584.5527524535578,394.00148901510966,29100.426098836164,9913.929795137106,init,4.547473508864641e-13,1.4441184248425998e-12
2025-01-19,历史选型执行策略,59093.3732645673,299.4994742116855,8556.653414004155,2268.7294924676644,67949.52615278313,9924.607389633815,init,-2.0747847884194925e-13,-7.654833211745426e-13
2025-01-20,历史选型执行策略,60704.57363094207,1079.7637425510113,1912.7473989484347,435.67358678958584,63697.084772441514,10056.004852631006,init,26.22554236276836,116.72214098388235
2025-01-21,历史选型执行策略,60698.56900370814,245.75754123477793,84.5487893583748,29.624663405176875,61028.875334301294,10245.304442136367,init,26.20529480946634,113.28281800622054
2025-01-22,历史选型执行策略,61144.52262800728,492.76649460845664,3294.213023229077,674.5228210761684,64931.50214584482,9529.427366119306,init,153.02057957658215,445.60545154887313
2025-01-23,历史选型执行策略,60458.38247504282,3137.795086326668,1465.3683321890487,466.26922759469176,65061.545893558534,9843.478288667788,init,3.831202255066978,7.3049714396303544
2025-01-24,历史选型执行策略,23343.214539773187,1797.1198614526586,0.0,0.0,25140.334401225846,9958.860756316992,init,54.73649502891882,176.6756410820591
2025-01-25,历史选型执行策略,23294.657255237064,1686.6142356780633,1.268460891878931e-13,5.684341886080802e-14,24981.271490915125,10122.940545505417,init,90.2740314822559,220.0073203411207
2025-01-26,历史选型执行策略,63980.46643015249,-998.1137160899107,310.6133903711481,82.04371725626481,63292.966104433726,9785.488186300729,init,146.76941770703434,502.4182770942378
2025-01-27,历史选型执行策略,57404.317324865595,2382.941471879649,0.0,0.0,59787.25879674524,9745.42365599641,init,153.71420589273944,512.6563522985628
2025-01-28,历史选型执行策略,60648.31245083228,39.95200660179496,2137.7087586036528,473.094451214764,62825.973216037724,9830.473318386054,init,158.57429302217957,674.0548113180956
2025-01-29,历史选型执行策略,55454.57957137462,1933.953004689968,1364.876865955542,374.6822307076626,58753.40944202013,10179.95546552408,init,159.93688649958102,504.5803391135745
2025-01-30,历史选型执行策略,55643.76215625303,3137.0405913676436,843.7390754720802,145.35600890575847,59624.54182309276,9995.422819888125,init,174.648528410555,587.6465668912645
2025-01-31,历史选型执行策略,22560.08004947908,1559.5188735639529,0.0,0.0,24119.59892304303,10192.974902438833,init,107.1898592195148,292.3654480476388
2025-02-01,历史选型执行策略,24063.063140794686,52.81945659924018,0.0,0.0,24115.882597393927,10563.069529969447,calibration,95.35904699599084,212.31844855156606
2025-02-02,历史选型执行策略,57521.42349589868,-596.6630534945032,0.0,0.0,56924.76044240418,10721.474952663399,calibration,69.5248543588657,180.624277029094
2025-02-03,历史选型执行策略,58397.96511540363,-1146.2742945474438,314.81160982722827,67.50177239240122,57566.50243068342,10477.666588856437,calibration,247.28287219848198,893.9279576286292
2025-02-04,历史选型执行策略,61540.8502260972,-1620.3520378685096,21.648682010255843,5.034577211687406,59942.146870238954,10440.227047500288,calibration,155.06592538019467,522.9780969834785
2025-02-05,历史选型执行策略,54504.41634469667,858.5701362140857,2370.642575599287,456.49816016953434,57733.62905651004,9861.644157635847,calibration,115.16256407475052,366.5336798761655
2025-02-06,历史选型执行策略,58631.64909077666,-2270.2215239572984,2063.2378333741135,469.8382592281259,58424.66540019347,9590.685068120065,calibration,166.50358200076434,608.2361802168182
2025-02-07,历史选型执行策略,22480.826610216973,-851.651891868764,1.2536816029751207e-13,5.684341886080802e-14,21629.174718348208,10031.091410809178,calibration,181.20540734378446,517.0930538853835
2025-02-08,历史选型执行策略,18262.631631813216,910.5542472107396,2966.857382263792,632.1888823654682,22140.04326128775,9831.054638661022,calibration,51.051173840568794,115.855843235156
2025-02-09,历史选型执行策略,54957.959585273595,-59.377848441348476,1678.7647190657053,335.7949143606812,56577.346455897954,9665.795298986024,calibration,313.702467154803,914.993805593542
2025-02-10,历史选型执行策略,50986.34301785165,1247.028017991409,577.7567072289531,198.80389854367792,52811.127743072015,9585.83294827284,calibration,326.75415263943387,1126.3893282611139
2025-02-11,历史选型执行策略,52961.278136509995,-1592.1830070662297,7284.653272539972,1472.4630788752008,58653.748401983736,9663.702174359425,calibration,123.14466783827004,372.7268385591991
2025-02-12,历史选型执行策略,53617.66485149738,-767.1127986192092,1947.1755378547105,414.28340188198536,54797.72759073288,9805.441179449874,calibration,160.4842990077098,606.3083710337271
2025-02-13,历史选型执行策略,49763.60547851045,-34.90199228742989,523.8815356530546,138.87491292402694,50252.585021876075,9841.148414792502,calibration,260.8416971595116,810.6689742239844
2025-02-14,历史选型执行策略,18453.617568356945,746.2556003779175,0.0,0.0,19199.873168734863,9819.006298169017,calibration,113.00953289456827,296.73805048877296
2025-02-15,历史选型执行策略,18897.484066448455,1055.103289950591,212.8430607228364,57.90415592578677,20165.430417121883,9381.547706146754,calibration,269.72794304907154,581.710258274194
2025-02-16,历史选型执行策略,54308.61886975022,-1737.8826658008186,5008.734967263956,1203.8224358154807,57579.47117121336,9609.022829402877,calibration,308.5169299581682,986.3677160484428
2025-02-17,历史选型执行策略,53299.02144532898,-2299.1280382603763,1560.1270652775627,328.93561113493064,52560.02047234617,9586.052808881324,calibration,187.58139082638644,658.9853019116732
2025-02-18,历史选型执行策略,47675.70653619594,2741.4658904550174,2837.2858547327123,624.7391115097445,53254.45828138367,10049.798623687846,calibration,50.911438608367675,122.11762797175666
2025-02-19,历史选型执行策略,47508.062603507715,2273.4245185021405,3302.734538190532,800.7767030343916,53084.22166020039,9526.426178586706,calibration,203.5585435497789,622.53535785552
2025-02-20,历史选型执行策略,50488.62786042162,-1510.3811418205244,3679.3269802973,966.9204320248446,52657.5736988984,9694.95829254275,calibration,142.7508373142318,504.39855054908367
2025-02-21,历史选型执行策略,17932.090376848064,494.61247907802317,0.0,0.0,18426.702855926087,9803.257325416223,calibration,48.358700116068405,110.71747929493222
2025-02-22,历史选型执行策略,18646.37867715196,-20.175069461578474,0.0,0.0,18626.20360769038,9888.698789724705,calibration,71.18175346719194,215.02200890379177
2025-02-23,历史选型执行策略,49461.19464484,-360.48795384837865,1304.9696658223213,274.72489112163,50405.676356813936,9678.302419926826,calibration,260.44602961293765,843.0114276765493
2025-02-24,历史选型执行策略,47587.495581037816,-127.77460734645541,0.1588898134576121,0.03392182183131354,47459.879863504815,9658.364654900788,calibration,333.2226050660294,952.8991097395432
2025-02-25,历史选型执行策略,49004.705226339545,-1584.7284867317253,264.03341536767584,56.05526490347103,47684.01015497549,9505.542394688317,calibration,118.97557457901466,341.62409155476644
2025-02-26,历史选型执行策略,44331.108049274,2184.0303294900727,1125.096655281958,431.873272877984,47640.23503404603,10259.709618679766,calibration,38.84120317798316,93.16400431141803
2025-02-27,历史选型执行策略,44462.51214059538,781.1757805555012,1.3719159142056014e-13,5.684341886080802e-14,45243.687921150886,9855.459847244185,calibration,297.15739291552853,711.5317383552023
2025-02-28,历史选型执行策略,17790.002461037515,113.77223672592447,0.0,0.0,17903.774697763438,9763.611253717132,calibration,30.456294703536333,75.21128185846177
2025-03-01,历史选型执行策略,19800.13286046796,-398.5414332792996,0.0,0.0,19401.591427188658,9701.36889765613,calibration,72.62677512872834,156.7091771426534
2025-03-02,历史选型执行策略,51108.323988147255,1791.0513898613876,0.0,0.0,52899.37537800864,9861.178364570418,calibration,287.2094281318476,864.104635101716
2025-03-03,历史选型执行策略,52814.384752549115,-1185.8170895745675,0.0,0.0,51628.56766297455,9781.073910483561,calibration,105.76695209907648,270.9407723781698
2025-03-04,历史选型执行策略,46869.0187609987,1668.5167239120167,905.4276153601772,212.709630980292,49442.96310027089,9623.481478915859,calibration,198.00187379614403,575.5508524823197
2025-03-05,历史选型执行策略,47013.06893902001,-1524.887607660768,4047.7661434286433,995.1891578933795,49535.947474787885,9701.414563517763,calibration,174.61940991644138,610.0762846567264
2025-03-06,历史选型执行策略,43415.921547652804,1611.6298954072417,2586.5946826622912,799.374346825188,47614.146125722335,9935.161577585748,calibration,366.92310780282116,1134.0414109114638
2025-03-07,历史选型执行策略,18110.60514907849,492.2501170789939,325.77706610643673,80.78323736687403,18928.63233226392,10137.338636124272,calibration,63.35956773325281,203.2645164696839
2025-03-08,历史选型执行策略,16481.610868361433,1347.6669129358977,1628.3412912161346,441.8934755044736,19457.619072513462,10375.90253446652,calibration,10.942481680482544,27.737097965932755
2025-03-09,历史选型执行策略,43482.33923692431,595.7119379966917,5374.194549514734,1501.1401251894667,49452.245724435736,10172.006652543945,calibration,281.144763980165,681.9752556154747
2025-03-10,历史选型执行策略,42839.31032833908,2343.3267832114857,5116.668918389683,1135.6010638038222,50299.30602994025,9787.849874977164,calibration,57.62278064179651,144.32790435087082
2025-03-11,历史选型执行策略,38307.13385067241,6714.75631424351,4061.3313425051138,904.2698348648712,49083.22150742104,10002.374012769087,calibration,132.97391530559057,353.9536387736821
2025-03-12,历史选型执行策略,44842.03284984565,358.6168652236173,1067.3131035410215,403.35742790554605,46267.962818610285,9867.036162544004,calibration,350.6598065371766,954.4066415465022
2025-03-13,历史选型执行策略,44423.338569227315,1073.661404340216,1208.551877007339,185.03128821795292,46705.55185057487,9758.742094475287,calibration,117.25303722239444,258.4162359687342
2025-03-14,历史选型执行策略,16085.023061605103,511.869389319118,0.0,0.0,16596.89245092422,10089.987894933573,calibration,112.8047170037916,289.88900292576494
2025-03-15,历史选型执行策略,15806.018924175783,548.9405992753058,0.0,0.0,16354.959523451089,9684.51915635967,calibration,171.82104003140404,414.5304698561966
2025-03-16,历史选型执行策略,42559.75010104923,1636.074147629874,927.1777256401609,233.56823171957228,45123.00197431926,10040.941644715502,calibration,330.32189695824974,899.7592086952515
2025-03-17,历史选型执行策略,39808.89441440595,2127.5529679558385,601.7795494719718,266.11955103379967,42538.22693183376,10086.685421985008,calibration,194.33982953967006,461.3752367956084
2025-03-18,历史选型执行策略,47175.000470748615,-1954.1346498421644,0.0,0.0,45220.86582090645,9938.984408603848,calibration,237.89734973405552,579.1133668220955
2025-03-19,历史选型执行策略,36783.03401224312,4460.001864114916,2204.9216776508265,942.3563010223136,43447.95755400886,10086.743827494054,calibration,208.91715928585285,523.4411810330602
2025-03-20,历史选型执行策略,42801.27614178103,757.8652564681286,6920.226001871431,1629.908987363016,50479.36740012059,9834.97925838476,calibration,274.61146059607387,663.9029718131982
2025-03-21,历史选型执行策略,15675.320506330661,308.4094290328517,1521.9408967552808,466.0272599148764,17505.670832118794,9944.376442072287,calibration,76.59669451386313,235.730447923968
2025-03-22,历史选型执行策略,16500.9538614451,-204.1326333076262,0.0,0.0,16296.821228137474,10364.118567553505,calibration,37.939599137851935,132.61733652578636
2025-03-23,历史选型执行策略,42191.39790658753,-1247.1898847388636,630.894385608213,280.1396319721345,41575.10240745688,9967.076470472975,calibration,44.62394771957332,102.38043369439974
2025-03-24,历史选型执行策略,39322.0411752905,-2.393949471627863,493.3926586897928,208.7274559297931,39813.03988450867,9851.154043053097,calibration,133.1908289879029,297.33815347958364
2025-03-25,历史选型执行策略,45180.96990326242,-1247.6315710777071,2198.8847381277565,548.5371879717657,46132.22307031247,9659.203480453334,calibration,328.9689636318959,1109.5758414483269
2025-03-26,历史选型执行策略,38709.491283558804,1196.3817457744678,0.0,0.0,39905.87302933327,10270.671782506048,calibration,180.4921150547626,409.01869806293473
2025-03-27,历史选型执行策略,41437.65847200706,-652.1289018620282,48.407019308645815,10.231878949195902,40833.936589453675,9948.965661043201,calibration,152.55830676909898,382.64103223859047
2025-03-28,历史选型执行策略,15626.418831663905,37.262780264623956,0.0,0.0,15663.681611928529,10273.957857654812,calibration,95.98139368756127,239.42323970883936
2025-03-29,历史选型执行策略,15189.676351016755,252.54839936315943,0.0,0.0,15442.224750379914,10106.151134576194,calibration,43.74132534362091,92.41524748771225
2025-03-30,历史选型执行策略,39882.10293607624,-1793.372646245988,3626.38676523508,1014.0718091152485,41715.11705506533,10053.408380456109,calibration,258.0185290188013,662.5290513612717
2025-03-31,历史选型执行策略,34717.46633371061,6270.248672032863,1708.6885445744326,402.89663226814105,42696.40355031791,10386.584654184879,calibration,229.85821408858538,620.4221770263312
2025-04-01,历史选型执行策略,42406.13790563099,-892.5547876151735,0.0,0.0,41513.58311801581,10046.257289437599,eval,366.2790165064896,1100.947479692572
2025-04-02,历史选型执行策略,41421.86570390713,557.7327959039162,3.4297897855140036e-14,1.4210854715202004e-14,41979.59849981105,9995.040082604097,eval,113.46828177525462,272.8017777304826
2025-04-03,历史选型执行策略,42626.018288409396,-820.9267911711249,0.0,0.0,41805.091497238274,9977.575253016426,eval,329.67931191301716,840.6342923426046
2025-04-04,历史选型执行策略,14316.425677514886,66.96325301938279,0.0,0.0,14383.38893053427,9666.158611097919,eval,65.42338338678226,151.67314948908418
2025-04-05,历史选型执行策略,14502.286147570998,448.8233713671007,5001.162845944302,1307.5095008225803,19952.272364882403,9709.482880083853,eval,78.60040115501491,209.29360145263126
2025-04-06,历史选型执行策略,39667.35720421374,533.4360759467984,46.64028144971703,16.342074789669596,40247.433561610254,10094.435759028847,eval,182.52737926344128,438.7769551428103
2025-04-07,历史选型执行策略,33587.915461868426,3319.9071636504495,0.0,0.0,36907.82262551888,10047.022947869344,eval,133.39753102194143,291.97078587330526
2025-04-08,历史选型执行策略,39773.38653131298,231.95527648402094,179.76272072714323,45.808885498601626,40185.10452852414,9842.72199248172,eval,729.4394167827646,2194.335128424912
2025-04-09,历史选型执行策略,38365.59184871674,973.5158900768022,768.8895852922797,327.3500207432837,40107.997324085816,9944.099671742646,eval,206.25216280387593,545.3362151479444
2025-04-10,历史选型执行策略,38656.08599029457,127.3748686561421,1053.2156624126926,240.44110150104376,39836.676521363406,10120.772172091905,eval,581.1562402155595,1589.42271791476
2025-04-11,历史选型执行策略,13293.449254197232,1207.3519111703345,1365.5794321296103,310.5836066924413,15866.380597497178,9556.208755943513,eval,74.15890876693236,163.00398275076722
2025-04-12,历史选型执行策略,14953.367293308302,-62.93819249620728,0.0,0.0,14890.429100812094,10147.268476369576,eval,45.1567003959682,124.68277660486642
2025-04-13,历史选型执行策略,34686.141654204075,1664.353536648723,719.3530163290156,182.39950884640422,37069.848207181814,10085.407212158128,eval,150.21335136616156,339.06334296229863
2025-04-14,历史选型执行策略,38045.26466320326,-63.339540200992815,2775.0826607348645,671.5110971698684,40757.007783737135,9935.324885472133,eval,421.8048762106476,1204.0840497136473
2025-04-15,历史选型执行策略,32887.60539795233,3214.3999903505864,853.4594162964896,176.60042401793078,36955.46480459941,10227.470976537998,eval,268.9231220338948,611.8018968524324
2025-04-16,历史选型执行策略,36317.125900353574,220.31052818715762,1149.9314965547724,473.3909522826478,37687.36792509551,9698.07655178255,eval,264.4401361383916,705.1954876949534
2025-04-17,历史选型执行策略,34286.82472662613,2841.0443032399007,134.5285937703473,47.13685836382177,37262.397623636374,9953.696050540831,eval,534.1816999804572,1312.5689249007871
2025-04-18,历史选型执行策略,13162.962615227963,1050.8967271238348,2478.2117451894837,829.255360655231,16692.07108754128,10282.044277128498,eval,70.79651196497045,192.63492708972072
2025-04-19,历史选型执行策略,13055.711138635403,450.6288772302677,91.35969514301104,35.58018830452306,13597.699711008681,10248.0262527089,eval,67.30132301087806,156.5608370441959
2025-04-20,历史选型执行策略,33985.67469653672,2307.4586661718877,573.0179551232717,135.59127434959032,36866.15131783188,10199.953200555125,eval,24.679011755665137,56.733849231273645
2025-04-21,历史选型执行策略,35521.18900539152,-621.0708308349015,0.0,0.0,34900.11817455662,9789.659051502813,eval,38.456415942620666,139.12800222871522
2025-04-22,历史选型执行策略,31803.04081701069,3603.748531032865,2477.5888650871866,887.7916630091918,37884.37821313074,9948.775359916823,eval,354.4342879156019,1142.9784532218844
2025-04-23,历史选型执行策略,31172.015792047343,3261.559504450145,2049.1660782261897,631.7642922061614,36482.74137472368,10177.029844504608,eval,194.78975028540088,402.55762255637904
2025-04-24,历史选型执行策略,31422.044762746496,3122.8795013418044,72.30981315625804,25.336304539683965,34617.23407724456,9873.063236293734,eval,84.90105225814251,218.9767577304684
2025-04-25,历史选型执行策略,13042.689483668588,84.15359327809801,0.0,0.0,13126.843076946687,10050.80800061202,eval,35.17346223106219,137.77513126950504
2025-04-26,历史选型执行策略,13060.106799201001,220.91857040510237,0.0,0.0,13281.025369606103,10010.11796476517,eval,50.38185009464958,107.09208628601591
2025-04-27,历史选型执行策略,31501.048614517378,3045.1913153663063,1006.6879942225496,215.8040618059648,35552.92792410623,10032.756755904866,eval,85.18982691770321,181.19856984527698
2025-04-28,历史选型执行策略,37221.36178828031,610.5460332839274,1.3468692827700577e-13,6.394884621840902e-14,37831.90782156424,9942.294774869402,eval,133.47555563074425,405.7208872491964
2025-04-29,历史选型执行策略,31026.223154433283,2018.5484508073575,506.31251055024364,191.76274052121113,33551.08411579088,10213.795474006607,eval,90.40392635597073,253.27651768785782
2025-04-30,历史选型执行策略,30701.543438927423,1543.1560172899467,1675.6597930292896,621.4562387310998,33920.35924924666,9860.901949158457,eval,64.66389475454243,186.2176415531841
2025-05-01,历史选型执行策略,32559.41531425649,3111.451572566009,9807.324892751876,1638.5618231378626,45478.19177957438,8935.202542676121,eval,226.54163273986123,447.65363003524726
2025-05-02,历史选型执行策略,14327.931152002264,712.4492195346138,7642.458967364706,1303.2302529262843,22682.839338901584,9266.661655490541,eval,38.63847248085488,120.70881313060895
2025-05-03,历史选型执行策略,13403.787045243986,624.9905833157533,9890.29578895459,1690.9450456436791,23919.07341751433,9529.881924187326,eval,131.2090243752922,332.69577867717396
2025-05-04,历史选型执行策略,33901.82076225034,285.8461064851971,11496.75101368015,2089.790658776902,45684.417882415684,9108.116082603592,eval,185.25473696732973,412.6035692962934
2025-05-05,历史选型执行策略,35272.253509135815,1548.700211442219,10187.099180545396,2041.602226978489,47008.05290112343,9305.094012833662,eval,154.91235182122978,353.59388495970944
2025-05-06,历史选型执行策略,31946.946086398973,5072.58803732961,5272.966541658826,908.8865355843258,42292.50066538741,9242.85059982218,eval,151.76663041970878,425.71099191200074
2025-05-07,历史选型执行策略,36234.91588193907,3385.648823504087,0.0,0.0,39620.56470544316,9711.606402721127,eval,260.506179382804,562.6419509391988
2025-05-08,历史选型执行策略,36940.53132347728,2627.563588544902,402.7945432097391,102.42891974051145,39970.88945523192,10337.850089670263,eval,593.8181922958088,1374.3836419415245
2025-05-09,历史选型执行策略,15712.401764636841,1206.7245925825732,449.10555674889304,167.47892533132733,17368.23191396831,10800.0,eval,69.77817222913602,194.55046789659934
2025-05-10,历史选型执行策略,16162.825571035855,441.817188505505,0.0,0.0,16604.64275954136,10756.821308022712,eval,158.99720590019882,750.7468864723319
2025-05-11,历史选型执行策略,37357.4192705288,673.2699750035754,185.80697583333372,27.561666666666724,38216.49622136571,9576.294139158206,eval,443.81266080626267,1315.2633867962788
2025-05-12,历史选型执行策略,32908.04426787116,5467.948457558944,0.0,0.0,38375.99272543011,10519.691557417336,eval,228.33084525126486,544.3962642439501
2025-05-13,历史选型执行策略,37228.47756665996,-235.20766799737672,1.268460891878931e-13,5.684341886080802e-14,36993.269898662584,10597.104388393544,eval,410.2745791204587,968.8095537954334
2025-05-14,历史选型执行策略,36418.00900410063,1790.1104521443285,748.5703740286935,195.48467403171264,38956.68983027365,10257.26329203236,eval,520.7616679552759,1366.2695921288305
2025-05-15,历史选型执行策略,36669.13085691841,3524.395220608692,1.1890932682945277e-14,3.552713678800501e-15,40193.5260775271,10317.76533511062,eval,327.0906522179242,892.5578261915771
2025-05-16,历史选型执行策略,14801.859425535862,-187.5752843043561,75.03529252849832,18.545549315002056,14689.319433760005,9941.376624647168,eval,37.63261092870645,100.23286193183357
2025-05-17,历史选型执行策略,14679.53747818145,795.4672010739731,0.0,0.0,15475.004679255422,9787.696604301336,eval,54.846751222127565,217.76821593780147
2025-05-18,历史选型执行策略,36739.5895445567,377.85290588018324,1628.8829924145782,713.6779099459857,38746.325442851456,10361.49390143196,eval,257.65045173753094,590.4475390493401
2025-05-19,历史选型执行策略,34168.29457841275,-782.8966376101109,451.90398166666745,67.00333333333344,33837.30192246931,8627.465363650452,eval,369.22096588451103,791.8348131841958
2025-05-20,历史选型执行策略,34491.1318881259,3745.766174264472,2.3379698177450334e-13,1.1368683772161603e-13,38236.89806239037,9383.467423043712,eval,706.2618886461133,1788.2666670867925
2025-05-21,历史选型执行策略,32987.07274904214,5295.570281651327,1.1689849088725167e-13,5.684341886080802e-14,38282.64303069347,9746.316352958182,eval,56.07956375826522,197.01504716340634
2025-05-22,历史选型执行策略,34187.13459064512,2682.8530232974,210.61406800590623,87.78064681037336,37080.60168194842,10494.514860269815,eval,183.9359026330972,472.7903242047035
2025-05-23,历史选型执行策略,13977.133202909532,1590.551946077882,0.0,0.0,15567.685148987413,10706.154692255892,eval,211.25555627496993,1135.434567320225
2025-05-24,历史选型执行策略,14891.896050736123,-112.50708138789463,218.77606154620787,51.35736686343631,14998.165030894437,10737.440208982789,eval,183.23706006312574,915.1592938829672
2025-05-25,历史选型执行策略,35334.03508220223,534.7291807130514,0.0,0.0,35868.76426291528,10392.097783842692,eval,186.95882452534235,438.857697293616
2025-05-26,历史选型执行策略,33686.97252452336,6732.045563151528,1.2596501619555055e-13,5.684341886080802e-14,40419.018087674885,10462.386291007775,eval,121.53224639993644,403.89292900612367
2025-05-27,历史选型执行策略,33167.8108249925,3222.08763398268,0.0,0.0,36389.89845897518,9771.500409188287,eval,316.07585856865825,913.066439812045
2025-05-28,历史选型执行策略,35538.85838776274,-321.87865351955804,0.0,0.0,35216.97973424318,9818.40345095348,eval,373.6520801706144,950.5982995436489
2025-05-29,历史选型执行策略,33765.78260597527,5386.535832545699,1104.959399236468,225.39447568144567,40257.277837757436,10305.610817337953,eval,331.27967552264596,779.9727547118762
2025-05-30,历史选型执行策略,14418.80906976882,1386.4899541761743,4.639488793145574e-14,2.1316282072803006e-14,15805.299023944994,10682.264348043509,eval,36.0435973501643,154.70709975458368
2025-05-31,历史选型执行策略,15605.596129446996,-173.78023470085242,26.55321643367786,11.963602808595567,15458.369111179822,10375.98462667883,eval,68.21113284428077,239.86509044898867
2025-06-01,历史选型执行策略,46175.20465720188,1394.2479453897581,21880.521450052125,4487.901180842702,69449.97405264377,8613.29646834674,eval,121.32836016045853,319.74215169603906
2025-06-02,历史选型执行策略,48174.57445246268,-1743.060369800065,17755.05075985661,3496.0902423850694,64186.56484251923,7390.0306497255015,eval,217.18342115958043,492.0903292699554
2025-06-03,历史选型执行策略,43311.33725055896,4409.766196357226,13582.761415121797,2538.0378641607394,61303.86486203798,6823.505018447501,eval,460.36423105581616,1322.9930941680798
2025-06-04,历史选型执行策略,56149.73298442975,553.213026477301,790.3717245218097,315.96763760827,57493.31773542886,10115.292349989273,eval,478.86212898821975,1298.365762683725
2025-06-05,历史选型执行策略,47533.793655458896,3012.476533755796,838.1306415328478,146.70019838297043,51384.400830747545,9897.901162962191,eval,176.06612422407565,577.3168361156071
2025-06-06,历史选型执行策略,18379.164741047964,1800.238861015529,13497.17098229843,2839.1592040776723,33676.57458436192,8421.319376862466,eval,207.543138108405,613.9875951629467
2025-06-07,历史选型执行策略,21463.66654989248,2691.33817693221,5221.895086384575,853.8132072551862,29376.899813209267,9094.012876188966,eval,403.27015252006106,895.9534128381247
2025-06-08,历史选型执行策略,46511.223850460876,2545.137842522916,0.0,0.0,49056.36169298379,10798.590680374467,eval,125.74544437950166,284.96477572163155
2025-06-09,历史选型执行策略,51160.79042915747,-1278.8756761232814,1.2934719961776864e-13,5.684341886080802e-14,49881.91475303419,10245.781285896015,eval,189.30368142499827,428.51582584785604
2025-06-10,历史选型执行策略,48642.22621268326,937.7087711296169,2.5073632059502413e-13,1.1368683772161603e-13,49579.93498381288,10043.678587228183,eval,199.72086996929505,483.08183003994435
2025-06-11,历史选型执行策略,50271.28646890535,4514.084592595361,116.49859004310528,54.08334052245493,54901.86965154382,10302.072015567643,eval,417.33706062772717,1469.305266849704
2025-06-12,历史选型执行策略,49706.75106740308,71.47012445850503,0.0,0.0,49778.22119186159,10252.851785719136,eval,162.85177647711802,517.1999263491891
2025-06-13,历史选型执行策略,24974.42036499729,289.24892771478744,1.2536816029751207e-13,5.684341886080802e-14,25263.66929271208,10788.547254549501,eval,79.60258718279061,308.63400092727125
2025-06-14,历史选型执行策略,24021.19840119997,-269.99356756077043,0.0,0.0,23751.2048336392,10800.0,eval,99.02328769238048,513.7602459383723
2025-06-15,历史选型执行策略,45680.19097950669,6520.518547244131,3.8406255953304935e-13,5.684341886080802e-14,52200.70952675082,10775.698950698363,eval,219.84175622461757,521.6286190510025
2025-06-16,历史选型执行策略,48591.06709247796,3225.626956915956,0.0,0.0,51816.69404939392,10174.800024573382,eval,207.34525532628314,519.3308017652283
2025-06-17,历史选型执行策略,48966.792537857415,3145.842522834367,332.43352638414746,49.01247273981937,52445.06858707593,8480.875200486627,eval,348.63564246515296,897.3453113653644
2025-06-18,历史选型执行策略,50150.30545315593,1391.5396357390623,0.0,0.0,51541.845088894996,10044.293170662786,eval,823.9900118484559,2611.195490919673
2025-06-19,历史选型执行策略,48038.34394470475,795.8584328799571,38.3072544149941,5.68230429652067,48872.509631999696,9773.343549070225,eval,260.3135898915263,597.7312428410148
2025-06-20,历史选型执行策略,21042.962146894126,-105.62515327038835,0.0,0.0,20937.336993623736,10436.395732997717,eval,61.855927537733564,150.38565991851812
2025-06-21,历史选型执行策略,19978.649487819086,371.175440564784,0.0,0.0,20349.82492838387,10800.0,eval,148.98857735688634,463.44269185035336
2025-06-22,历史选型执行策略,44544.711365971336,3649.9936547697152,2.982218916258717e-13,7.105427357601002e-14,48194.70502074105,10800.0,eval,238.93586232768925,584.808188888969
2025-06-23,历史选型执行策略,46916.66085542136,1025.536203454612,1425.0023333932293,378.1044201316798,49367.1993922692,10187.506173429865,eval,366.7632388340048,1156.5542008549533
2025-06-24,历史选型执行策略,53330.70490891166,812.1485709713023,1371.2734414388296,329.7969158198649,55514.1269213218,10548.99673775666,eval,796.6426888732025,2741.3118674226994
2025-06-25,历史选型执行策略,46238.97963040602,1667.5470670035133,2.586943992355373e-13,1.1368683772161603e-13,47906.526697409536,9770.015340738582,eval,496.9942390876801,1397.7366318056957
2025-06-26,历史选型执行策略,46145.62154535715,2433.2102010949375,228.97057892398163,33.863873241733586,48807.80232537607,10149.699850770214,eval,545.2115474435192,1466.47718058649
2025-06-27,历史选型执行策略,19890.86024039085,621.3181003256981,1432.8855433543733,317.90852679908033,21945.06388407092,10336.1818558139,eval,149.18565941637286,502.29656075855144
2025-06-28,历史选型执行策略,19195.96418257619,-12.334531973317842,2.085407402319106e-13,3.552713678800501e-14,19183.629650602874,10255.948913744598,eval,81.69900618250149,256.64617882467627
2025-06-29,历史选型执行策略,45074.056609843814,2941.4329822013415,0.0,0.0,48015.48959204515,9266.562029355382,eval,379.8250923357091,1161.5816506294755
2025-06-30,历史选型执行策略,47387.45546076916,950.5624041007793,4.274340881238459e-13,1.7053025658242404e-13,48338.01786486994,10234.005063848883,eval,709.2404325570457,1907.975874374653
2025-07-01,历史选型执行策略,39815.6377420612,6307.61411974344,36471.536262838985,10066.559278891244,82594.78812464362,6194.136401194228,eval,493.9948284837634,1272.9077367920577
2025-07-02,历史选型执行策略,51743.73697892503,543.5861643240073,0.0,0.0,52287.323143249036,9369.045584530146,eval,154.08507955990467,426.10037785665247
2025-07-03,历史选型执行策略,55040.63433445639,4369.019533010401,1067.4805036364612,228.19571365010142,60477.13437110325,10488.75952370661,eval,532.1857946023013,1630.5895883058813
2025-07-04,历史选型执行策略,21837.743676386992,1087.4551361942742,10572.8932193691,3721.2456754053756,33498.092031950364,7371.698438576901,eval,151.74996777980255,766.4488493921408
2025-07-05,历史选型执行策略,24099.828154502058,1089.4984952454492,9971.466788394755,3246.785208781018,35160.79343814227,8678.238362008806,eval,339.2903673481352,886.4403015345797
2025-07-06,历史选型执行策略,54447.82605272207,6132.513099228449,1.1029843705046005e-14,2.6645352591003757e-15,60580.33915195052,10543.314913204842,eval,1356.4904551596755,4469.812509552825
2025-07-07,历史选型执行策略,55989.10466188409,1599.9617349883627,3.965396899729967e-13,5.684341886080802e-14,57589.066396872455,10800.0,eval,198.889217997469,470.1704252271982
2025-07-08,历史选型执行策略,60639.487344574314,-228.4805297981451,0.0,0.0,60411.00681477617,10800.0,eval,305.22385859778535,844.8176324422427
2025-07-09,历史选型执行策略,55334.44509534926,-1810.0894166271858,246.7648886842229,36.603855029922556,53771.1205674063,8844.286665965748,eval,212.70274358828834,482.97591854143747
2025-07-10,历史选型执行策略,53147.27009426331,572.508195709624,456.94481240432833,210.47737042112448,54176.72310237726,9257.091880886386,eval,1197.485701973615,3476.5646180300355
2025-07-11,历史选型执行策略,31532.172217167103,-708.3316687235242,0.0,0.0,30823.84054844358,10800.0,eval,69.24771590724836,174.4100507329942
2025-07-12,历史选型执行策略,28237.15738999166,1910.9685264552782,0.0,0.0,30148.125916446937,10051.136033416531,eval,177.20172239777534,776.0914983450001
2025-07-13,历史选型执行策略,54379.13653595503,-997.9748180010887,1.3250200936454348e-13,5.684341886080802e-14,53381.161717953946,9971.93040143908,eval,401.5748750154763,1017.4010623238664
2025-07-14,历史选型执行策略,48422.057435947616,1651.7207531121912,0.0,0.0,50073.778189059805,10030.010672722565,eval,118.56698876123987,276.8754155822015
2025-07-15,历史选型执行策略,52763.27955587144,-435.6067623296216,0.0,0.0,52327.672793541824,9554.155381488374,eval,180.1517837628914,482.91312858376824
2025-07-16,历史选型执行策略,48313.10438031194,866.3122803770751,191.7832306853158,28.38499677130409,49371.19989137433,5044.2472979663835,eval,370.7146274370829,928.9318859275985
2025-07-17,历史选型执行策略,50527.97060202671,4478.4367494248345,1156.2860569888926,516.597198746324,56162.69340844044,9846.545430811195,eval,204.7378858869749,524.4354076187252
2025-07-18,历史选型执行策略,24881.537147624105,90.2842266725537,2152.9013947675608,463.7692861389771,27124.722769064218,6049.557158469559,eval,101.79809564528497,338.05396959763164
2025-07-19,历史选型执行策略,29754.608919288232,-1195.2573797388563,327.06354108549607,156.66279049708203,28886.41508063487,9676.950228567695,eval,380.2176234034599,1431.849917308387
2025-07-20,历史选型执行策略,50155.7017201788,1786.333664547579,168.903807833904,78.13177934263183,52110.93919256028,10515.091574421333,eval,472.82956396686643,1190.5722826995666
2025-07-21,历史选型执行策略,52347.899868058026,1594.717263923965,18.873469179932588,6.6129885003267646,53961.490601161924,9463.411776557363,eval,1434.2067802942704,4508.888029978518
2025-07-22,历史选型执行策略,49342.96836379394,7234.458396670951,603.1295971829071,158.21427803292895,57180.5563576478,8593.640476642175,eval,214.62390330441266,498.0727359769633
2025-07-23,历史选型执行策略,57487.06017227608,-2356.4451219626358,1420.0110217595522,478.60251941193076,56550.62607207299,10130.792010243824,eval,94.09228234085919,206.84059021744707
2025-07-24,历史选型执行策略,54189.022766926195,-1250.7292279105175,368.03651299553735,156.82055536281385,53306.33005201122,5940.448962447308,eval,700.0748820967161,2079.9229181628857
2025-07-25,历史选型执行策略,26966.74893473289,355.2245478687055,0.0,0.0,27321.973482601592,10369.566832768644,eval,161.28905416656858,660.5749080781707
2025-07-26,历史选型执行策略,25216.320193222142,20.011276649225152,0.0,0.0,25236.331469871366,10344.575027473551,eval,324.28612131876866,940.6064109108349
2025-07-27,历史选型执行策略,49919.15364893265,1263.6569457240391,0.0,0.0,51182.810594656694,8638.371268085239,eval,528.7808287440068,1270.621844993478
2025-07-28,历史选型执行策略,52313.814568402464,2110.9046251656273,3234.9629288683655,1107.9087104345167,57659.682122436454,9940.292438710121,eval,127.50443888201816,292.0134391463884
2025-07-29,历史选型执行策略,51707.82576381111,2432.2435295634486,72.87832075811225,10.824048827879437,54212.947614132674,9354.941819851163,eval,437.87390822993,1229.8212874041662
2025-07-30,历史选型执行策略,45776.3129775213,10058.947884589468,0.0,0.0,55835.26086211077,10189.63701181096,eval,123.91429593773731,264.9916388189446
2025-07-31,历史选型执行策略,48774.19052896775,3790.6765230148244,532.2361418056362,108.30660667217478,53097.103193788214,9946.09094255457,eval,573.7658674201484,1591.489334562326
2025-08-01,历史选型执行策略,25209.513308657915,-225.16599447217504,2225.970290521389,538.9837706273679,27210.31760470713,10027.726580548031,eval,137.065749626368,680.9341281583869
2025-08-02,历史选型执行策略,24873.392136337818,-97.49220654697629,2812.786406669804,842.8575090229913,27588.686336460647,10381.308554704443,eval,120.89870177772505,389.63640497926633
2025-08-03,历史选型执行策略,42416.1093771593,2416.5961150809344,3128.720129521631,643.3610047413115,47961.42562176186,9567.141367171773,eval,299.8518810718616,642.6208123970274
2025-08-04,历史选型执行策略,46372.462647574575,1163.1156399016734,4339.63598934244,978.4984787442377,51875.21427681869,9744.475259600005,eval,197.32712295155937,433.6646627850838
2025-08-05,历史选型执行策略,44478.59078463189,3127.01795734577,81.10621232453289,28.41843459163732,47686.714954302195,10372.010267511461,eval,383.357514739805,1057.1151003372129
2025-08-06,历史选型执行策略,49641.79893711693,15.038377256598537,0.0,0.0,49656.83731437353,10190.37434360223,eval,348.0637988034748,795.7916667897814
2025-08-07,历史选型执行策略,50308.10600091719,-2821.0928947229477,75.25829975334324,11.138651632256824,47562.27140594759,8920.433085690827,eval,48.477782247948994,141.84092586540777
2025-08-08,历史选型执行策略,24317.149403320072,-141.66710903765085,0.0,0.0,24175.48229428242,9760.072326840926,eval,126.06994029508944,636.6952604462447
2025-08-09,历史选型执行策略,23782.544598921224,65.58925460087997,0.0,0.0,23848.133853522104,9996.630609472551,eval,110.56435234801363,397.02275108175155
2025-08-10,历史选型执行策略,47560.263132970475,-843.8827480057483,114.58588384504004,16.425728762190374,46830.96626880976,9752.51393614062,eval,625.5544018174481,1541.2063459518424
2025-08-11,历史选型执行策略,42306.750543206304,2824.404595096574,1373.4280134805435,674.5660842842796,46504.58315178342,8228.344904137624,eval,922.0778511573022,2566.8133900607063
2025-08-12,历史选型执行策略,50584.752286121366,-1804.9969433601477,307.9384695591498,45.66185673406699,49087.693812320365,7838.594039915069,eval,76.19353126224107,306.279896256105
2025-08-13,历史选型执行策略,45082.85363791175,2247.0338813700655,1910.5235200408417,851.0658852438446,49240.41103932266,10241.601329091127,eval,227.82697423393975,587.1486971451488
2025-08-14,历史选型执行策略,46198.68851954903,1504.9631821860073,52.637646609931174,7.545534204405271,47756.28934834497,10082.016193171505,eval,344.5675008279583,834.5803785926995
2025-08-15,历史选型执行策略,24858.983821405825,-386.0537667304699,0.0,0.0,24472.930054675355,9541.070799956877,eval,113.5294486354702,502.33077874561167
2025-08-16,历史选型执行策略,26412.18545575888,-1178.5715552781219,990.516914696191,282.30483249242013,26224.13081517695,9759.073622283138,eval,90.85684354513712,275.4111144574013
2025-08-17,历史选型执行策略,47802.58809090358,-1040.3959091433408,0.0,0.0,46762.192181760234,8194.618998623764,eval,444.7346877684522,1051.0310674064103
2025-08-18,历史选型执行策略,46039.80987676832,263.11671827478904,1074.8150803145973,477.35086868508813,47377.741675357705,8464.267182261909,eval,125.71887345421666,427.0142573308973
2025-08-19,历史选型执行策略,44690.03897749502,1652.9954982555578,1578.9316077627307,364.1206859531696,47921.96608351331,9994.321071129896,eval,474.00893406297973,1215.1009997246451
2025-08-20,历史选型执行策略,50941.75487827282,113.67284950174415,1.268460891878931e-13,5.684341886080802e-14,51055.427727774564,8417.579478149508,eval,197.2821538679385,426.86744150335727
2025-08-21,历史选型执行策略,48189.345380785715,824.2958623296646,2199.0406396240323,854.0717618787069,51212.681882739416,9905.09724883776,eval,583.9679022319888,1599.7084762638183
2025-08-22,历史选型执行策略,24933.59401672494,-97.91750228810486,1982.3885019817526,595.0514302242871,26818.065016418586,8834.244333241215,eval,858.8159508865789,2993.672127072298
2025-08-23,历史选型执行策略,23613.62455424059,364.1087258152911,0.0,0.0,23977.73328005588,7894.134314671914,eval,223.51493007575476,774.560853392405
2025-08-24,历史选型执行策略,46553.39581235644,4474.054783535439,1012.7496506720654,398.8781263960922,52040.20024656394,9292.88693757814,eval,165.0046041864983,431.28384881409045
2025-08-25,历史选型执行策略,59577.6297727506,-3939.058053732706,14.985414912294898,5.250670957356306,55653.5571339302,10146.471957640355,eval,301.30218673202364,850.5390742282516
2025-08-26,历史选型执行策略,46749.706202944915,336.2027893274591,1.1689849088725167e-13,5.684341886080802e-14,47085.90899227237,10076.055601749644,eval,50.97351837377498,193.41137900110306
2025-08-27,历史选型执行策略,46862.411088778725,4679.7360777142085,48.97302484492747,7.264410716447003,51591.12019133786,9578.708654076116,eval,289.22942533951027,706.6839130587796
2025-08-28,历史选型执行策略,45971.18217954695,5425.001461157651,2595.93751563535,688.2269329165613,53992.12115633995,9275.142135407335,eval,562.7476973683413,1685.1924867439097
2025-08-29,历史选型执行策略,26665.998595421042,-213.16157661390207,29.667496617664288,12.37231858079889,26482.504515424807,9263.349087071903,eval,174.71702210472745,556.0058087232167
2025-08-30,历史选型执行策略,25674.656736866906,-664.4413812286607,61.676252418410655,31.349353589189263,25071.891608056656,9192.465492974108,eval,94.19240586926547,316.4305939891471
2025-08-31,历史选型执行策略,47212.21027418056,920.6761538951639,452.1156093229051,80.25656077444054,48585.002037398626,8770.079596919235,eval,430.6759400631663,1129.4470920211882
2025-09-01,历史选型执行策略,51404.93660370272,-64.78367034677285,0.0,0.0,51340.152933355945,10800.0,eval,661.7228474969427,1971.386142310984
2025-09-02,历史选型执行策略,42614.944250189204,5919.747176151091,0.0,0.0,48534.691426340294,10800.0,eval,397.2178281724052,1045.2120141649848
2025-09-03,历史选型执行策略,37920.505105807744,-163.72345670274723,0.0,0.0,37756.781649104996,8306.073640499839,eval,152.68492202253748,504.2552390442978
2025-09-04,历史选型执行策略,40162.716983937185,213.95321486254045,3848.3336649573143,775.1181731843039,44225.00386375705,10008.44991102192,eval,408.9233757069456,1177.4653089536996
2025-09-05,历史选型执行策略,23030.152381950236,-710.2819246181239,0.0,0.0,22319.870457332112,10800.0,eval,274.3476521804679,1035.678324922211
2025-09-06,历史选型执行策略,23330.512643378923,-1203.1759293630348,0.0,0.0,22127.336714015888,10037.667336524753,eval,121.10368576612004,383.6623854569863
2025-09-07,历史选型执行策略,37710.042240656214,2393.2866275033252,84.26289355282223,17.983757027600518,40187.591761712356,8263.348944542142,eval,206.19002189888903,886.0548084129471
2025-09-08,历史选型执行策略,41021.48073120779,1614.0932366174115,4667.146067634487,912.8369975895555,47302.720035459686,9658.15550732773,eval,24.53419461278345,51.81266847480178
2025-09-09,历史选型执行策略,35883.17175953016,2678.0243013174745,4895.9432638914295,902.3013246923906,43457.139324739066,9774.117330740639,eval,124.75712367462029,453.7140572800903
2025-09-10,历史选型执行策略,40490.74592976623,3464.2920364730444,351.07281344261736,73.05763508438845,44306.11077968189,6546.295564594968,eval,397.66815614824225,1029.7275590648842
2025-09-11,历史选型执行策略,44239.42482850542,-2868.015762711487,1795.4356213446408,421.0486649330147,43166.84468713857,8632.415916224782,eval,295.0108103811759,676.3175922295696
2025-09-12,历史选型执行策略,20355.572742633878,923.1267502743808,0.0,0.0,21278.699492908258,10800.0,eval,52.16761026163543,155.26053104498345
2025-09-13,历史选型执行策略,18939.334153326876,21.638106116848455,0.0,0.0,18960.972259443723,10523.54752435511,eval,343.72510642519035,1368.8996733230642
2025-09-14,历史选型执行策略,43882.3794360342,-58.8541427698579,962.9907812790561,234.20505778631843,44786.5160745434,9207.773163091422,eval,452.86676290176985,1070.16702435461
2025-09-15,历史选型执行策略,38618.97578887321,598.8241918908275,2803.713724640569,720.1550121965904,42021.513705404606,9959.26567326203,eval,238.58177145101666,766.9163167590386
2025-09-16,历史选型执行策略,45210.246928433495,-1997.5212224526335,749.7556155039074,337.79582759621354,43962.48132148477,8789.863741379051,eval,189.6939042019983,423.3834063580104
2025-09-17,历史选型执行策略,41549.18026886093,165.9289050904392,34.70889375000076,7.629166666666833,41749.81806770137,6188.77763173609,eval,46.014457010233,131.66252932447415
2025-09-18,历史选型执行策略,40288.88996843838,4835.445206551338,1007.1789695821474,238.2526232541743,46131.51414457187,7095.535968805326,eval,439.2928921100405,1060.2307470693192
2025-09-19,历史选型执行策略,18301.057675203163,1043.2682050192768,318.5393062904758,103.77350912107356,19662.865186512918,6651.372270964535,eval,69.8745429011332,235.9806965661989
2025-09-20,历史选型执行策略,20591.089052382496,-47.666199700455394,1306.251479228287,297.2455636023642,21849.674331910326,10333.786888541523,eval,49.70323442991626,131.0908364057907
2025-09-21,历史选型执行策略,42769.22120354892,-1076.3821415367984,1.1689849088725167e-13,5.684341886080802e-14,41692.83906201212,8869.483584748868,eval,354.9139863634795,877.3116365693919
2025-09-22,历史选型执行策略,44272.17779580703,-1287.1588838461366,1389.269543388795,450.75831276505534,44374.288455349684,6745.75831808795,eval,390.79618351554547,913.7741111213757
2025-09-23,历史选型执行策略,44989.75978984439,-121.60711316711456,649.4905916501859,116.1363736948573,45517.64326832747,10064.396281298987,eval,284.55872893375437,819.5169984283672
2025-09-24,历史选型执行策略,38442.63906125836,1932.929881958547,1205.9850118731256,463.5064440558064,41581.55395509003,6493.48779222589,eval,254.34132939929341,632.3480695985702
2025-09-25,历史选型执行策略,41814.44440337175,3326.5333139005406,811.0646352630241,350.62360131845173,45952.04235253531,8172.158824139438,eval,271.01288586644466,599.7270946502538
2025-09-26,历史选型执行策略,19685.267589679213,-204.69921048477454,487.2635824504954,134.31104336635912,19967.831961644933,10110.935333734915,eval,73.11972955652004,206.4527577849106
2025-09-27,历史选型执行策略,16947.63206475457,865.7446824915387,374.26105610513014,148.02169789344438,18187.637803351237,5464.682553998395,eval,110.71205341722575,363.87510925967456
2025-09-28,历史选型执行策略,45158.39386224903,4230.67152338274,113.13399276879491,50.73123388825627,49502.19937840057,7144.029763271,eval,175.43445150413856,474.1297968202101
2025-09-29,历史选型执行策略,44847.125239794696,-50.202733556723274,4087.3482849557995,1036.25180998113,48884.27079119377,5639.464116372771,eval,554.2698528488256,1342.4895794891981
2025-09-30,历史选型执行策略,46561.61437601494,2598.031369059166,1260.9020016348554,420.3536899287262,50420.547746708966,8293.700792609727,eval,328.80670629031573,801.5206021264374
2025-10-01,历史选型执行策略,40889.9319080112,2278.58424832659,0.0,0.0,43168.51615633779,10800.0,eval,769.1899107348816,1991.7404364767801
2025-10-02,历史选型执行策略,44864.23273023497,-3301.375546638538,0.0,0.0,41562.85718359643,10800.0,eval,182.0940755249265,511.9849398608045
2025-10-03,历史选型执行策略,16441.536389185836,78.87440450240496,177.6636848565264,53.837480259553445,16698.074478544764,9967.252409818953,eval,69.10393978818777,160.19539617911641
2025-10-04,历史选型执行策略,19239.729590144038,-78.789472707307,0.0,0.0,19160.94011743673,10800.0,eval,43.27859256731583,92.76095963111602
2025-10-05,历史选型执行策略,41399.86651526237,-861.9709710412762,654.5887957809433,303.4123291035612,41192.48434000204,10800.0,eval,346.96748116309067,901.2465368525033
2025-10-06,历史选型执行策略,37977.5485869539,1177.740156637153,450.2558650918354,152.78719473740313,39605.54460868289,8588.855669067945,eval,101.69288075573334,246.33327646931002
2025-10-07,历史选型执行策略,40138.09546166603,3143.9547578354823,55.81535022312617,19.556885151761094,43337.86556972464,10006.758366344684,eval,517.8924174095089,1351.828424464195
2025-10-08,历史选型执行策略,35411.631004926574,1065.0236337410975,8663.74288242501,1700.4391565582382,45140.39752109268,9552.070384772283,eval,106.4489516532592,329.97258046635295
2025-10-09,历史选型执行策略,42594.99943668564,-2505.6504820975215,7349.787029828914,1338.4356174702161,47439.13598441703,8654.450238081221,eval,535.4375914456893,1718.6239925472444
2025-10-10,历史选型执行策略,18038.51383836257,-675.3704964607739,2186.0788702031023,476.16303275692906,19549.222212104898,8856.82814271559,eval,162.0112833578465,508.2334107949999
2025-10-11,历史选型执行策略,16605.701539672726,-444.459418761041,0.0,0.0,16161.242120911684,6216.231013049464,eval,206.3403786522209,691.8675943114041
2025-10-12,历史选型执行策略,37919.08847189009,765.2720144412789,8718.079149267276,1588.8967461108969,47402.439635598654,6557.1494171248605,eval,333.97343993840747,778.0472834324877
2025-10-13,历史选型执行策略,39530.73043317409,1000.819771640153,8700.982982038298,2060.9851201657693,49232.53318685254,6139.106622397096,eval,208.21566885816065,493.6829454387973
2025-10-14,历史选型执行策略,44383.55999654153,1529.244468649131,5089.555758418076,1016.0158284374879,51002.36022360874,8244.81180564969,eval,178.83940235758692,489.15264817208606
2025-10-15,历史选型执行策略,48402.766304970224,-1508.7288231819946,374.28230739985594,90.86183432531698,47268.31978918809,8640.666607675737,eval,1140.7139094398385,3513.76475585222
2025-10-16,历史选型执行策略,43922.14310537671,1651.6148022779455,362.6832694222153,166.82184534393076,45936.44117707687,9536.088482894256,eval,146.87311737638925,439.0398166689671
2025-10-17,历史选型执行策略,14147.692138516177,1778.0702817712895,0.0,0.0,15925.762420287467,5878.129706043589,eval,65.33090668874262,227.82026947837238
2025-10-18,历史选型执行策略,18440.742942732704,179.2844131859144,0.0,0.0,18620.027355918617,8469.984939913476,eval,98.42820817064089,268.26126073528053
2025-10-19,历史选型执行策略,42686.36376540696,652.5541511483702,2873.213300470121,708.1934942390237,46212.13121702545,5881.013325974497,eval,597.8278566488701,1762.1357859004515
2025-10-20,历史选型执行策略,48288.37480016627,-199.7551957635772,0.0,0.0,48088.61960440269,9794.098808408951,eval,372.67501784260804,928.731762774309
2025-10-21,历史选型执行策略,45389.979765074226,34.14384413094194,249.13253099120556,50.4988230835143,45673.256140196376,7149.710689716036,eval,128.10417536412655,419.8527253759992
2025-10-22,历史选型执行策略,46252.48930396995,3453.7204626226417,882.9517777607728,215.5958253232456,50589.161544353374,9748.4094184823,eval,64.07753548925635,177.24200772313714
2025-10-23,历史选型执行策略,50808.95319773894,-1972.2035642407936,1759.2171445122121,594.0022390211107,50595.96677801036,9887.159317080876,eval,450.6230539599128,1493.3203214877744
2025-10-24,历史选型执行策略,16231.44663515367,24.499640478755637,2.8617108682738034e-14,7.105427357601002e-15,16255.946275632426,6093.785983549746,eval,332.07235113577497,1284.9837611959613
2025-10-25,历史选型执行策略,18534.799752752384,400.5016755419769,415.78294950738155,102.45622797302036,19351.084377801744,7459.517498549292,eval,400.6849937891146,1326.5333888327928
2025-10-26,历史选型执行策略,50370.29982014838,-2364.4509684769546,1391.9652738358327,360.96844516539403,49397.81412550726,6566.251943700964,eval,1112.9318497236495,3590.1504332768536
2025-10-27,历史选型执行策略,44322.90023641747,3844.3776361582727,80.42861310719915,17.170925086934062,48247.70648568294,9928.215216198918,eval,218.10299817689275,544.8460737116117
2025-10-28,历史选型执行策略,42674.41808341292,2810.4087493777397,1602.4705568199956,668.7546866529432,47087.297389610656,9993.19127724398,eval,178.84696415965496,647.9044057895823
2025-10-29,历史选型执行策略,45614.41265538948,850.8968915892074,63.83406985802819,14.845132525122835,46529.14361683672,7750.796265846525,eval,421.7464245865419,1355.7954263683023
2025-10-30,历史选型执行策略,42823.9697767796,1714.8259787864124,220.7106584073934,39.28041777619097,44759.50641397341,6557.256873376491,eval,170.3762922316198,474.5531347483936
2025-10-31,历史选型执行策略,20102.985401714643,34.95077222319905,0.0,0.0,20137.93617393784,10009.041457086983,eval,88.81264481535591,261.23758839637566
2025-11-01,历史选型执行策略,18455.8214009669,241.4501123323682,0.0,0.0,18697.271513299267,9246.757089402525,eval,88.1642552096115,288.96371497379516
2025-11-02,历史选型执行策略,45923.40239653035,3748.06363530345,913.0913700092331,163.12371514674567,50584.557401843034,8190.681932148925,eval,716.076093453313,2211.146824592535
2025-11-03,历史选型执行策略,50748.10283721751,-1581.7304053137464,2608.6144260982023,542.6470965097142,51774.98685800197,9404.643617675321,eval,293.3845295203234,1344.2795465904846
2025-11-04,历史选型执行策略,46337.698696372536,616.2750728186977,300.9620714355935,64.89474797947895,47254.93584062682,7402.711702231989,eval,461.6305388190337,1158.1990757683348
2025-11-05,历史选型执行策略,51522.098101949974,-40.70714720575097,2215.337697330845,527.8916809083827,53696.72865207507,8421.756269856727,eval,396.42535605897376,1075.084182922748
2025-11-06,历史选型执行策略,49359.18602873404,1923.4333830090236,1672.575735561285,354.0477653181034,52955.19514730435,10002.636549317709,eval,190.3421959342527,468.2232690498128
2025-11-07,历史选型执行策略,17078.06000438176,479.2737311035141,91.22847521026725,42.25281962203696,17648.56221069554,7889.624316213552,eval,257.93864706620707,899.1170905607833
2025-11-08,历史选型执行策略,19162.079725920703,2734.050251930119,0.0,0.0,21896.129977850822,9256.355127947641,eval,79.52344739570935,199.43467324928383
2025-11-09,历史选型执行策略,50130.97784445962,1725.9303368708968,2.3379698177450334e-13,1.1368683772161603e-13,51856.90818133052,9853.590235541711,eval,174.07740584079087,551.0526335900769
2025-11-10,历史选型执行策略,51139.511797679945,1044.4431439683951,1610.8321984632419,307.8823653327985,53794.787140111584,9663.486895403319,eval,463.4352331598951,1236.3468464348146
2025-11-11,历史选型执行策略,49335.2129494227,-365.14775939465017,739.1486470668553,311.1252699914112,49709.2138370949,8089.70849444404,eval,320.6426492238585,996.8485802474518
2025-11-12,历史选型执行策略,50651.9053061,1303.9245960944,126.47624979014032,57.974619033964245,52082.30615198454,5198.311696788922,eval,300.07909928433554,828.3834303290284
2025-11-13,历史选型执行策略,50165.95229809767,690.7725653953119,3617.340998046672,838.5668454287103,54474.06586153965,9105.970042245059,eval,523.8742007524405,1410.997884902826
2025-11-14,历史选型执行策略,18056.83908082244,2773.1664742448406,639.8265398610404,299.1930944637882,21469.832094928322,8800.728032460622,eval,81.73713245029433,220.3210969897102
2025-11-15,历史选型执行策略,20077.306626389687,-720.9469948626205,33.10163546455533,15.757513663295697,19389.46126699162,7758.464562740361,eval,605.3455133137874,1304.656485517021
2025-11-16,历史选型执行策略,50556.30280888638,1262.145819754584,0.0,0.0,51818.44862864097,6376.009651374356,eval,289.4952404802844,708.7197167832078
2025-11-17,历史选型执行策略,48548.76080227672,4057.4200176954623,280.62666638609767,129.76790798810714,52886.80748635828,7514.97120820765,eval,154.59906903267947,353.5731489233645
2025-11-18,历史选型执行策略,51241.463303174474,2770.1573265747807,1422.8852954294373,304.7656052145962,55434.50592517869,9657.726892653012,eval,21.288121909526602,53.248531747703716
2025-11-19,历史选型执行策略,49871.499236888434,4758.371607883224,369.0370987026432,80.43182277164397,54998.907943474296,8547.404530109936,eval,483.1455068000003,1431.7736117447753
2025-11-20,历史选型执行策略,49590.36209676357,1968.7985777126914,0.0,0.0,51559.16067447626,8973.013005758596,eval,322.60307861616513,911.3220401924191
2025-11-21,历史选型执行策略,18873.5036464288,391.21434373912086,274.09267684870974,79.45866845882296,19538.81066701663,9204.078811229529,eval,103.18209564816911,279.05675245709676
2025-11-22,历史选型执行策略,19889.17078517171,-74.25367295098708,141.62418387506534,64.97530024291905,19956.541296095787,8920.513494900582,eval,396.00720830143894,807.7567982545522
2025-11-23,历史选型执行策略,50297.14986052201,2853.6773858551082,269.4974314025302,53.43516622645154,53420.32467777965,7134.117457845465,eval,123.80401698646479,571.980803089146
2025-11-24,历史选型执行策略,50085.14899467591,1195.3828485284187,1814.8544832108923,538.9987601310822,53095.38632641522,6605.735454392531,eval,501.35908314133,1471.7583805746867
2025-11-25,历史选型执行策略,59418.51881032299,-1730.1378375674396,580.356884590883,230.11207321725203,58268.73785734643,7813.4393719232585,eval,411.20851044605587,1281.0076461014567
2025-11-26,历史选型执行策略,53089.35122002763,1153.0238373833067,186.7188994425818,48.62771890395834,54429.09395685352,8853.857166044376,eval,186.5177289482768,499.5998011800255
2025-11-27,历史选型执行策略,52464.77478335696,3678.934714166576,0.0,0.0,56143.70949752354,10218.015972053292,eval,811.3837163234793,2503.881759241444
2025-11-28,历史选型执行策略,18453.212635182248,232.0998964180946,116.28619025760521,19.022769549747295,18801.598721857947,8034.509034185377,eval,499.1814306722528,1194.4790901013334
2025-11-29,历史选型执行策略,24730.276530645613,-570.7803920010895,0.0,0.0,24159.496138644525,7912.078482271445,eval,270.70265673383767,667.9516829829587
2025-11-30,历史选型执行策略,54497.19323916407,3659.3582909031084,0.0,0.0,58156.55153006718,10108.240862551036,eval,769.470584342825,2425.297957416829
2025-12-01,历史选型执行策略,55246.467133217884,-217.80071170518306,13736.075151611567,3442.199364954743,68764.74157312427,6096.328474258448,eval,607.2680093632566,1972.1873850252268
2025-12-02,历史选型执行策略,62246.60979427428,118.40323510325311,11688.131034815706,3159.393654607187,74053.14406419324,7773.122099457824,eval,172.40205982805224,409.12814309934345
2025-12-03,历史选型执行策略,55519.95927031587,7650.736066233569,635.8008937798309,286.6654784286311,63806.49623032927,9921.820816176243,eval,163.2851127284742,440.67010407085746
2025-12-04,历史选型执行策略,62786.49421003929,-680.7030254849135,4998.68614477457,1024.2057235540362,67104.47732932895,9962.925336319453,eval,309.65510246516806,902.8229925764487
2025-12-05,历史选型执行策略,22948.371281672014,1411.5363187959795,5411.707880729423,1689.106625118255,29771.61548119742,9972.930721485836,eval,321.68440612843267,810.7255919995059
2025-12-06,历史选型执行策略,24810.144073801486,789.7259797614097,1068.588835465002,417.917829743138,26668.458889027897,9541.995046305827,eval,427.2525461642123,1202.7826464763718
2025-12-07,历史选型执行策略,64303.35652309729,-1131.8220446607434,2917.9271902146634,586.0425698913645,66089.4616686512,9908.197247827135,eval,572.5472557510868,1565.2466462399098
2025-12-08,历史选型执行策略,64765.965891761836,-249.90699104218618,154.99207140998814,26.683665560814006,64671.05097212963,10800.0,eval,172.4842865911212,497.31901762118866
2025-12-09,历史选型执行策略,61265.80811313796,478.9062939769487,1394.375926018502,259.9722264387473,63139.09033313341,8927.971033739837,eval,177.48695407912507,688.38323164264
2025-12-10,历史选型执行策略,60796.10296713564,2797.9806988656974,0.0,0.0,63594.08366600134,9431.413318020692,eval,445.7582246068911,1617.8903325953931
2025-12-11,历史选型执行策略,62946.2869544562,-798.5706013106916,267.53752050621074,61.10313896448693,62415.253873651716,9517.834282875028,eval,597.7147274079471,1474.2696522411143
2025-12-12,历史选型执行策略,25306.906039134432,1084.2143219319287,3.2984814879455374e-13,1.4210854715202004e-13,26391.12036106636,7495.6749660078485,eval,236.94285687387247,718.5075264595065
2025-12-13,历史选型执行策略,27505.583337620796,639.9023642330675,0.0,0.0,28145.485701853864,7572.5608721176495,eval,165.47538910945423,384.8092702183167
2025-12-14,历史选型执行策略,59689.51856269857,3713.1207279922055,318.905713027627,66.79353084671212,63721.5450037184,9830.386847283364,eval,562.8573540574655,1392.0233564605928
2025-12-15,历史选型执行策略,57990.68369333602,4798.468993751795,0.0,0.0,62789.152687087815,8466.260541169815,eval,63.717574461903936,142.80740266720306
2025-12-16,历史选型执行策略,64176.41781023561,507.4672343184533,509.65671671580844,221.5085653714541,65193.541761269866,9820.64654093446,eval,171.79547205105263,429.8110199006197
2025-12-17,历史选型执行策略,63389.1833865915,-567.7486614289197,522.7487947456852,109.09695730744562,63344.18351990826,9719.632410222355,eval,226.80222203562153,561.5374460809576
2025-12-18,历史选型执行策略,62141.86589061821,2395.7444894615655,0.0,0.0,64537.61038007977,10287.17064795047,eval,313.1741149047984,738.3333021276196
2025-12-19,历史选型执行策略,24967.06878707911,1536.4990161137034,590.6994302727318,128.02678027015838,27094.267233465547,9823.173276612855,eval,37.15126735011886,80.08575941694113
2025-12-20,历史选型执行策略,29028.372451727715,-2118.0787447491493,0.0,0.0,26910.293706978566,7326.7925436851765,eval,267.649164303643,718.9117820436115
2025-12-21,历史选型执行策略,64295.7215425576,-1278.738617188684,1399.367875007027,374.52274996864634,64416.35080037594,7162.069995552565,eval,367.201310925556,853.363136857376
2025-12-22,历史选型执行策略,60337.46753024834,1535.5140647471499,2497.50470035087,640.6229903955618,64370.48629534636,9527.557641257443,eval,230.16228055525931,790.8822480731345
2025-12-23,历史选型执行策略,62167.56548806685,-1302.2488523662123,0.0,0.0,60865.31663570064,8608.874708113304,eval,281.91939125124145,937.229288329896
2025-12-24,历史选型执行策略,61859.84765092862,-416.472786130424,115.3700582114121,19.862280831783096,61558.7449230096,9637.919053148222,eval,171.60593585610383,533.9120338495701
2025-12-25,历史选型执行策略,57880.51516897902,1933.4108796161279,531.396964528626,133.01551052030686,60345.32301312378,6833.391515631116,eval,126.09435149779429,450.0730767191559
2025-12-26,历史选型执行策略,26828.909558468495,2052.453492394272,691.9977850697359,226.37228571716318,29573.360835932504,10202.40131877139,eval,266.0710646278544,812.4569819499328
2025-12-27,历史选型执行策略,25146.256686900462,24.19555617209926,4.1985082077644623e-13,1.8118839761882555e-13,25170.452243072563,7410.936818650178,eval,457.79025563201503,1052.2225568523604
2025-12-28,历史选型执行策略,58886.10587663706,2156.884388810929,823.3097805767566,383.395569791914,61866.30004602474,8465.094589804858,eval,530.530620012181,1718.8062871063303
2025-12-29,历史选型执行策略,58541.523394534306,3695.200503158663,595.76983616707,277.87129856863453,62832.493733860036,10538.227944996712,eval,312.3374234075865,1332.3776296191577
2025-12-30,历史选型执行策略,58013.95187986662,1555.0483686671698,1716.745859467996,448.4445888907651,61285.74610800179,8252.829087620752,eval,289.457723542136,951.5518961037757
2025-12-31,历史选型执行策略,62409.45518409059,663.1199519868086,1284.8297607247296,338.45735121087057,64357.40489680213,9611.361955873579,eval,287.5086229361194,908.347610394221
